"../../../Engine/Plugins/2D/Paper2D/Content/PlaceholderTextures/DummySpriteTexture.ubulk" 0
"../../../Engine/Plugins/2D/Paper2D/Content/PlaceholderTextures/DummySpriteTexture.uasset" 1
"../../../Engine/Plugins/2D/Paper2D/Content/PlaceholderTextures/DummySpriteTexture.uexp" 2
"../../../Engine/Plugins/2D/Paper2D/Content/DummySprite.uasset" 3
"../../../Engine/Plugins/2D/Paper2D/Content/DummySprite.uexp" 4
"../../../Engine/Plugins/2D/Paper2D/Content/DefaultPaperTerrainMaterial.uasset" 5
"../../../Engine/Plugins/2D/Paper2D/Content/DefaultPaperTerrainMaterial.uexp" 6
"../../../Engine/Content/Animation/DefaultRecorderBoneCompression.uasset" 7
"../../../Engine/Content/Animation/DefaultRecorderBoneCompression.uexp" 8
"../../../Engine/Content/EngineMaterials/DefaultDestructiblePhysicalMaterial.uasset" 9
"../../../Engine/Content/EngineMaterials/DefaultDestructiblePhysicalMaterial.uexp" 10
"../../../Engine/Content/EngineMaterials/DefaultPhysicalMaterial.uasset" 11
"../../../Engine/Content/EngineMaterials/DefaultPhysicalMaterial.uexp" 12
"../../../Engine/Content/EngineSounds/Master.uasset" 13
"../../../Engine/Content/EngineSounds/Master.uexp" 14
"../../../Engine/Content/Functions/Engine_MaterialFunctions01/Opacity/CameraDepthFade.uasset" 15
"../../../Engine/Content/Functions/Engine_MaterialFunctions01/Opacity/CameraDepthFade.uexp" 16
"../../../Engine/Content/EngineMaterials/T_Default_Material_Grid_M.ubulk" 17
"../../../Engine/Content/EngineMaterials/T_Default_Material_Grid_M.uasset" 18
"../../../Engine/Content/EngineMaterials/T_Default_Material_Grid_M.uexp" 19
"../../../Engine/Content/EngineMaterials/T_Default_Material_Grid_N.ubulk" 20
"../../../Engine/Content/EngineMaterials/T_Default_Material_Grid_N.uasset" 21
"../../../Engine/Content/EngineMaterials/T_Default_Material_Grid_N.uexp" 22
"../../../Engine/Content/EngineMaterials/WorldGridMaterial.uasset" 23
"../../../Engine/Content/EngineMaterials/WorldGridMaterial.uexp" 24
"../../../Engine/Plugins/Animation/ControlRig/Content/Controls/ControlRig_RoundedTriangle_solid.ubulk" 25
"../../../Engine/Plugins/Animation/ControlRig/Content/Controls/ControlRig_RoundedTriangle_solid.uasset" 26
"../../../Engine/Plugins/Animation/ControlRig/Content/Controls/ControlRig_RoundedTriangle_solid.uexp" 27
"../../../Engine/Plugins/Animation/ControlRig/Content/Controls/ControlRig_Sphere_1mm.ubulk" 28
"../../../Engine/Plugins/Animation/ControlRig/Content/Controls/ControlRig_Sphere_1mm.uasset" 29
"../../../Engine/Plugins/Animation/ControlRig/Content/Controls/ControlRig_Sphere_1mm.uexp" 30
"../../../Engine/Plugins/Animation/ControlRig/Content/Controls/ControlRig_Sphere_3mm.ubulk" 31
"../../../Engine/Plugins/Animation/ControlRig/Content/Controls/ControlRig_Sphere_3mm.uasset" 32
"../../../Engine/Plugins/Animation/ControlRig/Content/Controls/ControlRig_Sphere_3mm.uexp" 33
"../../../Engine/Plugins/Animation/ControlRig/Content/Controls/ControlRig_Sphere_solid.ubulk" 34
"../../../Engine/Plugins/Animation/ControlRig/Content/Controls/ControlRig_Sphere_solid.uasset" 35
"../../../Engine/Plugins/Animation/ControlRig/Content/Controls/ControlRig_Sphere_solid.uexp" 36
"../../../Engine/Plugins/Animation/ControlRig/Content/Controls/ControlRig_Square_1mm.ubulk" 37
"../../../Engine/Plugins/Animation/ControlRig/Content/Controls/ControlRig_Square_1mm.uasset" 38
"../../../Engine/Plugins/Animation/ControlRig/Content/Controls/ControlRig_Square_1mm.uexp" 39
"../../../Engine/Plugins/Animation/ControlRig/Content/Controls/ControlRig_Square_3mm.ubulk" 40
"../../../Engine/Plugins/Animation/ControlRig/Content/Controls/ControlRig_Square_3mm.uasset" 41
"../../../Engine/Plugins/Animation/ControlRig/Content/Controls/ControlRig_Square_3mm.uexp" 42
"../../../Engine/Plugins/Animation/ControlRig/Content/Controls/ControlRig_Square_solid.ubulk" 43
"../../../Engine/Plugins/Animation/ControlRig/Content/Controls/ControlRig_Square_solid.uasset" 44
"../../../Engine/Plugins/Animation/ControlRig/Content/Controls/ControlRig_Square_solid.uexp" 45
"../../../Engine/Plugins/Animation/ControlRig/Content/Controls/ControlRig_Star4_1mm.ubulk" 46
"../../../Engine/Plugins/Animation/ControlRig/Content/Controls/ControlRig_Star4_1mm.uasset" 47
"../../../Engine/Plugins/Animation/ControlRig/Content/Controls/ControlRig_Star4_1mm.uexp" 48
"../../../Engine/Plugins/Animation/ControlRig/Content/Controls/ControlRig_Star4_3mm.ubulk" 49
"../../../Engine/Plugins/Animation/ControlRig/Content/Controls/ControlRig_Star4_3mm.uasset" 50
"../../../Engine/Plugins/Animation/ControlRig/Content/Controls/ControlRig_Star4_3mm.uexp" 51
"../../../Engine/Plugins/Animation/ControlRig/Content/Controls/ControlRig_Star4_solid.ubulk" 52
"../../../Engine/Plugins/Animation/ControlRig/Content/Controls/ControlRig_Star4_solid.uasset" 53
"../../../Engine/Plugins/Animation/ControlRig/Content/Controls/ControlRig_Star4_solid.uexp" 54
"../../../Engine/Plugins/Animation/ControlRig/Content/Controls/ControlRig_Triangle_1mm.ubulk" 55
"../../../Engine/Plugins/Animation/ControlRig/Content/Controls/ControlRig_Triangle_1mm.uasset" 56
"../../../Engine/Plugins/Animation/ControlRig/Content/Controls/ControlRig_Triangle_1mm.uexp" 57
"../../../Engine/Content/EditorMeshes/Axis_Guide.ubulk" 58
"../../../Engine/Content/EditorMeshes/Axis_Guide.uasset" 59
"../../../Engine/Content/EditorMeshes/Axis_Guide.uexp" 60
"../../../Engine/Plugins/Animation/ControlRig/Content/Controls/ControlRig_Triangle_3mm.ubulk" 61
"../../../Engine/Plugins/Animation/ControlRig/Content/Controls/ControlRig_Triangle_3mm.uasset" 62
"../../../Engine/Plugins/Animation/ControlRig/Content/Controls/ControlRig_Triangle_3mm.uexp" 63
"../../../Engine/Plugins/Animation/ControlRig/Content/Controls/ControlRig_Triangle_solid.ubulk" 64
"../../../Engine/Plugins/Animation/ControlRig/Content/Controls/ControlRig_Triangle_solid.uasset" 65
"../../../Engine/Plugins/Animation/ControlRig/Content/Controls/ControlRig_Triangle_solid.uexp" 66
"../../../Engine/Plugins/Animation/ControlRig/Content/Controls/ControlRig_Wedge_1mm.ubulk" 67
"../../../Engine/Plugins/Animation/ControlRig/Content/Controls/ControlRig_Wedge_1mm.uasset" 68
"../../../Engine/Plugins/Animation/ControlRig/Content/Controls/ControlRig_Wedge_1mm.uexp" 69
"../../../Engine/Plugins/Animation/ControlRig/Content/Controls/ControlRig_Wedge_3mm.ubulk" 70
"../../../Engine/Plugins/Animation/ControlRig/Content/Controls/ControlRig_Wedge_3mm.uasset" 71
"../../../Engine/Plugins/Animation/ControlRig/Content/Controls/ControlRig_Wedge_3mm.uexp" 72
"../../../Engine/Plugins/Animation/ControlRig/Content/Controls/ControlRig_Wedge_solid.ubulk" 73
"../../../Engine/Plugins/Animation/ControlRig/Content/Controls/ControlRig_Wedge_solid.uasset" 74
"../../../Engine/Plugins/Animation/ControlRig/Content/Controls/ControlRig_Wedge_solid.uexp" 75
"../../../Engine/Plugins/Animation/DeformerGraph/Content/DeformerFunctions/DG_Function_LinearBlendSkin_Morph_Cloth.uasset" 76
"../../../Engine/Plugins/Animation/DeformerGraph/Content/DeformerFunctions/DG_Function_LinearBlendSkin_Morph_Cloth.uexp" 77
"../../../Engine/Plugins/Animation/DeformerGraph/Content/Deformers/DG_LinearBlendSkin_Morph_Cloth.uasset" 78
"../../../Engine/Plugins/Animation/DeformerGraph/Content/Deformers/DG_LinearBlendSkin_Morph_Cloth.uexp" 79
"../../../Engine/Plugins/Animation/DeformerGraph/Content/DeformerFunctions/DG_Function_ComputeNormalsTangents.uasset" 80
"../../../Engine/Plugins/Animation/DeformerGraph/Content/DeformerFunctions/DG_Function_ComputeNormalsTangents.uexp" 81
"../../../Engine/Plugins/Animation/DeformerGraph/Content/DeformerFunctions/DG_Function_LinearBlendSkin_Morph_Cloth_PositionOnly.uasset" 82
"../../../Engine/Plugins/Animation/DeformerGraph/Content/DeformerFunctions/DG_Function_LinearBlendSkin_Morph_Cloth_PositionOnly.uexp" 83
"../../../Engine/Plugins/Animation/DeformerGraph/Content/Deformers/DG_LinearBlendSkin_Morph_Cloth_RecomputeNormals.uasset" 84
"../../../Engine/Plugins/Animation/DeformerGraph/Content/Deformers/DG_LinearBlendSkin_Morph_Cloth_RecomputeNormals.uexp" 85
"../../../Engine/Content/EditorResources/BSPVertex.uasset" 86
"../../../Engine/Content/EditorResources/BSPVertex.uexp" 87
"../../../Engine/Content/EngineMaterials/RemoveSurfaceMaterial.uasset" 88
"../../../Engine/Content/EngineMaterials/RemoveSurfaceMaterial.uexp" 89
"../../../Engine/Content/EngineMaterials/SMAAAreaTex.uasset" 90
"../../../Engine/Content/EngineMaterials/SMAAAreaTex.uexp" 91
"../../../Engine/Content/EngineMaterials/SMAASearchTex.uasset" 92
"../../../Engine/Content/EngineMaterials/SMAASearchTex.uexp" 93
"../../../Engine/Content/EditorResources/S_Actor.ubulk" 94
"../../../Engine/Content/EditorResources/S_Actor.uasset" 95
"../../../Engine/Content/EditorResources/S_Actor.uexp" 96
"../../../Engine/Content/EditorResources/S_BoxReflectionCapture.uasset" 97
"../../../Engine/Content/EditorResources/S_BoxReflectionCapture.uexp" 98
"../../../Engine/Content/Functions/Engine_MaterialFunctions02/Utility/BreakOutFloat3Components.uasset" 99
"../../../Engine/Content/Functions/Engine_MaterialFunctions02/Utility/BreakOutFloat3Components.uexp" 100
"../../../Engine/Content/Functions/Engine_MaterialFunctions02/Math/Transform3x3Matrix.uasset" 101
"../../../Engine/Content/Functions/Engine_MaterialFunctions02/Math/Transform3x3Matrix.uexp" 102
"../../../Engine/Content/Functions/Engine_MaterialFunctions02/Utility/MakeFloat3.uasset" 103
"../../../Engine/Content/Functions/Engine_MaterialFunctions02/Utility/MakeFloat3.uexp" 104
"../../../Engine/Content/Functions/Engine_MaterialFunctions02/SplitComponents.uasset" 105
"../../../Engine/Content/Functions/Engine_MaterialFunctions02/SplitComponents.uexp" 106
"../../../Engine/Content/VREditor/SnapGrid/SnapGridMaterial.uasset" 107
"../../../Engine/Content/VREditor/SnapGrid/SnapGridMaterial.uexp" 108
"../../../Engine/Content/VREditor/SnapGrid/SnapGridPlaneMesh.ubulk" 109
"../../../Engine/Content/VREditor/SnapGrid/SnapGridPlaneMesh.uasset" 110
"../../../Engine/Content/VREditor/SnapGrid/SnapGridPlaneMesh.uexp" 111
"../../../Engine/Content/VREditor/LaserPointer/VR_LaserPower_01.ubulk" 112
"../../../Engine/Content/VREditor/LaserPointer/VR_LaserPower_01.uasset" 113
"../../../Engine/Content/VREditor/LaserPointer/VR_LaserPower_01.uexp" 114
"../../../Engine/Content/VREditor/TransformGizmo/TransformGizmoMaterial.uasset" 115
"../../../Engine/Content/VREditor/TransformGizmo/TransformGizmoMaterial.uexp" 116
"../../../Engine/Content/VREditor/TransformGizmo/TranslucentTransformGizmoMaterial.uasset" 117
"../../../Engine/Content/VREditor/TransformGizmo/TranslucentTransformGizmoMaterial.uexp" 118
"../../../Engine/Content/VREditor/TransformGizmo/PlaneTranslationHandle.ubulk" 119
"../../../Engine/Content/VREditor/TransformGizmo/PlaneTranslationHandle.uasset" 120
"../../../Engine/Content/VREditor/TransformGizmo/PlaneTranslationHandle.uexp" 121
"../../../Engine/Content/VREditor/TransformGizmo/RotationHandleFull.ubulk" 122
"../../../Engine/Content/VREditor/TransformGizmo/RotationHandleFull.uasset" 123
"../../../Engine/Content/VREditor/TransformGizmo/RotationHandleFull.uexp" 124
"../../../Engine/Content/VREditor/TransformGizmo/RotationHandleIndicator.ubulk" 125
"../../../Engine/Content/VREditor/TransformGizmo/RotationHandleIndicator.uasset" 126
"../../../Engine/Content/VREditor/TransformGizmo/RotationHandleIndicator.uexp" 127
"../../../Engine/Content/VREditor/TransformGizmo/RotationHandleQuarter.ubulk" 128
"../../../Engine/Content/VREditor/TransformGizmo/RotationHandleQuarter.uasset" 129
"../../../Engine/Content/VREditor/TransformGizmo/RotationHandleQuarter.uexp" 130
"../../../Engine/Content/VREditor/TransformGizmo/StartRotationHandleIndicator.ubulk" 131
"../../../Engine/Content/VREditor/TransformGizmo/StartRotationHandleIndicator.uasset" 132
"../../../Engine/Content/VREditor/TransformGizmo/StartRotationHandleIndicator.uexp" 133
"../../../Engine/Content/VREditor/TransformGizmo/TranslucentTransformGizmoMaterial_Inst.uasset" 134
"../../../Engine/Content/VREditor/TransformGizmo/TranslucentTransformGizmoMaterial_Inst.uexp" 135
"../../../Engine/Content/VREditor/TransformGizmo/TransformGizmoFreeRotation.ubulk" 136
"../../../Engine/Content/VREditor/TransformGizmo/TransformGizmoFreeRotation.uasset" 137
"../../../Engine/Content/VREditor/TransformGizmo/TransformGizmoFreeRotation.uexp" 138
"../../../Engine/Content/VREditor/TransformGizmo/TransformGizmoMaterial_Inst.uasset" 139
"../../../Engine/Content/VREditor/TransformGizmo/TransformGizmoMaterial_Inst.uexp" 140
"../../../Engine/Content/VREditor/TransformGizmo/TranslateArrowHandle.ubulk" 141
"../../../Engine/Content/VREditor/TransformGizmo/TranslateArrowHandle.uasset" 142
"../../../Engine/Content/VREditor/TransformGizmo/TranslateArrowHandle.uexp" 143
"../../../Engine/Content/VREditor/TransformGizmo/UniformScaleHandle.ubulk" 144
"../../../Engine/Content/VREditor/TransformGizmo/UniformScaleHandle.uasset" 145
"../../../Engine/Content/VREditor/TransformGizmo/UniformScaleHandle.uexp" 146
"../../../Engine/Content/VREditor/Sounds/UI/Drop_Item_From_ContentBrowser.ubulk" 147
"../../../Engine/Content/VREditor/Sounds/UI/Drop_Item_From_ContentBrowser.uasset" 148
"../../../Engine/Content/VREditor/Sounds/UI/Drop_Item_From_ContentBrowser.uexp" 149
"../../../Engine/Content/VREditor/Sounds/UI/Gizmo_Handle_Clicked.ubulk" 150
"../../../Engine/Content/VREditor/Sounds/UI/Gizmo_Handle_Clicked.uasset" 151
"../../../Engine/Content/VREditor/Sounds/UI/Gizmo_Handle_Clicked.uexp" 152
"../../../Engine/Content/VREditor/Sounds/UI/Object_PickUp.ubulk" 153
"../../../Engine/Content/VREditor/Sounds/UI/Object_PickUp.uasset" 154
"../../../Engine/Content/VREditor/Sounds/UI/Object_PickUp.uexp" 155
"../../../Engine/Content/VREditor/Sounds/UI/Object_Snaps_To_Another_Actor.ubulk" 156
"../../../Engine/Content/VREditor/Sounds/UI/Object_Snaps_To_Another_Actor.uasset" 157
"../../../Engine/Content/VREditor/Sounds/UI/Object_Snaps_To_Another_Actor.uexp" 158
"../../../Engine/Content/VREditor/Sounds/UI/Object_Snaps_To_Grid.ubulk" 159
"../../../Engine/Content/VREditor/Sounds/UI/Object_Snaps_To_Grid.uasset" 160
"../../../Engine/Content/VREditor/Sounds/UI/Object_Snaps_To_Grid.uexp" 161
"../../../Engine/Content/VREditor/Sounds/UI/Scaling_Down.ubulk" 162
"../../../Engine/Content/VREditor/Sounds/UI/Scaling_Down.uasset" 163
"../../../Engine/Content/VREditor/Sounds/UI/Scaling_Down.uexp" 164
"../../../Engine/Content/VREditor/Sounds/UI/Scaling_Up.ubulk" 165
"../../../Engine/Content/VREditor/Sounds/UI/Scaling_Up.uasset" 166
"../../../Engine/Content/VREditor/Sounds/UI/Scaling_Up.uexp" 167
"../../../Engine/Content/VREditor/Sounds/UI/Selection_Changes.ubulk" 168
"../../../Engine/Content/VREditor/Sounds/UI/Selection_Changes.uasset" 169
"../../../Engine/Content/VREditor/Sounds/UI/Selection_Changes.uexp" 170
"../../../Engine/Plugins/Animation/ControlRig/Content/Controls/ControlRigGizmoMaterial.uasset" 171
"../../../Engine/Plugins/Animation/ControlRig/Content/Controls/ControlRigGizmoMaterial.uexp" 172
"../../../Engine/Plugins/Animation/ControlRig/Content/Controls/ControlRigXRayMaterial.uasset" 173
"../../../Engine/Plugins/Animation/ControlRig/Content/Controls/ControlRigXRayMaterial.uexp" 174
"../../../Engine/Plugins/Animation/ControlRig/Content/Controls/ControlRig_Arrow2_1mm.ubulk" 175
"../../../Engine/Plugins/Animation/ControlRig/Content/Controls/ControlRig_Arrow2_1mm.uasset" 176
"../../../Engine/Plugins/Animation/ControlRig/Content/Controls/ControlRig_Arrow2_1mm.uexp" 177
"../../../Engine/Plugins/Animation/ControlRig/Content/Controls/ControlRig_Arrow2_3mm.ubulk" 178
"../../../Engine/Plugins/Animation/ControlRig/Content/Controls/ControlRig_Arrow2_3mm.uasset" 179
"../../../Engine/Plugins/Animation/ControlRig/Content/Controls/ControlRig_Arrow2_3mm.uexp" 180
"../../../Engine/Plugins/Animation/ControlRig/Content/Controls/ControlRig_Arrow2_solid.ubulk" 181
"../../../Engine/Plugins/Animation/ControlRig/Content/Controls/ControlRig_Arrow2_solid.uasset" 182
"../../../Engine/Plugins/Animation/ControlRig/Content/Controls/ControlRig_Arrow2_solid.uexp" 183
"../../../Engine/Plugins/Animation/ControlRig/Content/Controls/ControlRig_Arrow4_1mm.ubulk" 184
"../../../Engine/Plugins/Animation/ControlRig/Content/Controls/ControlRig_Arrow4_1mm.uasset" 185
"../../../Engine/Plugins/Animation/ControlRig/Content/Controls/ControlRig_Arrow4_1mm.uexp" 186
"../../../Engine/Plugins/Animation/ControlRig/Content/Controls/ControlRig_Arrow4_3mm.ubulk" 187
"../../../Engine/Plugins/Animation/ControlRig/Content/Controls/ControlRig_Arrow4_3mm.uasset" 188
"../../../Engine/Plugins/Animation/ControlRig/Content/Controls/ControlRig_Arrow4_3mm.uexp" 189
"../../../Engine/Plugins/Animation/ControlRig/Content/Controls/ControlRig_Arrow4_solid.ubulk" 190
"../../../Engine/Plugins/Animation/ControlRig/Content/Controls/ControlRig_Arrow4_solid.uasset" 191
"../../../Engine/Plugins/Animation/ControlRig/Content/Controls/ControlRig_Arrow4_solid.uexp" 192
"../../../Engine/Content/EngineMaterials/WeightMapPlaceholderTexture.uasset" 193
"../../../Engine/Content/EngineMaterials/WeightMapPlaceholderTexture.uexp" 194
"../../../Engine/Content/EngineMaterials/WeightMapArrayPlaceholderTexture.uasset" 195
"../../../Engine/Content/EngineMaterials/WeightMapArrayPlaceholderTexture.uexp" 196
"../../../Engine/Plugins/Animation/ControlRig/Content/Controls/ControlRig_Arrow_1mm.ubulk" 197
"../../../Engine/Plugins/Animation/ControlRig/Content/Controls/ControlRig_Arrow_1mm.uasset" 198
"../../../Engine/Plugins/Animation/ControlRig/Content/Controls/ControlRig_Arrow_1mm.uexp" 199
"../../../Engine/Plugins/Animation/ControlRig/Content/Controls/ControlRig_Arrow_3mm.ubulk" 200
"../../../Engine/Plugins/Animation/ControlRig/Content/Controls/ControlRig_Arrow_3mm.uasset" 201
"../../../Engine/Plugins/Animation/ControlRig/Content/Controls/ControlRig_Arrow_3mm.uexp" 202
"../../../Engine/Content/EditorResources/S_Solver.ubulk" 203
"../../../Engine/Content/EditorResources/S_Solver.uasset" 204
"../../../Engine/Content/EditorResources/S_Solver.uexp" 205
"../../../Engine/Plugins/Animation/ControlRig/Content/Controls/ControlRig_Arrow_solid.ubulk" 206
"../../../Engine/Plugins/Animation/ControlRig/Content/Controls/ControlRig_Arrow_solid.uasset" 207
"../../../Engine/Plugins/Animation/ControlRig/Content/Controls/ControlRig_Arrow_solid.uexp" 208
"../../../Engine/Content/EditorResources/S_Terrain.ubulk" 209
"../../../Engine/Content/EditorResources/S_Terrain.uasset" 210
"../../../Engine/Content/EditorResources/S_Terrain.uexp" 211
"../../../Engine/Plugins/Animation/ControlRig/Content/Controls/ControlRig_Box_1mm.ubulk" 212
"../../../Engine/Plugins/Animation/ControlRig/Content/Controls/ControlRig_Box_1mm.uasset" 213
"../../../Engine/Plugins/Animation/ControlRig/Content/Controls/ControlRig_Box_1mm.uexp" 214
"../../../Engine/Content/EngineResources/WhiteSquareTexture.uasset" 215
"../../../Engine/Content/EngineResources/WhiteSquareTexture.uexp" 216
"../../../Engine/Content/EngineMaterials/Widget3DPassThrough.uasset" 217
"../../../Engine/Content/EngineMaterials/Widget3DPassThrough.uexp" 218
"../../../Engine/Content/EngineMaterials/Widget3DPassThrough_Masked.uasset" 219
"../../../Engine/Content/EngineMaterials/Widget3DPassThrough_Masked.uexp" 220
"../../../Engine/Content/EngineMaterials/Widget3DPassThrough_Opaque.uasset" 221
"../../../Engine/Content/EngineMaterials/Widget3DPassThrough_Opaque.uexp" 222
"../../../Engine/Content/EngineMaterials/Widget3DPassThrough_Masked_OneSided.uasset" 223
"../../../Engine/Content/EngineMaterials/Widget3DPassThrough_Masked_OneSided.uexp" 224
"../../../Engine/Plugins/Animation/ControlRig/Content/Controls/ControlRig_Box_3mm.ubulk" 225
"../../../Engine/Plugins/Animation/ControlRig/Content/Controls/ControlRig_Box_3mm.uasset" 226
"../../../Engine/Plugins/Animation/ControlRig/Content/Controls/ControlRig_Box_3mm.uexp" 227
"../../../Engine/Content/EditorResources/S_Trigger.ubulk" 228
"../../../Engine/Content/EditorResources/S_Trigger.uasset" 229
"../../../Engine/Content/EditorResources/S_Trigger.uexp" 230
"../../../Engine/Content/EngineMaterials/Widget3DPassThrough_Opaque_OneSided.uasset" 231
"../../../Engine/Content/EngineMaterials/Widget3DPassThrough_Opaque_OneSided.uexp" 232
"../../../Engine/Plugins/Animation/ControlRig/Content/Controls/ControlRig_Box_solid.ubulk" 233
"../../../Engine/Plugins/Animation/ControlRig/Content/Controls/ControlRig_Box_solid.uasset" 234
"../../../Engine/Plugins/Animation/ControlRig/Content/Controls/ControlRig_Box_solid.uexp" 235
"../../../Engine/Content/EditorResources/S_TriggerBox.uasset" 236
"../../../Engine/Content/EditorResources/S_TriggerBox.uexp" 237
"../../../Engine/Content/EditorResources/S_TriggerCapsule.uasset" 238
"../../../Engine/Content/EditorResources/S_TriggerCapsule.uexp" 239
"../../../Engine/Plugins/Animation/ControlRig/Content/Controls/ControlRig_Circle_1mm.ubulk" 240
"../../../Engine/Plugins/Animation/ControlRig/Content/Controls/ControlRig_Circle_1mm.uasset" 241
"../../../Engine/Plugins/Animation/ControlRig/Content/Controls/ControlRig_Circle_1mm.uexp" 242
"../../../Engine/Content/EngineMaterials/Widget3DPassThrough_Translucent.uasset" 243
"../../../Engine/Content/EngineMaterials/Widget3DPassThrough_Translucent.uexp" 244
"../../../Engine/Content/EngineMaterials/Widget3DPassThrough_Translucent_OneSided.uasset" 245
"../../../Engine/Content/EngineMaterials/Widget3DPassThrough_Translucent_OneSided.uexp" 246
"../../../Engine/Content/EditorResources/S_TriggerSphere.uasset" 247
"../../../Engine/Content/EditorResources/S_TriggerSphere.uexp" 248
"../../../Engine/Plugins/Animation/ControlRig/Content/Controls/ControlRig_Circle_3mm.ubulk" 249
"../../../Engine/Plugins/Animation/ControlRig/Content/Controls/ControlRig_Circle_3mm.uasset" 250
"../../../Engine/Plugins/Animation/ControlRig/Content/Controls/ControlRig_Circle_3mm.uexp" 251
"../../../Engine/Plugins/Animation/ControlRig/Content/Controls/ControlRig_Circle_solid.ubulk" 252
"../../../Engine/Plugins/Animation/ControlRig/Content/Controls/ControlRig_Circle_solid.uasset" 253
"../../../Engine/Plugins/Animation/ControlRig/Content/Controls/ControlRig_Circle_solid.uexp" 254
"../../../Engine/Plugins/Animation/ControlRig/Content/Controls/ControlRig_Diamond_1mm.ubulk" 255
"../../../Engine/Plugins/Animation/ControlRig/Content/Controls/ControlRig_Diamond_1mm.uasset" 256
"../../../Engine/Plugins/Animation/ControlRig/Content/Controls/ControlRig_Diamond_1mm.uexp" 257
"../../../Engine/Plugins/Animation/ControlRig/Content/Controls/ControlRig_Diamond_3mm.ubulk" 258
"../../../Engine/Plugins/Animation/ControlRig/Content/Controls/ControlRig_Diamond_3mm.uasset" 259
"../../../Engine/Plugins/Animation/ControlRig/Content/Controls/ControlRig_Diamond_3mm.uexp" 260
"../../../Engine/Plugins/Animation/ControlRig/Content/Controls/ControlRig_Diamond_solid.ubulk" 261
"../../../Engine/Plugins/Animation/ControlRig/Content/Controls/ControlRig_Diamond_solid.uasset" 262
"../../../Engine/Plugins/Animation/ControlRig/Content/Controls/ControlRig_Diamond_solid.uexp" 263
"../../../Engine/Plugins/Animation/ControlRig/Content/Controls/ControlRig_HalfCircle_1mm.ubulk" 264
"../../../Engine/Plugins/Animation/ControlRig/Content/Controls/ControlRig_HalfCircle_1mm.uasset" 265
"../../../Engine/Plugins/Animation/ControlRig/Content/Controls/ControlRig_HalfCircle_1mm.uexp" 266
"../../../Engine/Plugins/Animation/ControlRig/Content/Controls/ControlRig_HalfCircle_3mm.ubulk" 267
"../../../Engine/Plugins/Animation/ControlRig/Content/Controls/ControlRig_HalfCircle_3mm.uasset" 268
"../../../Engine/Plugins/Animation/ControlRig/Content/Controls/ControlRig_HalfCircle_3mm.uexp" 269
"../../../Engine/Plugins/Animation/ControlRig/Content/Controls/ControlRig_HalfCircle_solid.ubulk" 270
"../../../Engine/Plugins/Animation/ControlRig/Content/Controls/ControlRig_HalfCircle_solid.uasset" 271
"../../../Engine/Plugins/Animation/ControlRig/Content/Controls/ControlRig_HalfCircle_solid.uexp" 272
"../../../Engine/Plugins/Animation/ControlRig/Content/Controls/ControlRig_Hexagon_1mm.ubulk" 273
"../../../Engine/Plugins/Animation/ControlRig/Content/Controls/ControlRig_Hexagon_1mm.uasset" 274
"../../../Engine/Plugins/Animation/ControlRig/Content/Controls/ControlRig_Hexagon_1mm.uexp" 275
"../../../Engine/Plugins/Animation/ControlRig/Content/Controls/ControlRig_Hexagon_3mm.ubulk" 276
"../../../Engine/Plugins/Animation/ControlRig/Content/Controls/ControlRig_Hexagon_3mm.uasset" 277
"../../../Engine/Plugins/Animation/ControlRig/Content/Controls/ControlRig_Hexagon_3mm.uexp" 278
"../../../Engine/Plugins/Animation/ControlRig/Content/Controls/ControlRig_Hexagon_solid.ubulk" 279
"../../../Engine/Plugins/Animation/ControlRig/Content/Controls/ControlRig_Hexagon_solid.uasset" 280
"../../../Engine/Plugins/Animation/ControlRig/Content/Controls/ControlRig_Hexagon_solid.uexp" 281
"../../../Engine/Content/EngineResources/Black.uasset" 282
"../../../Engine/Content/EngineResources/Black.uexp" 283
"../../../Engine/Plugins/Compositing/Composite/Content/Materials/MPC_Composite.uasset" 284
"../../../Engine/Plugins/Compositing/Composite/Content/Materials/MPC_Composite.uexp" 285
"../../../Engine/Plugins/Compositing/Composite/Content/MaterialFunctions/MF_Composite_ProjectedUVs.uasset" 286
"../../../Engine/Plugins/Compositing/Composite/Content/MaterialFunctions/MF_Composite_ProjectedUVs.uexp" 287
"../../../Engine/Plugins/Compositing/Composite/Content/Textures/T_Composite_SMPTE_Color_Bars_16x9.uasset" 288
"../../../Engine/Plugins/Compositing/Composite/Content/Textures/T_Composite_SMPTE_Color_Bars_16x9.uexp" 289
"../../../Engine/Plugins/Compositing/Composite/Content/Materials/M_CompositeMesh_Unlit_AlphaComposite.uasset" 290
"../../../Engine/Plugins/Compositing/Composite/Content/Materials/M_CompositeMesh_Unlit_AlphaComposite.uexp" 291
"../../../Engine/Content/EngineDamageTypes/DmgTypeBP_Environmental.uasset" 292
"../../../Engine/Content/EngineDamageTypes/DmgTypeBP_Environmental.uexp" 293
"../../../Engine/Plugins/Animation/ControlRig/Content/Controls/ControlRig_Octagon_1mm.ubulk" 294
"../../../Engine/Plugins/Animation/ControlRig/Content/Controls/ControlRig_Octagon_1mm.uasset" 295
"../../../Engine/Plugins/Animation/ControlRig/Content/Controls/ControlRig_Octagon_1mm.uexp" 296
"../../../Engine/Content/EngineMaterials/Good64x64TilingNoiseHighFreq.uasset" 297
"../../../Engine/Content/EngineMaterials/Good64x64TilingNoiseHighFreq.uexp" 298
"../../../Engine/Content/Functions/Engine_MaterialFunctions02/Texturing/ScreenAlignedPixelToPixelUVs.uasset" 299
"../../../Engine/Content/Functions/Engine_MaterialFunctions02/Texturing/ScreenAlignedPixelToPixelUVs.uexp" 300
"../../../Engine/Content/Functions/Engine_MaterialFunctions02/Utility/DitherTemporalAA.uasset" 301
"../../../Engine/Content/Functions/Engine_MaterialFunctions02/Utility/DitherTemporalAA.uexp" 302
"../../../Engine/Plugins/Compositing/Composite/Content/Materials/M_CompositeMesh_Lit_Masked.uasset" 303
"../../../Engine/Plugins/Compositing/Composite/Content/Materials/M_CompositeMesh_Lit_Masked.uexp" 304
"../../../Engine/Plugins/Compositing/Composite/Content/Meshes/SM_DefaultCompositeMesh.ubulk" 305
"../../../Engine/Plugins/Compositing/Composite/Content/Meshes/SM_DefaultCompositeMesh.uasset" 306
"../../../Engine/Plugins/Compositing/Composite/Content/Meshes/SM_DefaultCompositeMesh.uexp" 307
"../../../Engine/Plugins/Animation/ControlRig/Content/Controls/ControlRig_Octagon_3mm.ubulk" 308
"../../../Engine/Plugins/Animation/ControlRig/Content/Controls/ControlRig_Octagon_3mm.uasset" 309
"../../../Engine/Plugins/Animation/ControlRig/Content/Controls/ControlRig_Octagon_3mm.uexp" 310
"../../../Engine/Plugins/Animation/ControlRig/Content/Controls/ControlRig_Octagon_solid.ubulk" 311
"../../../Engine/Plugins/Animation/ControlRig/Content/Controls/ControlRig_Octagon_solid.uasset" 312
"../../../Engine/Plugins/Animation/ControlRig/Content/Controls/ControlRig_Octagon_solid.uexp" 313
"../../../Engine/Plugins/Animation/ControlRig/Content/Controls/ControlRig_Pyramid_1mm.ubulk" 314
"../../../Engine/Plugins/Animation/ControlRig/Content/Controls/ControlRig_Pyramid_1mm.uasset" 315
"../../../Engine/Plugins/Animation/ControlRig/Content/Controls/ControlRig_Pyramid_1mm.uexp" 316
"../../../Engine/Plugins/Animation/ControlRig/Content/Controls/ControlRig_Pyramid_3mm.ubulk" 317
"../../../Engine/Plugins/Animation/ControlRig/Content/Controls/ControlRig_Pyramid_3mm.uasset" 318
"../../../Engine/Plugins/Animation/ControlRig/Content/Controls/ControlRig_Pyramid_3mm.uexp" 319
"../../../Engine/Plugins/Animation/ControlRig/Content/Controls/ControlRig_Pyramid_solid.ubulk" 320
"../../../Engine/Plugins/Animation/ControlRig/Content/Controls/ControlRig_Pyramid_solid.uasset" 321
"../../../Engine/Plugins/Animation/ControlRig/Content/Controls/ControlRig_Pyramid_solid.uexp" 322
"../../../Engine/Content/EngineDebugMaterials/DebugEditorMaterial.uasset" 323
"../../../Engine/Content/EngineDebugMaterials/DebugEditorMaterial.uexp" 324
"../../../Engine/Plugins/Animation/ControlRig/Content/Controls/ControlRig_QuarterCircle_1mm.ubulk" 325
"../../../Engine/Plugins/Animation/ControlRig/Content/Controls/ControlRig_QuarterCircle_1mm.uasset" 326
"../../../Engine/Plugins/Animation/ControlRig/Content/Controls/ControlRig_QuarterCircle_1mm.uexp" 327
"../../../Engine/Content/Functions/Engine_MaterialFunctions02/Utility/VectorLength.uasset" 328
"../../../Engine/Content/Functions/Engine_MaterialFunctions02/Utility/VectorLength.uexp" 329
"../../../Engine/Content/Functions/Engine_MaterialFunctions02/WorldPositionOffset/ObjectScale.uasset" 330
"../../../Engine/Content/Functions/Engine_MaterialFunctions02/WorldPositionOffset/ObjectScale.uexp" 331
"../../../Engine/Plugins/Editor/SpeedTreeImporter/Content/SpeedTree9/Empty.uasset" 332
"../../../Engine/Plugins/Editor/SpeedTreeImporter/Content/SpeedTree9/Empty.uexp" 333
"../../../Engine/Plugins/Editor/SpeedTreeImporter/Content/SpeedTree9/EmptyNormal.uasset" 334
"../../../Engine/Plugins/Editor/SpeedTreeImporter/Content/SpeedTree9/EmptyNormal.uexp" 335
"../../../Engine/Plugins/Editor/SpeedTreeImporter/Content/SpeedTree9/game_wind_noise.ubulk" 336
"../../../Engine/Plugins/Editor/SpeedTreeImporter/Content/SpeedTree9/game_wind_noise.uasset" 337
"../../../Engine/Plugins/Editor/SpeedTreeImporter/Content/SpeedTree9/game_wind_noise.uexp" 338
"../../../Engine/Plugins/Editor/SpeedTreeImporter/Content/SpeedTree9/SpeedTreeBillboard.uasset" 339
"../../../Engine/Plugins/Editor/SpeedTreeImporter/Content/SpeedTree9/SpeedTreeBillboard.uexp" 340
"../../../Engine/Content/Functions/Engine_MaterialFunctions02/SafeNormalize.uasset" 341
"../../../Engine/Content/Functions/Engine_MaterialFunctions02/SafeNormalize.uexp" 342
"../../../Engine/Plugins/Editor/SpeedTreeImporter/Content/SpeedTree9/SpeedTreeWindMotion.uasset" 343
"../../../Engine/Plugins/Editor/SpeedTreeImporter/Content/SpeedTree9/SpeedTreeWindMotion.uexp" 344
"../../../Engine/Plugins/Editor/SpeedTreeImporter/Content/SpeedTree9/UnpackDirection.uasset" 345
"../../../Engine/Plugins/Editor/SpeedTreeImporter/Content/SpeedTree9/UnpackDirection.uexp" 346
"../../../Engine/Plugins/Editor/SpeedTreeImporter/Content/SpeedTree9/UnpackInteger3.uasset" 347
"../../../Engine/Plugins/Editor/SpeedTreeImporter/Content/SpeedTree9/UnpackInteger3.uexp" 348
"../../../Engine/Plugins/Editor/SpeedTreeImporter/Content/SpeedTree9/SpeedTreeBranchMotion.uasset" 349
"../../../Engine/Plugins/Editor/SpeedTreeImporter/Content/SpeedTree9/SpeedTreeBranchMotion.uexp" 350
"../../../Engine/Content/Functions/Engine_MaterialFunctions02/ObjectLocalBounds.uasset" 351
"../../../Engine/Content/Functions/Engine_MaterialFunctions02/ObjectLocalBounds.uexp" 352
"../../../Engine/Content/Functions/Engine_MaterialFunctions02/UVs/BoundingBoxBased_0-1_UVW.uasset" 353
"../../../Engine/Content/Functions/Engine_MaterialFunctions02/UVs/BoundingBoxBased_0-1_UVW.uexp" 354
"../../../Engine/Plugins/Editor/SpeedTreeImporter/Content/SpeedTree9/SpeedTreeWind.uasset" 355
"../../../Engine/Plugins/Editor/SpeedTreeImporter/Content/SpeedTree9/SpeedTreeWind.uexp" 356
"../../../Engine/Plugins/Editor/SpeedTreeImporter/Content/SpeedTree9/SpeedTreeBillboardMaster.uasset" 357
"../../../Engine/Plugins/Editor/SpeedTreeImporter/Content/SpeedTree9/SpeedTreeBillboardMaster.uexp" 358
"../../../Engine/Content/EngineDebugMaterials/DebugMeshMaterial.uasset" 359
"../../../Engine/Content/EngineDebugMaterials/DebugMeshMaterial.uexp" 360
"../../../Engine/Plugins/Animation/ControlRig/Content/Controls/ControlRig_QuarterCircle_3mm.ubulk" 361
"../../../Engine/Plugins/Animation/ControlRig/Content/Controls/ControlRig_QuarterCircle_3mm.uasset" 362
"../../../Engine/Plugins/Animation/ControlRig/Content/Controls/ControlRig_QuarterCircle_3mm.uexp" 363
"../../../Engine/Content/EngineMeshes/Sphere.ubulk" 364
"../../../Engine/Content/EngineMeshes/Sphere.uasset" 365
"../../../Engine/Content/EngineMeshes/Sphere.uexp" 366
"../../../Engine/Plugins/Animation/ControlRig/Content/Controls/ControlRig_QuarterCircle_solid.ubulk" 367
"../../../Engine/Plugins/Animation/ControlRig/Content/Controls/ControlRig_QuarterCircle_solid.uasset" 368
"../../../Engine/Plugins/Animation/ControlRig/Content/Controls/ControlRig_QuarterCircle_solid.uexp" 369
"../../../Engine/Plugins/Editor/SpeedTreeImporter/Content/SpeedTree9/SpeedTreeCameraFacing.uasset" 370
"../../../Engine/Plugins/Editor/SpeedTreeImporter/Content/SpeedTree9/SpeedTreeCameraFacing.uexp" 371
"../../../Engine/Plugins/Editor/SpeedTreeImporter/Content/SpeedTree9/SpeedTreeMaster.uasset" 372
"../../../Engine/Plugins/Editor/SpeedTreeImporter/Content/SpeedTree9/SpeedTreeMaster.uexp" 373
"../../../Engine/Plugins/Animation/ControlRig/Content/Controls/ControlRig_RoundedSquare_1mm.ubulk" 374
"../../../Engine/Plugins/Animation/ControlRig/Content/Controls/ControlRig_RoundedSquare_1mm.uasset" 375
"../../../Engine/Plugins/Animation/ControlRig/Content/Controls/ControlRig_RoundedSquare_1mm.uexp" 376
"../../../Engine/Plugins/Animation/ControlRig/Content/Controls/ControlRig_RoundedSquare_3mm.ubulk" 377
"../../../Engine/Plugins/Animation/ControlRig/Content/Controls/ControlRig_RoundedSquare_3mm.uasset" 378
"../../../Engine/Plugins/Animation/ControlRig/Content/Controls/ControlRig_RoundedSquare_3mm.uexp" 379
"../../../Engine/Plugins/Animation/ControlRig/Content/Controls/ControlRig_RoundedSquare_solid.ubulk" 380
"../../../Engine/Plugins/Animation/ControlRig/Content/Controls/ControlRig_RoundedSquare_solid.uasset" 381
"../../../Engine/Plugins/Animation/ControlRig/Content/Controls/ControlRig_RoundedSquare_solid.uexp" 382
"../../../Engine/Plugins/Animation/ControlRig/Content/Controls/ControlRig_RoundedTriangle_1mm.ubulk" 383
"../../../Engine/Plugins/Animation/ControlRig/Content/Controls/ControlRig_RoundedTriangle_1mm.uasset" 384
"../../../Engine/Plugins/Animation/ControlRig/Content/Controls/ControlRig_RoundedTriangle_1mm.uexp" 385
"../../../Engine/Plugins/Animation/ControlRig/Content/Controls/ControlRig_RoundedTriangle_3mm.ubulk" 386
"../../../Engine/Plugins/Animation/ControlRig/Content/Controls/ControlRig_RoundedTriangle_3mm.uasset" 387
"../../../Engine/Plugins/Animation/ControlRig/Content/Controls/ControlRig_RoundedTriangle_3mm.uexp" 388
"../../../Engine/Content/EngineMaterials/DefaultBloomKernel.uasset" 389
"../../../Engine/Content/EngineMaterials/DefaultBloomKernel.uexp" 390
"../../../Engine/Content/EngineDebugMaterials/M_SimpleUnlitTranslucent.uasset" 391
"../../../Engine/Content/EngineDebugMaterials/M_SimpleUnlitTranslucent.uexp" 392
"../../../Engine/Content/EngineMaterials/DefaultBokeh.uasset" 393
"../../../Engine/Content/EngineMaterials/DefaultBokeh.uexp" 394
"../../../Engine/Plugins/Experimental/VirtualProductionUtilities/Content/Bookmark/M_BookmarkVP.uasset" 395
"../../../Engine/Plugins/Experimental/VirtualProductionUtilities/Content/Bookmark/M_BookmarkVP.uexp" 396
"../../../Engine/Plugins/Experimental/VirtualProductionUtilities/Content/Bookmark/MI_BookmarkVPNoUser.uasset" 397
"../../../Engine/Plugins/Experimental/VirtualProductionUtilities/Content/Bookmark/MI_BookmarkVPNoUser.uexp" 398
"../../../Engine/Plugins/Experimental/VirtualProductionUtilities/Content/Bookmark/BookmarkVPMesh.ubulk" 399
"../../../Engine/Plugins/Experimental/VirtualProductionUtilities/Content/Bookmark/BookmarkVPMesh.uasset" 400
"../../../Engine/Plugins/Experimental/VirtualProductionUtilities/Content/Bookmark/BookmarkVPMesh.uexp" 401
"../../../Engine/Content/Functions/Engine_MaterialFunctions02/Utility/CameraDirectionVector.uasset" 402
"../../../Engine/Content/Functions/Engine_MaterialFunctions02/Utility/CameraDirectionVector.uexp" 403
"../../../Engine/Content/EngineDebugMaterials/VolumeToRender.uasset" 404
"../../../Engine/Content/EngineDebugMaterials/VolumeToRender.uexp" 405
"../../../Engine/Content/EngineDebugMaterials/M_VolumeRenderSphereTracePP.uasset" 406
"../../../Engine/Content/EngineDebugMaterials/M_VolumeRenderSphereTracePP.uexp" 407
"../../../Engine/Content/EngineFonts/RobotoDistanceField.uasset" 408
"../../../Engine/Content/EngineFonts/RobotoDistanceField.uexp" 409
"../../../Engine/Content/Functions/Engine_MaterialFunctions02/Math/MakeVectorsOrthogonal.uasset" 410
"../../../Engine/Content/Functions/Engine_MaterialFunctions02/Math/MakeVectorsOrthogonal.uexp" 411
"../../../Engine/Content/Functions/Engine_MaterialFunctions02/WorldPositionOffset/ComponentPivotLocation.uasset" 412
"../../../Engine/Content/Functions/Engine_MaterialFunctions02/WorldPositionOffset/ComponentPivotLocation.uexp" 413
"../../../Engine/Content/Functions/Engine_MaterialFunctions02/Math/InverseTransformMatrix.uasset" 414
"../../../Engine/Content/Functions/Engine_MaterialFunctions02/Math/InverseTransformMatrix.uexp" 415
"../../../Engine/Content/Functions/Engine_MaterialFunctions02/Utility/CameraVectorWithWPOOptions.uasset" 416
"../../../Engine/Content/Functions/Engine_MaterialFunctions02/Utility/CameraVectorWithWPOOptions.uexp" 417
"../../../Engine/Content/Functions/Engine_MaterialFunctions02/WorldPositionOffset/AlignMeshToTheCamera.uasset" 418
"../../../Engine/Content/Functions/Engine_MaterialFunctions02/WorldPositionOffset/AlignMeshToTheCamera.uexp" 419
"../../../Engine/Plugins/Experimental/VirtualProductionUtilities/Content/Materials/MF_IgnoreExposure.uasset" 420
"../../../Engine/Plugins/Experimental/VirtualProductionUtilities/Content/Materials/MF_IgnoreExposure.uexp" 421
"../../../Engine/Plugins/Experimental/VirtualProductionUtilities/Content/Bookmark/CameraFacingTextMaterial.uasset" 422
"../../../Engine/Plugins/Experimental/VirtualProductionUtilities/Content/Bookmark/CameraFacingTextMaterial.uexp" 423
"../../../Engine/Plugins/Experimental/VirtualProductionUtilities/Content/Icons/S_VPRootActor.ubulk" 424
"../../../Engine/Plugins/Experimental/VirtualProductionUtilities/Content/Icons/S_VPRootActor.uasset" 425
"../../../Engine/Plugins/Experimental/VirtualProductionUtilities/Content/Icons/S_VPRootActor.uexp" 426
"../../../Engine/Content/EngineMaterials/DefaultDiffuse.ubulk" 427
"../../../Engine/Content/EngineMaterials/DefaultDiffuse.uasset" 428
"../../../Engine/Content/EngineMaterials/DefaultDiffuse.uexp" 429
"../../../Engine/Content/EngineMaterials/DefaultDeferredDecalMaterial.uasset" 430
"../../../Engine/Content/EngineMaterials/DefaultDeferredDecalMaterial.uexp" 431
"../../../Engine/Plugins/Experimental/VirtualProductionUtilities/Content/Materials/WidgetPostProcessMaterial.uasset" 432
"../../../Engine/Plugins/Experimental/VirtualProductionUtilities/Content/Materials/WidgetPostProcessMaterial.uexp" 433
"../../../Engine/Content/EngineMaterials/DefaultLightFunctionMaterial.uasset" 434
"../../../Engine/Content/EngineMaterials/DefaultLightFunctionMaterial.uexp" 435
"../../../Engine/Content/EngineResources/GradientTexture0.uasset" 436
"../../../Engine/Content/EngineResources/GradientTexture0.uexp" 437
"../../../Engine/Content/Functions/Engine_MaterialFunctions02/Utility/BreakOutFloat2Components.uasset" 438
"../../../Engine/Content/Functions/Engine_MaterialFunctions02/Utility/BreakOutFloat2Components.uexp" 439
"../../../Engine/Content/EngineMaterials/DefaultPostProcessMaterial.uasset" 440
"../../../Engine/Content/EngineMaterials/DefaultPostProcessMaterial.uexp" 441
"../../../Engine/Content/EngineMaterials/DefaultTextMaterialOpaque.uasset" 442
"../../../Engine/Content/EngineMaterials/DefaultTextMaterialOpaque.uexp" 443
"../../../Engine/Content/EngineResources/LandscapeVisibilityLayerInfo.uasset" 444
"../../../Engine/Content/EngineResources/LandscapeVisibilityLayerInfo.uexp" 445
"../../../Engine/Content/EngineMaterials/DefaultWhiteGrid.ubulk" 446
"../../../Engine/Content/EngineMaterials/DefaultWhiteGrid.uasset" 447
"../../../Engine/Content/EngineMaterials/DefaultWhiteGrid.uexp" 448
"../../../Engine/Plugins/Experimental/CineCameraRigs/Content/AttachMount/M_CineCameraAttachMount_Preview.uasset" 449
"../../../Engine/Plugins/Experimental/CineCameraRigs/Content/AttachMount/M_CineCameraAttachMount_Preview.uexp" 450
"../../../Engine/Plugins/Experimental/CineCameraRigs/Content/AttachMount/M_CineCameraAttachMount_PreviewBack.uasset" 451
"../../../Engine/Plugins/Experimental/CineCameraRigs/Content/AttachMount/M_CineCameraAttachMount_PreviewBack.uexp" 452
"../../../Engine/Plugins/Experimental/CineCameraRigs/Content/AttachMount/SM_CineCameraAttachMount_PreviewMesh.ubulk" 453
"../../../Engine/Plugins/Experimental/CineCameraRigs/Content/AttachMount/SM_CineCameraAttachMount_PreviewMesh.uasset" 454
"../../../Engine/Plugins/Experimental/CineCameraRigs/Content/AttachMount/SM_CineCameraAttachMount_PreviewMesh.uexp" 455
"../../../Engine/Content/EngineMaterials/DefaultWhiteGrid_Low.uasset" 456
"../../../Engine/Content/EngineMaterials/DefaultWhiteGrid_Low.uexp" 457
"../../../Engine/Content/EngineMaterials/EmissiveMeshMaterial.uasset" 458
"../../../Engine/Content/EngineMaterials/EmissiveMeshMaterial.uexp" 459
"../../../Engine/Plugins/Experimental/CineCameraRigs/Content/RigRail/T_RigRailDefault.uasset" 460
"../../../Engine/Plugins/Experimental/CineCameraRigs/Content/RigRail/T_RigRailDefault.uexp" 461
"../../../Engine/Plugins/Experimental/CineCameraRigs/Content/RigRail/M_RigRail.uasset" 462
"../../../Engine/Plugins/Experimental/CineCameraRigs/Content/RigRail/M_RigRail.uexp" 463
"../../../Engine/Content/EngineMaterials/FastBlueNoise_scalar_128x128x64.uasset" 464
"../../../Engine/Content/EngineMaterials/FastBlueNoise_scalar_128x128x64.uexp" 465
"../../../Engine/Content/EngineMaterials/FastBlueNoise_scalar_128x128x8.uasset" 466
"../../../Engine/Content/EngineMaterials/FastBlueNoise_scalar_128x128x8.uexp" 467
"../../../Engine/Plugins/Interchange/Assets/Content/Functions/MX_AbsorptionVDF.uasset" 468
"../../../Engine/Plugins/Interchange/Assets/Content/Functions/MX_AbsorptionVDF.uexp" 469
"../../../Engine/Content/EngineMaterials/FastBlueNoise_vec2_128x128x64.uasset" 470
"../../../Engine/Content/EngineMaterials/FastBlueNoise_vec2_128x128x64.uexp" 471
"../../../Engine/Plugins/Experimental/CineCameraRigs/Content/RigRail/T_RigRailSpeedMode.uasset" 472
"../../../Engine/Plugins/Experimental/CineCameraRigs/Content/RigRail/T_RigRailSpeedMode.uexp" 473
"../../../Engine/Plugins/Interchange/Assets/Content/Functions/MX_AnisotropicVDF.uasset" 474
"../../../Engine/Plugins/Interchange/Assets/Content/Functions/MX_AnisotropicVDF.uexp" 475
"../../../Engine/Content/EngineMaterials/BaseFlattenDiffuseMap.uasset" 476
"../../../Engine/Content/EngineMaterials/BaseFlattenDiffuseMap.uexp" 477
"../../../Engine/Content/EngineMaterials/BaseFlattenEmissiveMap.uasset" 478
"../../../Engine/Content/EngineMaterials/BaseFlattenEmissiveMap.uexp" 479
"../../../Engine/Content/EngineMaterials/BaseFlattenGrayscaleMap.uasset" 480
"../../../Engine/Content/EngineMaterials/BaseFlattenGrayscaleMap.uexp" 481
"../../../Engine/Content/EngineMaterials/BaseFlattenLinearColor.uasset" 482
"../../../Engine/Content/EngineMaterials/BaseFlattenLinearColor.uexp" 483
"../../../Engine/Content/EngineMaterials/BaseFlattenNormalMap.uasset" 484
"../../../Engine/Content/EngineMaterials/BaseFlattenNormalMap.uexp" 485
"../../../Engine/Content/Functions/Engine_MaterialFunctions02/PivotPainter2/Black_1x1_EXR_Texture.uasset" 486
"../../../Engine/Content/Functions/Engine_MaterialFunctions02/PivotPainter2/Black_1x1_EXR_Texture.uexp" 487
"../../../Engine/Content/EngineMaterials/FlattenMaterial.uasset" 488
"../../../Engine/Content/EngineMaterials/FlattenMaterial.uexp" 489
"../../../Engine/Plugins/Interchange/Assets/Content/Functions/MX_BurleyDiffuseBSDF.uasset" 490
"../../../Engine/Plugins/Interchange/Assets/Content/Functions/MX_BurleyDiffuseBSDF.uexp" 491
"../../../Engine/Content/EngineMaterials/BaseFlattenDiffuseMap_VT.ubulk" 492
"../../../Engine/Content/EngineMaterials/BaseFlattenDiffuseMap_VT.uasset" 493
"../../../Engine/Content/EngineMaterials/BaseFlattenDiffuseMap_VT.uexp" 494
"../../../Engine/Content/EngineMaterials/BaseFlattenEmissiveMap_VT.ubulk" 495
"../../../Engine/Content/EngineMaterials/BaseFlattenEmissiveMap_VT.uasset" 496
"../../../Engine/Content/EngineMaterials/BaseFlattenEmissiveMap_VT.uexp" 497
"../../../Engine/Content/EngineMaterials/BaseFlattenGrayscaleMap_VT.ubulk" 498
"../../../Engine/Content/EngineMaterials/BaseFlattenGrayscaleMap_VT.uasset" 499
"../../../Engine/Content/EngineMaterials/BaseFlattenGrayscaleMap_VT.uexp" 500
"../../../Engine/Content/EngineMaterials/BaseFlattenLinearColor_VT.ubulk" 501
"../../../Engine/Content/EngineMaterials/BaseFlattenLinearColor_VT.uasset" 502
"../../../Engine/Content/EngineMaterials/BaseFlattenLinearColor_VT.uexp" 503
"../../../Engine/Content/EngineMaterials/BaseFlattenNormalMap_VT.ubulk" 504
"../../../Engine/Content/EngineMaterials/BaseFlattenNormalMap_VT.uasset" 505
"../../../Engine/Content/EngineMaterials/BaseFlattenNormalMap_VT.uexp" 506
"../../../Engine/Content/EngineMaterials/Black_1x1_EXR_Texture_VT.ubulk" 507
"../../../Engine/Content/EngineMaterials/Black_1x1_EXR_Texture_VT.uasset" 508
"../../../Engine/Content/EngineMaterials/Black_1x1_EXR_Texture_VT.uexp" 509
"../../../Engine/Content/EngineMaterials/FlattenMaterial_VT.uasset" 510
"../../../Engine/Content/EngineMaterials/FlattenMaterial_VT.uexp" 511
"../../../Engine/Plugins/Interchange/Assets/Content/Functions/MX_ChiangHairBSDF.uasset" 512
"../../../Engine/Plugins/Interchange/Assets/Content/Functions/MX_ChiangHairBSDF.uexp" 513
"../../../Engine/Content/EngineMaterials/FlattenMaterial_WS_Normal_VT.uasset" 514
"../../../Engine/Content/EngineMaterials/FlattenMaterial_WS_Normal_VT.uexp" 515
"../../../Engine/Plugins/Interchange/Assets/Content/Functions/MX_ConductorBSDF.uasset" 516
"../../../Engine/Plugins/Interchange/Assets/Content/Functions/MX_ConductorBSDF.uexp" 517
"../../../Engine/Content/EngineMaterials/GizmoMaterial.uasset" 518
"../../../Engine/Content/EngineMaterials/GizmoMaterial.uexp" 519
"../../../Engine/Plugins/Interchange/Assets/Content/Functions/MX_ConicalEDF.uasset" 520
"../../../Engine/Plugins/Interchange/Assets/Content/Functions/MX_ConicalEDF.uexp" 521
"../../../Engine/Plugins/Interchange/Assets/Content/Functions/MX_DielectricBSDF.uasset" 522
"../../../Engine/Plugins/Interchange/Assets/Content/Functions/MX_DielectricBSDF.uexp" 523
"../../../Engine/Plugins/Interchange/Assets/Content/Substrate/MX_SimpleVolume.uasset" 524
"../../../Engine/Plugins/Interchange/Assets/Content/Substrate/MX_SimpleVolume.uexp" 525
"../../../Engine/Plugins/Interchange/Assets/Content/Functions/MX_Displacement.uasset" 526
"../../../Engine/Plugins/Interchange/Assets/Content/Functions/MX_Displacement.uexp" 527
"../../../Engine/Plugins/Interchange/Assets/Content/Functions/MX_GeneralizedSchlickBSDF.uasset" 528
"../../../Engine/Plugins/Interchange/Assets/Content/Functions/MX_GeneralizedSchlickBSDF.uexp" 529
"../../../Engine/Plugins/Experimental/ColorCorrectRegions/Content/Materials/M_ColorCorrectRegionTransparentPreview.uasset" 530
"../../../Engine/Plugins/Experimental/ColorCorrectRegions/Content/Materials/M_ColorCorrectRegionTransparentPreview.uexp" 531
"../../../Engine/Plugins/Interchange/Assets/Content/Functions/MX_MeasuredEDF.uasset" 532
"../../../Engine/Plugins/Interchange/Assets/Content/Functions/MX_MeasuredEDF.uexp" 533
"../../../Engine/Plugins/Interchange/Assets/Content/Functions/MF_IridescenceNoLUT.uasset" 534
"../../../Engine/Plugins/Interchange/Assets/Content/Functions/MF_IridescenceNoLUT.uexp" 535
"../../../Engine/Plugins/Interchange/Assets/Content/Functions/MX_StandardSurface.uasset" 536
"../../../Engine/Plugins/Interchange/Assets/Content/Functions/MX_StandardSurface.uexp" 537
"../../../Engine/Plugins/Interchange/Assets/Content/Functions/MX_OpenPBR_Opaque.uasset" 538
"../../../Engine/Plugins/Interchange/Assets/Content/Functions/MX_OpenPBR_Opaque.uexp" 539
"../../../Engine/Plugins/Interchange/Assets/Content/Functions/MX_TransmissionSurface.uasset" 540
"../../../Engine/Plugins/Interchange/Assets/Content/Functions/MX_TransmissionSurface.uexp" 541
"../../../Engine/Plugins/Interchange/Assets/Content/Functions/MX_OpenPBR_Translucent.uasset" 542
"../../../Engine/Plugins/Interchange/Assets/Content/Functions/MX_OpenPBR_Translucent.uexp" 543
"../../../Engine/Plugins/Interchange/Assets/Content/Functions/MX_OrenNayarBSDF.uasset" 544
"../../../Engine/Plugins/Interchange/Assets/Content/Functions/MX_OrenNayarBSDF.uexp" 545
"../../../Engine/Plugins/Interchange/Assets/Content/Functions/MX_SheenBSDF.uasset" 546
"../../../Engine/Plugins/Interchange/Assets/Content/Functions/MX_SheenBSDF.uexp" 547
"../../../Engine/Plugins/Interchange/Assets/Content/Functions/MX_SubsurfaceBSDF.uasset" 548
"../../../Engine/Plugins/Interchange/Assets/Content/Functions/MX_SubsurfaceBSDF.uexp" 549
"../../../Engine/Plugins/Interchange/Assets/Content/Functions/MX_Surface.uasset" 550
"../../../Engine/Plugins/Interchange/Assets/Content/Functions/MX_Surface.uexp" 551
"../../../Engine/Plugins/Interchange/Assets/Content/Functions/MX_SurfaceUnlit.uasset" 552
"../../../Engine/Plugins/Interchange/Assets/Content/Functions/MX_SurfaceUnlit.uexp" 553
"../../../Engine/Plugins/Interchange/Assets/Content/Functions/MX_TranslucentBSDF.uasset" 554
"../../../Engine/Plugins/Interchange/Assets/Content/Functions/MX_TranslucentBSDF.uexp" 555
"../../../Engine/Content/EngineMaterials/MiniFont.uasset" 556
"../../../Engine/Content/EngineMaterials/MiniFont.uexp" 557
"../../../Engine/Plugins/Interchange/Assets/Content/Functions/MX_UniformEDF.uasset" 558
"../../../Engine/Plugins/Interchange/Assets/Content/Functions/MX_UniformEDF.uexp" 559
"../../../Engine/Content/EngineMaterials/InvalidLightmapSettings.ubulk" 560
"../../../Engine/Content/EngineMaterials/InvalidLightmapSettings.uasset" 561
"../../../Engine/Content/EngineMaterials/InvalidLightmapSettings.uexp" 562
"../../../Engine/Content/EngineMaterials/M_InvalidLightmapSettings.uasset" 563
"../../../Engine/Content/EngineMaterials/M_InvalidLightmapSettings.uexp" 564
"../../../Engine/Plugins/Interchange/Assets/Content/Functions/MX_UsdPreviewSurface.uasset" 565
"../../../Engine/Plugins/Interchange/Assets/Content/Functions/MX_UsdPreviewSurface.uexp" 566
"../../../Engine/Content/EngineMaterials/NaniteHiddenSectionMaterial.uasset" 567
"../../../Engine/Content/EngineMaterials/NaniteHiddenSectionMaterial.uexp" 568
"../../../Engine/Plugins/Runtime/HairStrands/Content/Materials/HairCardsDefaultMaterial.uasset" 569
"../../../Engine/Plugins/Runtime/HairStrands/Content/Materials/HairCardsDefaultMaterial.uexp" 570
"../../../Engine/Content/Functions/Engine_MaterialFunctions02/Utility/MakeFloat2.uasset" 571
"../../../Engine/Content/Functions/Engine_MaterialFunctions02/Utility/MakeFloat2.uexp" 572
"../../../Engine/Content/EngineMaterials/HairColorMap.uasset" 573
"../../../Engine/Content/EngineMaterials/HairColorMap.uexp" 574
"../../../Engine/Content/EngineMaterials/HairDebugColor.uasset" 575
"../../../Engine/Content/EngineMaterials/HairDebugColor.uexp" 576
"../../../Engine/Plugins/Runtime/HairStrands/Content/Materials/HairGroupColors.uasset" 577
"../../../Engine/Plugins/Runtime/HairStrands/Content/Materials/HairGroupColors.uexp" 578
"../../../Engine/Plugins/Runtime/HairStrands/Content/Materials/HairDebugMaterial.uasset" 579
"../../../Engine/Plugins/Runtime/HairStrands/Content/Materials/HairDebugMaterial.uexp" 580
"../../../Engine/Plugins/Runtime/HairStrands/Content/Materials/HairDefaultMaterial.uasset" 581
"../../../Engine/Plugins/Runtime/HairStrands/Content/Materials/HairDefaultMaterial.uexp" 582
"../../../Engine/Content/Functions/Engine_MaterialFunctions02/WorldPositionOffset/CameraOffset.uasset" 583
"../../../Engine/Content/Functions/Engine_MaterialFunctions02/WorldPositionOffset/CameraOffset.uexp" 584
"../../../Engine/Content/EngineMaterials/PhAT_JointLimitMaterial.uasset" 585
"../../../Engine/Content/EngineMaterials/PhAT_JointLimitMaterial.uexp" 586
"../../../Engine/Plugins/Runtime/HairStrands/Content/Materials/HairMeshesDefaultMaterial.uasset" 587
"../../../Engine/Plugins/Runtime/HairStrands/Content/Materials/HairMeshesDefaultMaterial.uexp" 588
"../../../Engine/Content/EngineMaterials/DefaultCalibrationColor.uasset" 589
"../../../Engine/Content/EngineMaterials/DefaultCalibrationColor.uexp" 590
"../../../Engine/Content/EngineMaterials/PPM_DefaultCalibrationColor.uasset" 591
"../../../Engine/Content/EngineMaterials/PPM_DefaultCalibrationColor.uexp" 592
"../../../Engine/Content/EngineResources/DefaultTextureCube.uasset" 593
"../../../Engine/Content/EngineResources/DefaultTextureCube.uexp" 594
"../../../Engine/Content/Functions/Engine_MaterialFunctions02/WorldPositionOffset/ObjectPivotPoint.uasset" 595
"../../../Engine/Content/Functions/Engine_MaterialFunctions02/WorldPositionOffset/ObjectPivotPoint.uexp" 596
"../../../Engine/Plugins/Runtime/HDRIBackdrop/Content/Materials/HDRI_Attributes.uasset" 597
"../../../Engine/Plugins/Runtime/HDRIBackdrop/Content/Materials/HDRI_Attributes.uexp" 598
"../../../Engine/Plugins/Runtime/HDRIBackdrop/Content/Materials/HDRI_Projection_Floor.uasset" 599
"../../../Engine/Plugins/Runtime/HDRIBackdrop/Content/Materials/HDRI_Projection_Floor.uexp" 600
"../../../Engine/Plugins/Runtime/HDRIBackdrop/Content/Materials/MI_HDRI_Floor.uasset" 601
"../../../Engine/Plugins/Runtime/HDRIBackdrop/Content/Materials/MI_HDRI_Floor.uexp" 602
"../../../Engine/Plugins/Runtime/HDRIBackdrop/Content/Materials/HDRI_Projection_Sky.uasset" 603
"../../../Engine/Plugins/Runtime/HDRIBackdrop/Content/Materials/HDRI_Projection_Sky.uexp" 604
"../../../Engine/Plugins/Runtime/HDRIBackdrop/Content/Materials/MI_HDRI_Sky.uasset" 605
"../../../Engine/Plugins/Runtime/HDRIBackdrop/Content/Materials/MI_HDRI_Sky.uexp" 606
"../../../Engine/Plugins/Runtime/HDRIBackdrop/Content/Meshes/EnviroDome.ubulk" 607
"../../../Engine/Plugins/Runtime/HDRIBackdrop/Content/Meshes/EnviroDome.uasset" 608
"../../../Engine/Plugins/Runtime/HDRIBackdrop/Content/Meshes/EnviroDome.uexp" 609
"../../../Engine/Plugins/Runtime/HDRIBackdrop/Content/Textures/approaching_storm_4k.uasset" 610
"../../../Engine/Plugins/Runtime/HDRIBackdrop/Content/Textures/approaching_storm_4k.uexp" 611
"../../../Engine/Plugins/Runtime/HDRIBackdrop/Content/Blueprints/HDRIBackdrop.uasset" 612
"../../../Engine/Plugins/Runtime/HDRIBackdrop/Content/Blueprints/HDRIBackdrop.uexp" 613
"../../../Engine/Content/EngineMaterials/DefaultCalibrationGrayscale.uasset" 614
"../../../Engine/Content/EngineMaterials/DefaultCalibrationGrayscale.uexp" 615
"../../../Engine/Content/EngineMaterials/PPM_DefaultCalibrationGrayscale.uasset" 616
"../../../Engine/Content/EngineMaterials/PPM_DefaultCalibrationGrayscale.uexp" 617
"../../../Engine/Content/EngineFonts/Faces/DroidSansFallback.uexp" 618
"../../../Engine/Content/EngineFonts/Faces/DroidSansFallback.uasset" 619
"../../../Engine/Content/EngineFonts/Faces/DroidSansFallback.ufont" 620
"../../../Engine/Content/EngineFonts/Faces/DroidSansMono.uexp" 621
"../../../Engine/Content/EngineFonts/Faces/DroidSansMono.uasset" 622
"../../../Engine/Content/EngineFonts/Faces/DroidSansMono.ufont" 623
"../../../Engine/Content/EngineFonts/DroidSansMono.uasset" 624
"../../../Engine/Content/EngineFonts/DroidSansMono.uexp" 625
"../../../Engine/Plugins/MovieScene/MovieRenderPipeline/Content/Blueprints/DefaultBurnIn.uasset" 626
"../../../Engine/Plugins/MovieScene/MovieRenderPipeline/Content/Blueprints/DefaultBurnIn.uexp" 627
"../../../Engine/Content/EngineMaterials/PreintegratedSkinBRDF.uasset" 628
"../../../Engine/Content/EngineMaterials/PreintegratedSkinBRDF.uexp" 629
"../../../Engine/Plugins/Experimental/MeshModelingToolsetExp/Content/Materials/GetDisplacementVectorForDepthBias.uasset" 630
"../../../Engine/Plugins/Experimental/MeshModelingToolsetExp/Content/Materials/GetDisplacementVectorForDepthBias.uexp" 631
"../../../Engine/Content/Functions/Engine_MaterialFunctions03/Viewport/MF_OrthoWidth.uasset" 632
"../../../Engine/Content/Functions/Engine_MaterialFunctions03/Viewport/MF_OrthoWidth.uexp" 633
"../../../Engine/Content/Functions/Engine_MaterialFunctions02/Utility/FOV.uasset" 634
"../../../Engine/Content/Functions/Engine_MaterialFunctions02/Utility/FOV.uexp" 635
"../../../Engine/Content/Functions/Engine_MaterialFunctions02/WorldPositionOffset/V2/ObjectScale.uasset" 636
"../../../Engine/Content/Functions/Engine_MaterialFunctions02/WorldPositionOffset/V2/ObjectScale.uexp" 637
"../../../Engine/Plugins/Experimental/MeshModelingToolsetExp/Content/Materials/PointSetOverlaidComponentMaterial.uasset" 638
"../../../Engine/Plugins/Experimental/MeshModelingToolsetExp/Content/Materials/PointSetOverlaidComponentMaterial.uexp" 639
"../../../Engine/Content/EditorBlueprintResources/StandardMacros.uasset" 640
"../../../Engine/Content/EditorBlueprintResources/StandardMacros.uexp" 641
"../../../Engine/Plugins/VirtualProduction/VirtualScouting/Content/Audio/SA_Click.ubulk" 642
"../../../Engine/Plugins/VirtualProduction/VirtualScouting/Content/Audio/SA_Click.uasset" 643
"../../../Engine/Plugins/VirtualProduction/VirtualScouting/Content/Audio/SA_Click.uexp" 644
"../../../Engine/Plugins/VirtualProduction/VirtualScouting/Content/Audio/SA_Cllick_02.ubulk" 645
"../../../Engine/Plugins/VirtualProduction/VirtualScouting/Content/Audio/SA_Cllick_02.uasset" 646
"../../../Engine/Plugins/VirtualProduction/VirtualScouting/Content/Audio/SA_Cllick_02.uexp" 647
"../../../Engine/Plugins/VirtualProduction/VirtualScouting/Content/Audio/SA_Hover_02.ubulk" 648
"../../../Engine/Plugins/VirtualProduction/VirtualScouting/Content/Audio/SA_Hover_02.uasset" 649
"../../../Engine/Plugins/VirtualProduction/VirtualScouting/Content/Audio/SA_Hover_02.uexp" 650
"../../../Engine/Plugins/VirtualProduction/VirtualScouting/Content/Audio/SC_Click_03.uasset" 651
"../../../Engine/Plugins/VirtualProduction/VirtualScouting/Content/Audio/SC_Click_03.uexp" 652
"../../../Engine/Plugins/VirtualProduction/VirtualScouting/Content/Core/BPI_XRCreativeAvatar.uasset" 653
"../../../Engine/Plugins/VirtualProduction/VirtualScouting/Content/Core/BPI_XRCreativeAvatar.uexp" 654
"../../../Engine/Plugins/VirtualProduction/VirtualScouting/Content/Input/BP_AxisTrigger.uasset" 655
"../../../Engine/Plugins/VirtualProduction/VirtualScouting/Content/Input/BP_AxisTrigger.uexp" 656
"../../../Engine/Plugins/VirtualProduction/VirtualScouting/Content/Input/IA_BlinkTurnLeft.uasset" 657
"../../../Engine/Plugins/VirtualProduction/VirtualScouting/Content/Input/IA_BlinkTurnLeft.uexp" 658
"../../../Engine/Plugins/VirtualProduction/VirtualScouting/Content/Input/IA_BlinkTurnRight.uasset" 659
"../../../Engine/Plugins/VirtualProduction/VirtualScouting/Content/Input/IA_BlinkTurnRight.uexp" 660
"../../../Engine/Plugins/VirtualProduction/VirtualScouting/Content/Input/IA_ClickMenu.uasset" 661
"../../../Engine/Plugins/VirtualProduction/VirtualScouting/Content/Input/IA_ClickMenu.uexp" 662
"../../../Engine/Plugins/VirtualProduction/VirtualScouting/Content/Input/IA_DeselectAll.uasset" 663
"../../../Engine/Plugins/VirtualProduction/VirtualScouting/Content/Input/IA_DeselectAll.uexp" 664
"../../../Engine/Plugins/VirtualProduction/VirtualScouting/Content/Input/IA_DragLeft.uasset" 665
"../../../Engine/Plugins/VirtualProduction/VirtualScouting/Content/Input/IA_DragLeft.uexp" 666
"../../../Engine/Plugins/VirtualProduction/VirtualScouting/Content/Input/IA_DragRight.uasset" 667
"../../../Engine/Plugins/VirtualProduction/VirtualScouting/Content/Input/IA_DragRight.uexp" 668
"../../../Engine/Plugins/VirtualProduction/VirtualScouting/Content/Input/IA_Fly.uasset" 669
"../../../Engine/Plugins/VirtualProduction/VirtualScouting/Content/Input/IA_Fly.uexp" 670
"../../../Engine/Plugins/VirtualProduction/VirtualScouting/Content/Input/IA_FlySingleAxis.uasset" 671
"../../../Engine/Plugins/VirtualProduction/VirtualScouting/Content/Input/IA_FlySingleAxis.uexp" 672
"../../../Engine/Plugins/VirtualProduction/VirtualScouting/Content/Input/IA_LaserActivate.uasset" 673
"../../../Engine/Plugins/VirtualProduction/VirtualScouting/Content/Input/IA_LaserActivate.uexp" 674
"../../../Engine/Plugins/VirtualProduction/VirtualScouting/Content/Input/IA_LaserTrace.uasset" 675
"../../../Engine/Plugins/VirtualProduction/VirtualScouting/Content/Input/IA_LaserTrace.uexp" 676
"../../../Engine/Plugins/VirtualProduction/VirtualScouting/Content/Input/BP_DoubleTapTrigger.uasset" 677
"../../../Engine/Plugins/VirtualProduction/VirtualScouting/Content/Input/BP_DoubleTapTrigger.uexp" 678
"../../../Engine/Plugins/VirtualProduction/VirtualScouting/Content/Input/IA_ResetScaleLeft.uasset" 679
"../../../Engine/Plugins/VirtualProduction/VirtualScouting/Content/Input/IA_ResetScaleLeft.uexp" 680
"../../../Engine/Plugins/VirtualProduction/VirtualScouting/Content/Input/IA_ResetScaleRight.uasset" 681
"../../../Engine/Plugins/VirtualProduction/VirtualScouting/Content/Input/IA_ResetScaleRight.uexp" 682
"../../../Engine/Plugins/VirtualProduction/VirtualScouting/Content/Input/IA_RotateAndScale.uasset" 683
"../../../Engine/Plugins/VirtualProduction/VirtualScouting/Content/Input/IA_RotateAndScale.uexp" 684
"../../../Engine/Plugins/VirtualProduction/VirtualScouting/Content/Input/IA_SummonMenu.uasset" 685
"../../../Engine/Plugins/VirtualProduction/VirtualScouting/Content/Input/IA_SummonMenu.uexp" 686
"../../../Engine/Plugins/VirtualProduction/VirtualScouting/Content/Input/IA_SummonTutorial.uasset" 687
"../../../Engine/Plugins/VirtualProduction/VirtualScouting/Content/Input/IA_SummonTutorial.uexp" 688
"../../../Engine/Plugins/VirtualProduction/VirtualScouting/Content/Input/IA_TeleportLeft.uasset" 689
"../../../Engine/Plugins/VirtualProduction/VirtualScouting/Content/Input/IA_TeleportLeft.uexp" 690
"../../../Engine/Plugins/VirtualProduction/VirtualScouting/Content/Input/IA_TeleportRight.uasset" 691
"../../../Engine/Plugins/VirtualProduction/VirtualScouting/Content/Input/IA_TeleportRight.uexp" 692
"../../../Engine/Plugins/VirtualProduction/VirtualScouting/Content/Input/IA_TurnLeftRight.uasset" 693
"../../../Engine/Plugins/VirtualProduction/VirtualScouting/Content/Input/IA_TurnLeftRight.uexp" 694
"../../../Engine/Plugins/VirtualProduction/VirtualScouting/Content/Input/Anim/IA_FaceButtonBottomPress_Left.uasset" 695
"../../../Engine/Plugins/VirtualProduction/VirtualScouting/Content/Input/Anim/IA_FaceButtonBottomPress_Left.uexp" 696
"../../../Engine/Plugins/VirtualProduction/VirtualScouting/Content/Input/Anim/IA_FaceButtonBottomPress_Right.uasset" 697
"../../../Engine/Plugins/VirtualProduction/VirtualScouting/Content/Input/Anim/IA_FaceButtonBottomPress_Right.uexp" 698
"../../../Engine/Plugins/VirtualProduction/VirtualScouting/Content/Input/Anim/IA_FaceButtonBottomTouch_Left.uasset" 699
"../../../Engine/Plugins/VirtualProduction/VirtualScouting/Content/Input/Anim/IA_FaceButtonBottomTouch_Left.uexp" 700
"../../../Engine/Plugins/VirtualProduction/VirtualScouting/Content/Input/Anim/IA_FaceButtonBottomTouch_Right.uasset" 701
"../../../Engine/Plugins/VirtualProduction/VirtualScouting/Content/Input/Anim/IA_FaceButtonBottomTouch_Right.uexp" 702
"../../../Engine/Plugins/VirtualProduction/VirtualScouting/Content/Input/Anim/IA_FaceButtonTopPressLeft.uasset" 703
"../../../Engine/Plugins/VirtualProduction/VirtualScouting/Content/Input/Anim/IA_FaceButtonTopPressLeft.uexp" 704
"../../../Engine/Plugins/VirtualProduction/VirtualScouting/Content/Input/Anim/IA_FaceButtonTopPress_Right.uasset" 705
"../../../Engine/Plugins/VirtualProduction/VirtualScouting/Content/Input/Anim/IA_FaceButtonTopPress_Right.uexp" 706
"../../../Engine/Plugins/VirtualProduction/VirtualScouting/Content/Input/Anim/IA_FaceButtonTopTouch_Left.uasset" 707
"../../../Engine/Plugins/VirtualProduction/VirtualScouting/Content/Input/Anim/IA_FaceButtonTopTouch_Left.uexp" 708
"../../../Engine/Plugins/VirtualProduction/VirtualScouting/Content/Input/Anim/IA_FaceButtonTopTouch_Right.uasset" 709
"../../../Engine/Plugins/VirtualProduction/VirtualScouting/Content/Input/Anim/IA_FaceButtonTopTouch_Right.uexp" 710
"../../../Engine/Plugins/VirtualProduction/VirtualScouting/Content/Input/Anim/IA_Grip_Left.uasset" 711
"../../../Engine/Plugins/VirtualProduction/VirtualScouting/Content/Input/Anim/IA_Grip_Left.uexp" 712
"../../../Engine/Plugins/VirtualProduction/VirtualScouting/Content/Input/Anim/IA_Grip_Right.uasset" 713
"../../../Engine/Plugins/VirtualProduction/VirtualScouting/Content/Input/Anim/IA_Grip_Right.uexp" 714
"../../../Engine/Plugins/VirtualProduction/VirtualScouting/Content/Input/Anim/IA_MenuPress_Left.uasset" 715
"../../../Engine/Plugins/VirtualProduction/VirtualScouting/Content/Input/Anim/IA_MenuPress_Left.uexp" 716
"../../../Engine/Plugins/VirtualProduction/VirtualScouting/Content/Input/Anim/IA_ThumbstickMove_Left.uasset" 717
"../../../Engine/Plugins/VirtualProduction/VirtualScouting/Content/Input/Anim/IA_ThumbstickMove_Left.uexp" 718
"../../../Engine/Plugins/VirtualProduction/VirtualScouting/Content/Input/Anim/IA_ThumbstickMove_Right.uasset" 719
"../../../Engine/Plugins/VirtualProduction/VirtualScouting/Content/Input/Anim/IA_ThumbstickMove_Right.uexp" 720
"../../../Engine/Plugins/VirtualProduction/VirtualScouting/Content/Input/Anim/IA_ThumbstickPress_Left.uasset" 721
"../../../Engine/Plugins/VirtualProduction/VirtualScouting/Content/Input/Anim/IA_ThumbstickPress_Left.uexp" 722
"../../../Engine/Plugins/VirtualProduction/VirtualScouting/Content/Input/Anim/IA_ThumbstickPress_Right.uasset" 723
"../../../Engine/Plugins/VirtualProduction/VirtualScouting/Content/Input/Anim/IA_ThumbstickPress_Right.uexp" 724
"../../../Engine/Plugins/VirtualProduction/VirtualScouting/Content/Input/Anim/IA_ThumbstickTouch_Left.uasset" 725
"../../../Engine/Plugins/VirtualProduction/VirtualScouting/Content/Input/Anim/IA_ThumbstickTouch_Left.uexp" 726
"../../../Engine/Plugins/VirtualProduction/VirtualScouting/Content/Input/Anim/IA_ThumbstickTouch_Right.uasset" 727
"../../../Engine/Plugins/VirtualProduction/VirtualScouting/Content/Input/Anim/IA_ThumbstickTouch_Right.uexp" 728
"../../../Engine/Plugins/VirtualProduction/VirtualScouting/Content/Input/Anim/IA_Trigger_Left.uasset" 729
"../../../Engine/Plugins/VirtualProduction/VirtualScouting/Content/Input/Anim/IA_Trigger_Left.uexp" 730
"../../../Engine/Plugins/VirtualProduction/VirtualScouting/Content/Input/Anim/IA_Trigger_Right.uasset" 731
"../../../Engine/Plugins/VirtualProduction/VirtualScouting/Content/Input/Anim/IA_Trigger_Right.uexp" 732
"../../../Engine/Plugins/VirtualProduction/VirtualScouting/Content/Input/IMC_VScoutAnim.uasset" 733
"../../../Engine/Plugins/VirtualProduction/VirtualScouting/Content/Input/IMC_VScoutAnim.uexp" 734
"../../../Engine/Plugins/VirtualProduction/VirtualScouting/Content/Input/IA_GizmoLocal.uasset" 735
"../../../Engine/Plugins/VirtualProduction/VirtualScouting/Content/Input/IA_GizmoLocal.uexp" 736
"../../../Engine/Plugins/VirtualProduction/VirtualScouting/Content/Input/IMC_VScoutDefault.uasset" 737
"../../../Engine/Plugins/VirtualProduction/VirtualScouting/Content/Input/IMC_VScoutDefault.uexp" 738
"../../../Engine/Plugins/VirtualProduction/VirtualScouting/Content/Art/Common/M_Solid.uasset" 739
"../../../Engine/Plugins/VirtualProduction/VirtualScouting/Content/Art/Common/M_Solid.uexp" 740
"../../../Engine/Plugins/VirtualProduction/VirtualScouting/Content/Art/Common/MI_Console.uasset" 741
"../../../Engine/Plugins/VirtualProduction/VirtualScouting/Content/Art/Common/MI_Console.uexp" 742
"../../../Engine/Plugins/VirtualProduction/VirtualScouting/Content/Art/Common/MF_IgnoreExposure.uasset" 743
"../../../Engine/Plugins/VirtualProduction/VirtualScouting/Content/Art/Common/MF_IgnoreExposure.uexp" 744
"../../../Engine/Plugins/VirtualProduction/VirtualScouting/Content/Art/Common/M_Basic.uasset" 745
"../../../Engine/Plugins/VirtualProduction/VirtualScouting/Content/Art/Common/M_Basic.uexp" 746
"../../../Engine/Plugins/VirtualProduction/VirtualScouting/Content/Art/Common/MI_MenuMeshTile.uasset" 747
"../../../Engine/Plugins/VirtualProduction/VirtualScouting/Content/Art/Common/MI_MenuMeshTile.uexp" 748
"../../../Engine/Plugins/VirtualProduction/VirtualScouting/Content/Art/Common/M_Widget3D_DefaultLit.uasset" 749
"../../../Engine/Plugins/VirtualProduction/VirtualScouting/Content/Art/Common/M_Widget3D_DefaultLit.uexp" 750
"../../../Engine/Plugins/VirtualProduction/VirtualScouting/Content/Art/Common/MI_Widget3D_DefaultLit.uasset" 751
"../../../Engine/Plugins/VirtualProduction/VirtualScouting/Content/Art/Common/MI_Widget3D_DefaultLit.uexp" 752
"../../../Engine/Content/Functions/Engine_MaterialFunctions01/ImageAdjustment/sRGBToLinear.uasset" 753
"../../../Engine/Content/Functions/Engine_MaterialFunctions01/ImageAdjustment/sRGBToLinear.uexp" 754
"../../../Engine/Plugins/VirtualProduction/VirtualScouting/Content/Art/Common/M_Widget3DPassThrough_NoDepth.uasset" 755
"../../../Engine/Plugins/VirtualProduction/VirtualScouting/Content/Art/Common/M_Widget3DPassThrough_NoDepth.uexp" 756
"../../../Engine/Plugins/VirtualProduction/VirtualScouting/Content/Art/OculusTouch/BPI_ControllerAnimation.uasset" 757
"../../../Engine/Plugins/VirtualProduction/VirtualScouting/Content/Art/OculusTouch/BPI_ControllerAnimation.uexp" 758
"../../../Engine/Plugins/Animation/ControlRig/Content/Controls/DefaultGizmoLibraryNormalized.uasset" 759
"../../../Engine/Plugins/Animation/ControlRig/Content/Controls/DefaultGizmoLibraryNormalized.uexp" 760
"../../../Engine/Plugins/VirtualProduction/VirtualScouting/Content/Art/IndexKnuckle/CTR_ValveIndex.uasset" 761
"../../../Engine/Plugins/VirtualProduction/VirtualScouting/Content/Art/IndexKnuckle/CTR_ValveIndex.uexp" 762
"../../../Engine/Plugins/VirtualProduction/VirtualScouting/Content/Art/IndexKnuckle/SK_ValveIndex.uasset" 763
"../../../Engine/Plugins/VirtualProduction/VirtualScouting/Content/Art/IndexKnuckle/SK_ValveIndex.uexp" 764
"../../../Engine/Plugins/VirtualProduction/VirtualScouting/Content/Art/IndexKnuckle/ABP_ValveIndex.uasset" 765
"../../../Engine/Plugins/VirtualProduction/VirtualScouting/Content/Art/IndexKnuckle/ABP_ValveIndex.uexp" 766
"../../../Engine/Plugins/VirtualProduction/VirtualScouting/Content/Art/IndexKnuckle/T_IndexKnuckle_DO.ubulk" 767
"../../../Engine/Plugins/VirtualProduction/VirtualScouting/Content/Art/IndexKnuckle/T_IndexKnuckle_DO.uasset" 768
"../../../Engine/Plugins/VirtualProduction/VirtualScouting/Content/Art/IndexKnuckle/T_IndexKnuckle_DO.uexp" 769
"../../../Engine/Plugins/VirtualProduction/VirtualScouting/Content/Art/IndexKnuckle/T_IndexKnuckle_E.ubulk" 770
"../../../Engine/Plugins/VirtualProduction/VirtualScouting/Content/Art/IndexKnuckle/T_IndexKnuckle_E.uasset" 771
"../../../Engine/Plugins/VirtualProduction/VirtualScouting/Content/Art/IndexKnuckle/T_IndexKnuckle_E.uexp" 772
"../../../Engine/Plugins/VirtualProduction/VirtualScouting/Content/Art/IndexKnuckle/T_IndexKnuckle_ID.ubulk" 773
"../../../Engine/Plugins/VirtualProduction/VirtualScouting/Content/Art/IndexKnuckle/T_IndexKnuckle_ID.uasset" 774
"../../../Engine/Plugins/VirtualProduction/VirtualScouting/Content/Art/IndexKnuckle/T_IndexKnuckle_ID.uexp" 775
"../../../Engine/Plugins/VirtualProduction/VirtualScouting/Content/Art/IndexKnuckle/T_IndexKnuckle_MSR.ubulk" 776
"../../../Engine/Plugins/VirtualProduction/VirtualScouting/Content/Art/IndexKnuckle/T_IndexKnuckle_MSR.uasset" 777
"../../../Engine/Plugins/VirtualProduction/VirtualScouting/Content/Art/IndexKnuckle/T_IndexKnuckle_MSR.uexp" 778
"../../../Engine/Plugins/VirtualProduction/VirtualScouting/Content/Art/IndexKnuckle/T_IndexKnuckle_N.ubulk" 779
"../../../Engine/Plugins/VirtualProduction/VirtualScouting/Content/Art/IndexKnuckle/T_IndexKnuckle_N.uasset" 780
"../../../Engine/Plugins/VirtualProduction/VirtualScouting/Content/Art/IndexKnuckle/T_IndexKnuckle_N.uexp" 781
"../../../Engine/Plugins/VirtualProduction/VirtualScouting/Content/Art/OculusTouch/T_Oculus_noLoop_DO.ubulk" 782
"../../../Engine/Plugins/VirtualProduction/VirtualScouting/Content/Art/OculusTouch/T_Oculus_noLoop_DO.uasset" 783
"../../../Engine/Plugins/VirtualProduction/VirtualScouting/Content/Art/OculusTouch/T_Oculus_noLoop_DO.uexp" 784
"../../../Engine/Plugins/VirtualProduction/VirtualScouting/Content/Art/OculusTouch/T_Oculus_noLoop_E.ubulk" 785
"../../../Engine/Plugins/VirtualProduction/VirtualScouting/Content/Art/OculusTouch/T_Oculus_noLoop_E.uasset" 786
"../../../Engine/Plugins/VirtualProduction/VirtualScouting/Content/Art/OculusTouch/T_Oculus_noLoop_E.uexp" 787
"../../../Engine/Plugins/VirtualProduction/VirtualScouting/Content/Art/OculusTouch/T_Oculus_noLoop_ID.uasset" 788
"../../../Engine/Plugins/VirtualProduction/VirtualScouting/Content/Art/OculusTouch/T_Oculus_noLoop_ID.uexp" 789
"../../../Engine/Plugins/VirtualProduction/VirtualScouting/Content/Art/OculusTouch/T_Oculus_noLoop_MSR.ubulk" 790
"../../../Engine/Plugins/VirtualProduction/VirtualScouting/Content/Art/OculusTouch/T_Oculus_noLoop_MSR.uasset" 791
"../../../Engine/Plugins/VirtualProduction/VirtualScouting/Content/Art/OculusTouch/T_Oculus_noLoop_MSR.uexp" 792
"../../../Engine/Plugins/VirtualProduction/VirtualScouting/Content/Art/OculusTouch/T_Oculus_noLoop_N.ubulk" 793
"../../../Engine/Plugins/VirtualProduction/VirtualScouting/Content/Art/OculusTouch/T_Oculus_noLoop_N.uasset" 794
"../../../Engine/Plugins/VirtualProduction/VirtualScouting/Content/Art/OculusTouch/T_Oculus_noLoop_N.uexp" 795
"../../../Engine/Plugins/VirtualProduction/VirtualScouting/Content/Art/OculusTouch/M_VRController.uasset" 796
"../../../Engine/Plugins/VirtualProduction/VirtualScouting/Content/Art/OculusTouch/M_VRController.uexp" 797
"../../../Engine/Plugins/VirtualProduction/VirtualScouting/Content/Art/IndexKnuckle/MI_ValveIndex.uasset" 798
"../../../Engine/Plugins/VirtualProduction/VirtualScouting/Content/Art/IndexKnuckle/MI_ValveIndex.uexp" 799
"../../../Engine/Plugins/VirtualProduction/VirtualScouting/Content/Art/IndexKnuckle/PA_ValveIndex.uasset" 800
"../../../Engine/Plugins/VirtualProduction/VirtualScouting/Content/Art/IndexKnuckle/PA_ValveIndex.uexp" 801
"../../../Engine/Plugins/VirtualProduction/VirtualScouting/Content/Art/IndexKnuckle/SKM_ValveIndex.uasset" 802
"../../../Engine/Plugins/VirtualProduction/VirtualScouting/Content/Art/IndexKnuckle/SKM_ValveIndex.uexp" 803
"../../../Engine/Plugins/VirtualProduction/VirtualScouting/Content/Art/OculusTouch/CTR_OculusTouch.uasset" 804
"../../../Engine/Plugins/VirtualProduction/VirtualScouting/Content/Art/OculusTouch/CTR_OculusTouch.uexp" 805
"../../../Engine/Plugins/VirtualProduction/VirtualScouting/Content/Art/OculusTouch/SK_OculusTouch.uasset" 806
"../../../Engine/Plugins/VirtualProduction/VirtualScouting/Content/Art/OculusTouch/SK_OculusTouch.uexp" 807
"../../../Engine/Plugins/VirtualProduction/VirtualScouting/Content/Art/OculusTouch/ABP_OculusTouch.uasset" 808
"../../../Engine/Plugins/VirtualProduction/VirtualScouting/Content/Art/OculusTouch/ABP_OculusTouch.uexp" 809
"../../../Engine/Plugins/VirtualProduction/VirtualScouting/Content/Art/OculusTouch/MI_VRController.uasset" 810
"../../../Engine/Plugins/VirtualProduction/VirtualScouting/Content/Art/OculusTouch/MI_VRController.uexp" 811
"../../../Engine/Plugins/VirtualProduction/VirtualScouting/Content/Art/OculusTouch/PA_OculusTouch.uasset" 812
"../../../Engine/Plugins/VirtualProduction/VirtualScouting/Content/Art/OculusTouch/PA_OculusTouch.uexp" 813
"../../../Engine/Plugins/VirtualProduction/VirtualScouting/Content/Art/OculusTouch/SKM_OculusTouch.uasset" 814
"../../../Engine/Plugins/VirtualProduction/VirtualScouting/Content/Art/OculusTouch/SKM_OculusTouch.uexp" 815
"../../../Engine/Plugins/VirtualProduction/VirtualScouting/Content/Art/Common/MI_Screen.uasset" 816
"../../../Engine/Plugins/VirtualProduction/VirtualScouting/Content/Art/Common/MI_Screen.uexp" 817
"../../../Engine/Plugins/VirtualProduction/VirtualScouting/Content/Art/OculusTouch/SM_Pointer.ubulk" 818
"../../../Engine/Plugins/VirtualProduction/VirtualScouting/Content/Art/OculusTouch/SM_Pointer.uasset" 819
"../../../Engine/Plugins/VirtualProduction/VirtualScouting/Content/Art/OculusTouch/SM_Pointer.uexp" 820
"../../../Engine/Content/Functions/Engine_MaterialFunctions03/Math/RemapValueRange.uasset" 821
"../../../Engine/Content/Functions/Engine_MaterialFunctions03/Math/RemapValueRange.uexp" 822
"../../../Engine/Plugins/VirtualProduction/VirtualScouting/Content/Art/PPOutline/PP_ColorOutline.uasset" 823
"../../../Engine/Plugins/VirtualProduction/VirtualScouting/Content/Art/PPOutline/PP_ColorOutline.uexp" 824
"../../../Engine/Plugins/VirtualProduction/VirtualScouting/Content/Art/PPOutline/PPI_ColorOutline.uasset" 825
"../../../Engine/Plugins/VirtualProduction/VirtualScouting/Content/Art/PPOutline/PPI_ColorOutline.uexp" 826
"../../../Engine/Plugins/FX/Niagara/Content/DefaultAssets/DefaultSpriteMaterial.uasset" 827
"../../../Engine/Plugins/FX/Niagara/Content/DefaultAssets/DefaultSpriteMaterial.uexp" 828
"../../../Engine/Plugins/FX/Niagara/Content/Enums/ENiagaraChannelCorrelation.uasset" 829
"../../../Engine/Plugins/FX/Niagara/Content/Enums/ENiagaraChannelCorrelation.uexp" 830
"../../../Engine/Plugins/FX/Niagara/Content/Enums/ENiagaraEmitterLifeCycleMode.uasset" 831
"../../../Engine/Plugins/FX/Niagara/Content/Enums/ENiagaraEmitterLifeCycleMode.uexp" 832
"../../../Engine/Plugins/FX/Niagara/Content/Enums/ENiagaraEmitterScalabilityMode_Limited.uasset" 833
"../../../Engine/Plugins/FX/Niagara/Content/Enums/ENiagaraEmitterScalabilityMode_Limited.uexp" 834
"../../../Engine/Plugins/FX/Niagara/Content/Enums/ENiagaraInactiveMode.uasset" 835
"../../../Engine/Plugins/FX/Niagara/Content/Enums/ENiagaraInactiveMode.uexp" 836
"../../../Engine/Plugins/FX/Niagara/Content/Enums/ENiagaraRandomnessMode.uasset" 837
"../../../Engine/Plugins/FX/Niagara/Content/Enums/ENiagaraRandomnessMode.uexp" 838
"../../../Engine/Plugins/FX/Niagara/Content/Enums/ENiagaraSystemInactiveMode.uasset" 839
"../../../Engine/Plugins/FX/Niagara/Content/Enums/ENiagaraSystemInactiveMode.uexp" 840
"../../../Engine/Plugins/FX/Niagara/Content/Enums/ENiagara_ColorInitializationMode.uasset" 841
"../../../Engine/Plugins/FX/Niagara/Content/Enums/ENiagara_ColorInitializationMode.uexp" 842
"../../../Engine/Plugins/FX/Niagara/Content/Enums/ENiagara_EmitterStateOptions.uasset" 843
"../../../Engine/Plugins/FX/Niagara/Content/Enums/ENiagara_EmitterStateOptions.uexp" 844
"../../../Engine/Plugins/FX/Niagara/Content/Enums/ENiagara_InfiniteLoopDuration.uasset" 845
"../../../Engine/Plugins/FX/Niagara/Content/Enums/ENiagara_InfiniteLoopDuration.uexp" 846
"../../../Engine/Plugins/FX/Niagara/Content/Enums/ENiagara_LifetimeMode.uasset" 847
"../../../Engine/Plugins/FX/Niagara/Content/Enums/ENiagara_LifetimeMode.uexp" 848
"../../../Engine/Plugins/FX/Niagara/Content/Enums/ENiagara_MassInitializationMode.uasset" 849
"../../../Engine/Plugins/FX/Niagara/Content/Enums/ENiagara_MassInitializationMode.uexp" 850
"../../../Engine/Plugins/FX/Niagara/Content/Enums/ENiagara_PositionInitializationMode.uasset" 851
"../../../Engine/Plugins/FX/Niagara/Content/Enums/ENiagara_PositionInitializationMode.uexp" 852
"../../../Engine/Plugins/FX/Niagara/Content/Enums/ENiagara_SizeScaleMode.uasset" 853
"../../../Engine/Plugins/FX/Niagara/Content/Enums/ENiagara_SizeScaleMode.uexp" 854
"../../../Engine/Plugins/FX/Niagara/Content/Enums/ENiagara_SpriteRotationMode.uasset" 855
"../../../Engine/Plugins/FX/Niagara/Content/Enums/ENiagara_SpriteRotationMode.uexp" 856
"../../../Engine/Plugins/FX/Niagara/Content/Enums/ENiagara_UVFlippingMode.uasset" 857
"../../../Engine/Plugins/FX/Niagara/Content/Enums/ENiagara_UVFlippingMode.uexp" 858
"../../../Engine/Plugins/FX/Niagara/Content/Enums/Ribbons/ENiagara_UnsetDirectSet.uasset" 859
"../../../Engine/Plugins/FX/Niagara/Content/Enums/Ribbons/ENiagara_UnsetDirectSet.uexp" 860
"../../../Engine/Plugins/FX/Niagara/Content/Enums/Ribbons/ENiagara_UnsetDirectSetRandom.uasset" 861
"../../../Engine/Plugins/FX/Niagara/Content/Enums/Ribbons/ENiagara_UnsetDirectSetRandom.uexp" 862
"../../../Engine/Plugins/FX/Niagara/Content/Icons/Modules/T_Icon_Scalability_Emitter.uasset" 863
"../../../Engine/Plugins/FX/Niagara/Content/Icons/Modules/T_Icon_Scalability_Emitter.uexp" 864
"../../../Engine/Plugins/FX/Niagara/Content/Icons/Modules/T_Icon_Scalability_System.uasset" 865
"../../../Engine/Plugins/FX/Niagara/Content/Icons/Modules/T_Icon_Scalability_System.uexp" 866
"../../../Engine/Plugins/FX/Niagara/Content/Icons/Modules/T_Icon_Solver_LimitAccel.uasset" 867
"../../../Engine/Plugins/FX/Niagara/Content/Icons/Modules/T_Icon_Solver_LimitAccel.uexp" 868
"../../../Engine/Plugins/FX/Niagara/Content/Icons/Modules/T_Icon_Solver_LimitSpeed.uasset" 869
"../../../Engine/Plugins/FX/Niagara/Content/Icons/Modules/T_Icon_Solver_LimitSpeed.uexp" 870
"../../../Engine/Plugins/FX/Niagara/Content/Icons/Modules/T_Icon_Solver_RotationalSolve.uasset" 871
"../../../Engine/Plugins/FX/Niagara/Content/Icons/Modules/T_Icon_Solver_RotationalSolve.uexp" 872
"../../../Engine/Plugins/FX/Niagara/Content/Icons/Modules/T_Icon_Particle_InfiniteLife.uasset" 873
"../../../Engine/Plugins/FX/Niagara/Content/Icons/Modules/T_Icon_Particle_InfiniteLife.uexp" 874
"../../../Engine/Plugins/FX/Niagara/Content/Enums/ENiagaraRandomnessEvaluation.uasset" 875
"../../../Engine/Plugins/FX/Niagara/Content/Enums/ENiagaraRandomnessEvaluation.uexp" 876
"../../../Engine/Plugins/VirtualProduction/VirtualScouting/Content/Art/VFX/DefaultRibbonMaterial_NoGradient.uasset" 877
"../../../Engine/Plugins/VirtualProduction/VirtualScouting/Content/Art/VFX/DefaultRibbonMaterial_NoGradient.uexp" 878
"../../../Engine/Plugins/VirtualProduction/VirtualScouting/Content/Art/VFX/M_LaserHit.uasset" 879
"../../../Engine/Plugins/VirtualProduction/VirtualScouting/Content/Art/VFX/M_LaserHit.uexp" 880
"../../../Engine/Plugins/VirtualProduction/VirtualScouting/Content/Art/VFX/MI_LaserHit.uasset" 881
"../../../Engine/Plugins/VirtualProduction/VirtualScouting/Content/Art/VFX/MI_LaserHit.uexp" 882
"../../../Engine/Plugins/VirtualProduction/VirtualScouting/Content/Art/VFX/SM_LaserPointerHit.ubulk" 883
"../../../Engine/Plugins/VirtualProduction/VirtualScouting/Content/Art/VFX/SM_LaserPointerHit.uasset" 884
"../../../Engine/Plugins/VirtualProduction/VirtualScouting/Content/Art/VFX/SM_LaserPointerHit.uexp" 885
"../../../Engine/Plugins/VirtualProduction/VirtualScouting/Content/Art/VFX/NS_AimLaser.uasset" 886
"../../../Engine/Plugins/VirtualProduction/VirtualScouting/Content/Art/VFX/NS_AimLaser.uexp" 887
"../../../Engine/Plugins/VirtualProduction/VirtualScouting/Content/Art/VFX/NS_MenuLaser.uasset" 888
"../../../Engine/Plugins/VirtualProduction/VirtualScouting/Content/Art/VFX/NS_MenuLaser.uexp" 889
"../../../Engine/Plugins/VirtualProduction/VirtualScouting/Content/Core/Gizmo/BPI_Gizmo.uasset" 890
"../../../Engine/Plugins/VirtualProduction/VirtualScouting/Content/Core/Gizmo/BPI_Gizmo.uexp" 891
"../../../Engine/Plugins/VirtualProduction/VirtualScouting/Content/Core/Haptics/HFC_Bump.uasset" 892
"../../../Engine/Plugins/VirtualProduction/VirtualScouting/Content/Core/Haptics/HFC_Bump.uexp" 893
"../../../Engine/Plugins/VirtualProduction/VirtualScouting/Content/Art/Common/M_DashedLineRibbonMaterial_NoGradient.uasset" 894
"../../../Engine/Plugins/VirtualProduction/VirtualScouting/Content/Art/Common/M_DashedLineRibbonMaterial_NoGradient.uexp" 895
"../../../Engine/Plugins/VirtualProduction/VirtualScouting/Content/Art/Common/MI_DashedLineRibbonMaterial_NoGradient.uasset" 896
"../../../Engine/Plugins/VirtualProduction/VirtualScouting/Content/Art/Common/MI_DashedLineRibbonMaterial_NoGradient.uexp" 897
"../../../Engine/Plugins/VirtualProduction/VirtualScouting/Content/Art/Common/M_DashedLineRibbonMaterial_NoGradient_DepthTest.uasset" 898
"../../../Engine/Plugins/VirtualProduction/VirtualScouting/Content/Art/Common/M_DashedLineRibbonMaterial_NoGradient_DepthTest.uexp" 899
"../../../Engine/Plugins/VirtualProduction/VirtualScouting/Content/Art/Common/MI_DashedLineRibbonMaterial_NoGradient_DepthTest.uasset" 900
"../../../Engine/Plugins/VirtualProduction/VirtualScouting/Content/Art/Common/MI_DashedLineRibbonMaterial_NoGradient_DepthTest.uexp" 901
"../../../Engine/Plugins/VirtualProduction/VirtualScouting/Content/Core/Gizmo/M_VScoutGizmo.uasset" 902
"../../../Engine/Plugins/VirtualProduction/VirtualScouting/Content/Core/Gizmo/M_VScoutGizmo.uexp" 903
"../../../Engine/Plugins/VirtualProduction/VirtualScouting/Content/Core/Gizmo/MI_VScoutGizmo_AxisX.uasset" 904
"../../../Engine/Plugins/VirtualProduction/VirtualScouting/Content/Core/Gizmo/MI_VScoutGizmo_AxisX.uexp" 905
"../../../Engine/Plugins/VirtualProduction/VirtualScouting/Content/Core/Gizmo/MI_VScoutGizmo_AxisY.uasset" 906
"../../../Engine/Plugins/VirtualProduction/VirtualScouting/Content/Core/Gizmo/MI_VScoutGizmo_AxisY.uexp" 907
"../../../Engine/Plugins/VirtualProduction/VirtualScouting/Content/Core/Gizmo/MI_VScoutGizmo_AxisZ.uasset" 908
"../../../Engine/Plugins/VirtualProduction/VirtualScouting/Content/Core/Gizmo/MI_VScoutGizmo_AxisZ.uexp" 909
"../../../Engine/Plugins/VirtualProduction/VirtualScouting/Content/Core/Gizmo/M_VScoutGizmo_DepthTest.uasset" 910
"../../../Engine/Plugins/VirtualProduction/VirtualScouting/Content/Core/Gizmo/M_VScoutGizmo_DepthTest.uexp" 911
"../../../Engine/Plugins/VirtualProduction/VirtualScouting/Content/Core/Gizmo/MI_VScoutGizmo_DepthTest.uasset" 912
"../../../Engine/Plugins/VirtualProduction/VirtualScouting/Content/Core/Gizmo/MI_VScoutGizmo_DepthTest.uexp" 913
"../../../Engine/Plugins/VirtualProduction/VirtualScouting/Content/Core/Gizmo/NS_GizmoAxisVisualization.uasset" 914
"../../../Engine/Plugins/VirtualProduction/VirtualScouting/Content/Core/Gizmo/NS_GizmoAxisVisualization.uexp" 915
"../../../Engine/Plugins/VirtualProduction/VirtualScouting/Content/Core/Gizmo/Meshes/SM_MultiAxisQuarter.ubulk" 916
"../../../Engine/Plugins/VirtualProduction/VirtualScouting/Content/Core/Gizmo/Meshes/SM_MultiAxisQuarter.uasset" 917
"../../../Engine/Plugins/VirtualProduction/VirtualScouting/Content/Core/Gizmo/Meshes/SM_MultiAxisQuarter.uexp" 918
"../../../Engine/Plugins/VirtualProduction/VirtualScouting/Content/Core/Gizmo/Meshes/SM_RotationQuarterRound.ubulk" 919
"../../../Engine/Plugins/VirtualProduction/VirtualScouting/Content/Core/Gizmo/Meshes/SM_RotationQuarterRound.uasset" 920
"../../../Engine/Plugins/VirtualProduction/VirtualScouting/Content/Core/Gizmo/Meshes/SM_RotationQuarterRound.uexp" 921
"../../../Engine/Plugins/VirtualProduction/VirtualScouting/Content/Core/Gizmo/Meshes/SM_TranslateArrow.ubulk" 922
"../../../Engine/Plugins/VirtualProduction/VirtualScouting/Content/Core/Gizmo/Meshes/SM_TranslateArrow.uasset" 923
"../../../Engine/Plugins/VirtualProduction/VirtualScouting/Content/Core/Gizmo/Meshes/SM_TranslateArrow.uexp" 924
"../../../Engine/Plugins/VirtualProduction/VirtualScouting/Content/Core/Gizmo/Meshes/UniformScaleHandle.ubulk" 925
"../../../Engine/Plugins/VirtualProduction/VirtualScouting/Content/Core/Gizmo/Meshes/UniformScaleHandle.uasset" 926
"../../../Engine/Plugins/VirtualProduction/VirtualScouting/Content/Core/Gizmo/Meshes/UniformScaleHandle.uexp" 927
"../../../Engine/Plugins/VirtualProduction/VirtualScouting/Content/Core/Gizmo/VScout_CombinedTransformGizmoActor.uasset" 928
"../../../Engine/Plugins/VirtualProduction/VirtualScouting/Content/Core/Gizmo/VScout_CombinedTransformGizmoActor.uexp" 929
"../../../Engine/Plugins/VirtualProduction/VirtualScouting/Content/Core/Movement/Scale/Curve_DragScaleModifier.uasset" 930
"../../../Engine/Plugins/VirtualProduction/VirtualScouting/Content/Core/Movement/Scale/Curve_DragScaleModifier.uexp" 931
"../../../Engine/Plugins/VirtualProduction/VirtualScouting/Content/Core/Movement/Teleporter/M_TeleportLocation.uasset" 932
"../../../Engine/Plugins/VirtualProduction/VirtualScouting/Content/Core/Movement/Teleporter/M_TeleportLocation.uexp" 933
"../../../Engine/Plugins/VirtualProduction/VirtualScouting/Content/Core/Movement/Teleporter/MI_TeleportLocation.uasset" 934
"../../../Engine/Plugins/VirtualProduction/VirtualScouting/Content/Core/Movement/Teleporter/MI_TeleportLocation.uexp" 935
"../../../Engine/Plugins/VirtualProduction/VirtualScouting/Content/Core/Movement/Teleporter/SM_Controller.ubulk" 936
"../../../Engine/Plugins/VirtualProduction/VirtualScouting/Content/Core/Movement/Teleporter/SM_Controller.uasset" 937
"../../../Engine/Plugins/VirtualProduction/VirtualScouting/Content/Core/Movement/Teleporter/SM_Controller.uexp" 938
"../../../Engine/Plugins/VirtualProduction/VirtualScouting/Content/Core/Movement/Teleporter/SM_GenericHMD.ubulk" 939
"../../../Engine/Plugins/VirtualProduction/VirtualScouting/Content/Core/Movement/Teleporter/SM_GenericHMD.uasset" 940
"../../../Engine/Plugins/VirtualProduction/VirtualScouting/Content/Core/Movement/Teleporter/SM_GenericHMD.uexp" 941
"../../../Engine/Plugins/VirtualProduction/VirtualScouting/Content/Core/Movement/Teleporter/SM_TeleportDirectionMesh.ubulk" 942
"../../../Engine/Plugins/VirtualProduction/VirtualScouting/Content/Core/Movement/Teleporter/SM_TeleportDirectionMesh.uasset" 943
"../../../Engine/Plugins/VirtualProduction/VirtualScouting/Content/Core/Movement/Teleporter/SM_TeleportDirectionMesh.uexp" 944
"../../../Engine/Plugins/VirtualProduction/VirtualScouting/Content/Core/Movement/Teleporter/BP_XRC_Teleporter.uasset" 945
"../../../Engine/Plugins/VirtualProduction/VirtualScouting/Content/Core/Movement/Teleporter/BP_XRC_Teleporter.uexp" 946
"../../../Engine/Plugins/VirtualProduction/VirtualScouting/Content/Core/Movement/Teleporter/Curve_TeleoportLandingRotation.uasset" 947
"../../../Engine/Plugins/VirtualProduction/VirtualScouting/Content/Core/Movement/Teleporter/Curve_TeleoportLandingRotation.uexp" 948
"../../../Engine/Plugins/VirtualProduction/VirtualScouting/Content/Core/Movement/BP_XRC_MovementComponent.uasset" 949
"../../../Engine/Plugins/VirtualProduction/VirtualScouting/Content/Core/Movement/BP_XRC_MovementComponent.uexp" 950
"../../../Engine/Plugins/VirtualProduction/VirtualScouting/Content/Core/Movement/BPI_XRC_Movement.uasset" 951
"../../../Engine/Plugins/VirtualProduction/VirtualScouting/Content/Core/Movement/BPI_XRC_Movement.uexp" 952
"../../../Engine/Plugins/VirtualProduction/VirtualScouting/Content/Core/MVVM/VScout_ViewModel.uasset" 953
"../../../Engine/Plugins/VirtualProduction/VirtualScouting/Content/Core/MVVM/VScout_ViewModel.uexp" 954
"../../../Engine/Plugins/VirtualProduction/VirtualScouting/Content/Art/Common/Ribbon_NoGradientNoDepth.uasset" 955
"../../../Engine/Plugins/VirtualProduction/VirtualScouting/Content/Art/Common/Ribbon_NoGradientNoDepth.uexp" 956
"../../../Engine/Plugins/VirtualProduction/VirtualScouting/Content/Art/Common/Ribbon_NoGradientNoDepth_DepthTest.uasset" 957
"../../../Engine/Plugins/VirtualProduction/VirtualScouting/Content/Art/Common/Ribbon_NoGradientNoDepth_DepthTest.uexp" 958
"../../../Engine/Plugins/VirtualProduction/VirtualScouting/Content/Tools/LineHelper/NS_LineVisualizer.uasset" 959
"../../../Engine/Plugins/VirtualProduction/VirtualScouting/Content/Tools/LineHelper/NS_LineVisualizer.uexp" 960
"../../../Engine/Plugins/VirtualProduction/VirtualScouting/Content/Tools/LineHelper/BP_LineHelper.uasset" 961
"../../../Engine/Plugins/VirtualProduction/VirtualScouting/Content/Tools/LineHelper/BP_LineHelper.uexp" 962
"../../../Engine/Content/EngineMaterials/DefaultMaterial.uasset" 963
"../../../Engine/Content/EngineMaterials/DefaultMaterial.uexp" 964
"../../../Engine/Content/BasicShapes/Cylinder.ubulk" 965
"../../../Engine/Content/BasicShapes/Cylinder.uasset" 966
"../../../Engine/Content/BasicShapes/Cylinder.uexp" 967
"../../../Engine/Plugins/VirtualProduction/VirtualScouting/Content/Art/VFX/DefaultRibbonMateral_NoDepth.uasset" 968
"../../../Engine/Plugins/VirtualProduction/VirtualScouting/Content/Art/VFX/DefaultRibbonMateral_NoDepth.uexp" 969
"../../../Engine/Plugins/VirtualProduction/VirtualScouting/Content/UI/Font/Runtime/Inter-Black.uexp" 970
"../../../Engine/Plugins/VirtualProduction/VirtualScouting/Content/UI/Font/Runtime/Inter-Black.uasset" 971
"../../../Engine/Plugins/VirtualProduction/VirtualScouting/Content/UI/Font/Runtime/Inter-Black.ufont" 972
"../../../Engine/Plugins/VirtualProduction/VirtualScouting/Content/UI/Font/Runtime/Inter-Bold.uexp" 973
"../../../Engine/Plugins/VirtualProduction/VirtualScouting/Content/UI/Font/Runtime/Inter-Bold.uasset" 974
"../../../Engine/Plugins/VirtualProduction/VirtualScouting/Content/UI/Font/Runtime/Inter-Bold.ufont" 975
"../../../Engine/Plugins/VirtualProduction/VirtualScouting/Content/UI/Font/Runtime/Inter-BoldItalic.uexp" 976
"../../../Engine/Plugins/VirtualProduction/VirtualScouting/Content/UI/Font/Runtime/Inter-BoldItalic.uasset" 977
"../../../Engine/Plugins/VirtualProduction/VirtualScouting/Content/UI/Font/Runtime/Inter-BoldItalic.ufont" 978
"../../../Engine/Plugins/VirtualProduction/VirtualScouting/Content/UI/Font/Runtime/Inter-ExtraBold.uexp" 979
"../../../Engine/Plugins/VirtualProduction/VirtualScouting/Content/UI/Font/Runtime/Inter-ExtraBold.uasset" 980
"../../../Engine/Plugins/VirtualProduction/VirtualScouting/Content/UI/Font/Runtime/Inter-ExtraBold.ufont" 981
"../../../Engine/Plugins/VirtualProduction/VirtualScouting/Content/UI/Font/Runtime/Inter-ExtraBoldItalic.uexp" 982
"../../../Engine/Plugins/VirtualProduction/VirtualScouting/Content/UI/Font/Runtime/Inter-ExtraBoldItalic.uasset" 983
"../../../Engine/Plugins/VirtualProduction/VirtualScouting/Content/UI/Font/Runtime/Inter-ExtraBoldItalic.ufont" 984
"../../../Engine/Plugins/VirtualProduction/VirtualScouting/Content/UI/Font/Runtime/Inter-ExtraLight.uexp" 985
"../../../Engine/Plugins/VirtualProduction/VirtualScouting/Content/UI/Font/Runtime/Inter-ExtraLight.uasset" 986
"../../../Engine/Plugins/VirtualProduction/VirtualScouting/Content/UI/Font/Runtime/Inter-ExtraLight.ufont" 987
"../../../Engine/Plugins/VirtualProduction/VirtualScouting/Content/UI/Font/Runtime/Inter-ExtraLightItalic.uexp" 988
"../../../Engine/Plugins/VirtualProduction/VirtualScouting/Content/UI/Font/Runtime/Inter-ExtraLightItalic.uasset" 989
"../../../Engine/Plugins/VirtualProduction/VirtualScouting/Content/UI/Font/Runtime/Inter-ExtraLightItalic.ufont" 990
"../../../Engine/Plugins/VirtualProduction/VirtualScouting/Content/UI/Font/Runtime/Inter-Italic.uexp" 991
"../../../Engine/Plugins/VirtualProduction/VirtualScouting/Content/UI/Font/Runtime/Inter-Italic.uasset" 992
"../../../Engine/Plugins/VirtualProduction/VirtualScouting/Content/UI/Font/Runtime/Inter-Italic.ufont" 993
"../../../Engine/Plugins/VirtualProduction/VirtualScouting/Content/UI/Font/Runtime/Inter-Light.uexp" 994
"../../../Engine/Plugins/VirtualProduction/VirtualScouting/Content/UI/Font/Runtime/Inter-Light.uasset" 995
"../../../Engine/Plugins/VirtualProduction/VirtualScouting/Content/UI/Font/Runtime/Inter-Light.ufont" 996
"../../../Engine/Plugins/VirtualProduction/VirtualScouting/Content/UI/Font/Runtime/Inter-LightItalic.uexp" 997
"../../../Engine/Plugins/VirtualProduction/VirtualScouting/Content/UI/Font/Runtime/Inter-LightItalic.uasset" 998
"../../../Engine/Plugins/VirtualProduction/VirtualScouting/Content/UI/Font/Runtime/Inter-LightItalic.ufont" 999
"../../../Engine/Plugins/VirtualProduction/VirtualScouting/Content/UI/Font/Runtime/Inter-Medium.uexp" 1000
"../../../Engine/Plugins/VirtualProduction/VirtualScouting/Content/UI/Font/Runtime/Inter-Medium.uasset" 1001
"../../../Engine/Plugins/VirtualProduction/VirtualScouting/Content/UI/Font/Runtime/Inter-Medium.ufont" 1002
"../../../Engine/Plugins/VirtualProduction/VirtualScouting/Content/UI/Font/Runtime/Inter-MediumItalic.uexp" 1003
"../../../Engine/Plugins/VirtualProduction/VirtualScouting/Content/UI/Font/Runtime/Inter-MediumItalic.uasset" 1004
"../../../Engine/Plugins/VirtualProduction/VirtualScouting/Content/UI/Font/Runtime/Inter-MediumItalic.ufont" 1005
"../../../Engine/Plugins/VirtualProduction/VirtualScouting/Content/UI/Font/Runtime/Inter-Regular.uexp" 1006
"../../../Engine/Plugins/VirtualProduction/VirtualScouting/Content/UI/Font/Runtime/Inter-Regular.uasset" 1007
"../../../Engine/Plugins/VirtualProduction/VirtualScouting/Content/UI/Font/Runtime/Inter-Regular.ufont" 1008
"../../../Engine/Plugins/VirtualProduction/VirtualScouting/Content/UI/Font/Runtime/Inter-SemiBold.uexp" 1009
"../../../Engine/Plugins/VirtualProduction/VirtualScouting/Content/UI/Font/Runtime/Inter-SemiBold.uasset" 1010
"../../../Engine/Plugins/VirtualProduction/VirtualScouting/Content/UI/Font/Runtime/Inter-SemiBold.ufont" 1011
"../../../Engine/Plugins/VirtualProduction/VirtualScouting/Content/UI/Font/Runtime/Inter-SemiBoldItalic.uexp" 1012
"../../../Engine/Plugins/VirtualProduction/VirtualScouting/Content/UI/Font/Runtime/Inter-SemiBoldItalic.uasset" 1013
"../../../Engine/Plugins/VirtualProduction/VirtualScouting/Content/UI/Font/Runtime/Inter-SemiBoldItalic.ufont" 1014
"../../../Engine/Plugins/VirtualProduction/VirtualScouting/Content/UI/Font/Runtime/Inter-Thin.uexp" 1015
"../../../Engine/Plugins/VirtualProduction/VirtualScouting/Content/UI/Font/Runtime/Inter-Thin.uasset" 1016
"../../../Engine/Plugins/VirtualProduction/VirtualScouting/Content/UI/Font/Runtime/Inter-Thin.ufont" 1017
"../../../Engine/Plugins/VirtualProduction/VirtualScouting/Content/UI/Font/Runtime/Inter-ThinItalic.uexp" 1018
"../../../Engine/Plugins/VirtualProduction/VirtualScouting/Content/UI/Font/Runtime/Inter-ThinItalic.uasset" 1019
"../../../Engine/Plugins/VirtualProduction/VirtualScouting/Content/UI/Font/Runtime/Inter-ThinItalic.ufont" 1020
"../../../Engine/Plugins/VirtualProduction/VirtualScouting/Content/UI/Font/Inter_Font.uasset" 1021
"../../../Engine/Plugins/VirtualProduction/VirtualScouting/Content/UI/Font/Inter_Font.uexp" 1022
"../../../Engine/Plugins/VirtualProduction/VirtualScouting/Content/UI/Font/BodyText_Bold.uasset" 1023
"../../../Engine/Plugins/VirtualProduction/VirtualScouting/Content/UI/Font/BodyText_Bold.uexp" 1024
"../../../Engine/Plugins/VirtualProduction/VirtualScouting/Content/UI/SubWidgets/WBP_ToolTipBase.uasset" 1025
"../../../Engine/Plugins/VirtualProduction/VirtualScouting/Content/UI/SubWidgets/WBP_ToolTipBase.uexp" 1026
"../../../Engine/Plugins/VirtualProduction/VirtualScouting/Content/Tools/ToolTip/BP_Tooltip.uasset" 1027
"../../../Engine/Plugins/VirtualProduction/VirtualScouting/Content/Tools/ToolTip/BP_Tooltip.uexp" 1028
"../../../Engine/Plugins/VirtualProduction/VirtualScouting/Content/Tools/ToolTip/OculusDisc.uasset" 1029
"../../../Engine/Plugins/VirtualProduction/VirtualScouting/Content/Tools/ToolTip/OculusDisc.uexp" 1030
"../../../Engine/Plugins/VirtualProduction/VirtualScouting/Content/Tools/ToolTip/OculusMap.uasset" 1031
"../../../Engine/Plugins/VirtualProduction/VirtualScouting/Content/Tools/ToolTip/OculusMap.uexp" 1032
"../../../Engine/Plugins/VirtualProduction/VirtualScouting/Content/Tools/ToolTip/ValveDisc.uasset" 1033
"../../../Engine/Plugins/VirtualProduction/VirtualScouting/Content/Tools/ToolTip/ValveDisc.uexp" 1034
"../../../Engine/Plugins/VirtualProduction/VirtualScouting/Content/Tools/ToolTip/ValveMap.uasset" 1035
"../../../Engine/Plugins/VirtualProduction/VirtualScouting/Content/Tools/ToolTip/ValveMap.uexp" 1036
"../../../Engine/Plugins/VirtualProduction/VirtualScouting/Content/Tools/ToolTip/BP_ToolTipActor.uasset" 1037
"../../../Engine/Plugins/VirtualProduction/VirtualScouting/Content/Tools/ToolTip/BP_ToolTipActor.uexp" 1038
"../../../Engine/Plugins/VirtualProduction/VirtualScouting/Content/Core/Movement/Scale/WBP_ScaleText.uasset" 1039
"../../../Engine/Plugins/VirtualProduction/VirtualScouting/Content/Core/Movement/Scale/WBP_ScaleText.uexp" 1040
"../../../Engine/Plugins/VirtualProduction/VirtualScouting/Content/Core/Movement/Scale/BP_ScaleTextWidget.uasset" 1041
"../../../Engine/Plugins/VirtualProduction/VirtualScouting/Content/Core/Movement/Scale/BP_ScaleTextWidget.uexp" 1042
"../../../Engine/Plugins/VirtualProduction/VirtualScouting/Content/Art/VFX/DefaultRibbonMaterial_NoGradient_NoDepth.uasset" 1043
"../../../Engine/Plugins/VirtualProduction/VirtualScouting/Content/Art/VFX/DefaultRibbonMaterial_NoGradient_NoDepth.uexp" 1044
"../../../Engine/Plugins/VirtualProduction/VirtualScouting/Content/Core/Movement/Scale/NS_ScaleBar.uasset" 1045
"../../../Engine/Plugins/VirtualProduction/VirtualScouting/Content/Core/Movement/Scale/NS_ScaleBar.uexp" 1046
"../../../Engine/Plugins/VirtualProduction/VirtualScouting/Content/Core/BP_VScoutAvatar.uasset" 1047
"../../../Engine/Plugins/VirtualProduction/VirtualScouting/Content/Core/BP_VScoutAvatar.uexp" 1048
"../../../Engine/Plugins/VirtualProduction/VirtualScouting/Content/Input/IMC_LeftHandedVScout.uasset" 1049
"../../../Engine/Plugins/VirtualProduction/VirtualScouting/Content/Input/IMC_LeftHandedVScout.uexp" 1050
"../../../Engine/Plugins/VirtualProduction/VirtualScouting/Content/Tools/Bookmark/BookmarkTool_Viewmodel.uasset" 1051
"../../../Engine/Plugins/VirtualProduction/VirtualScouting/Content/Tools/Bookmark/BookmarkTool_Viewmodel.uexp" 1052
"../../../Engine/Content/EngineResources/AICON-Red.uasset" 1053
"../../../Engine/Content/EngineResources/AICON-Red.uexp" 1054
"../../../Engine/Plugins/VirtualProduction/VirtualScouting/Content/Audio/SA_Hover.ubulk" 1055
"../../../Engine/Plugins/VirtualProduction/VirtualScouting/Content/Audio/SA_Hover.uasset" 1056
"../../../Engine/Plugins/VirtualProduction/VirtualScouting/Content/Audio/SA_Hover.uexp" 1057
"../../../Engine/Plugins/VirtualProduction/VirtualScouting/Content/Audio/SA_bleep.ubulk" 1058
"../../../Engine/Plugins/VirtualProduction/VirtualScouting/Content/Audio/SA_bleep.uasset" 1059
"../../../Engine/Plugins/VirtualProduction/VirtualScouting/Content/Audio/SA_bleep.uexp" 1060
"../../../Engine/Plugins/VirtualProduction/VirtualScouting/Content/Audio/SC_bleep.uasset" 1061
"../../../Engine/Plugins/VirtualProduction/VirtualScouting/Content/Audio/SC_bleep.uexp" 1062
"../../../Engine/Plugins/VirtualProduction/VirtualScouting/Content/Audio/6_buttonPush_1_.ubulk" 1063
"../../../Engine/Plugins/VirtualProduction/VirtualScouting/Content/Audio/6_buttonPush_1_.uasset" 1064
"../../../Engine/Plugins/VirtualProduction/VirtualScouting/Content/Audio/6_buttonPush_1_.uexp" 1065
"../../../Engine/Plugins/VirtualProduction/VirtualScouting/Content/Audio/SA_buttonPush.ubulk" 1066
"../../../Engine/Plugins/VirtualProduction/VirtualScouting/Content/Audio/SA_buttonPush.uasset" 1067
"../../../Engine/Plugins/VirtualProduction/VirtualScouting/Content/Audio/SA_buttonPush.uexp" 1068
"../../../Engine/Plugins/VirtualProduction/VirtualScouting/Content/Audio/SC_buttonPush.uasset" 1069
"../../../Engine/Plugins/VirtualProduction/VirtualScouting/Content/Audio/SC_buttonPush.uexp" 1070
"../../../Engine/Plugins/VirtualProduction/VirtualScouting/Content/UI/Font/BodyText.uasset" 1071
"../../../Engine/Plugins/VirtualProduction/VirtualScouting/Content/UI/Font/BodyText.uexp" 1072
"../../../Engine/Plugins/VirtualProduction/VirtualScouting/Content/UI/SubWidgets/BP_VScoutButtonStyle.uasset" 1073
"../../../Engine/Plugins/VirtualProduction/VirtualScouting/Content/UI/SubWidgets/BP_VScoutButtonStyle.uexp" 1074
"../../../Engine/Plugins/VirtualProduction/VirtualScouting/Content/UI/Icons/IconPlus.ubulk" 1075
"../../../Engine/Plugins/VirtualProduction/VirtualScouting/Content/UI/Icons/IconPlus.uasset" 1076
"../../../Engine/Plugins/VirtualProduction/VirtualScouting/Content/UI/Icons/IconPlus.uexp" 1077
"../../../Engine/Plugins/VirtualProduction/VirtualScouting/Content/UI/SubWidgets/WBP_VScoutButton_Horizontal.uasset" 1078
"../../../Engine/Plugins/VirtualProduction/VirtualScouting/Content/UI/SubWidgets/WBP_VScoutButton_Horizontal.uexp" 1079
"../../../Engine/Plugins/VirtualProduction/VirtualScouting/Content/Tools/Bookmark/BookMarkTool_ViewmodelResolver.uasset" 1080
"../../../Engine/Plugins/VirtualProduction/VirtualScouting/Content/Tools/Bookmark/BookMarkTool_ViewmodelResolver.uexp" 1081
"../../../Engine/Plugins/VirtualProduction/VirtualScouting/Content/UI/SubWidgets/BP_VScoutAssetData.uasset" 1082
"../../../Engine/Plugins/VirtualProduction/VirtualScouting/Content/UI/SubWidgets/BP_VScoutAssetData.uexp" 1083
"../../../Engine/Plugins/VirtualProduction/VirtualScouting/Content/UI/SubWidgets/WBP_VScoutButton.uasset" 1084
"../../../Engine/Plugins/VirtualProduction/VirtualScouting/Content/UI/SubWidgets/WBP_VScoutButton.uexp" 1085
"../../../Engine/Plugins/VirtualProduction/VirtualScouting/Content/Tools/Bookmark/BP_ScoutBookmarkComponent.uasset" 1086
"../../../Engine/Plugins/VirtualProduction/VirtualScouting/Content/Tools/Bookmark/BP_ScoutBookmarkComponent.uexp" 1087
"../../../Engine/Plugins/VirtualProduction/VirtualScouting/Content/UI/Icons/IconLocation.ubulk" 1088
"../../../Engine/Plugins/VirtualProduction/VirtualScouting/Content/UI/Icons/IconLocation.uasset" 1089
"../../../Engine/Plugins/VirtualProduction/VirtualScouting/Content/UI/Icons/IconLocation.uexp" 1090
"../../../Engine/Plugins/VirtualProduction/VirtualScouting/Content/UI/Icons/IconTrash.uasset" 1091
"../../../Engine/Plugins/VirtualProduction/VirtualScouting/Content/UI/Icons/IconTrash.uexp" 1092
"../../../Engine/Plugins/VirtualProduction/VirtualScouting/Content/Tools/Bookmark/WBP_BookmarkEntryRow.uasset" 1093
"../../../Engine/Plugins/VirtualProduction/VirtualScouting/Content/Tools/Bookmark/WBP_BookmarkEntryRow.uexp" 1094
"../../../Engine/Plugins/VirtualProduction/VirtualScouting/Content/UI/Icons/IconUser.ubulk" 1095
"../../../Engine/Plugins/VirtualProduction/VirtualScouting/Content/UI/Icons/IconUser.uasset" 1096
"../../../Engine/Plugins/VirtualProduction/VirtualScouting/Content/UI/Icons/IconUser.uexp" 1097
"../../../Engine/Plugins/VirtualProduction/VirtualScouting/Content/Tools/Bookmark/WBP_UserEntryRow.uasset" 1098
"../../../Engine/Plugins/VirtualProduction/VirtualScouting/Content/Tools/Bookmark/WBP_UserEntryRow.uexp" 1099
"../../../Engine/Plugins/VirtualProduction/VirtualScouting/Content/Tools/Bookmark/WBP_BookmarkPalette.uasset" 1100
"../../../Engine/Plugins/VirtualProduction/VirtualScouting/Content/Tools/Bookmark/WBP_BookmarkPalette.uexp" 1101
"../../../Engine/Plugins/VirtualProduction/VirtualScouting/Content/Input/IA_BlockAction.uasset" 1102
"../../../Engine/Plugins/VirtualProduction/VirtualScouting/Content/Input/IA_BlockAction.uexp" 1103
"../../../Engine/Plugins/VirtualProduction/VirtualScouting/Content/Tools/Bookmark/Input/IA_CreateBookmark.uasset" 1104
"../../../Engine/Plugins/VirtualProduction/VirtualScouting/Content/Tools/Bookmark/Input/IA_CreateBookmark.uexp" 1105
"../../../Engine/Plugins/VirtualProduction/VirtualScouting/Content/Tools/Bookmark/Input/IMC_BookmarkTool.uasset" 1106
"../../../Engine/Plugins/VirtualProduction/VirtualScouting/Content/Tools/Bookmark/Input/IMC_BookmarkTool.uexp" 1107
"../../../Engine/Plugins/VirtualProduction/VirtualScouting/Content/Tools/Bookmark/Input/IMC_BookmarkToolLeft.uasset" 1108
"../../../Engine/Plugins/VirtualProduction/VirtualScouting/Content/Tools/Bookmark/Input/IMC_BookmarkToolLeft.uexp" 1109
"../../../Engine/Plugins/VirtualProduction/VirtualScouting/Content/Tools/Bookmark/BP_BookmarkTool.uasset" 1110
"../../../Engine/Plugins/VirtualProduction/VirtualScouting/Content/Tools/Bookmark/BP_BookmarkTool.uexp" 1111
"../../../Engine/Plugins/VirtualProduction/VirtualScouting/Content/Tools/Draw/E_DrawToolMode.uasset" 1112
"../../../Engine/Plugins/VirtualProduction/VirtualScouting/Content/Tools/Draw/E_DrawToolMode.uexp" 1113
"../../../Engine/Plugins/VirtualProduction/VirtualScouting/Content/Tools/Draw/DrawTool_ViewModel.uasset" 1114
"../../../Engine/Plugins/VirtualProduction/VirtualScouting/Content/Tools/Draw/DrawTool_ViewModel.uexp" 1115
"../../../Engine/Plugins/VirtualProduction/VirtualScouting/Content/UI/Icons/Paint.ubulk" 1116
"../../../Engine/Plugins/VirtualProduction/VirtualScouting/Content/UI/Icons/Paint.uasset" 1117
"../../../Engine/Plugins/VirtualProduction/VirtualScouting/Content/UI/Icons/Paint.uexp" 1118
"../../../Engine/Plugins/VirtualProduction/VirtualScouting/Content/Tools/Draw/DrawTool_ViewModel_Resolver.uasset" 1119
"../../../Engine/Plugins/VirtualProduction/VirtualScouting/Content/Tools/Draw/DrawTool_ViewModel_Resolver.uexp" 1120
"../../../Engine/Plugins/VirtualProduction/VirtualScouting/Content/UI/Materials/Curve_Color.uasset" 1121
"../../../Engine/Plugins/VirtualProduction/VirtualScouting/Content/UI/Materials/Curve_Color.uexp" 1122
"../../../Engine/Plugins/VirtualProduction/VirtualScouting/Content/UI/Materials/Curve_Saturation.uasset" 1123
"../../../Engine/Plugins/VirtualProduction/VirtualScouting/Content/UI/Materials/Curve_Saturation.uexp" 1124
"../../../Engine/Plugins/VirtualProduction/VirtualScouting/Content/UI/Materials/Curve_Value.uasset" 1125
"../../../Engine/Plugins/VirtualProduction/VirtualScouting/Content/UI/Materials/Curve_Value.uexp" 1126
"../../../Engine/Plugins/VirtualProduction/VirtualScouting/Content/UI/Icons/SliderHandleHovered.uasset" 1127
"../../../Engine/Plugins/VirtualProduction/VirtualScouting/Content/UI/Icons/SliderHandleHovered.uexp" 1128
"../../../Engine/Plugins/VirtualProduction/VirtualScouting/Content/UI/Icons/SliderHandleNormal.uasset" 1129
"../../../Engine/Plugins/VirtualProduction/VirtualScouting/Content/UI/Icons/SliderHandleNormal.uexp" 1130
"../../../Engine/Plugins/VirtualProduction/VirtualScouting/Content/UI/SubWidgets/WBP_PropertySlider.uasset" 1131
"../../../Engine/Plugins/VirtualProduction/VirtualScouting/Content/UI/SubWidgets/WBP_PropertySlider.uexp" 1132
"../../../Engine/Content/Functions/Engine_MaterialFunctions02/Utility/BreakOutFloat4Components.uasset" 1133
"../../../Engine/Content/Functions/Engine_MaterialFunctions02/Utility/BreakOutFloat4Components.uexp" 1134
"../../../Engine/Content/Functions/UserInterface/GetUserInterfaceUV.uasset" 1135
"../../../Engine/Content/Functions/UserInterface/GetUserInterfaceUV.uexp" 1136
"../../../Engine/Plugins/VirtualProduction/VirtualScouting/Content/UI/Materials/Curve_ColorTemperature.uasset" 1137
"../../../Engine/Plugins/VirtualProduction/VirtualScouting/Content/UI/Materials/Curve_ColorTemperature.uexp" 1138
"../../../Engine/Plugins/VirtualProduction/VirtualScouting/Content/UI/Materials/CA_Color.uasset" 1139
"../../../Engine/Plugins/VirtualProduction/VirtualScouting/Content/UI/Materials/CA_Color.uexp" 1140
"../../../Engine/Plugins/VirtualProduction/VirtualScouting/Content/UI/Materials/MaterialFunctions/Utilities/MF_UI_AspectRatio.uasset" 1141
"../../../Engine/Plugins/VirtualProduction/VirtualScouting/Content/UI/Materials/MaterialFunctions/Utilities/MF_UI_AspectRatio.uexp" 1142
"../../../Engine/Plugins/VirtualProduction/VirtualScouting/Content/UI/Materials/MaterialFunctions/Utilities/MF_UI_WeightedCorners.uasset" 1143
"../../../Engine/Plugins/VirtualProduction/VirtualScouting/Content/UI/Materials/MaterialFunctions/Utilities/MF_UI_WeightedCorners.uexp" 1144
"../../../Engine/Plugins/VirtualProduction/VirtualScouting/Content/UI/Materials/MaterialFunctions/SDFs/MF_UI_SDF_Box.uasset" 1145
"../../../Engine/Plugins/VirtualProduction/VirtualScouting/Content/UI/Materials/MaterialFunctions/SDFs/MF_UI_SDF_Box.uexp" 1146
"../../../Engine/Plugins/VirtualProduction/VirtualScouting/Content/UI/Materials/M_ColorSelection.uasset" 1147
"../../../Engine/Plugins/VirtualProduction/VirtualScouting/Content/UI/Materials/M_ColorSelection.uexp" 1148
"../../../Engine/Plugins/VirtualProduction/VirtualScouting/Content/UI/Materials/M_HueSlider.uasset" 1149
"../../../Engine/Plugins/VirtualProduction/VirtualScouting/Content/UI/Materials/M_HueSlider.uexp" 1150
"../../../Engine/Plugins/VirtualProduction/VirtualScouting/Content/UI/Materials/M_SaturationSlider.uasset" 1151
"../../../Engine/Plugins/VirtualProduction/VirtualScouting/Content/UI/Materials/M_SaturationSlider.uexp" 1152
"../../../Engine/Plugins/VirtualProduction/VirtualScouting/Content/UI/Materials/M_ValueSlider.uasset" 1153
"../../../Engine/Plugins/VirtualProduction/VirtualScouting/Content/UI/Materials/M_ValueSlider.uexp" 1154
"../../../Engine/Plugins/VirtualProduction/VirtualScouting/Content/UI/SubWidgets/WBP_SliderColorChooser.uasset" 1155
"../../../Engine/Plugins/VirtualProduction/VirtualScouting/Content/UI/SubWidgets/WBP_SliderColorChooser.uexp" 1156
"../../../Engine/Plugins/VirtualProduction/VirtualScouting/Content/Tools/Draw/WBP_DrawToolOptions.uasset" 1157
"../../../Engine/Plugins/VirtualProduction/VirtualScouting/Content/Tools/Draw/WBP_DrawToolOptions.uexp" 1158
"../../../Engine/Plugins/VirtualProduction/VirtualScouting/Content/Tools/Draw/Input/IA_Draw.uasset" 1159
"../../../Engine/Plugins/VirtualProduction/VirtualScouting/Content/Tools/Draw/Input/IA_Draw.uexp" 1160
"../../../Engine/Plugins/VirtualProduction/VirtualScouting/Content/Tools/Draw/Input/IMC_DrawTool.uasset" 1161
"../../../Engine/Plugins/VirtualProduction/VirtualScouting/Content/Tools/Draw/Input/IMC_DrawTool.uexp" 1162
"../../../Engine/Plugins/VirtualProduction/VirtualScouting/Content/Tools/Draw/Input/IMC_DrawTool_Left.uasset" 1163
"../../../Engine/Plugins/VirtualProduction/VirtualScouting/Content/Tools/Draw/Input/IMC_DrawTool_Left.uexp" 1164
"../../../Engine/Plugins/VirtualProduction/VirtualScouting/Content/Tools/Draw/BP_DrawTool.uasset" 1165
"../../../Engine/Plugins/VirtualProduction/VirtualScouting/Content/Tools/Draw/BP_DrawTool.uexp" 1166
"../../../Engine/Plugins/VirtualProduction/VirtualScouting/Content/Tools/Grab/GrabToolViewModel.uasset" 1167
"../../../Engine/Plugins/VirtualProduction/VirtualScouting/Content/Tools/Grab/GrabToolViewModel.uexp" 1168
"../../../Engine/Plugins/VirtualProduction/VirtualScouting/Content/Tools/Grab/EGizmoModes.uasset" 1169
"../../../Engine/Plugins/VirtualProduction/VirtualScouting/Content/Tools/Grab/EGizmoModes.uexp" 1170
"../../../Engine/Plugins/VirtualProduction/VirtualScouting/Content/Tools/Grab/IA_GrabSwapCoordinate.uasset" 1171
"../../../Engine/Plugins/VirtualProduction/VirtualScouting/Content/Tools/Grab/IA_GrabSwapCoordinate.uexp" 1172
"../../../Engine/Plugins/VirtualProduction/VirtualScouting/Content/Tools/Grab/IA_GrabSwapGizmoMode.uasset" 1173
"../../../Engine/Plugins/VirtualProduction/VirtualScouting/Content/Tools/Grab/IA_GrabSwapGizmoMode.uexp" 1174
"../../../Engine/Plugins/VirtualProduction/VirtualScouting/Content/Tools/Grab/BP_GrabToolActor.uasset" 1175
"../../../Engine/Plugins/VirtualProduction/VirtualScouting/Content/Tools/Grab/BP_GrabToolActor.uexp" 1176
"../../../Engine/Plugins/VirtualProduction/VirtualScouting/Content/Tools/Grab/IMC_GrabTool.uasset" 1177
"../../../Engine/Plugins/VirtualProduction/VirtualScouting/Content/Tools/Grab/IMC_GrabTool.uexp" 1178
"../../../Engine/Plugins/VirtualProduction/VirtualScouting/Content/Tools/Grab/IMC_GrabToolLeft.uasset" 1179
"../../../Engine/Plugins/VirtualProduction/VirtualScouting/Content/Tools/Grab/IMC_GrabToolLeft.uexp" 1180
"../../../Engine/Plugins/VirtualProduction/VirtualScouting/Content/UI/Icons/IconMovement.ubulk" 1181
"../../../Engine/Plugins/VirtualProduction/VirtualScouting/Content/UI/Icons/IconMovement.uasset" 1182
"../../../Engine/Plugins/VirtualProduction/VirtualScouting/Content/UI/Icons/IconMovement.uexp" 1183
"../../../Engine/Plugins/VirtualProduction/VirtualScouting/Content/UI/Icons/Undo.ubulk" 1184
"../../../Engine/Plugins/VirtualProduction/VirtualScouting/Content/UI/Icons/Undo.uasset" 1185
"../../../Engine/Plugins/VirtualProduction/VirtualScouting/Content/UI/Icons/Undo.uexp" 1186
"../../../Engine/Plugins/VirtualProduction/VirtualScouting/Content/Tools/Grab/GrabToolViewmodel_Resolver.uasset" 1187
"../../../Engine/Plugins/VirtualProduction/VirtualScouting/Content/Tools/Grab/GrabToolViewmodel_Resolver.uexp" 1188
"../../../Engine/Plugins/VirtualProduction/VirtualScouting/Content/UI/Icons/IconAxis.uasset" 1189
"../../../Engine/Plugins/VirtualProduction/VirtualScouting/Content/UI/Icons/IconAxis.uexp" 1190
"../../../Engine/Plugins/VirtualProduction/VirtualScouting/Content/UI/Icons/IconRotate.uasset" 1191
"../../../Engine/Plugins/VirtualProduction/VirtualScouting/Content/UI/Icons/IconRotate.uexp" 1192
"../../../Engine/Plugins/VirtualProduction/VirtualScouting/Content/UI/Icons/IconScale.uasset" 1193
"../../../Engine/Plugins/VirtualProduction/VirtualScouting/Content/UI/Icons/IconScale.uexp" 1194
"../../../Engine/Plugins/VirtualProduction/VirtualScouting/Content/UI/Icons/IconTransform.uasset" 1195
"../../../Engine/Plugins/VirtualProduction/VirtualScouting/Content/UI/Icons/IconTransform.uexp" 1196
"../../../Engine/Plugins/VirtualProduction/VirtualScouting/Content/UI/Icons/IconWorld.uasset" 1197
"../../../Engine/Plugins/VirtualProduction/VirtualScouting/Content/UI/Icons/IconWorld.uexp" 1198
"../../../Engine/Plugins/VirtualProduction/VirtualScouting/Content/Tools/Grab/WBP_GrabOptions.uasset" 1199
"../../../Engine/Plugins/VirtualProduction/VirtualScouting/Content/Tools/Grab/WBP_GrabOptions.uexp" 1200
"../../../Engine/Plugins/VirtualProduction/VirtualScouting/Content/Tools/Grab/BP_GrabTool.uasset" 1201
"../../../Engine/Plugins/VirtualProduction/VirtualScouting/Content/Tools/Grab/BP_GrabTool.uexp" 1202
"../../../Engine/Plugins/VirtualProduction/VirtualScouting/Content/Tools/Measure/IA_CreateMeasurement.uasset" 1203
"../../../Engine/Plugins/VirtualProduction/VirtualScouting/Content/Tools/Measure/IA_CreateMeasurement.uexp" 1204
"../../../Engine/Plugins/VirtualProduction/VirtualScouting/Content/Tools/Measure/IMC_MeasureTool.uasset" 1205
"../../../Engine/Plugins/VirtualProduction/VirtualScouting/Content/Tools/Measure/IMC_MeasureTool.uexp" 1206
"../../../Engine/Plugins/VirtualProduction/VirtualScouting/Content/Tools/Measure/IMC_MeasureToolLeft.uasset" 1207
"../../../Engine/Plugins/VirtualProduction/VirtualScouting/Content/Tools/Measure/IMC_MeasureToolLeft.uexp" 1208
"../../../Engine/Content/BasicShapes/Sphere.ubulk" 1209
"../../../Engine/Content/BasicShapes/Sphere.uasset" 1210
"../../../Engine/Content/BasicShapes/Sphere.uexp" 1211
"../../../Engine/Content/BasicShapes/BasicShapeMaterial.uasset" 1212
"../../../Engine/Content/BasicShapes/BasicShapeMaterial.uexp" 1213
"../../../Engine/Plugins/VirtualProduction/VirtualScouting/Content/Core/BPFL_VirtualScouting.uasset" 1214
"../../../Engine/Plugins/VirtualProduction/VirtualScouting/Content/Core/BPFL_VirtualScouting.uexp" 1215
"../../../Engine/Plugins/VirtualProduction/VirtualScouting/Content/Art/Common/MI_BasicEmissive.uasset" 1216
"../../../Engine/Plugins/VirtualProduction/VirtualScouting/Content/Art/Common/MI_BasicEmissive.uexp" 1217
"../../../Engine/Content/Functions/Engine_MaterialFunctions02/WorldPositionOffset/Sprite.uasset" 1218
"../../../Engine/Content/Functions/Engine_MaterialFunctions02/WorldPositionOffset/Sprite.uexp" 1219
"../../../Engine/Plugins/VirtualProduction/VirtualScouting/Content/Art/Common/M_Widget3D_CameraFacing.uasset" 1220
"../../../Engine/Plugins/VirtualProduction/VirtualScouting/Content/Art/Common/M_Widget3D_CameraFacing.uexp" 1221
"../../../Engine/Plugins/VirtualProduction/VirtualScouting/Content/Art/Common/MI_Widget3D_CameraFacing_Offset.uasset" 1222
"../../../Engine/Plugins/VirtualProduction/VirtualScouting/Content/Art/Common/MI_Widget3D_CameraFacing_Offset.uexp" 1223
"../../../Engine/Plugins/VirtualProduction/VirtualScouting/Content/Art/Common/DefaultRibbonMaterial_NoGradient.uasset" 1224
"../../../Engine/Plugins/VirtualProduction/VirtualScouting/Content/Art/Common/DefaultRibbonMaterial_NoGradient.uexp" 1225
"../../../Engine/Plugins/VirtualProduction/VirtualScouting/Content/Tools/Measure/NS_LineMeasure.uasset" 1226
"../../../Engine/Plugins/VirtualProduction/VirtualScouting/Content/Tools/Measure/NS_LineMeasure.uexp" 1227
"../../../Engine/Plugins/VirtualProduction/VirtualScouting/Content/UI/Font/MeaureText.uasset" 1228
"../../../Engine/Plugins/VirtualProduction/VirtualScouting/Content/UI/Font/MeaureText.uexp" 1229
"../../../Engine/Plugins/VirtualProduction/VirtualScouting/Content/Tools/Measure/WBP_MeasureLabel.uasset" 1230
"../../../Engine/Plugins/VirtualProduction/VirtualScouting/Content/Tools/Measure/WBP_MeasureLabel.uexp" 1231
"../../../Engine/Plugins/VirtualProduction/VirtualScouting/Content/Tools/Measure/BP_Measurement.uasset" 1232
"../../../Engine/Plugins/VirtualProduction/VirtualScouting/Content/Tools/Measure/BP_Measurement.uexp" 1233
"../../../Engine/Plugins/VirtualProduction/VirtualScouting/Content/Tools/Measure/EMeasureCreationType.uasset" 1234
"../../../Engine/Plugins/VirtualProduction/VirtualScouting/Content/Tools/Measure/EMeasureCreationType.uexp" 1235
"../../../Engine/Plugins/VirtualProduction/VirtualScouting/Content/Tools/Measure/EMeasureType.uasset" 1236
"../../../Engine/Plugins/VirtualProduction/VirtualScouting/Content/Tools/Measure/EMeasureType.uexp" 1237
"../../../Engine/Plugins/VirtualProduction/VirtualScouting/Content/Tools/Measure/MeasureTool_ViewModel.uasset" 1238
"../../../Engine/Plugins/VirtualProduction/VirtualScouting/Content/Tools/Measure/MeasureTool_ViewModel.uexp" 1239
"../../../Engine/Plugins/VirtualProduction/VirtualScouting/Content/Tools/Measure/MeasureTool_ViewModel_Resolver.uasset" 1240
"../../../Engine/Plugins/VirtualProduction/VirtualScouting/Content/Tools/Measure/MeasureTool_ViewModel_Resolver.uexp" 1241
"../../../Engine/Plugins/VirtualProduction/VirtualScouting/Content/UI/Icons/EyeHidden.ubulk" 1242
"../../../Engine/Plugins/VirtualProduction/VirtualScouting/Content/UI/Icons/EyeHidden.uasset" 1243
"../../../Engine/Plugins/VirtualProduction/VirtualScouting/Content/UI/Icons/EyeHidden.uexp" 1244
"../../../Engine/Plugins/VirtualProduction/VirtualScouting/Content/UI/Icons/EyeVisible.uasset" 1245
"../../../Engine/Plugins/VirtualProduction/VirtualScouting/Content/UI/Icons/EyeVisible.uexp" 1246
"../../../Engine/Plugins/VirtualProduction/VirtualScouting/Content/Tools/Measure/WBP_MeasurementEntryRow.uasset" 1247
"../../../Engine/Plugins/VirtualProduction/VirtualScouting/Content/Tools/Measure/WBP_MeasurementEntryRow.uexp" 1248
"../../../Engine/Plugins/VirtualProduction/VirtualScouting/Content/Tools/Measure/WBP_MeasurementList.uasset" 1249
"../../../Engine/Plugins/VirtualProduction/VirtualScouting/Content/Tools/Measure/WBP_MeasurementList.uexp" 1250
"../../../Engine/Plugins/VirtualProduction/VirtualScouting/Content/UI/Font/SubHeaderText.uasset" 1251
"../../../Engine/Plugins/VirtualProduction/VirtualScouting/Content/UI/Font/SubHeaderText.uexp" 1252
"../../../Engine/Plugins/VirtualProduction/VirtualScouting/Content/Tools/Measure/WBP_MeasureToolOptions.uasset" 1253
"../../../Engine/Plugins/VirtualProduction/VirtualScouting/Content/Tools/Measure/WBP_MeasureToolOptions.uexp" 1254
"../../../Engine/Plugins/VirtualProduction/VirtualScouting/Content/Tools/Measure/BP_MeasureTool.uasset" 1255
"../../../Engine/Plugins/VirtualProduction/VirtualScouting/Content/Tools/Measure/BP_MeasureTool.uexp" 1256
"../../../Engine/Plugins/VirtualProduction/VirtualScouting/Content/Tools/Navigate/BP_NavigationToolActor.uasset" 1257
"../../../Engine/Plugins/VirtualProduction/VirtualScouting/Content/Tools/Navigate/BP_NavigationToolActor.uexp" 1258
"../../../Engine/Plugins/VirtualProduction/VirtualScouting/Content/Core/MVVM/VScout_ViewModelResolver.uasset" 1259
"../../../Engine/Plugins/VirtualProduction/VirtualScouting/Content/Core/MVVM/VScout_ViewModelResolver.uexp" 1260
"../../../Engine/Plugins/VirtualProduction/VirtualScouting/Content/UI/Icons/CheckBox.uasset" 1261
"../../../Engine/Plugins/VirtualProduction/VirtualScouting/Content/UI/Icons/CheckBox.uexp" 1262
"../../../Engine/Plugins/VirtualProduction/VirtualScouting/Content/UI/Icons/CheckBoxHovered.uasset" 1263
"../../../Engine/Plugins/VirtualProduction/VirtualScouting/Content/UI/Icons/CheckBoxHovered.uexp" 1264
"../../../Engine/Plugins/VirtualProduction/VirtualScouting/Content/UI/Icons/CheckBoxPressed.uasset" 1265
"../../../Engine/Plugins/VirtualProduction/VirtualScouting/Content/UI/Icons/CheckBoxPressed.uexp" 1266
"../../../Engine/Plugins/VirtualProduction/VirtualScouting/Content/UI/Icons/EmptyCheckBox.uasset" 1267
"../../../Engine/Plugins/VirtualProduction/VirtualScouting/Content/UI/Icons/EmptyCheckBox.uexp" 1268
"../../../Engine/Plugins/VirtualProduction/VirtualScouting/Content/UI/Icons/EmptyCheckBoxHovered.uasset" 1269
"../../../Engine/Plugins/VirtualProduction/VirtualScouting/Content/UI/Icons/EmptyCheckBoxHovered.uexp" 1270
"../../../Engine/Plugins/VirtualProduction/VirtualScouting/Content/UI/Icons/EmptyCheckBoxPressed.uasset" 1271
"../../../Engine/Plugins/VirtualProduction/VirtualScouting/Content/UI/Icons/EmptyCheckBoxPressed.uexp" 1272
"../../../Engine/Plugins/VirtualProduction/VirtualScouting/Content/UI/SubWidgets/WBP_Checkbox.uasset" 1273
"../../../Engine/Plugins/VirtualProduction/VirtualScouting/Content/UI/SubWidgets/WBP_Checkbox.uexp" 1274
"../../../Engine/Plugins/VirtualProduction/VirtualScouting/Content/UI/Font/HeaderText.uasset" 1275
"../../../Engine/Plugins/VirtualProduction/VirtualScouting/Content/UI/Font/HeaderText.uexp" 1276
"../../../Engine/Plugins/VirtualProduction/VirtualScouting/Content/Tools/Navigate/WBP_NavigatePalette.uasset" 1277
"../../../Engine/Plugins/VirtualProduction/VirtualScouting/Content/Tools/Navigate/WBP_NavigatePalette.uexp" 1278
"../../../Engine/Plugins/VirtualProduction/VirtualScouting/Content/Tools/Navigate/BP_NavigationTool.uasset" 1279
"../../../Engine/Plugins/VirtualProduction/VirtualScouting/Content/Tools/Navigate/BP_NavigationTool.uexp" 1280
"../../../Engine/Plugins/VirtualProduction/VirtualScouting/Content/Tools/Sequencer/BPI_SequencerControls.uasset" 1281
"../../../Engine/Plugins/VirtualProduction/VirtualScouting/Content/Tools/Sequencer/BPI_SequencerControls.uexp" 1282
"../../../Engine/Plugins/VirtualProduction/VirtualScouting/Content/Tools/Sequencer/BP_SequenceControl.uasset" 1283
"../../../Engine/Plugins/VirtualProduction/VirtualScouting/Content/Tools/Sequencer/BP_SequenceControl.uexp" 1284
"../../../Engine/Plugins/VirtualProduction/VirtualScouting/Content/Tools/Sequencer/ESequenceUIType.uasset" 1285
"../../../Engine/Plugins/VirtualProduction/VirtualScouting/Content/Tools/Sequencer/ESequenceUIType.uexp" 1286
"../../../Engine/Plugins/VirtualProduction/VirtualScouting/Content/Tools/Sequencer/SequenceToolViewmodel.uasset" 1287
"../../../Engine/Plugins/VirtualProduction/VirtualScouting/Content/Tools/Sequencer/SequenceToolViewmodel.uexp" 1288
"../../../Engine/Plugins/VirtualProduction/VirtualScouting/Content/Tools/Sequencer/Input/IA_GestureScrubSequence.uasset" 1289
"../../../Engine/Plugins/VirtualProduction/VirtualScouting/Content/Tools/Sequencer/Input/IA_GestureScrubSequence.uexp" 1290
"../../../Engine/Plugins/VirtualProduction/VirtualScouting/Content/Tools/Sequencer/Input/IA_StartStopSequence.uasset" 1291
"../../../Engine/Plugins/VirtualProduction/VirtualScouting/Content/Tools/Sequencer/Input/IA_StartStopSequence.uexp" 1292
"../../../Engine/Plugins/VirtualProduction/VirtualScouting/Content/Tools/Sequencer/Input/IA_StickScrubSequence.uasset" 1293
"../../../Engine/Plugins/VirtualProduction/VirtualScouting/Content/Tools/Sequencer/Input/IA_StickScrubSequence.uexp" 1294
"../../../Engine/Plugins/VirtualProduction/VirtualScouting/Content/Tools/Sequencer/Input/IA_ToggleSequenceConsole.uasset" 1295
"../../../Engine/Plugins/VirtualProduction/VirtualScouting/Content/Tools/Sequencer/Input/IA_ToggleSequenceConsole.uexp" 1296
"../../../Engine/Plugins/VirtualProduction/VirtualScouting/Content/UI/Font/TitleHeaderText.uasset" 1297
"../../../Engine/Plugins/VirtualProduction/VirtualScouting/Content/UI/Font/TitleHeaderText.uexp" 1298
"../../../Engine/Plugins/VirtualProduction/VirtualScouting/Content/Tools/Sequencer/SequenceToolViewmodel_Resolver.uasset" 1299
"../../../Engine/Plugins/VirtualProduction/VirtualScouting/Content/Tools/Sequencer/SequenceToolViewmodel_Resolver.uexp" 1300
"../../../Engine/Plugins/VirtualProduction/VirtualScouting/Content/UI/Font/SubHeaderText_Mono.uasset" 1301
"../../../Engine/Plugins/VirtualProduction/VirtualScouting/Content/UI/Font/SubHeaderText_Mono.uexp" 1302
"../../../Engine/Plugins/VirtualProduction/VirtualScouting/Content/UI/Icons/EndFrame.ubulk" 1303
"../../../Engine/Plugins/VirtualProduction/VirtualScouting/Content/UI/Icons/EndFrame.uasset" 1304
"../../../Engine/Plugins/VirtualProduction/VirtualScouting/Content/UI/Icons/EndFrame.uexp" 1305
"../../../Engine/Plugins/VirtualProduction/VirtualScouting/Content/UI/Icons/LoopEndFrame.ubulk" 1306
"../../../Engine/Plugins/VirtualProduction/VirtualScouting/Content/UI/Icons/LoopEndFrame.uasset" 1307
"../../../Engine/Plugins/VirtualProduction/VirtualScouting/Content/UI/Icons/LoopEndFrame.uexp" 1308
"../../../Engine/Plugins/VirtualProduction/VirtualScouting/Content/UI/Icons/LoopSelection.ubulk" 1309
"../../../Engine/Plugins/VirtualProduction/VirtualScouting/Content/UI/Icons/LoopSelection.uasset" 1310
"../../../Engine/Plugins/VirtualProduction/VirtualScouting/Content/UI/Icons/LoopSelection.uexp" 1311
"../../../Engine/Plugins/VirtualProduction/VirtualScouting/Content/UI/Icons/LoopSequence.ubulk" 1312
"../../../Engine/Plugins/VirtualProduction/VirtualScouting/Content/UI/Icons/LoopSequence.uasset" 1313
"../../../Engine/Plugins/VirtualProduction/VirtualScouting/Content/UI/Icons/LoopSequence.uexp" 1314
"../../../Engine/Plugins/VirtualProduction/VirtualScouting/Content/UI/Icons/LoopStartFrame.ubulk" 1315
"../../../Engine/Plugins/VirtualProduction/VirtualScouting/Content/UI/Icons/LoopStartFrame.uasset" 1316
"../../../Engine/Plugins/VirtualProduction/VirtualScouting/Content/UI/Icons/LoopStartFrame.uexp" 1317
"../../../Engine/Plugins/VirtualProduction/VirtualScouting/Content/UI/Icons/PlayControlsPlayForward.uasset" 1318
"../../../Engine/Plugins/VirtualProduction/VirtualScouting/Content/UI/Icons/PlayControlsPlayForward.uexp" 1319
"../../../Engine/Plugins/VirtualProduction/VirtualScouting/Content/UI/Icons/PlayControlsStop.uasset" 1320
"../../../Engine/Plugins/VirtualProduction/VirtualScouting/Content/UI/Icons/PlayControlsStop.uexp" 1321
"../../../Engine/Plugins/VirtualProduction/VirtualScouting/Content/UI/Icons/Sequence.ubulk" 1322
"../../../Engine/Plugins/VirtualProduction/VirtualScouting/Content/UI/Icons/Sequence.uasset" 1323
"../../../Engine/Plugins/VirtualProduction/VirtualScouting/Content/UI/Icons/Sequence.uexp" 1324
"../../../Engine/Plugins/VirtualProduction/VirtualScouting/Content/UI/Icons/StartFrame.ubulk" 1325
"../../../Engine/Plugins/VirtualProduction/VirtualScouting/Content/UI/Icons/StartFrame.uasset" 1326
"../../../Engine/Plugins/VirtualProduction/VirtualScouting/Content/UI/Icons/StartFrame.uexp" 1327
"../../../Engine/Plugins/VirtualProduction/VirtualScouting/Content/UI/Icons/PlayHead.uasset" 1328
"../../../Engine/Plugins/VirtualProduction/VirtualScouting/Content/UI/Icons/PlayHead.uexp" 1329
"../../../Engine/Plugins/VirtualProduction/VirtualScouting/Content/Tools/Sequencer/UI/WBP_SequenceTimeline.uasset" 1330
"../../../Engine/Plugins/VirtualProduction/VirtualScouting/Content/Tools/Sequencer/UI/WBP_SequenceTimeline.uexp" 1331
"../../../Engine/Plugins/VirtualProduction/VirtualScouting/Content/Tools/Sequencer/UI/WBP_SequenceConsole.uasset" 1332
"../../../Engine/Plugins/VirtualProduction/VirtualScouting/Content/Tools/Sequencer/UI/WBP_SequenceConsole.uexp" 1333
"../../../Engine/Plugins/VirtualProduction/VirtualScouting/Content/UI/Font/BodyText_Bold_Mono.uasset" 1334
"../../../Engine/Plugins/VirtualProduction/VirtualScouting/Content/UI/Font/BodyText_Bold_Mono.uexp" 1335
"../../../Engine/Plugins/VirtualProduction/VirtualScouting/Content/UI/Font/BodyText_Mono.uasset" 1336
"../../../Engine/Plugins/VirtualProduction/VirtualScouting/Content/UI/Font/BodyText_Mono.uexp" 1337
"../../../Engine/Plugins/VirtualProduction/VirtualScouting/Content/Tools/Sequencer/UI/WBP_SequenceHandHeld.uasset" 1338
"../../../Engine/Plugins/VirtualProduction/VirtualScouting/Content/Tools/Sequencer/UI/WBP_SequenceHandHeld.uexp" 1339
"../../../Engine/Plugins/VirtualProduction/VirtualScouting/Content/Tools/Sequencer/BP_SequenceToolActor.uasset" 1340
"../../../Engine/Plugins/VirtualProduction/VirtualScouting/Content/Tools/Sequencer/BP_SequenceToolActor.uexp" 1341
"../../../Engine/Plugins/VirtualProduction/VirtualScouting/Content/Tools/Sequencer/Input/IA_BlockFlying_Sequencer.uasset" 1342
"../../../Engine/Plugins/VirtualProduction/VirtualScouting/Content/Tools/Sequencer/Input/IA_BlockFlying_Sequencer.uexp" 1343
"../../../Engine/Plugins/VirtualProduction/VirtualScouting/Content/Tools/Sequencer/Input/IMC_SequencerTool.uasset" 1344
"../../../Engine/Plugins/VirtualProduction/VirtualScouting/Content/Tools/Sequencer/Input/IMC_SequencerTool.uexp" 1345
"../../../Engine/Plugins/VirtualProduction/VirtualScouting/Content/Tools/Sequencer/Input/IMC_SequencerToolLeft.uasset" 1346
"../../../Engine/Plugins/VirtualProduction/VirtualScouting/Content/Tools/Sequencer/Input/IMC_SequencerToolLeft.uexp" 1347
"../../../Engine/Content/EngineResources/DefaultTexture.ubulk" 1348
"../../../Engine/Content/EngineResources/DefaultTexture.uasset" 1349
"../../../Engine/Content/EngineResources/DefaultTexture.uexp" 1350
"../../../Engine/Content/Functions/Engine_MaterialFunctions01/ImageAdjustment/Contrast_Preserve_Color.uasset" 1351
"../../../Engine/Content/Functions/Engine_MaterialFunctions01/ImageAdjustment/Contrast_Preserve_Color.uexp" 1352
"../../../Engine/Plugins/VirtualProduction/VirtualScouting/Content/UI/Materials/M_RoundedButton.uasset" 1353
"../../../Engine/Plugins/VirtualProduction/VirtualScouting/Content/UI/Materials/M_RoundedButton.uexp" 1354
"../../../Engine/Plugins/VirtualProduction/VirtualScouting/Content/UI/Materials/MI_RoundedButton.uasset" 1355
"../../../Engine/Plugins/VirtualProduction/VirtualScouting/Content/UI/Materials/MI_RoundedButton.uexp" 1356
"../../../Engine/Plugins/VirtualProduction/VirtualScouting/Content/Tools/Sequencer/UI/WBP_SequenceEntryRow.uasset" 1357
"../../../Engine/Plugins/VirtualProduction/VirtualScouting/Content/Tools/Sequencer/UI/WBP_SequenceEntryRow.uexp" 1358
"../../../Engine/Plugins/VirtualProduction/VirtualScouting/Content/Tools/Sequencer/UI/WBP_SequencePalette.uasset" 1359
"../../../Engine/Plugins/VirtualProduction/VirtualScouting/Content/Tools/Sequencer/UI/WBP_SequencePalette.uexp" 1360
"../../../Engine/Plugins/VirtualProduction/VirtualScouting/Content/Tools/Sequencer/BP_SequenceTool.uasset" 1361
"../../../Engine/Plugins/VirtualProduction/VirtualScouting/Content/Tools/Sequencer/BP_SequenceTool.uexp" 1362
"../../../Engine/Plugins/VirtualProduction/VirtualScouting/Content/UI/Font/HeaderText_Italic.uasset" 1363
"../../../Engine/Plugins/VirtualProduction/VirtualScouting/Content/UI/Font/HeaderText_Italic.uexp" 1364
"../../../Engine/Plugins/VirtualProduction/VirtualScouting/Content/Tools/Viewfinder/WBP_CameraLabel.uasset" 1365
"../../../Engine/Plugins/VirtualProduction/VirtualScouting/Content/Tools/Viewfinder/WBP_CameraLabel.uexp" 1366
"../../../Engine/Plugins/VirtualProduction/VirtualScouting/Content/Tools/Viewfinder/Materials/MI_CameraBody.uasset" 1367
"../../../Engine/Plugins/VirtualProduction/VirtualScouting/Content/Tools/Viewfinder/Materials/MI_CameraBody.uexp" 1368
"../../../Engine/Plugins/VirtualProduction/VirtualScouting/Content/Tools/Viewfinder/Materials/MI_CameraRail.uasset" 1369
"../../../Engine/Plugins/VirtualProduction/VirtualScouting/Content/Tools/Viewfinder/Materials/MI_CameraRail.uexp" 1370
"../../../Engine/Plugins/VirtualProduction/VirtualScouting/Content/Tools/Viewfinder/Materials/MI_MattBox.uasset" 1371
"../../../Engine/Plugins/VirtualProduction/VirtualScouting/Content/Tools/Viewfinder/Materials/MI_MattBox.uexp" 1372
"../../../Engine/Plugins/VirtualProduction/VirtualScouting/Content/Tools/Viewfinder/Materials/M_Lenses.uasset" 1373
"../../../Engine/Plugins/VirtualProduction/VirtualScouting/Content/Tools/Viewfinder/Materials/M_Lenses.uexp" 1374
"../../../Engine/Plugins/VirtualProduction/VirtualScouting/Content/Tools/Viewfinder/Meshes/SM_CameraMesh.ubulk" 1375
"../../../Engine/Plugins/VirtualProduction/VirtualScouting/Content/Tools/Viewfinder/Meshes/SM_CameraMesh.uasset" 1376
"../../../Engine/Plugins/VirtualProduction/VirtualScouting/Content/Tools/Viewfinder/Meshes/SM_CameraMesh.uexp" 1377
"../../../Engine/Plugins/VirtualProduction/VirtualScouting/Content/Tools/Viewfinder/BP_ScoutCamera.uasset" 1378
"../../../Engine/Plugins/VirtualProduction/VirtualScouting/Content/Tools/Viewfinder/BP_ScoutCamera.uexp" 1379
"../../../Engine/Plugins/VirtualProduction/VirtualScouting/Content/Tools/Viewfinder/BPI_ViewfinderEditor.uasset" 1380
"../../../Engine/Plugins/VirtualProduction/VirtualScouting/Content/Tools/Viewfinder/BPI_ViewfinderEditor.uexp" 1381
"../../../Engine/Plugins/VirtualProduction/VirtualScouting/Content/Tools/Viewfinder/EViewfinderCameraControlProperty.uasset" 1382
"../../../Engine/Plugins/VirtualProduction/VirtualScouting/Content/Tools/Viewfinder/EViewfinderCameraControlProperty.uexp" 1383
"../../../Engine/Plugins/VirtualProduction/VirtualScouting/Content/Tools/Viewfinder/EViewfinderFocusMethod.uasset" 1384
"../../../Engine/Plugins/VirtualProduction/VirtualScouting/Content/Tools/Viewfinder/EViewfinderFocusMethod.uexp" 1385
"../../../Engine/Plugins/VirtualProduction/VirtualScouting/Content/Tools/Viewfinder/EViewfinderMonitorMode.uasset" 1386
"../../../Engine/Plugins/VirtualProduction/VirtualScouting/Content/Tools/Viewfinder/EViewfinderMonitorMode.uexp" 1387
"../../../Engine/Plugins/VirtualProduction/VirtualScouting/Content/Tools/Viewfinder/ViewfinderTool_Viewmodel.uasset" 1388
"../../../Engine/Plugins/VirtualProduction/VirtualScouting/Content/Tools/Viewfinder/ViewfinderTool_Viewmodel.uexp" 1389
"../../../Engine/Plugins/VirtualProduction/VirtualScouting/Content/Tools/Viewfinder/Viewfinder_Viewmodel_Resolver.uasset" 1390
"../../../Engine/Plugins/VirtualProduction/VirtualScouting/Content/Tools/Viewfinder/Viewfinder_Viewmodel_Resolver.uexp" 1391
"../../../Engine/Plugins/VirtualProduction/VirtualScouting/Content/UI/SubWidgets/WBP_PropertySliderVertical.uasset" 1392
"../../../Engine/Plugins/VirtualProduction/VirtualScouting/Content/UI/SubWidgets/WBP_PropertySliderVertical.uexp" 1393
"../../../Engine/Plugins/VirtualProduction/VirtualScouting/Content/Tools/Viewfinder/WBP_ViewfinderCameraControl.uasset" 1394
"../../../Engine/Plugins/VirtualProduction/VirtualScouting/Content/Tools/Viewfinder/WBP_ViewfinderCameraControl.uexp" 1395
"../../../Engine/Plugins/VirtualProduction/VirtualScouting/Content/Tools/Viewfinder/RT_Temp_Tex.uasset" 1396
"../../../Engine/Plugins/VirtualProduction/VirtualScouting/Content/Tools/Viewfinder/RT_Temp_Tex.uexp" 1397
"../../../Engine/Plugins/VirtualProduction/VirtualScouting/Content/UI/Font/ViewfinderHUDText.uasset" 1398
"../../../Engine/Plugins/VirtualProduction/VirtualScouting/Content/UI/Font/ViewfinderHUDText.uexp" 1399
"../../../Engine/Plugins/VirtualProduction/VirtualScouting/Content/UI/Font/ViewfinderHUDTextLabel.uasset" 1400
"../../../Engine/Plugins/VirtualProduction/VirtualScouting/Content/UI/Font/ViewfinderHUDTextLabel.uexp" 1401
"../../../Engine/Plugins/VirtualProduction/VirtualScouting/Content/UI/Icons/CrossHair.ubulk" 1402
"../../../Engine/Plugins/VirtualProduction/VirtualScouting/Content/UI/Icons/CrossHair.uasset" 1403
"../../../Engine/Plugins/VirtualProduction/VirtualScouting/Content/UI/Icons/CrossHair.uexp" 1404
"../../../Engine/Plugins/VirtualProduction/VirtualScouting/Content/Tools/Viewfinder/Materials/M_MonitorFeed.uasset" 1405
"../../../Engine/Plugins/VirtualProduction/VirtualScouting/Content/Tools/Viewfinder/Materials/M_MonitorFeed.uexp" 1406
"../../../Engine/Plugins/VirtualProduction/VirtualScouting/Content/Tools/Viewfinder/WBP_ViewfinderMonitor.uasset" 1407
"../../../Engine/Plugins/VirtualProduction/VirtualScouting/Content/Tools/Viewfinder/WBP_ViewfinderMonitor.uexp" 1408
"../../../Engine/Plugins/VirtualProduction/VirtualScouting/Content/Tools/Viewfinder/Input/IA_CarryCamera.uasset" 1409
"../../../Engine/Plugins/VirtualProduction/VirtualScouting/Content/Tools/Viewfinder/Input/IA_CarryCamera.uexp" 1410
"../../../Engine/Plugins/VirtualProduction/VirtualScouting/Content/Tools/Viewfinder/Input/IA_CreateCamera.uasset" 1411
"../../../Engine/Plugins/VirtualProduction/VirtualScouting/Content/Tools/Viewfinder/Input/IA_CreateCamera.uexp" 1412
"../../../Engine/Plugins/VirtualProduction/VirtualScouting/Content/Tools/Viewfinder/Input/IA_SummonViewfinderMenu.uasset" 1413
"../../../Engine/Plugins/VirtualProduction/VirtualScouting/Content/Tools/Viewfinder/Input/IA_SummonViewfinderMenu.uexp" 1414
"../../../Engine/Plugins/VirtualProduction/VirtualScouting/Content/Tools/Viewfinder/Input/IA_TakeScreenshot.uasset" 1415
"../../../Engine/Plugins/VirtualProduction/VirtualScouting/Content/Tools/Viewfinder/Input/IA_TakeScreenshot.uexp" 1416
"../../../Engine/Plugins/VirtualProduction/VirtualScouting/Content/Tools/Viewfinder/Input/IA_ToggleMonitor.uasset" 1417
"../../../Engine/Plugins/VirtualProduction/VirtualScouting/Content/Tools/Viewfinder/Input/IA_ToggleMonitor.uexp" 1418
"../../../Engine/Plugins/VirtualProduction/VirtualScouting/Content/Tools/Viewfinder/Materials/MI_ViewfinderBody.uasset" 1419
"../../../Engine/Plugins/VirtualProduction/VirtualScouting/Content/Tools/Viewfinder/Materials/MI_ViewfinderBody.uexp" 1420
"../../../Engine/Plugins/VirtualProduction/VirtualScouting/Content/Tools/Viewfinder/Meshes/SM_Viewfinder.ubulk" 1421
"../../../Engine/Plugins/VirtualProduction/VirtualScouting/Content/Tools/Viewfinder/Meshes/SM_Viewfinder.uasset" 1422
"../../../Engine/Plugins/VirtualProduction/VirtualScouting/Content/Tools/Viewfinder/Meshes/SM_Viewfinder.uexp" 1423
"../../../Engine/Plugins/VirtualProduction/VirtualScouting/Content/Tools/Viewfinder/Input/Menu/IA_ViewfinderMenu_Down.uasset" 1424
"../../../Engine/Plugins/VirtualProduction/VirtualScouting/Content/Tools/Viewfinder/Input/Menu/IA_ViewfinderMenu_Down.uexp" 1425
"../../../Engine/Plugins/VirtualProduction/VirtualScouting/Content/Tools/Viewfinder/Input/Menu/IA_ViewfinderMenu_Left.uasset" 1426
"../../../Engine/Plugins/VirtualProduction/VirtualScouting/Content/Tools/Viewfinder/Input/Menu/IA_ViewfinderMenu_Left.uexp" 1427
"../../../Engine/Plugins/VirtualProduction/VirtualScouting/Content/Tools/Viewfinder/Input/Menu/IA_ViewfinderMenu_Right.uasset" 1428
"../../../Engine/Plugins/VirtualProduction/VirtualScouting/Content/Tools/Viewfinder/Input/Menu/IA_ViewfinderMenu_Right.uexp" 1429
"../../../Engine/Plugins/VirtualProduction/VirtualScouting/Content/Tools/Viewfinder/Input/Menu/IA_ViewfinderMenu_Up.uasset" 1430
"../../../Engine/Plugins/VirtualProduction/VirtualScouting/Content/Tools/Viewfinder/Input/Menu/IA_ViewfinderMenu_Up.uexp" 1431
"../../../Engine/Plugins/VirtualProduction/VirtualScouting/Content/Tools/Viewfinder/Input/Menu/IA_ViewfinderMenu_UpDown.uasset" 1432
"../../../Engine/Plugins/VirtualProduction/VirtualScouting/Content/Tools/Viewfinder/Input/Menu/IA_ViewfinderMenu_UpDown.uexp" 1433
"../../../Engine/Plugins/VirtualProduction/VirtualScouting/Content/Tools/Viewfinder/Input/Menu/IA_ViewfinderMenu_BlockFlying.uasset" 1434
"../../../Engine/Plugins/VirtualProduction/VirtualScouting/Content/Tools/Viewfinder/Input/Menu/IA_ViewfinderMenu_BlockFlying.uexp" 1435
"../../../Engine/Plugins/VirtualProduction/VirtualScouting/Content/Tools/Viewfinder/Input/Menu/IMC_Viewfinder_MenuControls.uasset" 1436
"../../../Engine/Plugins/VirtualProduction/VirtualScouting/Content/Tools/Viewfinder/Input/Menu/IMC_Viewfinder_MenuControls.uexp" 1437
"../../../Engine/Plugins/VirtualProduction/VirtualScouting/Content/Tools/Viewfinder/Input/Menu/IMC_Viewfinder_MenuControlsLeft.uasset" 1438
"../../../Engine/Plugins/VirtualProduction/VirtualScouting/Content/Tools/Viewfinder/Input/Menu/IMC_Viewfinder_MenuControlsLeft.uexp" 1439
"../../../Engine/Plugins/VirtualProduction/VirtualScouting/Content/Tools/Viewfinder/BP_ViewfinderActor.uasset" 1440
"../../../Engine/Plugins/VirtualProduction/VirtualScouting/Content/Tools/Viewfinder/BP_ViewfinderActor.uexp" 1441
"../../../Engine/Plugins/VirtualProduction/VirtualScouting/Content/UI/Icons/IconFlight.uasset" 1442
"../../../Engine/Plugins/VirtualProduction/VirtualScouting/Content/UI/Icons/IconFlight.uexp" 1443
"../../../Engine/Plugins/VirtualProduction/VirtualScouting/Content/UI/Icons/IconCineCamera.uasset" 1444
"../../../Engine/Plugins/VirtualProduction/VirtualScouting/Content/UI/Icons/IconCineCamera.uexp" 1445
"../../../Engine/Plugins/VirtualProduction/VirtualScouting/Content/Tools/Viewfinder/WBP_CameraListRowEntry.uasset" 1446
"../../../Engine/Plugins/VirtualProduction/VirtualScouting/Content/Tools/Viewfinder/WBP_CameraListRowEntry.uexp" 1447
"../../../Engine/Plugins/VirtualProduction/VirtualScouting/Content/Tools/Viewfinder/WBP_ViewfinderCameraList.uasset" 1448
"../../../Engine/Plugins/VirtualProduction/VirtualScouting/Content/Tools/Viewfinder/WBP_ViewfinderCameraList.uexp" 1449
"../../../Engine/Plugins/VirtualProduction/VirtualScouting/Content/UI/Icons/IconArrowDown.uasset" 1450
"../../../Engine/Plugins/VirtualProduction/VirtualScouting/Content/UI/Icons/IconArrowDown.uexp" 1451
"../../../Engine/Plugins/VirtualProduction/VirtualScouting/Content/UI/Icons/IconArrowLeft.ubulk" 1452
"../../../Engine/Plugins/VirtualProduction/VirtualScouting/Content/UI/Icons/IconArrowLeft.uasset" 1453
"../../../Engine/Plugins/VirtualProduction/VirtualScouting/Content/UI/Icons/IconArrowLeft.uexp" 1454
"../../../Engine/Plugins/VirtualProduction/VirtualScouting/Content/UI/Icons/IconArrowRight.uasset" 1455
"../../../Engine/Plugins/VirtualProduction/VirtualScouting/Content/UI/Icons/IconArrowRight.uexp" 1456
"../../../Engine/Plugins/VirtualProduction/VirtualScouting/Content/UI/SubWidgets/BP_VScoutButtonStyle_NonInteractable.uasset" 1457
"../../../Engine/Plugins/VirtualProduction/VirtualScouting/Content/UI/SubWidgets/BP_VScoutButtonStyle_NonInteractable.uexp" 1458
"../../../Engine/Plugins/VirtualProduction/VirtualScouting/Content/Tools/Viewfinder/WBP_ViewfinderPalette.uasset" 1459
"../../../Engine/Plugins/VirtualProduction/VirtualScouting/Content/Tools/Viewfinder/WBP_ViewfinderPalette.uexp" 1460
"../../../Engine/Plugins/VirtualProduction/VirtualScouting/Content/Tools/Viewfinder/Input/IMC_Viewfinder.uasset" 1461
"../../../Engine/Plugins/VirtualProduction/VirtualScouting/Content/Tools/Viewfinder/Input/IMC_Viewfinder.uexp" 1462
"../../../Engine/Plugins/VirtualProduction/VirtualScouting/Content/Tools/Viewfinder/Input/IMC_ViewfinderLeftHanded.uasset" 1463
"../../../Engine/Plugins/VirtualProduction/VirtualScouting/Content/Tools/Viewfinder/Input/IMC_ViewfinderLeftHanded.uexp" 1464
"../../../Engine/Plugins/VirtualProduction/VirtualScouting/Content/Tools/Viewfinder/BP_ViewfinderTool.uasset" 1465
"../../../Engine/Plugins/VirtualProduction/VirtualScouting/Content/Tools/Viewfinder/BP_ViewfinderTool.uexp" 1466
"../../../Engine/Plugins/VirtualProduction/VirtualScouting/Content/UI/Icons/IconBookmarks.uasset" 1467
"../../../Engine/Plugins/VirtualProduction/VirtualScouting/Content/UI/Icons/IconBookmarks.uexp" 1468
"../../../Engine/Plugins/VirtualProduction/VirtualScouting/Content/UI/Icons/IconFilm.uasset" 1469
"../../../Engine/Plugins/VirtualProduction/VirtualScouting/Content/UI/Icons/IconFilm.uexp" 1470
"../../../Engine/Plugins/VirtualProduction/VirtualScouting/Content/UI/Icons/IconMeasure.uasset" 1471
"../../../Engine/Plugins/VirtualProduction/VirtualScouting/Content/UI/Icons/IconMeasure.uexp" 1472
"../../../Engine/Plugins/VirtualProduction/VirtualScouting/Content/UI/Icons/IconViewfinder.uasset" 1473
"../../../Engine/Plugins/VirtualProduction/VirtualScouting/Content/UI/Icons/IconViewfinder.uexp" 1474
"../../../Engine/Plugins/VirtualProduction/VirtualScouting/Content/UI/Icons/LightBulb.ubulk" 1475
"../../../Engine/Plugins/VirtualProduction/VirtualScouting/Content/UI/Icons/LightBulb.uasset" 1476
"../../../Engine/Plugins/VirtualProduction/VirtualScouting/Content/UI/Icons/LightBulb.uexp" 1477
"../../../Engine/Plugins/VirtualProduction/VirtualScouting/Content/UI/Icons/Sun.ubulk" 1478
"../../../Engine/Plugins/VirtualProduction/VirtualScouting/Content/UI/Icons/Sun.uasset" 1479
"../../../Engine/Plugins/VirtualProduction/VirtualScouting/Content/UI/Icons/Sun.uexp" 1480
"../../../Engine/Plugins/VirtualProduction/VirtualScouting/Content/Tools/Lighting/Env/XREnvLightingTool_ViewModel.uasset" 1481
"../../../Engine/Plugins/VirtualProduction/VirtualScouting/Content/Tools/Lighting/Env/XREnvLightingTool_ViewModel.uexp" 1482
"../../../Engine/Plugins/VirtualProduction/VirtualScouting/Content/Tools/Lighting/Env/Input/IA_EnvLightManipulate.uasset" 1483
"../../../Engine/Plugins/VirtualProduction/VirtualScouting/Content/Tools/Lighting/Env/Input/IA_EnvLightManipulate.uexp" 1484
"../../../Engine/Plugins/VirtualProduction/VirtualScouting/Content/Tools/Lighting/Env/BP_EnvLightingTool.uasset" 1485
"../../../Engine/Plugins/VirtualProduction/VirtualScouting/Content/Tools/Lighting/Env/BP_EnvLightingTool.uexp" 1486
"../../../Engine/Plugins/VirtualProduction/VirtualScouting/Content/UI/Icons/Moon.ubulk" 1487
"../../../Engine/Plugins/VirtualProduction/VirtualScouting/Content/UI/Icons/Moon.uasset" 1488
"../../../Engine/Plugins/VirtualProduction/VirtualScouting/Content/UI/Icons/Moon.uexp" 1489
"../../../Engine/Plugins/VirtualProduction/VirtualScouting/Content/UI/Materials/M_ColorTempSlider.uasset" 1490
"../../../Engine/Plugins/VirtualProduction/VirtualScouting/Content/UI/Materials/M_ColorTempSlider.uexp" 1491
"../../../Engine/Plugins/VirtualProduction/VirtualScouting/Content/Tools/Lighting/Env/XREnvLightingTool_Viewmodel_Resolver.uasset" 1492
"../../../Engine/Plugins/VirtualProduction/VirtualScouting/Content/Tools/Lighting/Env/XREnvLightingTool_Viewmodel_Resolver.uexp" 1493
"../../../Engine/Plugins/VirtualProduction/VirtualScouting/Content/Tools/Lighting/Env/WBP_XREnvLightingPaletteTab.uasset" 1494
"../../../Engine/Plugins/VirtualProduction/VirtualScouting/Content/Tools/Lighting/Env/WBP_XREnvLightingPaletteTab.uexp" 1495
"../../../Engine/Plugins/VirtualProduction/VirtualScouting/Content/Tools/Lighting/Env/Input/IMC_EnvLighting.uasset" 1496
"../../../Engine/Plugins/VirtualProduction/VirtualScouting/Content/Tools/Lighting/Env/Input/IMC_EnvLighting.uexp" 1497
"../../../Engine/Plugins/VirtualProduction/VirtualScouting/Content/Tools/Lighting/Env/Input/IMC_EnvLighting_Left.uasset" 1498
"../../../Engine/Plugins/VirtualProduction/VirtualScouting/Content/Tools/Lighting/Env/Input/IMC_EnvLighting_Left.uexp" 1499
"../../../Engine/Plugins/VirtualProduction/VirtualScouting/Content/Tools/Lighting/Env/BP_XREnvLighting.uasset" 1500
"../../../Engine/Plugins/VirtualProduction/VirtualScouting/Content/Tools/Lighting/Env/BP_XREnvLighting.uexp" 1501
"../../../Engine/Plugins/VirtualProduction/VirtualScouting/Content/UI/Icons/LightList.ubulk" 1502
"../../../Engine/Plugins/VirtualProduction/VirtualScouting/Content/UI/Icons/LightList.uasset" 1503
"../../../Engine/Plugins/VirtualProduction/VirtualScouting/Content/UI/Icons/LightList.uexp" 1504
"../../../Engine/Plugins/VirtualProduction/VirtualScouting/Content/UI/Icons/RectLight.ubulk" 1505
"../../../Engine/Plugins/VirtualProduction/VirtualScouting/Content/UI/Icons/RectLight.uasset" 1506
"../../../Engine/Plugins/VirtualProduction/VirtualScouting/Content/UI/Icons/RectLight.uexp" 1507
"../../../Engine/Plugins/VirtualProduction/VirtualScouting/Content/UI/Icons/SpotLight.ubulk" 1508
"../../../Engine/Plugins/VirtualProduction/VirtualScouting/Content/UI/Icons/SpotLight.uasset" 1509
"../../../Engine/Plugins/VirtualProduction/VirtualScouting/Content/UI/Icons/SpotLight.uexp" 1510
"../../../Engine/Plugins/VirtualProduction/VirtualScouting/Content/Tools/Lighting/Gaffer/EGafferLightControlMode.uasset" 1511
"../../../Engine/Plugins/VirtualProduction/VirtualScouting/Content/Tools/Lighting/Gaffer/EGafferLightControlMode.uexp" 1512
"../../../Engine/Plugins/VirtualProduction/VirtualScouting/Content/Tools/Lighting/Gaffer/XRGafferTool_ViewModel.uasset" 1513
"../../../Engine/Plugins/VirtualProduction/VirtualScouting/Content/Tools/Lighting/Gaffer/XRGafferTool_ViewModel.uexp" 1514
"../../../Engine/Plugins/VirtualProduction/VirtualScouting/Content/Tools/Lighting/Gaffer/EGafferLightTypes.uasset" 1515
"../../../Engine/Plugins/VirtualProduction/VirtualScouting/Content/Tools/Lighting/Gaffer/EGafferLightTypes.uexp" 1516
"../../../Engine/Plugins/VirtualProduction/VirtualScouting/Content/UI/Icons/Solo.ubulk" 1517
"../../../Engine/Plugins/VirtualProduction/VirtualScouting/Content/UI/Icons/Solo.uasset" 1518
"../../../Engine/Plugins/VirtualProduction/VirtualScouting/Content/UI/Icons/Solo.uexp" 1519
"../../../Engine/Plugins/VirtualProduction/VirtualScouting/Content/Tools/Lighting/Gaffer/WBP_LightListEntry.uasset" 1520
"../../../Engine/Plugins/VirtualProduction/VirtualScouting/Content/Tools/Lighting/Gaffer/WBP_LightListEntry.uexp" 1521
"../../../Engine/Plugins/VirtualProduction/VirtualScouting/Content/Tools/Lighting/Gaffer/XRGafferTool_Viewmodel_Resolver.uasset" 1522
"../../../Engine/Plugins/VirtualProduction/VirtualScouting/Content/Tools/Lighting/Gaffer/XRGafferTool_Viewmodel_Resolver.uexp" 1523
"../../../Engine/Plugins/VirtualProduction/VirtualScouting/Content/Tools/Lighting/Gaffer/WBP_XRGafferPalette.uasset" 1524
"../../../Engine/Plugins/VirtualProduction/VirtualScouting/Content/Tools/Lighting/Gaffer/WBP_XRGafferPalette.uexp" 1525
"../../../Engine/Plugins/VirtualProduction/VirtualScouting/Content/Tools/Lighting/Gaffer/Input/IA_GafferManipulate.uasset" 1526
"../../../Engine/Plugins/VirtualProduction/VirtualScouting/Content/Tools/Lighting/Gaffer/Input/IA_GafferManipulate.uexp" 1527
"../../../Engine/Plugins/VirtualProduction/VirtualScouting/Content/Tools/Lighting/Gaffer/Input/IA_GafferToggleMode.uasset" 1528
"../../../Engine/Plugins/VirtualProduction/VirtualScouting/Content/Tools/Lighting/Gaffer/Input/IA_GafferToggleMode.uexp" 1529
"../../../Engine/Plugins/VirtualProduction/VirtualScouting/Content/Tools/Lighting/Gaffer/Input/IMC_XRGaffer.uasset" 1530
"../../../Engine/Plugins/VirtualProduction/VirtualScouting/Content/Tools/Lighting/Gaffer/Input/IMC_XRGaffer.uexp" 1531
"../../../Engine/Plugins/VirtualProduction/VirtualScouting/Content/Tools/Lighting/Gaffer/Input/IMC_XRGafferLeft.uasset" 1532
"../../../Engine/Plugins/VirtualProduction/VirtualScouting/Content/Tools/Lighting/Gaffer/Input/IMC_XRGafferLeft.uexp" 1533
"../../../Engine/Plugins/VirtualProduction/VirtualScouting/Content/Tools/Lighting/Gaffer/BP_XRGaffer.uasset" 1534
"../../../Engine/Plugins/VirtualProduction/VirtualScouting/Content/Tools/Lighting/Gaffer/BP_XRGaffer.uexp" 1535
"../../../Engine/Plugins/VirtualProduction/VirtualScouting/Content/Tools/Placement/EPlaceActorState.uasset" 1536
"../../../Engine/Plugins/VirtualProduction/VirtualScouting/Content/Tools/Placement/EPlaceActorState.uexp" 1537
"../../../Engine/Plugins/VirtualProduction/VirtualScouting/Content/Tools/Placement/PlacementToolViewmodel.uasset" 1538
"../../../Engine/Plugins/VirtualProduction/VirtualScouting/Content/Tools/Placement/PlacementToolViewmodel.uexp" 1539
"../../../Engine/Plugins/VirtualProduction/VirtualScouting/Content/Tools/Placement/Input/IA_PlaceActorRotate.uasset" 1540
"../../../Engine/Plugins/VirtualProduction/VirtualScouting/Content/Tools/Placement/Input/IA_PlaceActorRotate.uexp" 1541
"../../../Engine/Plugins/VirtualProduction/VirtualScouting/Content/Tools/Placement/Input/IA_PlaceActorSpawn.uasset" 1542
"../../../Engine/Plugins/VirtualProduction/VirtualScouting/Content/Tools/Placement/Input/IA_PlaceActorSpawn.uexp" 1543
"../../../Engine/Plugins/VirtualProduction/VirtualScouting/Content/Tools/Placement/Input/IA_PlaceActorToggleMode.uasset" 1544
"../../../Engine/Plugins/VirtualProduction/VirtualScouting/Content/Tools/Placement/Input/IA_PlaceActorToggleMode.uexp" 1545
"../../../Engine/Plugins/VirtualProduction/VirtualScouting/Content/Tools/Lighting/Gaffer/Input/IA_Gaffer_BlockFlying.uasset" 1546
"../../../Engine/Plugins/VirtualProduction/VirtualScouting/Content/Tools/Lighting/Gaffer/Input/IA_Gaffer_BlockFlying.uexp" 1547
"../../../Engine/Plugins/VirtualProduction/VirtualScouting/Content/Tools/Placement/Input/IMC_PlaceActorTool.uasset" 1548
"../../../Engine/Plugins/VirtualProduction/VirtualScouting/Content/Tools/Placement/Input/IMC_PlaceActorTool.uexp" 1549
"../../../Engine/Plugins/VirtualProduction/VirtualScouting/Content/Tools/Placement/Input/IMC_PlaceActorToolLeft.uasset" 1550
"../../../Engine/Plugins/VirtualProduction/VirtualScouting/Content/Tools/Placement/Input/IMC_PlaceActorToolLeft.uexp" 1551
"../../../Engine/Plugins/VirtualProduction/VirtualScouting/Content/Tools/Placement/PlacementToolViewmodel_Resolver.uasset" 1552
"../../../Engine/Plugins/VirtualProduction/VirtualScouting/Content/Tools/Placement/PlacementToolViewmodel_Resolver.uexp" 1553
"../../../Engine/Plugins/VirtualProduction/VirtualScouting/Content/UI/Icons/Blueprint.uasset" 1554
"../../../Engine/Plugins/VirtualProduction/VirtualScouting/Content/UI/Icons/Blueprint.uexp" 1555
"../../../Engine/Plugins/VirtualProduction/VirtualScouting/Content/UI/Icons/Preferences.uasset" 1556
"../../../Engine/Plugins/VirtualProduction/VirtualScouting/Content/UI/Icons/Preferences.uexp" 1557
"../../../Engine/Plugins/VirtualProduction/VirtualScouting/Content/UI/Icons/SkeletalMesh.uasset" 1558
"../../../Engine/Plugins/VirtualProduction/VirtualScouting/Content/UI/Icons/SkeletalMesh.uexp" 1559
"../../../Engine/Plugins/VirtualProduction/VirtualScouting/Content/UI/Icons/StaticMesh.uasset" 1560
"../../../Engine/Plugins/VirtualProduction/VirtualScouting/Content/UI/Icons/StaticMesh.uexp" 1561
"../../../Engine/Plugins/VirtualProduction/VirtualScouting/Content/UI/Font/BodyText_Italic.uasset" 1562
"../../../Engine/Plugins/VirtualProduction/VirtualScouting/Content/UI/Font/BodyText_Italic.uexp" 1563
"../../../Engine/Plugins/VirtualProduction/VirtualScouting/Content/Tools/Placement/UI/WBP_ContentBrowserEntryRow.uasset" 1564
"../../../Engine/Plugins/VirtualProduction/VirtualScouting/Content/Tools/Placement/UI/WBP_ContentBrowserEntryRow.uexp" 1565
"../../../Engine/Plugins/VirtualProduction/VirtualScouting/Content/Tools/Placement/UI/WBP_PlacementPalette.uasset" 1566
"../../../Engine/Plugins/VirtualProduction/VirtualScouting/Content/Tools/Placement/UI/WBP_PlacementPalette.uexp" 1567
"../../../Engine/Plugins/VirtualProduction/VirtualScouting/Content/Tools/Placement/BP_PlacementTool.uasset" 1568
"../../../Engine/Plugins/VirtualProduction/VirtualScouting/Content/Tools/Placement/BP_PlacementTool.uexp" 1569
"../../../Engine/Plugins/VirtualProduction/VirtualScouting/Content/UI/Icons/ContentBrowser.uasset" 1570
"../../../Engine/Plugins/VirtualProduction/VirtualScouting/Content/UI/Icons/ContentBrowser.uexp" 1571
"../../../Engine/Plugins/VirtualProduction/VirtualScouting/Content/Core/DA_VirtualScouting_Default.uasset" 1572
"../../../Engine/Plugins/VirtualProduction/VirtualScouting/Content/Core/DA_VirtualScouting_Default.uexp" 1573
"../../../Engine/Plugins/VirtualProduction/VirtualScouting/Content/UI/Icons/Eject.uasset" 1574
"../../../Engine/Plugins/VirtualProduction/VirtualScouting/Content/UI/Icons/Eject.uexp" 1575
"../../../Engine/Plugins/VirtualProduction/VirtualScouting/Content/UI/WBP_Settings.uasset" 1576
"../../../Engine/Plugins/VirtualProduction/VirtualScouting/Content/UI/WBP_Settings.uexp" 1577
"../../../Engine/Plugins/VirtualProduction/VirtualScouting/Content/UI/Icons/IconSettings.uasset" 1578
"../../../Engine/Plugins/VirtualProduction/VirtualScouting/Content/UI/Icons/IconSettings.uexp" 1579
"../../../Engine/Plugins/VirtualProduction/VirtualScouting/Content/UI/Icons/Redo.ubulk" 1580
"../../../Engine/Plugins/VirtualProduction/VirtualScouting/Content/UI/Icons/Redo.uasset" 1581
"../../../Engine/Plugins/VirtualProduction/VirtualScouting/Content/UI/Icons/Redo.uexp" 1582
"../../../Engine/Plugins/VirtualProduction/VirtualScouting/Content/UI/WBP_XRC_Palette.uasset" 1583
"../../../Engine/Plugins/VirtualProduction/VirtualScouting/Content/UI/WBP_XRC_Palette.uexp" 1584
"../../../Engine/Plugins/VirtualProduction/VirtualScouting/Content/Core/DA_VirtualScouting_Basic.uasset" 1585
"../../../Engine/Plugins/VirtualProduction/VirtualScouting/Content/Core/DA_VirtualScouting_Basic.uexp" 1586
"../../../Engine/Plugins/MovieScene/MovieRenderPipeline/Content/Blueprints/UI_MovieRenderPipelineInfoTableRow.uasset" 1587
"../../../Engine/Plugins/MovieScene/MovieRenderPipeline/Content/Blueprints/UI_MovieRenderPipelineInfoTableRow.uexp" 1588
"../../../Engine/Content/ArtTools/RenderToTexture/Textures/127grey.uasset" 1589
"../../../Engine/Content/ArtTools/RenderToTexture/Textures/127grey.uexp" 1590
"../../../Engine/Plugins/MovieScene/MovieRenderPipeline/Content/Blueprints/M_MoviePipelineRenderPreview.uasset" 1591
"../../../Engine/Plugins/MovieScene/MovieRenderPipeline/Content/Blueprints/M_MoviePipelineRenderPreview.uexp" 1592
"../../../Engine/Plugins/MovieScene/MovieRenderPipeline/Content/Blueprints/Graph/T_MovieGraph_TransparencyBG.uasset" 1593
"../../../Engine/Plugins/MovieScene/MovieRenderPipeline/Content/Blueprints/Graph/T_MovieGraph_TransparencyBG.uexp" 1594
"../../../Engine/Plugins/MovieScene/MovieRenderPipeline/Content/Blueprints/Graph/UI_MovieGraphImagePreview.uasset" 1595
"../../../Engine/Plugins/MovieScene/MovieRenderPipeline/Content/Blueprints/Graph/UI_MovieGraphImagePreview.uexp" 1596
"../../../Engine/Plugins/MovieScene/MovieRenderPipeline/Content/Blueprints/UI_MovieGraphPipelineScreenOverlay.uasset" 1597
"../../../Engine/Plugins/MovieScene/MovieRenderPipeline/Content/Blueprints/UI_MovieGraphPipelineScreenOverlay.uexp" 1598
"../../../Engine/Plugins/MovieScene/MovieRenderPipeline/Content/Blueprints/UI_MovieRenderPipelineScreenOverlay.uasset" 1599
"../../../Engine/Plugins/MovieScene/MovieRenderPipeline/Content/Blueprints/UI_MovieRenderPipelineScreenOverlay.uexp" 1600
"../../../Engine/Plugins/MovieScene/MovieRenderPipeline/Content/Materials/MoviePipeline_StencilCutout.uasset" 1601
"../../../Engine/Plugins/MovieScene/MovieRenderPipeline/Content/Materials/MoviePipeline_StencilCutout.uexp" 1602
"../../../Engine/Plugins/MovieScene/MovieRenderPipeline/Content/Materials/MovieRenderQueue_MotionVectors.uasset" 1603
"../../../Engine/Plugins/MovieScene/MovieRenderPipeline/Content/Materials/MovieRenderQueue_MotionVectors.uexp" 1604
"../../../Engine/Content/Functions/Engine_MaterialFunctions02/Utility/MakeFloat4.uasset" 1605
"../../../Engine/Content/Functions/Engine_MaterialFunctions02/Utility/MakeFloat4.uexp" 1606
"../../../Engine/Plugins/MovieScene/MovieRenderPipeline/Content/Materials/MovieRenderQueue_WorldDepth.uasset" 1607
"../../../Engine/Plugins/MovieScene/MovieRenderPipeline/Content/Materials/MovieRenderQueue_WorldDepth.uexp" 1608
"../../../Engine/Plugins/Runtime/AudioWidgets/Content/Resources/ScrubHandleDown_Clamped.uasset" 1609
"../../../Engine/Plugins/Runtime/AudioWidgets/Content/Resources/ScrubHandleDown_Clamped.uexp" 1610
"../../../Engine/Plugins/Runtime/nDisplay/Content/Icons/S_nDisplayViewOrigin.uasset" 1611
"../../../Engine/Plugins/Runtime/nDisplay/Content/Icons/S_nDisplayViewOrigin.uexp" 1612
"../../../Engine/Plugins/Runtime/AR/ARUtilities/Content/Materials/DummyExternalTexture.uasset" 1613
"../../../Engine/Plugins/Runtime/AR/ARUtilities/Content/Materials/DummyExternalTexture.uexp" 1614
"../../../Engine/Plugins/Runtime/AR/ARUtilities/Content/Materials/M_ScreenSpacePassthroughCamera.uasset" 1615
"../../../Engine/Plugins/Runtime/AR/ARUtilities/Content/Materials/M_ScreenSpacePassthroughCamera.uexp" 1616
"../../../Engine/Plugins/Runtime/AR/ARUtilities/Content/Materials/MI_ScreenSpacePassthroughCameraExternalTexture.uasset" 1617
"../../../Engine/Plugins/Runtime/AR/ARUtilities/Content/Materials/MI_ScreenSpacePassthroughCameraExternalTexture.uexp" 1618
"../../../Engine/Plugins/Runtime/AR/ARUtilities/Content/Materials/MF_DistanceColorLerp.uasset" 1619
"../../../Engine/Plugins/Runtime/AR/ARUtilities/Content/Materials/MF_DistanceColorLerp.uexp" 1620
"../../../Engine/Plugins/Runtime/AR/ARUtilities/Content/Materials/M_DepthColoration.uasset" 1621
"../../../Engine/Plugins/Runtime/AR/ARUtilities/Content/Materials/M_DepthColoration.uexp" 1622
"../../../Engine/Plugins/Runtime/AR/ARUtilities/Content/Materials/M_PassthroughCamera.uasset" 1623
"../../../Engine/Plugins/Runtime/AR/ARUtilities/Content/Materials/M_PassthroughCamera.uexp" 1624
"../../../Engine/Content/ArtTools/RenderToTexture/Textures/T_EV_BlankWhite_01.uasset" 1625
"../../../Engine/Content/ArtTools/RenderToTexture/Textures/T_EV_BlankWhite_01.uexp" 1626
"../../../Engine/Plugins/Runtime/nDisplay/Content/LightCard/M_LightCard.uasset" 1627
"../../../Engine/Plugins/Runtime/nDisplay/Content/LightCard/M_LightCard.uexp" 1628
"../../../Engine/Plugins/Runtime/nDisplay/Content/LightCard/SM_LightCardPlane.ubulk" 1629
"../../../Engine/Plugins/Runtime/nDisplay/Content/LightCard/SM_LightCardPlane.uasset" 1630
"../../../Engine/Plugins/Runtime/nDisplay/Content/LightCard/SM_LightCardPlane.uexp" 1631
"../../../Engine/Plugins/Runtime/nDisplay/Content/LightCard/T_UVIndicator.uasset" 1632
"../../../Engine/Plugins/Runtime/nDisplay/Content/LightCard/T_UVIndicator.uexp" 1633
"../../../Engine/Plugins/Runtime/nDisplay/Content/LightCard/M_UVIndicator.uasset" 1634
"../../../Engine/Plugins/Runtime/nDisplay/Content/LightCard/M_UVIndicator.uexp" 1635
"../../../Engine/Plugins/Runtime/nDisplay/Content/LightCard/SM_UVIndicator.ubulk" 1636
"../../../Engine/Plugins/Runtime/nDisplay/Content/LightCard/SM_UVIndicator.uasset" 1637
"../../../Engine/Plugins/Runtime/nDisplay/Content/LightCard/SM_UVIndicator.uexp" 1638
"../../../Engine/Plugins/Runtime/nDisplay/Content/Meshes/plane_hd_1x1.ubulk" 1639
"../../../Engine/Plugins/Runtime/nDisplay/Content/Meshes/plane_hd_1x1.uasset" 1640
"../../../Engine/Plugins/Runtime/nDisplay/Content/Meshes/plane_hd_1x1.uexp" 1641
"../../../Engine/Plugins/Runtime/nDisplay/Content/Materials/Editor/M_NormalMapMesh.uasset" 1642
"../../../Engine/Plugins/Runtime/nDisplay/Content/Materials/Editor/M_NormalMapMesh.uexp" 1643
"../../../Engine/Plugins/Runtime/nDisplay/Content/Meshes/SM_IcoSphere.ubulk" 1644
"../../../Engine/Plugins/Runtime/nDisplay/Content/Meshes/SM_IcoSphere.uasset" 1645
"../../../Engine/Plugins/Runtime/nDisplay/Content/Meshes/SM_IcoSphere.uexp" 1646
"../../../Engine/Plugins/Runtime/nDisplay/Content/Textures/T_TrackingMarker_A.uasset" 1647
"../../../Engine/Plugins/Runtime/nDisplay/Content/Textures/T_TrackingMarker_A.uexp" 1648
"../../../Engine/Content/EditorMaterials/ParticleSystems/PSysThumbnail_NoImage.ubulk" 1649
"../../../Engine/Content/EditorMaterials/ParticleSystems/PSysThumbnail_NoImage.uasset" 1650
"../../../Engine/Content/EditorMaterials/ParticleSystems/PSysThumbnail_NoImage.uexp" 1651
"../../../Engine/Content/EditorLandscapeResources/DefaultAlphaTexture.uasset" 1652
"../../../Engine/Content/EditorLandscapeResources/DefaultAlphaTexture.uexp" 1653
"../../../Engine/Content/EditorLandscapeResources/LandscapeDirtyMaterial.uasset" 1654
"../../../Engine/Content/EditorLandscapeResources/LandscapeDirtyMaterial.uexp" 1655
"../../../Engine/Content/EditorMaterials/ParticleSystems/PSysThumbnail_OOD.ubulk" 1656
"../../../Engine/Content/EditorMaterials/ParticleSystems/PSysThumbnail_OOD.uasset" 1657
"../../../Engine/Content/EditorMaterials/ParticleSystems/PSysThumbnail_OOD.uexp" 1658
"../../../Engine/Plugins/VirtualProduction/CameraCalibrationCore/Content/Materials/M_AnamorphicDistortionDisplacementMap.uasset" 1659
"../../../Engine/Plugins/VirtualProduction/CameraCalibrationCore/Content/Materials/M_AnamorphicDistortionDisplacementMap.uexp" 1660
"../../../Engine/Plugins/VirtualProduction/CameraCalibrationCore/Content/Materials/M_AnamorphicUndistortionDisplacementMap.uasset" 1661
"../../../Engine/Plugins/VirtualProduction/CameraCalibrationCore/Content/Materials/M_AnamorphicUndistortionDisplacementMap.uexp" 1662
"../../../Engine/Plugins/VirtualProduction/CameraCalibrationCore/Content/Materials/M_BrownConradyDUDistortionDisplacementMap.uasset" 1663
"../../../Engine/Plugins/VirtualProduction/CameraCalibrationCore/Content/Materials/M_BrownConradyDUDistortionDisplacementMap.uexp" 1664
"../../../Engine/Plugins/VirtualProduction/CameraCalibrationCore/Content/Materials/M_BrownConradyDUUndistortionDisplacementMap.uasset" 1665
"../../../Engine/Plugins/VirtualProduction/CameraCalibrationCore/Content/Materials/M_BrownConradyDUUndistortionDisplacementMap.uexp" 1666
"../../../Engine/Plugins/VirtualProduction/CameraCalibrationCore/Content/Materials/M_BrownConradyUDDistortionDisplacementMap.uasset" 1667
"../../../Engine/Plugins/VirtualProduction/CameraCalibrationCore/Content/Materials/M_BrownConradyUDDistortionDisplacementMap.uexp" 1668
"../../../Engine/Plugins/VirtualProduction/CameraCalibrationCore/Content/Materials/M_BrownConradyUDUndistortionDisplacementMap.uasset" 1669
"../../../Engine/Plugins/VirtualProduction/CameraCalibrationCore/Content/Materials/M_BrownConradyUDUndistortionDisplacementMap.uexp" 1670
"../../../Engine/Content/EngineMaterials/EnergyConservation/Diffuse_Energy.uasset" 1671
"../../../Engine/Content/EngineMaterials/EnergyConservation/Diffuse_Energy.uexp" 1672
"../../../Engine/Content/EditorMaterials/Dataflow/DataflowTwoSidedVertexMaterial.uasset" 1673
"../../../Engine/Content/EditorMaterials/Dataflow/DataflowTwoSidedVertexMaterial.uexp" 1674
"../../../Engine/Plugins/VirtualProduction/CameraCalibrationCore/Content/Materials/M_DefaultEvenSquare.uasset" 1675
"../../../Engine/Plugins/VirtualProduction/CameraCalibrationCore/Content/Materials/M_DefaultEvenSquare.uexp" 1676
"../../../Engine/Content/Functions/Engine_MaterialFunctions01/Texturing/TextureCropping.uasset" 1677
"../../../Engine/Content/Functions/Engine_MaterialFunctions01/Texturing/TextureCropping.uexp" 1678
"../../../Engine/Content/Functions/Engine_MaterialFunctions02/ExampleContent/DebugNumberStrip.uasset" 1679
"../../../Engine/Content/Functions/Engine_MaterialFunctions02/ExampleContent/DebugNumberStrip.uexp" 1680
"../../../Engine/Content/Functions/Engine_MaterialFunctions01/Debug/DebugIntValues.uasset" 1681
"../../../Engine/Content/Functions/Engine_MaterialFunctions01/Debug/DebugIntValues.uexp" 1682
"../../../Engine/Content/Functions/Engine_MaterialFunctions01/Texturing/ScaleUVsByCenter.uasset" 1683
"../../../Engine/Content/Functions/Engine_MaterialFunctions01/Texturing/ScaleUVsByCenter.uexp" 1684
"../../../Engine/Content/Functions/Engine_MaterialFunctions02/WorldPositionOffset/LocalPosition.uasset" 1685
"../../../Engine/Content/Functions/Engine_MaterialFunctions02/WorldPositionOffset/LocalPosition.uexp" 1686
"../../../Engine/Content/EditorLandscapeResources/LandscapeLayerUsageMaterial.uasset" 1687
"../../../Engine/Content/EditorLandscapeResources/LandscapeLayerUsageMaterial.uexp" 1688
"../../../Engine/Plugins/VirtualProduction/CameraCalibrationCore/Content/Materials/M_DefaultOddSquare.uasset" 1689
"../../../Engine/Plugins/VirtualProduction/CameraCalibrationCore/Content/Materials/M_DefaultOddSquare.uexp" 1690
"../../../Engine/Plugins/VirtualProduction/CameraCalibrationCore/Content/Materials/M_DistortionPostProcess.uasset" 1691
"../../../Engine/Plugins/VirtualProduction/CameraCalibrationCore/Content/Materials/M_DistortionPostProcess.uexp" 1692
"../../../Engine/Content/EngineMaterials/EnergyConservation/GGX_ReflectionEnergy.uasset" 1693
"../../../Engine/Content/EngineMaterials/EnergyConservation/GGX_ReflectionEnergy.uexp" 1694
"../../../Engine/Plugins/VirtualProduction/CameraCalibrationCore/Content/Materials/M_SphericalDistortionDisplacementMap.uasset" 1695
"../../../Engine/Plugins/VirtualProduction/CameraCalibrationCore/Content/Materials/M_SphericalDistortionDisplacementMap.uexp" 1696
"../../../Engine/Content/EditorMaterials/Dataflow/DataflowVertexMaterial.uasset" 1697
"../../../Engine/Content/EditorMaterials/Dataflow/DataflowVertexMaterial.uexp" 1698
"../../../Engine/Plugins/VirtualProduction/CameraCalibrationCore/Content/Materials/M_SphericalUndistortionDisplacementMap.uasset" 1699
"../../../Engine/Plugins/VirtualProduction/CameraCalibrationCore/Content/Materials/M_SphericalUndistortionDisplacementMap.uexp" 1700
"../../../Engine/Plugins/VirtualProduction/CameraCalibrationCore/Content/Materials/M_VertexColors.uasset" 1701
"../../../Engine/Plugins/VirtualProduction/CameraCalibrationCore/Content/Materials/M_VertexColors.uexp" 1702
"../../../Engine/Content/EngineMaterials/EnergyConservation/GGX_TransmissionEnergyArray.uasset" 1703
"../../../Engine/Content/EngineMaterials/EnergyConservation/GGX_TransmissionEnergyArray.uexp" 1704
"../../../Engine/Content/EngineMaterials/EnergyConservation/SheenLegacy_Energy.uasset" 1705
"../../../Engine/Content/EngineMaterials/EnergyConservation/SheenLegacy_Energy.uexp" 1706
"../../../Engine/Content/EngineMaterials/EnergyConservation/Sheen_Energy.uasset" 1707
"../../../Engine/Content/EngineMaterials/EnergyConservation/Sheen_Energy.uexp" 1708
"../../../Engine/Content/EditorLandscapeResources/WhiteSquareTexture.uasset" 1709
"../../../Engine/Content/EditorLandscapeResources/WhiteSquareTexture.uexp" 1710
"../../../Engine/Content/EditorLandscapeResources/LayerVisMaterial.uasset" 1711
"../../../Engine/Content/EditorLandscapeResources/LayerVisMaterial.uexp" 1712
"../../../Engine/Content/EngineMaterials/LTC/GGX_LTCAmp.uasset" 1713
"../../../Engine/Content/EngineMaterials/LTC/GGX_LTCAmp.uexp" 1714
"../../../Engine/Content/EngineMaterials/LTC/GGX_LTCMat.uasset" 1715
"../../../Engine/Content/EngineMaterials/LTC/GGX_LTCMat.uexp" 1716
"../../../Engine/Content/EngineMaterials/LTC/Sheen_LTC.uasset" 1717
"../../../Engine/Content/EngineMaterials/LTC/Sheen_LTC.uexp" 1718
"../../../Engine/Content/EditorMaterials/Camera/CineMat.uasset" 1719
"../../../Engine/Content/EditorMaterials/Camera/CineMat.uexp" 1720
"../../../Engine/Content/EditorMaterials/Camera/MI_CineMat_Rig.uasset" 1721
"../../../Engine/Content/EditorMaterials/Camera/MI_CineMat_Rig.uexp" 1722
"../../../Engine/Content/EditorMeshes/Camera/SM_CraneRig_Arm.ubulk" 1723
"../../../Engine/Content/EditorMeshes/Camera/SM_CraneRig_Arm.uasset" 1724
"../../../Engine/Content/EditorMeshes/Camera/SM_CraneRig_Arm.uexp" 1725
"../../../Engine/Content/Functions/Engine_MaterialFunctions03/Math/WithinRangeFloat2.uasset" 1726
"../../../Engine/Content/Functions/Engine_MaterialFunctions03/Math/WithinRangeFloat2.uexp" 1727
"../../../Engine/Content/EditorLandscapeResources/MaskBrushMaterial.uasset" 1728
"../../../Engine/Content/EditorLandscapeResources/MaskBrushMaterial.uexp" 1729
"../../../Engine/Content/EditorLandscapeResources/MaskBrushMaterial_MaskedRegion.uasset" 1730
"../../../Engine/Content/EditorLandscapeResources/MaskBrushMaterial_MaskedRegion.uexp" 1731
"../../../Engine/Content/EditorMeshes/Camera/SM_CraneRig_Base.ubulk" 1732
"../../../Engine/Content/EditorMeshes/Camera/SM_CraneRig_Base.uasset" 1733
"../../../Engine/Content/EditorMeshes/Camera/SM_CraneRig_Base.uexp" 1734
"../../../Engine/Content/EditorMeshes/Camera/SM_CraneRig_Body.ubulk" 1735
"../../../Engine/Content/EditorMeshes/Camera/SM_CraneRig_Body.uasset" 1736
"../../../Engine/Content/EditorMeshes/Camera/SM_CraneRig_Body.uexp" 1737
"../../../Engine/Content/EditorMeshes/Camera/SM_CraneRig_Mount.ubulk" 1738
"../../../Engine/Content/EditorMeshes/Camera/SM_CraneRig_Mount.uasset" 1739
"../../../Engine/Content/EditorMeshes/Camera/SM_CraneRig_Mount.uexp" 1740
"../../../Engine/Content/EngineResources/Development/ZenLogo_64.uasset" 1741
"../../../Engine/Content/EngineResources/Development/ZenLogo_64.uexp" 1742
"../../../Engine/Content/EditorMeshes/Camera/SM_RailRig_Mount.ubulk" 1743
"../../../Engine/Content/EditorMeshes/Camera/SM_RailRig_Mount.uasset" 1744
"../../../Engine/Content/EditorMeshes/Camera/SM_RailRig_Mount.uexp" 1745
"../../../Engine/Content/EditorLandscapeResources/SelectBrushMaterial.uasset" 1746
"../../../Engine/Content/EditorLandscapeResources/SelectBrushMaterial.uexp" 1747
"../../../Engine/Content/EditorLandscapeResources/SelectBrushMaterial_Selected.uasset" 1748
"../../../Engine/Content/EditorLandscapeResources/SelectBrushMaterial_Selected.uexp" 1749
"../../../Engine/Content/EditorLandscapeResources/SelectBrushMaterial_SelectedRegion.uasset" 1750
"../../../Engine/Content/EditorLandscapeResources/SelectBrushMaterial_SelectedRegion.uexp" 1751
"../../../Engine/Content/EngineResources/FilmGrains/Marcie_Grain_v3_128_M2_000.uasset" 1752
"../../../Engine/Content/EngineResources/FilmGrains/Marcie_Grain_v3_128_M2_000.uexp" 1753
"../../../Engine/Content/EditorMeshes/Camera/SM_RailRig_Track.ubulk" 1754
"../../../Engine/Content/EditorMeshes/Camera/SM_RailRig_Track.uasset" 1755
"../../../Engine/Content/EditorMeshes/Camera/SM_RailRig_Track.uexp" 1756
"../../../Engine/Content/EditorLandscapeResources/SplineEditorMeshMat.uasset" 1757
"../../../Engine/Content/EditorLandscapeResources/SplineEditorMeshMat.uexp" 1758
"../../../Engine/Content/EditorLandscapeResources/SplineEditorMesh.ubulk" 1759
"../../../Engine/Content/EditorLandscapeResources/SplineEditorMesh.uasset" 1760
"../../../Engine/Content/EditorLandscapeResources/SplineEditorMesh.uexp" 1761
"../../../Engine/Content/VREditor/FloatingText/LineMaterial.uasset" 1762
"../../../Engine/Content/VREditor/FloatingText/LineMaterial.uexp" 1763
"../../../Engine/Content/VREditor/FloatingText/LineSegmentCylinder.ubulk" 1764
"../../../Engine/Content/VREditor/FloatingText/LineSegmentCylinder.uasset" 1765
"../../../Engine/Content/VREditor/FloatingText/LineSegmentCylinder.uexp" 1766
"../../../Engine/Content/VREditor/LaserPointer/LaserPointerMaterial.uasset" 1767
"../../../Engine/Content/VREditor/LaserPointer/LaserPointerMaterial.uexp" 1768
"../../../Engine/Content/VREditor/LaserPointer/LaserPointerMaterialInst.uasset" 1769
"../../../Engine/Content/VREditor/LaserPointer/LaserPointerMaterialInst.uexp" 1770
"../../../Engine/Content/Functions/Engine_MaterialFunctions01/Shading/ConvertFromDiffSpec.uasset" 1771
"../../../Engine/Content/Functions/Engine_MaterialFunctions01/Shading/ConvertFromDiffSpec.uexp" 1772
"../../../Engine/Content/MaterialTemplates/Gradients/Gradient_Linear.uasset" 1773
"../../../Engine/Content/MaterialTemplates/Gradients/Gradient_Linear.uexp" 1774
"../../../Engine/Content/MaterialTemplates/Gradients/Gradient_Radial.uasset" 1775
"../../../Engine/Content/MaterialTemplates/Gradients/Gradient_Radial.uexp" 1776
"../../../Engine/Content/VREditor/TransformGizmo/BoundingBoxCorner.ubulk" 1777
"../../../Engine/Content/VREditor/TransformGizmo/BoundingBoxCorner.uasset" 1778
"../../../Engine/Content/VREditor/TransformGizmo/BoundingBoxCorner.uexp" 1779
"../../../Engine/Content/VREditor/TransformGizmo/BoundingBoxEdge.ubulk" 1780
"../../../Engine/Content/VREditor/TransformGizmo/BoundingBoxEdge.uasset" 1781
"../../../Engine/Content/VREditor/TransformGizmo/BoundingBoxEdge.uexp" 1782
"../../../Engine/Content/EditorResources/SequenceRecorder/Countdown.uasset" 1783
"../../../Engine/Content/EditorResources/SequenceRecorder/Countdown.uexp" 1784
"../../../Engine/Content/EditorResources/SequenceRecorder/RecordingIndicator.uasset" 1785
"../../../Engine/Content/EditorResources/SequenceRecorder/RecordingIndicator.uexp" 1786
"../../../Engine/Content/EditorMaterials/PhAT_NoCollisionMaterial.uasset" 1787
"../../../Engine/Content/EditorMaterials/PhAT_NoCollisionMaterial.uexp" 1788
"../../../Engine/Content/EditorMaterials/PhAT_UnselectedMaterial.uasset" 1789
"../../../Engine/Content/EditorMaterials/PhAT_UnselectedMaterial.uexp" 1790
"../../../Engine/Content/VREditor/TransformGizmo/Main.uasset" 1791
"../../../Engine/Content/VREditor/TransformGizmo/Main.uexp" 1792
"../../../Engine/Content/VREditor/TransformGizmo/Xray.uasset" 1793
"../../../Engine/Content/VREditor/TransformGizmo/Xray.uexp" 1794
"../../../Engine/Content/VREditor/TransformGizmo/SM_Sequencer_Node.ubulk" 1795
"../../../Engine/Content/VREditor/TransformGizmo/SM_Sequencer_Node.uasset" 1796
"../../../Engine/Content/VREditor/TransformGizmo/SM_Sequencer_Node.uexp" 1797
"../../../Engine/Content/EditorMaterials/PreviewShadowIndicator.ubulk" 1798
"../../../Engine/Content/EditorMaterials/PreviewShadowIndicator.uasset" 1799
"../../../Engine/Content/EditorMaterials/PreviewShadowIndicator.uexp" 1800
"../../../Engine/Content/EditorMaterials/PreviewShadowIndicatorMaterial.uasset" 1801
"../../../Engine/Content/EditorMaterials/PreviewShadowIndicatorMaterial.uexp" 1802
"../../../Engine/Content/Functions/Engine_MaterialFunctions01/Texturing/FlattenNormal.uasset" 1803
"../../../Engine/Content/Functions/Engine_MaterialFunctions01/Texturing/FlattenNormal.uexp" 1804
"../../../Engine/Plugins/Interchange/Assets/Content/Utilities/New_LUT.uasset" 1805
"../../../Engine/Plugins/Interchange/Assets/Content/Utilities/New_LUT.uexp" 1806
"../../../Engine/Plugins/Interchange/Assets/Content/Functions/MF_Iridescence.uasset" 1807
"../../../Engine/Plugins/Interchange/Assets/Content/Functions/MF_Iridescence.uexp" 1808
"../../../Engine/Plugins/Interchange/Assets/Content/gltf/Textures/T_White_srgb.uasset" 1809
"../../../Engine/Plugins/Interchange/Assets/Content/gltf/Textures/T_White_srgb.uexp" 1810
"../../../Engine/Plugins/Interchange/Assets/Content/gltf/MaterialFunctions/MF_BaseColor.uasset" 1811
"../../../Engine/Plugins/Interchange/Assets/Content/gltf/MaterialFunctions/MF_BaseColor.uexp" 1812
"../../../Engine/Plugins/Interchange/Assets/Content/gltf/MaterialFunctions/MF_RotateNormals_TS.uasset" 1813
"../../../Engine/Plugins/Interchange/Assets/Content/gltf/MaterialFunctions/MF_RotateNormals_TS.uexp" 1814
"../../../Engine/Plugins/Interchange/Assets/Content/gltf/Textures/T_Generic_N.uasset" 1815
"../../../Engine/Plugins/Interchange/Assets/Content/gltf/Textures/T_Generic_N.uexp" 1816
"../../../Engine/Plugins/Interchange/Assets/Content/gltf/Textures/T_White_Linear.uasset" 1817
"../../../Engine/Plugins/Interchange/Assets/Content/gltf/Textures/T_White_Linear.uexp" 1818
"../../../Engine/Plugins/Interchange/Assets/Content/gltf/MaterialFunctions/MF_Clearcoat.uasset" 1819
"../../../Engine/Plugins/Interchange/Assets/Content/gltf/MaterialFunctions/MF_Clearcoat.uexp" 1820
"../../../Engine/Plugins/Interchange/Assets/Content/gltf/MaterialFunctions/MF_Emissive.uasset" 1821
"../../../Engine/Plugins/Interchange/Assets/Content/gltf/MaterialFunctions/MF_Emissive.uexp" 1822
"../../../Engine/Plugins/Interchange/Assets/Content/gltf/MaterialFunctions/MF_IOR.uasset" 1823
"../../../Engine/Plugins/Interchange/Assets/Content/gltf/MaterialFunctions/MF_IOR.uexp" 1824
"../../../Engine/Plugins/Interchange/Assets/Content/gltf/MaterialFunctions/MF_Iridescence.uasset" 1825
"../../../Engine/Plugins/Interchange/Assets/Content/gltf/MaterialFunctions/MF_Iridescence.uexp" 1826
"../../../Engine/Plugins/Interchange/Assets/Content/gltf/MaterialFunctions/MF_MetallicRoughness.uasset" 1827
"../../../Engine/Plugins/Interchange/Assets/Content/gltf/MaterialFunctions/MF_MetallicRoughness.uexp" 1828
"../../../Engine/Plugins/Interchange/Assets/Content/gltf/MaterialFunctions/MF_ScaleNormal.uasset" 1829
"../../../Engine/Plugins/Interchange/Assets/Content/gltf/MaterialFunctions/MF_ScaleNormal.uexp" 1830
"../../../Engine/Plugins/Interchange/Assets/Content/gltf/MaterialFunctions/MF_Normals.uasset" 1831
"../../../Engine/Plugins/Interchange/Assets/Content/gltf/MaterialFunctions/MF_Normals.uexp" 1832
"../../../Engine/Plugins/Interchange/Assets/Content/gltf/MaterialFunctions/MF_Occlusion.uasset" 1833
"../../../Engine/Plugins/Interchange/Assets/Content/gltf/MaterialFunctions/MF_Occlusion.uexp" 1834
"../../../Engine/Plugins/Interchange/Assets/Content/gltf/MaterialFunctions/MF_Specular.uasset" 1835
"../../../Engine/Plugins/Interchange/Assets/Content/gltf/MaterialFunctions/MF_Specular.uexp" 1836
"../../../Engine/Plugins/Interchange/Assets/Content/gltf/Textures/T_Anisotropy_Direction_Linear.uasset" 1837
"../../../Engine/Plugins/Interchange/Assets/Content/gltf/Textures/T_Anisotropy_Direction_Linear.uexp" 1838
"../../../Engine/Plugins/Interchange/Assets/Content/gltf/MaterialFunctions/MF_SpecularAnisotropy.uasset" 1839
"../../../Engine/Plugins/Interchange/Assets/Content/gltf/MaterialFunctions/MF_SpecularAnisotropy.uexp" 1840
"../../../Engine/Plugins/Interchange/Assets/Content/gltf/MaterialFunctions/MF_RotateV2.uasset" 1841
"../../../Engine/Plugins/Interchange/Assets/Content/gltf/MaterialFunctions/MF_RotateV2.uexp" 1842
"../../../Engine/Plugins/Interchange/Assets/Content/gltf/MaterialFunctions/MF_TransformUVs.uasset" 1843
"../../../Engine/Plugins/Interchange/Assets/Content/gltf/MaterialFunctions/MF_TransformUVs.uexp" 1844
"../../../Engine/Plugins/Interchange/Assets/Content/gltf/MaterialBodies/MF_ClearCoat_Body.uasset" 1845
"../../../Engine/Plugins/Interchange/Assets/Content/gltf/MaterialBodies/MF_ClearCoat_Body.uexp" 1846
"../../../Engine/Plugins/Interchange/Assets/Content/gltf/M_ClearCoat.uasset" 1847
"../../../Engine/Plugins/Interchange/Assets/Content/gltf/M_ClearCoat.uexp" 1848
"../../../Engine/Plugins/Interchange/Assets/Content/gltf/MaterialInstances/MI_ClearCoat_Blend.uasset" 1849
"../../../Engine/Plugins/Interchange/Assets/Content/gltf/MaterialInstances/MI_ClearCoat_Blend.uexp" 1850
"../../../Engine/Plugins/Interchange/Assets/Content/gltf/MaterialInstances/MI_ClearCoat_Blend_DS.uasset" 1851
"../../../Engine/Plugins/Interchange/Assets/Content/gltf/MaterialInstances/MI_ClearCoat_Blend_DS.uexp" 1852
"../../../Engine/Plugins/Interchange/Assets/Content/gltf/MaterialInstances/MI_ClearCoat_Mask.uasset" 1853
"../../../Engine/Plugins/Interchange/Assets/Content/gltf/MaterialInstances/MI_ClearCoat_Mask.uexp" 1854
"../../../Engine/Plugins/Interchange/Assets/Content/gltf/MaterialInstances/MI_ClearCoat_Mask_DS.uasset" 1855
"../../../Engine/Plugins/Interchange/Assets/Content/gltf/MaterialInstances/MI_ClearCoat_Mask_DS.uexp" 1856
"../../../Engine/Plugins/Interchange/Assets/Content/gltf/MaterialInstances/MI_ClearCoat_Opaque.uasset" 1857
"../../../Engine/Plugins/Interchange/Assets/Content/gltf/MaterialInstances/MI_ClearCoat_Opaque.uexp" 1858
"../../../Engine/Plugins/Interchange/Assets/Content/gltf/MaterialInstances/MI_ClearCoat_Opaque_DS.uasset" 1859
"../../../Engine/Plugins/Interchange/Assets/Content/gltf/MaterialInstances/MI_ClearCoat_Opaque_DS.uexp" 1860
"../../../Engine/Plugins/Interchange/Assets/Content/gltf/MaterialBodies/MF_Default_Body.uasset" 1861
"../../../Engine/Plugins/Interchange/Assets/Content/gltf/MaterialBodies/MF_Default_Body.uexp" 1862
"../../../Engine/Plugins/Interchange/Assets/Content/gltf/M_Default.uasset" 1863
"../../../Engine/Plugins/Interchange/Assets/Content/gltf/M_Default.uexp" 1864
"../../../Engine/Plugins/Interchange/Assets/Content/gltf/MaterialInstances/MI_Default_Blend.uasset" 1865
"../../../Engine/Plugins/Interchange/Assets/Content/gltf/MaterialInstances/MI_Default_Blend.uexp" 1866
"../../../Engine/Plugins/Interchange/Assets/Content/gltf/MaterialInstances/MI_Default_Blend_DS.uasset" 1867
"../../../Engine/Plugins/Interchange/Assets/Content/gltf/MaterialInstances/MI_Default_Blend_DS.uexp" 1868
"../../../Engine/Plugins/Interchange/Assets/Content/gltf/MaterialInstances/MI_Default_Mask.uasset" 1869
"../../../Engine/Plugins/Interchange/Assets/Content/gltf/MaterialInstances/MI_Default_Mask.uexp" 1870
"../../../Engine/Plugins/Interchange/Assets/Content/gltf/MaterialInstances/MI_Default_Mask_DS.uasset" 1871
"../../../Engine/Plugins/Interchange/Assets/Content/gltf/MaterialInstances/MI_Default_Mask_DS.uexp" 1872
"../../../Engine/Plugins/Interchange/Assets/Content/gltf/MaterialInstances/MI_Default_Opaque.uasset" 1873
"../../../Engine/Plugins/Interchange/Assets/Content/gltf/MaterialInstances/MI_Default_Opaque.uexp" 1874
"../../../Engine/Plugins/Interchange/Assets/Content/gltf/MaterialInstances/MI_Default_Opaque_DS.uasset" 1875
"../../../Engine/Plugins/Interchange/Assets/Content/gltf/MaterialInstances/MI_Default_Opaque_DS.uexp" 1876
"../../../Engine/Plugins/Interchange/Assets/Content/gltf/MaterialFunctions/MF_Sheen.uasset" 1877
"../../../Engine/Plugins/Interchange/Assets/Content/gltf/MaterialFunctions/MF_Sheen.uexp" 1878
"../../../Engine/Plugins/Interchange/Assets/Content/gltf/MaterialBodies/MF_Sheen_Body.uasset" 1879
"../../../Engine/Plugins/Interchange/Assets/Content/gltf/MaterialBodies/MF_Sheen_Body.uexp" 1880
"../../../Engine/Plugins/Interchange/Assets/Content/gltf/M_Sheen.uasset" 1881
"../../../Engine/Plugins/Interchange/Assets/Content/gltf/M_Sheen.uexp" 1882
"../../../Engine/Plugins/Interchange/Assets/Content/gltf/MaterialInstances/MI_Sheen_Blend.uasset" 1883
"../../../Engine/Plugins/Interchange/Assets/Content/gltf/MaterialInstances/MI_Sheen_Blend.uexp" 1884
"../../../Engine/Plugins/Interchange/Assets/Content/gltf/MaterialInstances/MI_Sheen_Blend_DS.uasset" 1885
"../../../Engine/Plugins/Interchange/Assets/Content/gltf/MaterialInstances/MI_Sheen_Blend_DS.uexp" 1886
"../../../Engine/Plugins/Interchange/Assets/Content/gltf/MaterialInstances/MI_Sheen_Mask.uasset" 1887
"../../../Engine/Plugins/Interchange/Assets/Content/gltf/MaterialInstances/MI_Sheen_Mask.uexp" 1888
"../../../Engine/Plugins/Interchange/Assets/Content/gltf/MaterialInstances/MI_Sheen_Mask_DS.uasset" 1889
"../../../Engine/Plugins/Interchange/Assets/Content/gltf/MaterialInstances/MI_Sheen_Mask_DS.uexp" 1890
"../../../Engine/Plugins/Interchange/Assets/Content/gltf/MaterialInstances/MI_Sheen_Opaque.uasset" 1891
"../../../Engine/Plugins/Interchange/Assets/Content/gltf/MaterialInstances/MI_Sheen_Opaque.uexp" 1892
"../../../Engine/Plugins/Interchange/Assets/Content/gltf/MaterialInstances/MI_Sheen_Opaque_DS.uasset" 1893
"../../../Engine/Plugins/Interchange/Assets/Content/gltf/MaterialInstances/MI_Sheen_Opaque_DS.uexp" 1894
"../../../Engine/Plugins/Interchange/Assets/Content/gltf/MaterialFunctions/MF_DiffuseSpecGloss.uasset" 1895
"../../../Engine/Plugins/Interchange/Assets/Content/gltf/MaterialFunctions/MF_DiffuseSpecGloss.uexp" 1896
"../../../Engine/Plugins/Interchange/Assets/Content/gltf/MaterialFunctions/MF_MaxComponentValue.uasset" 1897
"../../../Engine/Plugins/Interchange/Assets/Content/gltf/MaterialFunctions/MF_MaxComponentValue.uexp" 1898
"../../../Engine/Content/Functions/Engine_MaterialFunctions02/Math/AddComponents.uasset" 1899
"../../../Engine/Content/Functions/Engine_MaterialFunctions02/Math/AddComponents.uexp" 1900
"../../../Engine/Plugins/Interchange/Assets/Content/gltf/MaterialFunctions/MF_PerceivedBrightness.uasset" 1901
"../../../Engine/Plugins/Interchange/Assets/Content/gltf/MaterialFunctions/MF_PerceivedBrightness.uexp" 1902
"../../../Engine/Plugins/Interchange/Assets/Content/gltf/MaterialFunctions/MF_SpecGlossToMetalRoughness.uasset" 1903
"../../../Engine/Plugins/Interchange/Assets/Content/gltf/MaterialFunctions/MF_SpecGlossToMetalRoughness.uexp" 1904
"../../../Engine/Plugins/Interchange/Assets/Content/gltf/MaterialBodies/MF_SpecularGlossiness_Body.uasset" 1905
"../../../Engine/Plugins/Interchange/Assets/Content/gltf/MaterialBodies/MF_SpecularGlossiness_Body.uexp" 1906
"../../../Engine/Plugins/Interchange/Assets/Content/gltf/M_SpecularGlossiness.uasset" 1907
"../../../Engine/Plugins/Interchange/Assets/Content/gltf/M_SpecularGlossiness.uexp" 1908
"../../../Engine/Plugins/Interchange/Assets/Content/gltf/MaterialInstances/MI_SpecularGlossiness_Blend.uasset" 1909
"../../../Engine/Plugins/Interchange/Assets/Content/gltf/MaterialInstances/MI_SpecularGlossiness_Blend.uexp" 1910
"../../../Engine/Plugins/Interchange/Assets/Content/gltf/MaterialInstances/MI_SpecularGlossiness_Blend_DS.uasset" 1911
"../../../Engine/Plugins/Interchange/Assets/Content/gltf/MaterialInstances/MI_SpecularGlossiness_Blend_DS.uexp" 1912
"../../../Engine/Plugins/Interchange/Assets/Content/gltf/MaterialInstances/MI_SpecularGlossiness_Mask.uasset" 1913
"../../../Engine/Plugins/Interchange/Assets/Content/gltf/MaterialInstances/MI_SpecularGlossiness_Mask.uexp" 1914
"../../../Engine/Plugins/Interchange/Assets/Content/gltf/MaterialInstances/MI_SpecularGlossiness_Mask_DS.uasset" 1915
"../../../Engine/Plugins/Interchange/Assets/Content/gltf/MaterialInstances/MI_SpecularGlossiness_Mask_DS.uexp" 1916
"../../../Engine/Plugins/Interchange/Assets/Content/gltf/MaterialInstances/MI_SpecularGlossiness_Opaque.uasset" 1917
"../../../Engine/Plugins/Interchange/Assets/Content/gltf/MaterialInstances/MI_SpecularGlossiness_Opaque.uexp" 1918
"../../../Engine/Plugins/Interchange/Assets/Content/gltf/MaterialInstances/MI_SpecularGlossiness_Opaque_DS.uasset" 1919
"../../../Engine/Plugins/Interchange/Assets/Content/gltf/MaterialInstances/MI_SpecularGlossiness_Opaque_DS.uexp" 1920
"../../../Engine/Plugins/Interchange/Assets/Content/gltf/MaterialFunctions/MF_Fresnel_DS.uasset" 1921
"../../../Engine/Plugins/Interchange/Assets/Content/gltf/MaterialFunctions/MF_Fresnel_DS.uexp" 1922
"../../../Engine/Plugins/Interchange/Assets/Content/gltf/MaterialFunctions/MF_Temporal_Blur.uasset" 1923
"../../../Engine/Plugins/Interchange/Assets/Content/gltf/MaterialFunctions/MF_Temporal_Blur.uexp" 1924
"../../../Engine/Plugins/Interchange/Assets/Content/gltf/MaterialFunctions/MF_Transmission.uasset" 1925
"../../../Engine/Plugins/Interchange/Assets/Content/gltf/MaterialFunctions/MF_Transmission.uexp" 1926
"../../../Engine/Plugins/Interchange/Assets/Content/gltf/MaterialBodies/MF_Transmission_Body.uasset" 1927
"../../../Engine/Plugins/Interchange/Assets/Content/gltf/MaterialBodies/MF_Transmission_Body.uexp" 1928
"../../../Engine/Plugins/Interchange/Assets/Content/gltf/M_Transmission.uasset" 1929
"../../../Engine/Plugins/Interchange/Assets/Content/gltf/M_Transmission.uexp" 1930
"../../../Engine/Plugins/Interchange/Assets/Content/gltf/MaterialInstances/MI_Transmission.uasset" 1931
"../../../Engine/Plugins/Interchange/Assets/Content/gltf/MaterialInstances/MI_Transmission.uexp" 1932
"../../../Engine/Plugins/Interchange/Assets/Content/gltf/MaterialInstances/MI_Transmission_DS.uasset" 1933
"../../../Engine/Plugins/Interchange/Assets/Content/gltf/MaterialInstances/MI_Transmission_DS.uexp" 1934
"../../../Engine/Plugins/Interchange/Assets/Content/gltf/MaterialBodies/MF_Unlit_Body.uasset" 1935
"../../../Engine/Plugins/Interchange/Assets/Content/gltf/MaterialBodies/MF_Unlit_Body.uexp" 1936
"../../../Engine/Plugins/Interchange/Assets/Content/gltf/M_Unlit.uasset" 1937
"../../../Engine/Plugins/Interchange/Assets/Content/gltf/M_Unlit.uexp" 1938
"../../../Engine/Plugins/Interchange/Assets/Content/gltf/MaterialInstances/MI_Unlit_Blend.uasset" 1939
"../../../Engine/Plugins/Interchange/Assets/Content/gltf/MaterialInstances/MI_Unlit_Blend.uexp" 1940
"../../../Engine/Plugins/Interchange/Assets/Content/gltf/MaterialInstances/MI_Unlit_Blend_DS.uasset" 1941
"../../../Engine/Plugins/Interchange/Assets/Content/gltf/MaterialInstances/MI_Unlit_Blend_DS.uexp" 1942
"../../../Engine/Plugins/Interchange/Assets/Content/gltf/MaterialInstances/MI_Unlit_Mask.uasset" 1943
"../../../Engine/Plugins/Interchange/Assets/Content/gltf/MaterialInstances/MI_Unlit_Mask.uexp" 1944
"../../../Engine/Plugins/Interchange/Assets/Content/gltf/MaterialInstances/MI_Unlit_Mask_DS.uasset" 1945
"../../../Engine/Plugins/Interchange/Assets/Content/gltf/MaterialInstances/MI_Unlit_Mask_DS.uexp" 1946
"../../../Engine/Plugins/Interchange/Assets/Content/gltf/MaterialInstances/MI_Unlit_Opaque.uasset" 1947
"../../../Engine/Plugins/Interchange/Assets/Content/gltf/MaterialInstances/MI_Unlit_Opaque.uexp" 1948
"../../../Engine/Plugins/Interchange/Assets/Content/gltf/MaterialInstances/MI_Unlit_Opaque_DS.uasset" 1949
"../../../Engine/Plugins/Interchange/Assets/Content/gltf/MaterialInstances/MI_Unlit_Opaque_DS.uexp" 1950
"../../../Engine/Plugins/MovieScene/MovieRenderPipeline/Content/Blueprints/Graph/DefaultGraphBurnIn.uasset" 1951
"../../../Engine/Plugins/MovieScene/MovieRenderPipeline/Content/Blueprints/Graph/DefaultGraphBurnIn.uexp" 1952
"../../../Engine/Plugins/Runtime/OpenXR/Content/Devices/M_XRController.uasset" 1953
"../../../Engine/Plugins/Runtime/OpenXR/Content/Devices/M_XRController.uexp" 1954
"../../../Engine/Plugins/Runtime/OpenXR/Content/Devices/OculusGo/BaseTexture.ubulk" 1955
"../../../Engine/Plugins/Runtime/OpenXR/Content/Devices/OculusGo/BaseTexture.uasset" 1956
"../../../Engine/Plugins/Runtime/OpenXR/Content/Devices/OculusGo/BaseTexture.uexp" 1957
"../../../Engine/Plugins/Runtime/OpenXR/Content/Devices/OculusGo/MI_OculusGo.uasset" 1958
"../../../Engine/Plugins/Runtime/OpenXR/Content/Devices/OculusGo/MI_OculusGo.uexp" 1959
"../../../Engine/Plugins/Runtime/OpenXR/Content/Devices/OculusGo/OculusGoController.ubulk" 1960
"../../../Engine/Plugins/Runtime/OpenXR/Content/Devices/OculusGo/OculusGoController.uasset" 1961
"../../../Engine/Plugins/Runtime/OpenXR/Content/Devices/OculusGo/OculusGoController.uexp" 1962
"../../../Engine/Content/EditorMaterials/T_1x1_Grid.ubulk" 1963
"../../../Engine/Content/EditorMaterials/T_1x1_Grid.uasset" 1964
"../../../Engine/Content/EditorMaterials/T_1x1_Grid.uexp" 1965
"../../../Engine/Plugins/Runtime/nDisplay/Content/Materials/Preview/M_DisplayDeviceMesh.uasset" 1966
"../../../Engine/Plugins/Runtime/nDisplay/Content/Materials/Preview/M_DisplayDeviceMesh.uexp" 1967
"../../../Engine/Plugins/Runtime/nDisplay/Content/Materials/Preview/M_DisplayDevicePreview.uasset" 1968
"../../../Engine/Plugins/Runtime/nDisplay/Content/Materials/Preview/M_DisplayDevicePreview.uexp" 1969
"../../../Engine/Plugins/Runtime/nDisplay/Content/Materials/Preview/M_DisplayDevicePreviewTechvis.uasset" 1970
"../../../Engine/Plugins/Runtime/nDisplay/Content/Materials/Preview/M_DisplayDevicePreviewTechvis.uexp" 1971
"../../../Engine/Plugins/Runtime/nDisplay/Content/TestPatterns/Animated/M_TPAChevron.uasset" 1972
"../../../Engine/Plugins/Runtime/nDisplay/Content/TestPatterns/Animated/M_TPAChevron.uexp" 1973
"../../../Engine/Plugins/Runtime/nDisplay/Content/TestPatterns/Animated/M_TPAGrid.uasset" 1974
"../../../Engine/Plugins/Runtime/nDisplay/Content/TestPatterns/Animated/M_TPAGrid.uexp" 1975
"../../../Engine/Plugins/Runtime/nDisplay/Content/TestPatterns/Animated/M_TPAMirroredChevron.uasset" 1976
"../../../Engine/Plugins/Runtime/nDisplay/Content/TestPatterns/Animated/M_TPAMirroredChevron.uexp" 1977
"../../../Engine/Plugins/Runtime/nDisplay/Content/TestPatterns/Animated/M_TPARadar.uasset" 1978
"../../../Engine/Plugins/Runtime/nDisplay/Content/TestPatterns/Animated/M_TPARadar.uexp" 1979
"../../../Engine/Plugins/Runtime/nDisplay/Content/TestPatterns/Animated/M_TPAStrips.uasset" 1980
"../../../Engine/Plugins/Runtime/nDisplay/Content/TestPatterns/Animated/M_TPAStrips.uexp" 1981
"../../../Engine/Plugins/Runtime/nDisplay/Content/TestPatterns/Statics/M_TPSCircles.uasset" 1982
"../../../Engine/Plugins/Runtime/nDisplay/Content/TestPatterns/Statics/M_TPSCircles.uexp" 1983
"../../../Engine/Plugins/Runtime/nDisplay/Content/TestPatterns/Statics/M_TPSColoredBars.uasset" 1984
"../../../Engine/Plugins/Runtime/nDisplay/Content/TestPatterns/Statics/M_TPSColoredBars.uexp" 1985
"../../../Engine/Plugins/Runtime/nDisplay/Content/TestPatterns/Statics/M_TPSGrayBars.uasset" 1986
"../../../Engine/Plugins/Runtime/nDisplay/Content/TestPatterns/Statics/M_TPSGrayBars.uexp" 1987
"../../../Engine/Plugins/Runtime/nDisplay/Content/TestPatterns/Statics/M_TPSGridCircles.uasset" 1988
"../../../Engine/Plugins/Runtime/nDisplay/Content/TestPatterns/Statics/M_TPSGridCircles.uexp" 1989
"../../../Engine/Plugins/Runtime/OpenXR/Content/Devices/HTCVive/BaseTexture.ubulk" 1990
"../../../Engine/Plugins/Runtime/OpenXR/Content/Devices/HTCVive/BaseTexture.uasset" 1991
"../../../Engine/Plugins/Runtime/OpenXR/Content/Devices/HTCVive/BaseTexture.uexp" 1992
"../../../Engine/Plugins/Runtime/OpenXR/Content/Devices/HTCVive/MI_HTCVive.uasset" 1993
"../../../Engine/Plugins/Runtime/OpenXR/Content/Devices/HTCVive/MI_HTCVive.uexp" 1994
"../../../Engine/Plugins/Runtime/OpenXR/Content/Devices/HTCVive/HTCViveController.ubulk" 1995
"../../../Engine/Plugins/Runtime/OpenXR/Content/Devices/HTCVive/HTCViveController.uasset" 1996
"../../../Engine/Plugins/Runtime/OpenXR/Content/Devices/HTCVive/HTCViveController.uexp" 1997
"../../../Engine/Content/ArtTools/RenderToTexture/Meshes/S_1_Unit_Plane.ubulk" 1998
"../../../Engine/Content/ArtTools/RenderToTexture/Meshes/S_1_Unit_Plane.uasset" 1999
"../../../Engine/Content/ArtTools/RenderToTexture/Meshes/S_1_Unit_Plane.uexp" 2000
"../../../Engine/Content/EngineMaterials/Substrate/GLints/AGlintTex2dArray.uasset" 2001
"../../../Engine/Content/EngineMaterials/Substrate/GLints/AGlintTex2dArray.uexp" 2002
"../../../Engine/Content/EngineMaterials/Substrate/Glints2/AGlintTex2dArray2.uasset" 2003
"../../../Engine/Content/EngineMaterials/Substrate/Glints2/AGlintTex2dArray2.uexp" 2004
"../../../Engine/Content/Functions/Engine_MaterialFunctions01/Shading/PowerToRoughness.uasset" 2005
"../../../Engine/Content/Functions/Engine_MaterialFunctions01/Shading/PowerToRoughness.uexp" 2006
"../../../Engine/Content/EngineMaterials/Substrate/Volume/SubstrateSimpleVolumeEnvLUT3D.uasset" 2007
"../../../Engine/Content/EngineMaterials/Substrate/Volume/SubstrateSimpleVolumeEnvLUT3D.uexp" 2008
"../../../Engine/Content/EngineMaterials/Substrate/Volume/SubstrateSimpleVolumeLUT3D.uasset" 2009
"../../../Engine/Content/EngineMaterials/Substrate/Volume/SubstrateSimpleVolumeLUT3D.uexp" 2010
"../../../Engine/Plugins/Runtime/OpenXR/Content/Devices/MicrosoftMixedReality/BaseTexture.ubulk" 2011
"../../../Engine/Plugins/Runtime/OpenXR/Content/Devices/MicrosoftMixedReality/BaseTexture.uasset" 2012
"../../../Engine/Plugins/Runtime/OpenXR/Content/Devices/MicrosoftMixedReality/BaseTexture.uexp" 2013
"../../../Engine/Plugins/Runtime/OpenXR/Content/Devices/MicrosoftMixedReality/EmissiveTexture.ubulk" 2014
"../../../Engine/Plugins/Runtime/OpenXR/Content/Devices/MicrosoftMixedReality/EmissiveTexture.uasset" 2015
"../../../Engine/Plugins/Runtime/OpenXR/Content/Devices/MicrosoftMixedReality/EmissiveTexture.uexp" 2016
"../../../Engine/Plugins/Runtime/OpenXR/Content/Devices/MicrosoftMixedReality/MRTexture.ubulk" 2017
"../../../Engine/Plugins/Runtime/OpenXR/Content/Devices/MicrosoftMixedReality/MRTexture.uasset" 2018
"../../../Engine/Plugins/Runtime/OpenXR/Content/Devices/MicrosoftMixedReality/MRTexture.uexp" 2019
"../../../Engine/Plugins/Runtime/OpenXR/Content/Devices/MicrosoftMixedReality/NormalTexture.ubulk" 2020
"../../../Engine/Plugins/Runtime/OpenXR/Content/Devices/MicrosoftMixedReality/NormalTexture.uasset" 2021
"../../../Engine/Plugins/Runtime/OpenXR/Content/Devices/MicrosoftMixedReality/NormalTexture.uexp" 2022
"../../../Engine/Plugins/Runtime/OpenXR/Content/Devices/MicrosoftMixedReality/MI_MicrosoftMixedReality.uasset" 2023
"../../../Engine/Plugins/Runtime/OpenXR/Content/Devices/MicrosoftMixedReality/MI_MicrosoftMixedReality.uexp" 2024
"../../../Engine/Plugins/Runtime/OpenXR/Content/Devices/MicrosoftMixedReality/Left/left_MicrosoftMixedRealityController.ubulk" 2025
"../../../Engine/Plugins/Runtime/OpenXR/Content/Devices/MicrosoftMixedReality/Left/left_MicrosoftMixedRealityController.uasset" 2026
"../../../Engine/Plugins/Runtime/OpenXR/Content/Devices/MicrosoftMixedReality/Left/left_MicrosoftMixedRealityController.uexp" 2027
"../../../Engine/Plugins/Runtime/OpenXR/Content/Devices/MicrosoftMixedReality/Right/right_MicrosoftMixedRealityController.ubulk" 2028
"../../../Engine/Plugins/Runtime/OpenXR/Content/Devices/MicrosoftMixedReality/Right/right_MicrosoftMixedRealityController.uasset" 2029
"../../../Engine/Plugins/Runtime/OpenXR/Content/Devices/MicrosoftMixedReality/Right/right_MicrosoftMixedRealityController.uexp" 2030
"../../../Engine/Plugins/Runtime/OpenXR/Content/Devices/OculusTouch/BaseTexture.ubulk" 2031
"../../../Engine/Plugins/Runtime/OpenXR/Content/Devices/OculusTouch/BaseTexture.uasset" 2032
"../../../Engine/Plugins/Runtime/OpenXR/Content/Devices/OculusTouch/BaseTexture.uexp" 2033
"../../../Engine/Plugins/Runtime/OpenXR/Content/Devices/OculusTouch/MRTexture.ubulk" 2034
"../../../Engine/Plugins/Runtime/OpenXR/Content/Devices/OculusTouch/MRTexture.uasset" 2035
"../../../Engine/Plugins/Runtime/OpenXR/Content/Devices/OculusTouch/MRTexture.uexp" 2036
"../../../Engine/Plugins/Runtime/OpenXR/Content/Devices/OculusTouch/MI_OculusTouch.uasset" 2037
"../../../Engine/Plugins/Runtime/OpenXR/Content/Devices/OculusTouch/MI_OculusTouch.uexp" 2038
"../../../Engine/Plugins/Runtime/OpenXR/Content/Devices/OculusTouch/Left/left_OculusTouchController.ubulk" 2039
"../../../Engine/Plugins/Runtime/OpenXR/Content/Devices/OculusTouch/Left/left_OculusTouchController.uasset" 2040
"../../../Engine/Plugins/Runtime/OpenXR/Content/Devices/OculusTouch/Left/left_OculusTouchController.uexp" 2041
"../../../Engine/Plugins/Runtime/OpenXR/Content/Devices/OculusTouch/Right/right_OculusTouchController.ubulk" 2042
"../../../Engine/Plugins/Runtime/OpenXR/Content/Devices/OculusTouch/Right/right_OculusTouchController.uasset" 2043
"../../../Engine/Plugins/Runtime/OpenXR/Content/Devices/OculusTouch/Right/right_OculusTouchController.uexp" 2044
"../../../Engine/Plugins/Runtime/OpenXR/Content/Devices/OculusTouch_v2/BaseTexture.ubulk" 2045
"../../../Engine/Plugins/Runtime/OpenXR/Content/Devices/OculusTouch_v2/BaseTexture.uasset" 2046
"../../../Engine/Plugins/Runtime/OpenXR/Content/Devices/OculusTouch_v2/BaseTexture.uexp" 2047
"../../../Engine/Plugins/Runtime/OpenXR/Content/Devices/OculusTouch_v2/MRTexture.ubulk" 2048
"../../../Engine/Plugins/Runtime/OpenXR/Content/Devices/OculusTouch_v2/MRTexture.uasset" 2049
"../../../Engine/Plugins/Runtime/OpenXR/Content/Devices/OculusTouch_v2/MRTexture.uexp" 2050
"../../../Engine/Plugins/Runtime/OpenXR/Content/Devices/OculusTouch_v2/MI_OculusTouch_v2.uasset" 2051
"../../../Engine/Plugins/Runtime/OpenXR/Content/Devices/OculusTouch_v2/MI_OculusTouch_v2.uexp" 2052
"../../../Engine/Plugins/Runtime/OpenXR/Content/Devices/OculusTouch_v2/Left/left_OculusTouch_v2Controller.ubulk" 2053
"../../../Engine/Plugins/Runtime/OpenXR/Content/Devices/OculusTouch_v2/Left/left_OculusTouch_v2Controller.uasset" 2054
"../../../Engine/Plugins/Runtime/OpenXR/Content/Devices/OculusTouch_v2/Left/left_OculusTouch_v2Controller.uexp" 2055
"../../../Engine/Plugins/Runtime/OpenXR/Content/Devices/OculusTouch_v2/Right/right_OculusTouch_v2Controller.ubulk" 2056
"../../../Engine/Plugins/Runtime/OpenXR/Content/Devices/OculusTouch_v2/Right/right_OculusTouch_v2Controller.uasset" 2057
"../../../Engine/Plugins/Runtime/OpenXR/Content/Devices/OculusTouch_v2/Right/right_OculusTouch_v2Controller.uexp" 2058
"../../../Engine/Plugins/Runtime/OpenXR/Content/Devices/OculusTouch_v3/BaseTexture.ubulk" 2059
"../../../Engine/Plugins/Runtime/OpenXR/Content/Devices/OculusTouch_v3/BaseTexture.uasset" 2060
"../../../Engine/Plugins/Runtime/OpenXR/Content/Devices/OculusTouch_v3/BaseTexture.uexp" 2061
"../../../Engine/Plugins/Runtime/OpenXR/Content/Devices/OculusTouch_v3/MRTexture.ubulk" 2062
"../../../Engine/Plugins/Runtime/OpenXR/Content/Devices/OculusTouch_v3/MRTexture.uasset" 2063
"../../../Engine/Plugins/Runtime/OpenXR/Content/Devices/OculusTouch_v3/MRTexture.uexp" 2064
"../../../Engine/Plugins/Runtime/OpenXR/Content/Devices/OculusTouch_v3/MI_OculusTouch_v3.uasset" 2065
"../../../Engine/Plugins/Runtime/OpenXR/Content/Devices/OculusTouch_v3/MI_OculusTouch_v3.uexp" 2066
"../../../Engine/Plugins/Runtime/OpenXR/Content/Devices/OculusTouch_v3/Left/left_OculusTouch_v3Controller.ubulk" 2067
"../../../Engine/Plugins/Runtime/OpenXR/Content/Devices/OculusTouch_v3/Left/left_OculusTouch_v3Controller.uasset" 2068
"../../../Engine/Plugins/Runtime/OpenXR/Content/Devices/OculusTouch_v3/Left/left_OculusTouch_v3Controller.uexp" 2069
"../../../Engine/Plugins/Runtime/OpenXR/Content/Devices/OculusTouch_v3/Right/right_OculusTouch_v3Controller.ubulk" 2070
"../../../Engine/Plugins/Runtime/OpenXR/Content/Devices/OculusTouch_v3/Right/right_OculusTouch_v3Controller.uasset" 2071
"../../../Engine/Plugins/Runtime/OpenXR/Content/Devices/OculusTouch_v3/Right/right_OculusTouch_v3Controller.uexp" 2072
"../../../Engine/Plugins/Runtime/OpenXR/Content/Devices/ValveIndex/BaseTexture.ubulk" 2073
"../../../Engine/Plugins/Runtime/OpenXR/Content/Devices/ValveIndex/BaseTexture.uasset" 2074
"../../../Engine/Plugins/Runtime/OpenXR/Content/Devices/ValveIndex/BaseTexture.uexp" 2075
"../../../Engine/Plugins/Runtime/OpenXR/Content/Devices/ValveIndex/MRTexture.ubulk" 2076
"../../../Engine/Plugins/Runtime/OpenXR/Content/Devices/ValveIndex/MRTexture.uasset" 2077
"../../../Engine/Plugins/Runtime/OpenXR/Content/Devices/ValveIndex/MRTexture.uexp" 2078
"../../../Engine/Plugins/Runtime/OpenXR/Content/Devices/ValveIndex/Left/MI_left_ValveIndex.uasset" 2079
"../../../Engine/Plugins/Runtime/OpenXR/Content/Devices/ValveIndex/Left/MI_left_ValveIndex.uexp" 2080
"../../../Engine/Plugins/Runtime/OpenXR/Content/Devices/ValveIndex/Left/left_ValveIndexController.ubulk" 2081
"../../../Engine/Plugins/Runtime/OpenXR/Content/Devices/ValveIndex/Left/left_ValveIndexController.uasset" 2082
"../../../Engine/Plugins/Runtime/OpenXR/Content/Devices/ValveIndex/Left/left_ValveIndexController.uexp" 2083
"../../../Engine/Plugins/Runtime/OpenXR/Content/Devices/ValveIndex/Right/MI_right_ValveIndex.uasset" 2084
"../../../Engine/Plugins/Runtime/OpenXR/Content/Devices/ValveIndex/Right/MI_right_ValveIndex.uexp" 2085
"../../../Engine/Plugins/Runtime/OpenXR/Content/Devices/ValveIndex/Right/right_ValveIndexController.ubulk" 2086
"../../../Engine/Plugins/Runtime/OpenXR/Content/Devices/ValveIndex/Right/right_ValveIndexController.uasset" 2087
"../../../Engine/Plugins/Runtime/OpenXR/Content/Devices/ValveIndex/Right/right_ValveIndexController.uexp" 2088
"C:/Users/A24059/Documents/Sourcetree/CurryUdon/Content/seisaku/Texture/CurryUdon_Yogore_1-removebg-preview.uasset" 2089
"C:/Users/A24059/Documents/Sourcetree/CurryUdon/Content/seisaku/Texture/CurryUdon_Yogore_1-removebg-preview.uexp" 2090
"C:/Users/A24059/Documents/Sourcetree/CurryUdon/Content/seisaku/Material/curry.uasset" 2091
"C:/Users/A24059/Documents/Sourcetree/CurryUdon/Content/seisaku/Material/curry.uexp" 2092
"../../../Engine/Plugins/NNE/NNEDenoiser/Content/NNEDIM_ColorAlbedoNormal_Alpha.uasset" 2093
"../../../Engine/Plugins/NNE/NNEDenoiser/Content/NNEDIM_ColorAlbedoNormal_Alpha.uexp" 2094
"../../../Engine/Plugins/NNE/NNEDenoiser/Content/NNEDIM_ColorAlbedoNormal_Default.uasset" 2095
"../../../Engine/Plugins/NNE/NNEDenoiser/Content/NNEDIM_ColorAlbedoNormal_Default.uexp" 2096
"../../../Engine/Plugins/NNE/NNEDenoiser/Content/NNEDIM_HighQuality_Alpha.uasset" 2097
"../../../Engine/Plugins/NNE/NNEDenoiser/Content/NNEDIM_HighQuality_Alpha.uexp" 2098
"../../../Engine/Plugins/NNE/NNEDenoiser/Content/NNEDIM_HighQuality_Default.uasset" 2099
"../../../Engine/Plugins/NNE/NNEDenoiser/Content/NNEDIM_HighQuality_Default.uexp" 2100
"../../../Engine/Plugins/NNE/NNEDenoiser/Content/NNEDOM_Output_Alpha.uasset" 2101
"../../../Engine/Plugins/NNE/NNEDenoiser/Content/NNEDOM_Output_Alpha.uexp" 2102
"../../../Engine/Plugins/NNE/NNEDenoiser/Content/NNEDOM_Output_Default.uasset" 2103
"../../../Engine/Plugins/NNE/NNEDenoiser/Content/NNEDOM_Output_Default.uexp" 2104
"../../../Engine/Plugins/NNE/NNEDenoiser/Content/NNEDTIM_ColorAlbedoNormal_Alpha.uasset" 2105
"../../../Engine/Plugins/NNE/NNEDenoiser/Content/NNEDTIM_ColorAlbedoNormal_Alpha.uexp" 2106
"../../../Engine/Plugins/NNE/NNEDenoiser/Content/NNEDTIM_ColorAlbedoNormal_Default.uasset" 2107
"../../../Engine/Plugins/NNE/NNEDenoiser/Content/NNEDTIM_ColorAlbedoNormal_Default.uexp" 2108
"../../../Engine/Plugins/NNE/NNEDenoiser/Content/NNEDTOM_Output_Alpha.uasset" 2109
"../../../Engine/Plugins/NNE/NNEDenoiser/Content/NNEDTOM_Output_Alpha.uexp" 2110
"../../../Engine/Plugins/NNE/NNEDenoiser/Content/NNEDTOM_Output_Default.uasset" 2111
"../../../Engine/Plugins/NNE/NNEDenoiser/Content/NNEDTOM_Output_Default.uexp" 2112
"../../../Engine/Plugins/NNE/NNEDenoiser/Content/NNEDT_Oidn2-3_Balanced.uasset" 2113
"../../../Engine/Plugins/NNE/NNEDenoiser/Content/NNEDT_Oidn2-3_Balanced.uexp" 2114
"../../../Engine/Plugins/NNE/NNEDenoiser/Content/NNEDT_Oidn2-3_Balanced_Alpha.uasset" 2115
"../../../Engine/Plugins/NNE/NNEDenoiser/Content/NNEDT_Oidn2-3_Balanced_Alpha.uexp" 2116
"../../../Engine/Plugins/NNE/NNEDenoiser/Content/NNED_Oidn2-3_Balanced.uasset" 2117
"../../../Engine/Plugins/NNE/NNEDenoiser/Content/NNED_Oidn2-3_Balanced.uexp" 2118
"../../../Engine/Plugins/NNE/NNEDenoiser/Content/NNED_Oidn2-3_Balanced_Alpha.uasset" 2119
"../../../Engine/Plugins/NNE/NNEDenoiser/Content/NNED_Oidn2-3_Balanced_Alpha.uexp" 2120
"../../../Engine/Plugins/NNE/NNEDenoiser/Content/NNED_Oidn2-3_Fast.uasset" 2121
"../../../Engine/Plugins/NNE/NNEDenoiser/Content/NNED_Oidn2-3_Fast.uexp" 2122
"../../../Engine/Plugins/NNE/NNEDenoiser/Content/NNED_Oidn2-3_Fast_Alpha.uasset" 2123
"../../../Engine/Plugins/NNE/NNEDenoiser/Content/NNED_Oidn2-3_Fast_Alpha.uexp" 2124
"../../../Engine/Plugins/NNE/NNEDenoiser/Content/NNED_Oidn2-3_HighQuality.uasset" 2125
"../../../Engine/Plugins/NNE/NNEDenoiser/Content/NNED_Oidn2-3_HighQuality.uexp" 2126
"../../../Engine/Plugins/NNE/NNEDenoiser/Content/NNED_Oidn2-3_HighQuality_Alpha.uasset" 2127
"../../../Engine/Plugins/NNE/NNEDenoiser/Content/NNED_Oidn2-3_HighQuality_Alpha.uexp" 2128
"../../../Engine/Plugins/NNE/NNEDenoiser/Content/NNE_oidn2-3-0_rt_hdr_alb_nrm_small__dyn__fp16_opset11_DenoiseAlpha.uasset" 2129
"../../../Engine/Plugins/NNE/NNEDenoiser/Content/NNE_oidn2-3-0_rt_hdr_alb_nrm_small__dyn__fp16_opset11_DenoiseAlpha.uexp" 2130
"../../../Engine/Plugins/NNE/NNEDenoiser/Content/NNE_oidn2-3-0_rt_hdr_alb_nrm_small__dyn__fp16_opset11_ForwardAlpha.uasset" 2131
"../../../Engine/Plugins/NNE/NNEDenoiser/Content/NNE_oidn2-3-0_rt_hdr_alb_nrm_small__dyn__fp16_opset11_ForwardAlpha.uexp" 2132
"../../../Engine/Plugins/NNE/NNEDenoiser/Content/NNE_oidn2-3-0_rt_hdr_alb_nrm__dyn__fp16_opset11_DenoiseAlpha.uasset" 2133
"../../../Engine/Plugins/NNE/NNEDenoiser/Content/NNE_oidn2-3-0_rt_hdr_alb_nrm__dyn__fp16_opset11_DenoiseAlpha.uexp" 2134
"../../../Engine/Plugins/NNE/NNEDenoiser/Content/NNE_oidn2-3-0_rt_hdr_alb_nrm__dyn__fp16_opset11_ForwardAlpha.uasset" 2135
"../../../Engine/Plugins/NNE/NNEDenoiser/Content/NNE_oidn2-3-0_rt_hdr_alb_nrm__dyn__fp16_opset11_ForwardAlpha.uexp" 2136
"../../../Engine/Plugins/NNE/NNEDenoiser/Content/NNE_oidn2-3-0_rt_hdr_calb_cnrm_large__dyn__fp16_opset11_DenoiseAlpha.uasset" 2137
"../../../Engine/Plugins/NNE/NNEDenoiser/Content/NNE_oidn2-3-0_rt_hdr_calb_cnrm_large__dyn__fp16_opset11_DenoiseAlpha.uexp" 2138
"../../../Engine/Plugins/NNE/NNEDenoiser/Content/NNE_oidn2-3-0_rt_hdr_calb_cnrm_large__dyn__fp16_opset11_ForwardAlpha.uasset" 2139
"../../../Engine/Plugins/NNE/NNEDenoiser/Content/NNE_oidn2-3-0_rt_hdr_calb_cnrm_large__dyn__fp16_opset11_ForwardAlpha.uexp" 2140
"../../../Engine/Plugins/Runtime/AR/AppleAR/AppleARKit/Content/M_OcclusionOverlay.uasset" 2141
"../../../Engine/Plugins/Runtime/AR/AppleAR/AppleARKit/Content/M_OcclusionOverlay.uexp" 2142
"../../../Engine/Plugins/Runtime/AR/AppleAR/AppleARKit/Content/MI_DepthOcclusionOverlay.uasset" 2143
"../../../Engine/Plugins/Runtime/AR/AppleAR/AppleARKit/Content/MI_DepthOcclusionOverlay.uexp" 2144
"../../../Engine/Plugins/Runtime/AR/AppleAR/AppleARKit/Content/MI_MatteOcclusionOverlay.uasset" 2145
"../../../Engine/Plugins/Runtime/AR/AppleAR/AppleARKit/Content/MI_MatteOcclusionOverlay.uexp" 2146
"../../../Engine/Plugins/2D/Paper2D/Content/DefaultSpriteMaterial.uasset" 2147
"../../../Engine/Plugins/2D/Paper2D/Content/DefaultSpriteMaterial.uexp" 2148
"../../../Engine/Plugins/2D/Paper2D/Content/MaskedUnlitSpriteMaterial.uasset" 2149
"../../../Engine/Plugins/2D/Paper2D/Content/MaskedUnlitSpriteMaterial.uexp" 2150
"../../../Engine/Plugins/VirtualProduction/VirtualCamera/Content/WidgetLibrary/VCamGestureWidget/Dependencies/TutorialImages/GestureDoubleTap.ubulk" 2151
"../../../Engine/Plugins/VirtualProduction/VirtualCamera/Content/WidgetLibrary/VCamGestureWidget/Dependencies/TutorialImages/GestureDoubleTap.uasset" 2152
"../../../Engine/Plugins/VirtualProduction/VirtualCamera/Content/WidgetLibrary/VCamGestureWidget/Dependencies/TutorialImages/GestureDoubleTap.uexp" 2153
"../../../Engine/Plugins/2D/Paper2D/Content/OpaqueUnlitSpriteMaterial.uasset" 2154
"../../../Engine/Plugins/2D/Paper2D/Content/OpaqueUnlitSpriteMaterial.uexp" 2155
"../../../Engine/Plugins/Runtime/AR/AppleAR/AppleARKit/Content/M_SceneDepthOcclusion.uasset" 2156
"../../../Engine/Plugins/Runtime/AR/AppleAR/AppleARKit/Content/M_SceneDepthOcclusion.uexp" 2157
"../../../Engine/Plugins/VirtualProduction/VirtualCamera/Content/WidgetLibrary/VCamGestureWidget/Dependencies/TutorialImages/GestureDrag.ubulk" 2158
"../../../Engine/Plugins/VirtualProduction/VirtualCamera/Content/WidgetLibrary/VCamGestureWidget/Dependencies/TutorialImages/GestureDrag.uasset" 2159
"../../../Engine/Plugins/VirtualProduction/VirtualCamera/Content/WidgetLibrary/VCamGestureWidget/Dependencies/TutorialImages/GestureDrag.uexp" 2160
"../../../Engine/Plugins/Animation/ControlRig/Content/M_Manip.uasset" 2161
"../../../Engine/Plugins/Animation/ControlRig/Content/M_Manip.uexp" 2162
"../../../Engine/Plugins/VirtualProduction/VirtualCamera/Content/WidgetLibrary/VCamGestureWidget/Dependencies/TutorialImages/GesturePinch.ubulk" 2163
"../../../Engine/Plugins/VirtualProduction/VirtualCamera/Content/WidgetLibrary/VCamGestureWidget/Dependencies/TutorialImages/GesturePinch.uasset" 2164
"../../../Engine/Plugins/VirtualProduction/VirtualCamera/Content/WidgetLibrary/VCamGestureWidget/Dependencies/TutorialImages/GesturePinch.uexp" 2165
"../../../Engine/Plugins/Runtime/CommonUI/Content/DefaultMediaTexture.uasset" 2166
"../../../Engine/Plugins/Runtime/CommonUI/Content/DefaultMediaTexture.uexp" 2167
"../../../Engine/Plugins/Runtime/CommonUI/Content/VideoPlayerMaterial.uasset" 2168
"../../../Engine/Plugins/Runtime/CommonUI/Content/VideoPlayerMaterial.uexp" 2169
"../../../Engine/Plugins/VirtualProduction/VirtualCamera/Content/WidgetLibrary/VCamGestureWidget/Dependencies/TutorialImages/GestureThumbsUp.ubulk" 2170
"../../../Engine/Plugins/VirtualProduction/VirtualCamera/Content/WidgetLibrary/VCamGestureWidget/Dependencies/TutorialImages/GestureThumbsUp.uasset" 2171
"../../../Engine/Plugins/VirtualProduction/VirtualCamera/Content/WidgetLibrary/VCamGestureWidget/Dependencies/TutorialImages/GestureThumbsUp.uexp" 2172
"../../../Engine/Plugins/VirtualProduction/VirtualCamera/Content/WidgetLibrary/VCamGestureWidget/Dependencies/TutorialImages/GestureTwoFinger.ubulk" 2173
"../../../Engine/Plugins/VirtualProduction/VirtualCamera/Content/WidgetLibrary/VCamGestureWidget/Dependencies/TutorialImages/GestureTwoFinger.uasset" 2174
"../../../Engine/Plugins/VirtualProduction/VirtualCamera/Content/WidgetLibrary/VCamGestureWidget/Dependencies/TutorialImages/GestureTwoFinger.uexp" 2175
"../../../Engine/Content/EngineSky/C_Sky_Cloud_Color.uasset" 2176
"../../../Engine/Content/EngineSky/C_Sky_Cloud_Color.uexp" 2177
"../../../Engine/Content/EngineSky/C_Sky_Horizon_Color.uasset" 2178
"../../../Engine/Content/EngineSky/C_Sky_Horizon_Color.uexp" 2179
"../../../Engine/Content/EngineSky/C_Sky_Zenith_Color.uasset" 2180
"../../../Engine/Content/EngineSky/C_Sky_Zenith_Color.uexp" 2181
"../../../Engine/Content/EngineSky/T_Sky_Blue.ubulk" 2182
"../../../Engine/Content/EngineSky/T_Sky_Blue.uasset" 2183
"../../../Engine/Content/EngineSky/T_Sky_Blue.uexp" 2184
"../../../Engine/Content/EngineSky/T_Sky_Clouds_M.ubulk" 2185
"../../../Engine/Content/EngineSky/T_Sky_Clouds_M.uasset" 2186
"../../../Engine/Content/EngineSky/T_Sky_Clouds_M.uexp" 2187
"../../../Engine/Content/EngineSky/T_Sky_Stars.ubulk" 2188
"../../../Engine/Content/EngineSky/T_Sky_Stars.uasset" 2189
"../../../Engine/Content/EngineSky/T_Sky_Stars.uexp" 2190
"../../../Engine/Content/EngineSky/M_Sky_Panning_Clouds2.uasset" 2191
"../../../Engine/Content/EngineSky/M_Sky_Panning_Clouds2.uexp" 2192
"../../../Engine/Content/EngineSky/SM_SkySphere.ubulk" 2193
"../../../Engine/Content/EngineSky/SM_SkySphere.uasset" 2194
"../../../Engine/Content/EngineSky/SM_SkySphere.uexp" 2195
"../../../Engine/Content/EngineSky/BP_Sky_Sphere.uasset" 2196
"../../../Engine/Content/EngineSky/BP_Sky_Sphere.uexp" 2197
"../../../Engine/Plugins/Runtime/SunPosition/Content/Editor/M_ArrowColor.uasset" 2198
"../../../Engine/Plugins/Runtime/SunPosition/Content/Editor/M_ArrowColor.uexp" 2199
"../../../Engine/Plugins/Runtime/SunPosition/Content/Editor/MI_ArrowColorGrey.uasset" 2200
"../../../Engine/Plugins/Runtime/SunPosition/Content/Editor/MI_ArrowColorGrey.uexp" 2201
"../../../Engine/Plugins/Runtime/SunPosition/Content/Editor/MI_ArrowColorRed.uasset" 2202
"../../../Engine/Plugins/Runtime/SunPosition/Content/Editor/MI_ArrowColorRed.uexp" 2203
"../../../Engine/Plugins/Runtime/SunPosition/Content/Editor/SM_Compass.ubulk" 2204
"../../../Engine/Plugins/Runtime/SunPosition/Content/Editor/SM_Compass.uasset" 2205
"../../../Engine/Plugins/Runtime/SunPosition/Content/Editor/SM_Compass.uexp" 2206
"../../../Engine/Plugins/Runtime/SunPosition/Content/SunSky.uasset" 2207
"../../../Engine/Plugins/Runtime/SunPosition/Content/SunSky.uexp" 2208
"../../../Engine/Plugins/VirtualProduction/VirtualCamera/Content/Common/Structs/S_VcamWidgetConfig.uasset" 2209
"../../../Engine/Plugins/VirtualProduction/VirtualCamera/Content/Common/Structs/S_VcamWidgetConfig.uexp" 2210
"../../../Engine/Plugins/VirtualProduction/VirtualCamera/Content/Common/Structs/S_VcamState.uasset" 2211
"../../../Engine/Plugins/VirtualProduction/VirtualCamera/Content/Common/Structs/S_VcamState.uexp" 2212
"../../../Engine/Plugins/VirtualProduction/VirtualCamera/Content/WidgetLibrary/BaseWidgets/BaseTextDisplay/Dependencies/BaseTextDisplayUserSettings.uasset" 2213
"../../../Engine/Plugins/VirtualProduction/VirtualCamera/Content/WidgetLibrary/BaseWidgets/BaseTextDisplay/Dependencies/BaseTextDisplayUserSettings.uexp" 2214
"../../../Engine/Plugins/VirtualProduction/VirtualCamera/Content/WidgetLibrary/BaseWidgets/BaseTextDisplay/Interfaces/BaseTextDisplayUserSettingsInterface.uasset" 2215
"../../../Engine/Plugins/VirtualProduction/VirtualCamera/Content/WidgetLibrary/BaseWidgets/BaseTextDisplay/Interfaces/BaseTextDisplayUserSettingsInterface.uexp" 2216
"../../../Engine/Plugins/VirtualProduction/VirtualCamera/Content/Common/TextStyles/VCamTextStyle.uasset" 2217
"../../../Engine/Plugins/VirtualProduction/VirtualCamera/Content/Common/TextStyles/VCamTextStyle.uexp" 2218
"../../../Engine/Plugins/VirtualProduction/VirtualCamera/Content/Common/TextStyles/VCamTextStyles.uasset" 2219
"../../../Engine/Plugins/VirtualProduction/VirtualCamera/Content/Common/TextStyles/VCamTextStyles.uexp" 2220
"../../../Engine/Content/EngineFonts/Faces/RobotoBold.uexp" 2221
"../../../Engine/Content/EngineFonts/Faces/RobotoBold.uasset" 2222
"../../../Engine/Content/EngineFonts/Faces/RobotoBold.ufont" 2223
"../../../Engine/Content/EngineFonts/Faces/RobotoBoldItalic.uexp" 2224
"../../../Engine/Content/EngineFonts/Faces/RobotoBoldItalic.uasset" 2225
"../../../Engine/Content/EngineFonts/Faces/RobotoBoldItalic.ufont" 2226
"../../../Engine/Content/EngineFonts/Faces/RobotoItalic.uexp" 2227
"../../../Engine/Content/EngineFonts/Faces/RobotoItalic.uasset" 2228
"../../../Engine/Content/EngineFonts/Faces/RobotoItalic.ufont" 2229
"../../../Engine/Content/EngineFonts/Faces/RobotoLight.uexp" 2230
"../../../Engine/Content/EngineFonts/Faces/RobotoLight.uasset" 2231
"../../../Engine/Content/EngineFonts/Faces/RobotoLight.ufont" 2232
"../../../Engine/Content/EngineFonts/Faces/RobotoRegular.uexp" 2233
"../../../Engine/Content/EngineFonts/Faces/RobotoRegular.uasset" 2234
"../../../Engine/Content/EngineFonts/Faces/RobotoRegular.ufont" 2235
"../../../Engine/Content/EngineFonts/Roboto.uasset" 2236
"../../../Engine/Content/EngineFonts/Roboto.uexp" 2237
"../../../Engine/Plugins/VirtualProduction/VirtualCamera/Content/Common/TextStyles/VCamTextStyleTable.uasset" 2238
"../../../Engine/Plugins/VirtualProduction/VirtualCamera/Content/Common/TextStyles/VCamTextStyleTable.uexp" 2239
"../../../Engine/Plugins/VirtualProduction/VirtualCamera/Content/WidgetLibrary/BaseWidgets/BaseTextDisplay/Dependencies/BaseTextDisplayStyleSettings.uasset" 2240
"../../../Engine/Plugins/VirtualProduction/VirtualCamera/Content/WidgetLibrary/BaseWidgets/BaseTextDisplay/Dependencies/BaseTextDisplayStyleSettings.uexp" 2241
"../../../Engine/Plugins/VirtualProduction/VirtualCamera/Content/WidgetLibrary/BaseWidgets/BaseTextDisplay/Interfaces/BaseTextDisplayStyleSettingsInterface.uasset" 2242
"../../../Engine/Plugins/VirtualProduction/VirtualCamera/Content/WidgetLibrary/BaseWidgets/BaseTextDisplay/Interfaces/BaseTextDisplayStyleSettingsInterface.uexp" 2243
"../../../Engine/Plugins/VirtualProduction/VirtualCamera/Content/WidgetLibrary/BaseWidgets/BaseTextDisplay/BaseTextDisplay.uasset" 2244
"../../../Engine/Plugins/VirtualProduction/VirtualCamera/Content/WidgetLibrary/BaseWidgets/BaseTextDisplay/BaseTextDisplay.uexp" 2245
"../../../Engine/Plugins/VirtualProduction/VirtualCamera/Content/WidgetLibrary/Common/VCamIcons/IconHidden.uasset" 2246
"../../../Engine/Plugins/VirtualProduction/VirtualCamera/Content/WidgetLibrary/Common/VCamIcons/IconHidden.uexp" 2247
"../../../Engine/Plugins/VirtualProduction/VirtualCamera/Content/WidgetLibrary/Common/VCamIcons/IconTools.uasset" 2248
"../../../Engine/Plugins/VirtualProduction/VirtualCamera/Content/WidgetLibrary/Common/VCamIcons/IconTools.uexp" 2249
"../../../Engine/Plugins/VirtualProduction/VirtualCamera/Content/WidgetLibrary/Common/VCamIcons/IconVisible.uasset" 2250
"../../../Engine/Plugins/VirtualProduction/VirtualCamera/Content/WidgetLibrary/Common/VCamIcons/IconVisible.uexp" 2251
"../../../Engine/Plugins/VirtualProduction/VirtualCamera/Content/WidgetLibrary/VCamButton/Dependencies/VCamButtonStyleSettings.uasset" 2252
"../../../Engine/Plugins/VirtualProduction/VirtualCamera/Content/WidgetLibrary/VCamButton/Dependencies/VCamButtonStyleSettings.uexp" 2253
"../../../Engine/Plugins/VirtualProduction/VirtualCamera/Content/WidgetLibrary/VCamButton/Interfaces/VCamButtonStyleSettingsInterface.uasset" 2254
"../../../Engine/Plugins/VirtualProduction/VirtualCamera/Content/WidgetLibrary/VCamButton/Interfaces/VCamButtonStyleSettingsInterface.uexp" 2255
"../../../Engine/Plugins/VirtualProduction/VirtualCamera/Content/WidgetLibrary/VcamBadge/VCamBadgeStyleSettings.uasset" 2256
"../../../Engine/Plugins/VirtualProduction/VirtualCamera/Content/WidgetLibrary/VcamBadge/VCamBadgeStyleSettings.uexp" 2257
"../../../Engine/Plugins/VirtualProduction/VirtualCamera/Content/WidgetLibrary/VcamBadge/VCamBadgeStyleSettingsInterface.uasset" 2258
"../../../Engine/Plugins/VirtualProduction/VirtualCamera/Content/WidgetLibrary/VcamBadge/VCamBadgeStyleSettingsInterface.uexp" 2259
"../../../Engine/Plugins/VirtualProduction/VirtualCamera/Content/WidgetLibrary/VcamBadge/VCamBadgeTooltip.uasset" 2260
"../../../Engine/Plugins/VirtualProduction/VirtualCamera/Content/WidgetLibrary/VcamBadge/VCamBadgeTooltip.uexp" 2261
"../../../Engine/Plugins/VirtualProduction/VirtualCamera/Content/WidgetLibrary/VcamBadge/VCamBadge.uasset" 2262
"../../../Engine/Plugins/VirtualProduction/VirtualCamera/Content/WidgetLibrary/VcamBadge/VCamBadge.uexp" 2263
"../../../Engine/Plugins/VirtualProduction/VirtualCamera/Content/WidgetLibrary/Common/VCamIcons/IconSettings.uasset" 2264
"../../../Engine/Plugins/VirtualProduction/VirtualCamera/Content/WidgetLibrary/Common/VCamIcons/IconSettings.uexp" 2265
"../../../Engine/Plugins/VirtualProduction/VirtualCamera/Content/WidgetLibrary/VCamTakesBrowser/enum/E_VCamAssetBrowserOptionMode.uasset" 2266
"../../../Engine/Plugins/VirtualProduction/VirtualCamera/Content/WidgetLibrary/VCamTakesBrowser/enum/E_VCamAssetBrowserOptionMode.uexp" 2267
"../../../Engine/Plugins/VirtualProduction/VirtualCamera/Content/WidgetLibrary/VCamTakesBrowser/tex/T_IconFilter.uasset" 2268
"../../../Engine/Plugins/VirtualProduction/VirtualCamera/Content/WidgetLibrary/VCamTakesBrowser/tex/T_IconFilter.uexp" 2269
"../../../Engine/Plugins/VirtualProduction/VirtualCamera/Content/WidgetLibrary/VCamTakesBrowser/tex/T_IconSearch.uasset" 2270
"../../../Engine/Plugins/VirtualProduction/VirtualCamera/Content/WidgetLibrary/VCamTakesBrowser/tex/T_IconSearch.uexp" 2271
"../../../Engine/Plugins/VirtualProduction/VirtualCamera/Content/WidgetLibrary/VCamTakesBrowser/VCamAssetBrowser.uasset" 2272
"../../../Engine/Plugins/VirtualProduction/VirtualCamera/Content/WidgetLibrary/VCamTakesBrowser/VCamAssetBrowser.uexp" 2273
"../../../Engine/Plugins/VirtualProduction/VirtualCamera/Content/WidgetLibrary/VCamBookmarkBrowser/VCamBookmarkBrowserInterface.uasset" 2274
"../../../Engine/Plugins/VirtualProduction/VirtualCamera/Content/WidgetLibrary/VCamBookmarkBrowser/VCamBookmarkBrowserInterface.uexp" 2275
"../../../Engine/Plugins/VirtualProduction/VirtualCamera/Content/Modifiers/BookmarkModifier/Input/CreateBookmark.uasset" 2276
"../../../Engine/Plugins/VirtualProduction/VirtualCamera/Content/Modifiers/BookmarkModifier/Input/CreateBookmark.uexp" 2277
"../../../Engine/Plugins/VirtualProduction/VirtualCamera/Content/WidgetLibrary/VCamBookmarkBrowser/S_VCamBookmarkBrowserFilterState.uasset" 2278
"../../../Engine/Plugins/VirtualProduction/VirtualCamera/Content/WidgetLibrary/VCamBookmarkBrowser/S_VCamBookmarkBrowserFilterState.uexp" 2279
"../../../Engine/Plugins/VirtualProduction/VirtualCamera/Content/WidgetLibrary/Common/VCamIcons/IconCamera.uasset" 2280
"../../../Engine/Plugins/VirtualProduction/VirtualCamera/Content/WidgetLibrary/Common/VCamIcons/IconCamera.uexp" 2281
"../../../Engine/Plugins/VirtualProduction/VirtualCamera/Content/WidgetLibrary/Common/VCamIcons/IconCameraNot.uasset" 2282
"../../../Engine/Plugins/VirtualProduction/VirtualCamera/Content/WidgetLibrary/Common/VCamIcons/IconCameraNot.uexp" 2283
"../../../Engine/Plugins/VirtualProduction/VirtualCamera/Content/WidgetLibrary/Common/VCamIcons/IconUpdate.uasset" 2284
"../../../Engine/Plugins/VirtualProduction/VirtualCamera/Content/WidgetLibrary/Common/VCamIcons/IconUpdate.uexp" 2285
"../../../Engine/Plugins/VirtualProduction/VirtualCamera/Content/WidgetLibrary/VCamBookmarkBrowser/VCamBookmarkConfigWidget.uasset" 2286
"../../../Engine/Plugins/VirtualProduction/VirtualCamera/Content/WidgetLibrary/VCamBookmarkBrowser/VCamBookmarkConfigWidget.uexp" 2287
"../../../Engine/Plugins/VirtualProduction/VirtualCamera/Content/WidgetLibrary/VCamBookmarkBrowser/VCamBookmarkEntryObject.uasset" 2288
"../../../Engine/Plugins/VirtualProduction/VirtualCamera/Content/WidgetLibrary/VCamBookmarkBrowser/VCamBookmarkEntryObject.uexp" 2289
"../../../Engine/Plugins/VirtualProduction/VirtualCamera/Content/WidgetLibrary/VCamTakesBrowser/widgets/VCamTakeInterface.uasset" 2290
"../../../Engine/Plugins/VirtualProduction/VirtualCamera/Content/WidgetLibrary/VCamTakesBrowser/widgets/VCamTakeInterface.uexp" 2291
"../../../Engine/Plugins/VirtualProduction/VirtualCamera/Content/WidgetLibrary/VCamTakesBrowser/widgets/VCamAssetEntryData.uasset" 2292
"../../../Engine/Plugins/VirtualProduction/VirtualCamera/Content/WidgetLibrary/VCamTakesBrowser/widgets/VCamAssetEntryData.uexp" 2293
"../../../Engine/Plugins/VirtualProduction/VirtualCamera/Content/WidgetLibrary/VCamTakesBrowser/widgets/VCamAssetEntry.uasset" 2294
"../../../Engine/Plugins/VirtualProduction/VirtualCamera/Content/WidgetLibrary/VCamTakesBrowser/widgets/VCamAssetEntry.uexp" 2295
"../../../Engine/Plugins/VirtualProduction/VirtualCamera/Content/WidgetLibrary/Common/VCamIcons/IconBookmarks.uasset" 2296
"../../../Engine/Plugins/VirtualProduction/VirtualCamera/Content/WidgetLibrary/Common/VCamIcons/IconBookmarks.uexp" 2297
"../../../Engine/Plugins/VirtualProduction/VirtualCamera/Content/WidgetLibrary/Common/VCamIcons/IconUndo.uasset" 2298
"../../../Engine/Plugins/VirtualProduction/VirtualCamera/Content/WidgetLibrary/Common/VCamIcons/IconUndo.uexp" 2299
"../../../Engine/Plugins/VirtualProduction/VirtualCamera/Content/WidgetLibrary/VCamTakesBrowser/tex/T_IconFavorite.uasset" 2300
"../../../Engine/Plugins/VirtualProduction/VirtualCamera/Content/WidgetLibrary/VCamTakesBrowser/tex/T_IconFavorite.uexp" 2301
"../../../Engine/Plugins/VirtualProduction/VirtualCamera/Content/WidgetLibrary/VCamTakesBrowser/tex/T_IconFavorite_Mini.uasset" 2302
"../../../Engine/Plugins/VirtualProduction/VirtualCamera/Content/WidgetLibrary/VCamTakesBrowser/tex/T_IconFavorite_Mini.uexp" 2303
"../../../Engine/Plugins/VirtualProduction/VirtualCamera/Content/WidgetLibrary/VCamTakesBrowser/tex/T_IconFlag.uasset" 2304
"../../../Engine/Plugins/VirtualProduction/VirtualCamera/Content/WidgetLibrary/VCamTakesBrowser/tex/T_IconFlag.uexp" 2305
"../../../Engine/Plugins/VirtualProduction/VirtualCamera/Content/WidgetLibrary/VCamTakesBrowser/tex/T_ThumbsDown.uasset" 2306
"../../../Engine/Plugins/VirtualProduction/VirtualCamera/Content/WidgetLibrary/VCamTakesBrowser/tex/T_ThumbsDown.uexp" 2307
"../../../Engine/Content/Functions/Engine_MaterialFunctions01/Gradient/LinearGradient.uasset" 2308
"../../../Engine/Content/Functions/Engine_MaterialFunctions01/Gradient/LinearGradient.uexp" 2309
"../../../Engine/Plugins/VirtualProduction/VirtualCamera/Content/WidgetLibrary/VCamTakesBrowser/widgets/mat/M_Gradient.uasset" 2310
"../../../Engine/Plugins/VirtualProduction/VirtualCamera/Content/WidgetLibrary/VCamTakesBrowser/widgets/mat/M_Gradient.uexp" 2311
"../../../Engine/Plugins/VirtualProduction/VirtualCamera/Content/WidgetLibrary/VCamBookmarkBrowser/VCamBookmarkEntryWidget.uasset" 2312
"../../../Engine/Plugins/VirtualProduction/VirtualCamera/Content/WidgetLibrary/VCamBookmarkBrowser/VCamBookmarkEntryWidget.uexp" 2313
"../../../Engine/Plugins/VirtualProduction/VirtualCamera/Content/WidgetLibrary/VCamTakesBrowser/enum/E_VCamAssetBrowserSort.uasset" 2314
"../../../Engine/Plugins/VirtualProduction/VirtualCamera/Content/WidgetLibrary/VCamTakesBrowser/enum/E_VCamAssetBrowserSort.uexp" 2315
"../../../Engine/Plugins/VirtualProduction/VirtualCamera/Content/WidgetLibrary/VCamTakesBrowser/tex/T_IconFavorite_1.uasset" 2316
"../../../Engine/Plugins/VirtualProduction/VirtualCamera/Content/WidgetLibrary/VCamTakesBrowser/tex/T_IconFavorite_1.uexp" 2317
"../../../Engine/Plugins/VirtualProduction/VirtualCamera/Content/WidgetLibrary/VCamTakesBrowser/tex/T_IconFavorite_2.uasset" 2318
"../../../Engine/Plugins/VirtualProduction/VirtualCamera/Content/WidgetLibrary/VCamTakesBrowser/tex/T_IconFavorite_2.uexp" 2319
"../../../Engine/Plugins/VirtualProduction/VirtualCamera/Content/WidgetLibrary/VCamTakesBrowser/tex/T_IconFavorite_3.uasset" 2320
"../../../Engine/Plugins/VirtualProduction/VirtualCamera/Content/WidgetLibrary/VCamTakesBrowser/tex/T_IconFavorite_3.uexp" 2321
"../../../Engine/Plugins/VirtualProduction/VirtualCamera/Content/WidgetLibrary/Common/VCamIcons/IconReject.uasset" 2322
"../../../Engine/Plugins/VirtualProduction/VirtualCamera/Content/WidgetLibrary/Common/VCamIcons/IconReject.uexp" 2323
"../../../Engine/Plugins/VirtualProduction/VirtualCamera/Content/WidgetLibrary/VCamTakesBrowser/tex/T_IconAZdown.uasset" 2324
"../../../Engine/Plugins/VirtualProduction/VirtualCamera/Content/WidgetLibrary/VCamTakesBrowser/tex/T_IconAZdown.uexp" 2325
"../../../Engine/Plugins/VirtualProduction/VirtualCamera/Content/WidgetLibrary/VCamTakesBrowser/tex/T_IconAZup.uasset" 2326
"../../../Engine/Plugins/VirtualProduction/VirtualCamera/Content/WidgetLibrary/VCamTakesBrowser/tex/T_IconAZup.uexp" 2327
"../../../Engine/Plugins/VirtualProduction/VirtualCamera/Content/WidgetLibrary/VCamTakesBrowser/tex/T_IconRecent_Down.uasset" 2328
"../../../Engine/Plugins/VirtualProduction/VirtualCamera/Content/WidgetLibrary/VCamTakesBrowser/tex/T_IconRecent_Down.uexp" 2329
"../../../Engine/Plugins/VirtualProduction/VirtualCamera/Content/WidgetLibrary/VCamTakesBrowser/tex/T_IconRecent_Up.uasset" 2330
"../../../Engine/Plugins/VirtualProduction/VirtualCamera/Content/WidgetLibrary/VCamTakesBrowser/tex/T_IconRecent_Up.uexp" 2331
"../../../Engine/Plugins/VirtualProduction/VirtualCamera/Content/WidgetLibrary/VCamBookmarkBrowser/VCamBookmarkFilterWidget.uasset" 2332
"../../../Engine/Plugins/VirtualProduction/VirtualCamera/Content/WidgetLibrary/VCamBookmarkBrowser/VCamBookmarkFilterWidget.uexp" 2333
"../../../Engine/Plugins/VirtualProduction/VirtualCamera/Content/WidgetLibrary/VCamBookmarkBrowser/VCamBookmarkBrowser.uasset" 2334
"../../../Engine/Plugins/VirtualProduction/VirtualCamera/Content/WidgetLibrary/VCamBookmarkBrowser/VCamBookmarkBrowser.uexp" 2335
"../../../Engine/Content/Functions/Engine_MaterialFunctions02/Texturing/CustomRotator.uasset" 2336
"../../../Engine/Content/Functions/Engine_MaterialFunctions02/Texturing/CustomRotator.uexp" 2337
"../../../Engine/Content/Functions/Engine_MaterialFunctions01/Density/ExponentialDensity.uasset" 2338
"../../../Engine/Content/Functions/Engine_MaterialFunctions01/Density/ExponentialDensity.uexp" 2339
"../../../Engine/Content/Functions/Engine_MaterialFunctions01/Gradient/RadialGradientExponential.uasset" 2340
"../../../Engine/Content/Functions/Engine_MaterialFunctions01/Gradient/RadialGradientExponential.uexp" 2341
"../../../Engine/Content/Functions/Engine_MaterialFunctions02/Utility/VectorToRadialValue.uasset" 2342
"../../../Engine/Content/Functions/Engine_MaterialFunctions02/Utility/VectorToRadialValue.uexp" 2343
"../../../Engine/Plugins/VirtualProduction/VirtualCamera/Content/WidgetLibrary/Common/VCamIcons/IconTrash.uasset" 2344
"../../../Engine/Plugins/VirtualProduction/VirtualCamera/Content/WidgetLibrary/Common/VCamIcons/IconTrash.uexp" 2345
"../../../Engine/Plugins/VirtualProduction/VirtualCamera/Content/WidgetLibrary/VCamButton/Dependencies/M_HoldTimer.uasset" 2346
"../../../Engine/Plugins/VirtualProduction/VirtualCamera/Content/WidgetLibrary/VCamButton/Dependencies/M_HoldTimer.uexp" 2347
"../../../Engine/Plugins/VirtualProduction/VirtualCamera/Content/WidgetLibrary/VCamButton/VCamButton.uasset" 2348
"../../../Engine/Plugins/VirtualProduction/VirtualCamera/Content/WidgetLibrary/VCamButton/VCamButton.uexp" 2349
"../../../Engine/Plugins/VirtualProduction/VirtualCamera/Content/WidgetLibrary/VCamComboBox/Dependencies/VCamComboBoxUserSettings.uasset" 2350
"../../../Engine/Plugins/VirtualProduction/VirtualCamera/Content/WidgetLibrary/VCamComboBox/Dependencies/VCamComboBoxUserSettings.uexp" 2351
"../../../Engine/Plugins/VirtualProduction/VirtualCamera/Content/WidgetLibrary/VCamComboBox/Interfaces/VCamComboBoxInterface.uasset" 2352
"../../../Engine/Plugins/VirtualProduction/VirtualCamera/Content/WidgetLibrary/VCamComboBox/Interfaces/VCamComboBoxInterface.uexp" 2353
"../../../Engine/Plugins/VirtualProduction/VirtualCamera/Content/WidgetLibrary/VCamComboBox/Dependencies/VCamComboBoxDirection.uasset" 2354
"../../../Engine/Plugins/VirtualProduction/VirtualCamera/Content/WidgetLibrary/VCamComboBox/Dependencies/VCamComboBoxDirection.uexp" 2355
"../../../Engine/Plugins/VirtualProduction/VirtualCamera/Content/WidgetLibrary/Common/VCamIcons/Icon-chevron-down.uasset" 2356
"../../../Engine/Plugins/VirtualProduction/VirtualCamera/Content/WidgetLibrary/Common/VCamIcons/Icon-chevron-down.uexp" 2357
"../../../Engine/Plugins/VirtualProduction/VirtualCamera/Content/WidgetLibrary/Common/VCamIcons/Icon-chevron-up.uasset" 2358
"../../../Engine/Plugins/VirtualProduction/VirtualCamera/Content/WidgetLibrary/Common/VCamIcons/Icon-chevron-up.uexp" 2359
"../../../Engine/Plugins/VirtualProduction/VirtualCamera/Content/WidgetLibrary/VCamComboBox/Dependencies/VCamComboBoxEntryData.uasset" 2360
"../../../Engine/Plugins/VirtualProduction/VirtualCamera/Content/WidgetLibrary/VCamComboBox/Dependencies/VCamComboBoxEntryData.uexp" 2361
"../../../Engine/Plugins/VirtualProduction/VirtualCamera/Content/WidgetLibrary/VCamComboBox/Dependencies/VCamComboBoxEntryWidget.uasset" 2362
"../../../Engine/Plugins/VirtualProduction/VirtualCamera/Content/WidgetLibrary/VCamComboBox/Dependencies/VCamComboBoxEntryWidget.uexp" 2363
"../../../Engine/Plugins/VirtualProduction/VirtualCamera/Content/WidgetLibrary/VCamComboBox/VCamComboBox.uasset" 2364
"../../../Engine/Plugins/VirtualProduction/VirtualCamera/Content/WidgetLibrary/VCamComboBox/VCamComboBox.uexp" 2365
"../../../Engine/Plugins/VirtualProduction/VirtualCamera/Content/WidgetLibrary/VCamDial/Enums/VCamDialOptionsType.uasset" 2366
"../../../Engine/Plugins/VirtualProduction/VirtualCamera/Content/WidgetLibrary/VCamDial/Enums/VCamDialOptionsType.uexp" 2367
"../../../Engine/Plugins/VirtualProduction/VirtualCamera/Content/WidgetLibrary/BaseWidgets/BasicLabel/Structs/BasicLabelUserSettings.uasset" 2368
"../../../Engine/Plugins/VirtualProduction/VirtualCamera/Content/WidgetLibrary/BaseWidgets/BasicLabel/Structs/BasicLabelUserSettings.uexp" 2369
"../../../Engine/Plugins/VirtualProduction/VirtualCamera/Content/WidgetLibrary/VCamDial/Structs/VCamDialStyleSettings.uasset" 2370
"../../../Engine/Plugins/VirtualProduction/VirtualCamera/Content/WidgetLibrary/VCamDial/Structs/VCamDialStyleSettings.uexp" 2371
"../../../Engine/Plugins/VirtualProduction/VirtualCamera/Content/WidgetLibrary/VCamDial/Interfaces/VCamDialStyleSettingsInterface.uasset" 2372
"../../../Engine/Plugins/VirtualProduction/VirtualCamera/Content/WidgetLibrary/VCamDial/Interfaces/VCamDialStyleSettingsInterface.uexp" 2373
"../../../Engine/Plugins/VirtualProduction/VirtualCamera/Content/WidgetLibrary/VCamDial/Structs/VCamDialUserSettings.uasset" 2374
"../../../Engine/Plugins/VirtualProduction/VirtualCamera/Content/WidgetLibrary/VCamDial/Structs/VCamDialUserSettings.uexp" 2375
"../../../Engine/Plugins/VirtualProduction/VirtualCamera/Content/WidgetLibrary/VCamDial/Interfaces/VCamDialUserSettingsInterface.uasset" 2376
"../../../Engine/Plugins/VirtualProduction/VirtualCamera/Content/WidgetLibrary/VCamDial/Interfaces/VCamDialUserSettingsInterface.uexp" 2377
"../../../Engine/Plugins/VirtualProduction/VirtualCamera/Content/WidgetLibrary/Common/Enums/ESidedWidgetSide.uasset" 2378
"../../../Engine/Plugins/VirtualProduction/VirtualCamera/Content/WidgetLibrary/Common/Enums/ESidedWidgetSide.uexp" 2379
"../../../Engine/Plugins/VirtualProduction/VirtualCamera/Content/WidgetLibrary/VCamDial/Enums/VCamDialType.uasset" 2380
"../../../Engine/Plugins/VirtualProduction/VirtualCamera/Content/WidgetLibrary/VCamDial/Enums/VCamDialType.uexp" 2381
"../../../Engine/Plugins/VirtualProduction/VirtualCamera/Content/WidgetLibrary/VCamDial/Structs/VCamDialSettings.uasset" 2382
"../../../Engine/Plugins/VirtualProduction/VirtualCamera/Content/WidgetLibrary/VCamDial/Structs/VCamDialSettings.uexp" 2383
"../../../Engine/Plugins/VirtualProduction/VirtualCamera/Content/WidgetLibrary/BaseWidgets/BasicLabel/Enums/EBasicLabelType.uasset" 2384
"../../../Engine/Plugins/VirtualProduction/VirtualCamera/Content/WidgetLibrary/BaseWidgets/BasicLabel/Enums/EBasicLabelType.uexp" 2385
"../../../Engine/Plugins/VirtualProduction/VirtualCamera/Content/WidgetLibrary/BaseWidgets/BasicLabel/Structs/BasicLabelSettings.uasset" 2386
"../../../Engine/Plugins/VirtualProduction/VirtualCamera/Content/WidgetLibrary/BaseWidgets/BasicLabel/Structs/BasicLabelSettings.uexp" 2387
"../../../Engine/Plugins/VirtualProduction/VirtualCamera/Content/WidgetLibrary/BaseWidgets/BasicLabel/BasicLabel.uasset" 2388
"../../../Engine/Plugins/VirtualProduction/VirtualCamera/Content/WidgetLibrary/BaseWidgets/BasicLabel/BasicLabel.uexp" 2389
"../../../Engine/Plugins/VirtualProduction/VirtualCamera/Content/WidgetLibrary/BaseWidgets/RadialBox/Structs/RadialBoxEntry.uasset" 2390
"../../../Engine/Plugins/VirtualProduction/VirtualCamera/Content/WidgetLibrary/BaseWidgets/RadialBox/Structs/RadialBoxEntry.uexp" 2391
"../../../Engine/Plugins/VirtualProduction/VirtualCamera/Content/WidgetLibrary/BaseWidgets/RadialBox/Structs/RadialBoxSettings.uasset" 2392
"../../../Engine/Plugins/VirtualProduction/VirtualCamera/Content/WidgetLibrary/BaseWidgets/RadialBox/Structs/RadialBoxSettings.uexp" 2393
"../../../Engine/Plugins/VirtualProduction/VirtualCamera/Content/WidgetLibrary/BaseWidgets/RadialBox/RadialBox.uasset" 2394
"../../../Engine/Plugins/VirtualProduction/VirtualCamera/Content/WidgetLibrary/BaseWidgets/RadialBox/RadialBox.uexp" 2395
"../../../Engine/Plugins/VirtualProduction/VirtualCamera/Content/WidgetLibrary/BaseWidgets/SpinSlot/Structs/SpinSlotSettings.uasset" 2396
"../../../Engine/Plugins/VirtualProduction/VirtualCamera/Content/WidgetLibrary/BaseWidgets/SpinSlot/Structs/SpinSlotSettings.uexp" 2397
"../../../Engine/Plugins/VirtualProduction/VirtualCamera/Content/WidgetLibrary/BaseWidgets/SpinSlot/SpinSlot.uasset" 2398
"../../../Engine/Plugins/VirtualProduction/VirtualCamera/Content/WidgetLibrary/BaseWidgets/SpinSlot/SpinSlot.uexp" 2399
"../../../Engine/Plugins/VirtualProduction/VirtualCamera/Content/WidgetLibrary/VCamDial/Enums/VCamDialActivationState.uasset" 2400
"../../../Engine/Plugins/VirtualProduction/VirtualCamera/Content/WidgetLibrary/VCamDial/Enums/VCamDialActivationState.uexp" 2401
"../../../Engine/Plugins/VirtualProduction/VirtualCamera/Content/WidgetLibrary/VCamDial/SubWidgets/VCamDial_TouchHandler.uasset" 2402
"../../../Engine/Plugins/VirtualProduction/VirtualCamera/Content/WidgetLibrary/VCamDial/SubWidgets/VCamDial_TouchHandler.uexp" 2403
"../../../Engine/Plugins/VirtualProduction/VirtualCamera/Content/WidgetLibrary/VCamDial/SubWidgets/VCamDial_ValueLabel.uasset" 2404
"../../../Engine/Plugins/VirtualProduction/VirtualCamera/Content/WidgetLibrary/VCamDial/SubWidgets/VCamDial_ValueLabel.uexp" 2405
"../../../Engine/Plugins/VirtualProduction/VirtualCamera/Content/WidgetLibrary/VCamDial/Textures/T_VCamDial_Inner_L.uasset" 2406
"../../../Engine/Plugins/VirtualProduction/VirtualCamera/Content/WidgetLibrary/VCamDial/Textures/T_VCamDial_Inner_L.uexp" 2407
"../../../Engine/Plugins/VirtualProduction/VirtualCamera/Content/WidgetLibrary/VCamDial/Textures/T_VCamDial_Inner_R.uasset" 2408
"../../../Engine/Plugins/VirtualProduction/VirtualCamera/Content/WidgetLibrary/VCamDial/Textures/T_VCamDial_Inner_R.uexp" 2409
"../../../Engine/Plugins/VirtualProduction/VirtualCamera/Content/WidgetLibrary/VCamDial/Textures/T_VCamDial_Outer_L.uasset" 2410
"../../../Engine/Plugins/VirtualProduction/VirtualCamera/Content/WidgetLibrary/VCamDial/Textures/T_VCamDial_Outer_L.uexp" 2411
"../../../Engine/Plugins/VirtualProduction/VirtualCamera/Content/WidgetLibrary/VCamDial/Textures/T_VcamDial_Outer_R.uasset" 2412
"../../../Engine/Plugins/VirtualProduction/VirtualCamera/Content/WidgetLibrary/VCamDial/Textures/T_VcamDial_Outer_R.uexp" 2413
"../../../Engine/Plugins/VirtualProduction/VirtualCamera/Content/WidgetLibrary/BaseWidgets/BasicLabel/Textures/BasicLabel_TickLeft.uasset" 2414
"../../../Engine/Plugins/VirtualProduction/VirtualCamera/Content/WidgetLibrary/BaseWidgets/BasicLabel/Textures/BasicLabel_TickLeft.uexp" 2415
"../../../Engine/Plugins/VirtualProduction/VirtualCamera/Content/WidgetLibrary/BaseWidgets/BasicLabel/Textures/BasicLabel_TickRight.uasset" 2416
"../../../Engine/Plugins/VirtualProduction/VirtualCamera/Content/WidgetLibrary/BaseWidgets/BasicLabel/Textures/BasicLabel_TickRight.uexp" 2417
"../../../Engine/Plugins/VirtualProduction/VirtualCamera/Content/WidgetLibrary/VCamDial/VCamDial.uasset" 2418
"../../../Engine/Plugins/VirtualProduction/VirtualCamera/Content/WidgetLibrary/VCamDial/VCamDial.uexp" 2419
"../../../Engine/Plugins/VirtualProduction/VirtualCamera/Content/WidgetLibrary/VCamHUDButton/Dependencies/VCamHUDButtonUserSettings.uasset" 2420
"../../../Engine/Plugins/VirtualProduction/VirtualCamera/Content/WidgetLibrary/VCamHUDButton/Dependencies/VCamHUDButtonUserSettings.uexp" 2421
"../../../Engine/Plugins/VirtualProduction/VirtualCamera/Content/WidgetLibrary/VCamHUDButton/Interfaces/VCamHUDButtonInterface.uasset" 2422
"../../../Engine/Plugins/VirtualProduction/VirtualCamera/Content/WidgetLibrary/VCamHUDButton/Interfaces/VCamHUDButtonInterface.uexp" 2423
"../../../Engine/Plugins/VirtualProduction/VirtualCamera/Content/Modifiers/ZeroOutModifier/Interfaces/ZeroOutModifierInterface.uasset" 2424
"../../../Engine/Plugins/VirtualProduction/VirtualCamera/Content/Modifiers/ZeroOutModifier/Interfaces/ZeroOutModifierInterface.uexp" 2425
"../../../Engine/Plugins/VirtualProduction/VirtualCamera/Content/WidgetLibrary/Common/VCamIcons/IconMinus.uasset" 2426
"../../../Engine/Plugins/VirtualProduction/VirtualCamera/Content/WidgetLibrary/Common/VCamIcons/IconMinus.uexp" 2427
"../../../Engine/Plugins/VirtualProduction/VirtualCamera/Content/WidgetLibrary/Common/VCamIcons/IconPlus.uasset" 2428
"../../../Engine/Plugins/VirtualProduction/VirtualCamera/Content/WidgetLibrary/Common/VCamIcons/IconPlus.uexp" 2429
"../../../Engine/Plugins/VirtualProduction/VirtualCamera/Content/WidgetLibrary/VCamDial/Blueprints/VCamDialHelperFunctions.uasset" 2430
"../../../Engine/Plugins/VirtualProduction/VirtualCamera/Content/WidgetLibrary/VCamDial/Blueprints/VCamDialHelperFunctions.uexp" 2431
"../../../Engine/Plugins/VirtualProduction/VirtualCamera/Content/WidgetLibrary/VCamEarMenu/Updated/structs/VCamEarMenuButtonStyleSettings.uasset" 2432
"../../../Engine/Plugins/VirtualProduction/VirtualCamera/Content/WidgetLibrary/VCamEarMenu/Updated/structs/VCamEarMenuButtonStyleSettings.uexp" 2433
"../../../Engine/Plugins/VirtualProduction/VirtualCamera/Content/WidgetLibrary/VCamEarMenu/Updated/interfaces/VCamEarMenuButtonStyleSettingsInterface.uasset" 2434
"../../../Engine/Plugins/VirtualProduction/VirtualCamera/Content/WidgetLibrary/VCamEarMenu/Updated/interfaces/VCamEarMenuButtonStyleSettingsInterface.uexp" 2435
"../../../Engine/Plugins/VirtualProduction/VirtualCamera/Content/Modifiers/MultiUserModifier/Interfaces/MultiUserModifierInterface.uasset" 2436
"../../../Engine/Plugins/VirtualProduction/VirtualCamera/Content/Modifiers/MultiUserModifier/Interfaces/MultiUserModifierInterface.uexp" 2437
"../../../Engine/Plugins/VirtualProduction/VirtualCamera/Content/WidgetLibrary/Common/VCamIcons/IconAttach.uasset" 2438
"../../../Engine/Plugins/VirtualProduction/VirtualCamera/Content/WidgetLibrary/Common/VCamIcons/IconAttach.uexp" 2439
"../../../Engine/Plugins/VirtualProduction/VirtualCamera/Content/Modifiers/SplineModifier/Input/AddKeyframe.uasset" 2440
"../../../Engine/Plugins/VirtualProduction/VirtualCamera/Content/Modifiers/SplineModifier/Input/AddKeyframe.uexp" 2441
"../../../Engine/Plugins/VirtualProduction/VirtualCamera/Content/Modifiers/SplineModifier/Input/AddSplinePoint.uasset" 2442
"../../../Engine/Plugins/VirtualProduction/VirtualCamera/Content/Modifiers/SplineModifier/Input/AddSplinePoint.uexp" 2443
"../../../Engine/Plugins/VirtualProduction/VirtualCamera/Content/Modifiers/SplineModifier/Input/AppendSplinePoint.uasset" 2444
"../../../Engine/Plugins/VirtualProduction/VirtualCamera/Content/Modifiers/SplineModifier/Input/AppendSplinePoint.uexp" 2445
"../../../Engine/Plugins/VirtualProduction/VirtualCamera/Content/Modifiers/SplineModifier/Input/CreateRigRail.uasset" 2446
"../../../Engine/Plugins/VirtualProduction/VirtualCamera/Content/Modifiers/SplineModifier/Input/CreateRigRail.uexp" 2447
"../../../Engine/Plugins/VirtualProduction/VirtualCamera/Content/Modifiers/SplineModifier/Input/CurrentRigRail.uasset" 2448
"../../../Engine/Plugins/VirtualProduction/VirtualCamera/Content/Modifiers/SplineModifier/Input/CurrentRigRail.uexp" 2449
"../../../Engine/Plugins/VirtualProduction/VirtualCamera/Content/Modifiers/SplineModifier/Input/DeleteKeyframe.uasset" 2450
"../../../Engine/Plugins/VirtualProduction/VirtualCamera/Content/Modifiers/SplineModifier/Input/DeleteKeyframe.uexp" 2451
"../../../Engine/Plugins/VirtualProduction/VirtualCamera/Content/Modifiers/SplineModifier/Input/DeleteRigRail.uasset" 2452
"../../../Engine/Plugins/VirtualProduction/VirtualCamera/Content/Modifiers/SplineModifier/Input/DeleteRigRail.uexp" 2453
"../../../Engine/Plugins/VirtualProduction/VirtualCamera/Content/Modifiers/SplineModifier/Input/DeleteSplinePoint.uasset" 2454
"../../../Engine/Plugins/VirtualProduction/VirtualCamera/Content/Modifiers/SplineModifier/Input/DeleteSplinePoint.uexp" 2455
"../../../Engine/Plugins/VirtualProduction/VirtualCamera/Content/Modifiers/SplineModifier/Input/GoToStartPosition.uasset" 2456
"../../../Engine/Plugins/VirtualProduction/VirtualCamera/Content/Modifiers/SplineModifier/Input/GoToStartPosition.uexp" 2457
"../../../Engine/Plugins/VirtualProduction/VirtualCamera/Content/Modifiers/SplineModifier/Input/InsertSplinePoint.uasset" 2458
"../../../Engine/Plugins/VirtualProduction/VirtualCamera/Content/Modifiers/SplineModifier/Input/InsertSplinePoint.uexp" 2459
"../../../Engine/Plugins/VirtualProduction/VirtualCamera/Content/Modifiers/SplineModifier/Input/NextKeyframe.uasset" 2460
"../../../Engine/Plugins/VirtualProduction/VirtualCamera/Content/Modifiers/SplineModifier/Input/NextKeyframe.uexp" 2461
"../../../Engine/Plugins/VirtualProduction/VirtualCamera/Content/Modifiers/SplineModifier/Input/NextRigRail.uasset" 2462
"../../../Engine/Plugins/VirtualProduction/VirtualCamera/Content/Modifiers/SplineModifier/Input/NextRigRail.uexp" 2463
"../../../Engine/Plugins/VirtualProduction/VirtualCamera/Content/Modifiers/SplineModifier/Input/NextSplinePoint.uasset" 2464
"../../../Engine/Plugins/VirtualProduction/VirtualCamera/Content/Modifiers/SplineModifier/Input/NextSplinePoint.uexp" 2465
"../../../Engine/Plugins/VirtualProduction/VirtualCamera/Content/Modifiers/SplineModifier/Input/PreviousKeyframe.uasset" 2466
"../../../Engine/Plugins/VirtualProduction/VirtualCamera/Content/Modifiers/SplineModifier/Input/PreviousKeyframe.uexp" 2467
"../../../Engine/Plugins/VirtualProduction/VirtualCamera/Content/Modifiers/SplineModifier/Input/PreviousRigRail.uasset" 2468
"../../../Engine/Plugins/VirtualProduction/VirtualCamera/Content/Modifiers/SplineModifier/Input/PreviousRigRail.uexp" 2469
"../../../Engine/Plugins/VirtualProduction/VirtualCamera/Content/Modifiers/SplineModifier/Input/PreviousSplinePoint.uasset" 2470
"../../../Engine/Plugins/VirtualProduction/VirtualCamera/Content/Modifiers/SplineModifier/Input/PreviousSplinePoint.uexp" 2471
"../../../Engine/Plugins/VirtualProduction/VirtualCamera/Content/Modifiers/SplineModifier/Input/SetDriveModeToManual.uasset" 2472
"../../../Engine/Plugins/VirtualProduction/VirtualCamera/Content/Modifiers/SplineModifier/Input/SetDriveModeToManual.uexp" 2473
"../../../Engine/Plugins/VirtualProduction/VirtualCamera/Content/Modifiers/SplineModifier/Input/SetSplineCurrentPosition.uasset" 2474
"../../../Engine/Plugins/VirtualProduction/VirtualCamera/Content/Modifiers/SplineModifier/Input/SetSplineCurrentPosition.uexp" 2475
"../../../Engine/Plugins/VirtualProduction/VirtualCamera/Content/Modifiers/SplineModifier/Input/SetSplineDriveMode.uasset" 2476
"../../../Engine/Plugins/VirtualProduction/VirtualCamera/Content/Modifiers/SplineModifier/Input/SetSplineDriveMode.uexp" 2477
"../../../Engine/Plugins/VirtualProduction/VirtualCamera/Content/Modifiers/SplineModifier/Input/SetSplineDriveModeOptionValueAxis.uasset" 2478
"../../../Engine/Plugins/VirtualProduction/VirtualCamera/Content/Modifiers/SplineModifier/Input/SetSplineDriveModeOptionValueAxis.uexp" 2479
"../../../Engine/Plugins/VirtualProduction/VirtualCamera/Content/Modifiers/SplineModifier/Input/SplineAttachStatus.uasset" 2480
"../../../Engine/Plugins/VirtualProduction/VirtualCamera/Content/Modifiers/SplineModifier/Input/SplineAttachStatus.uexp" 2481
"../../../Engine/Plugins/VirtualProduction/VirtualCamera/Content/Modifiers/SplineModifier/Input/SplitSplineSegment.uasset" 2482
"../../../Engine/Plugins/VirtualProduction/VirtualCamera/Content/Modifiers/SplineModifier/Input/SplitSplineSegment.uexp" 2483
"../../../Engine/Plugins/VirtualProduction/VirtualCamera/Content/Modifiers/SplineModifier/Input/ToggleAttach.uasset" 2484
"../../../Engine/Plugins/VirtualProduction/VirtualCamera/Content/Modifiers/SplineModifier/Input/ToggleAttach.uexp" 2485
"../../../Engine/Plugins/VirtualProduction/VirtualCamera/Content/Modifiers/SplineModifier/Input/ToggleAttachCameraParameters.uasset" 2486
"../../../Engine/Plugins/VirtualProduction/VirtualCamera/Content/Modifiers/SplineModifier/Input/ToggleAttachCameraParameters.uexp" 2487
"../../../Engine/Plugins/VirtualProduction/VirtualCamera/Content/Modifiers/SplineModifier/Input/ToggleAttachLocationX.uasset" 2488
"../../../Engine/Plugins/VirtualProduction/VirtualCamera/Content/Modifiers/SplineModifier/Input/ToggleAttachLocationX.uexp" 2489
"../../../Engine/Plugins/VirtualProduction/VirtualCamera/Content/Modifiers/SplineModifier/Input/ToggleAttachLocationY.uasset" 2490
"../../../Engine/Plugins/VirtualProduction/VirtualCamera/Content/Modifiers/SplineModifier/Input/ToggleAttachLocationY.uexp" 2491
"../../../Engine/Plugins/VirtualProduction/VirtualCamera/Content/Modifiers/SplineModifier/Input/ToggleAttachLocationZ.uasset" 2492
"../../../Engine/Plugins/VirtualProduction/VirtualCamera/Content/Modifiers/SplineModifier/Input/ToggleAttachLocationZ.uexp" 2493
"../../../Engine/Plugins/VirtualProduction/VirtualCamera/Content/Modifiers/SplineModifier/Input/ToggleAttachRotationX.uasset" 2494
"../../../Engine/Plugins/VirtualProduction/VirtualCamera/Content/Modifiers/SplineModifier/Input/ToggleAttachRotationX.uexp" 2495
"../../../Engine/Plugins/VirtualProduction/VirtualCamera/Content/Modifiers/SplineModifier/Input/ToggleAttachRotationY.uasset" 2496
"../../../Engine/Plugins/VirtualProduction/VirtualCamera/Content/Modifiers/SplineModifier/Input/ToggleAttachRotationY.uexp" 2497
"../../../Engine/Plugins/VirtualProduction/VirtualCamera/Content/Modifiers/SplineModifier/Input/ToggleAttachRotationZ.uasset" 2498
"../../../Engine/Plugins/VirtualProduction/VirtualCamera/Content/Modifiers/SplineModifier/Input/ToggleAttachRotationZ.uexp" 2499
"../../../Engine/Plugins/VirtualProduction/VirtualCamera/Content/Modifiers/SplineModifier/Input/ToggleAutoKey.uasset" 2500
"../../../Engine/Plugins/VirtualProduction/VirtualCamera/Content/Modifiers/SplineModifier/Input/ToggleAutoKey.uexp" 2501
"../../../Engine/Plugins/VirtualProduction/VirtualCamera/Content/Modifiers/SplineModifier/Input/ToggleDriveForward.uasset" 2502
"../../../Engine/Plugins/VirtualProduction/VirtualCamera/Content/Modifiers/SplineModifier/Input/ToggleDriveForward.uexp" 2503
"../../../Engine/Plugins/VirtualProduction/VirtualCamera/Content/Modifiers/SplineModifier/Input/ToggleDriveInReverse.uasset" 2504
"../../../Engine/Plugins/VirtualProduction/VirtualCamera/Content/Modifiers/SplineModifier/Input/ToggleDriveInReverse.uexp" 2505
"../../../Engine/Plugins/VirtualProduction/VirtualCamera/Content/Modifiers/SplineModifier/Input/ToggleDriveLoop.uasset" 2506
"../../../Engine/Plugins/VirtualProduction/VirtualCamera/Content/Modifiers/SplineModifier/Input/ToggleDriveLoop.uexp" 2507
"../../../Engine/Plugins/VirtualProduction/VirtualCamera/Content/Modifiers/SplineModifier/Input/ToggleDurationMode.uasset" 2508
"../../../Engine/Plugins/VirtualProduction/VirtualCamera/Content/Modifiers/SplineModifier/Input/ToggleDurationMode.uexp" 2509
"../../../Engine/Plugins/VirtualProduction/VirtualCamera/Content/Modifiers/SplineModifier/Input/ToggleSpeedMode.uasset" 2510
"../../../Engine/Plugins/VirtualProduction/VirtualCamera/Content/Modifiers/SplineModifier/Input/ToggleSpeedMode.uexp" 2511
"../../../Engine/Plugins/VirtualProduction/VirtualCamera/Content/Modifiers/SplineModifier/Input/UpdateSplinePoint.uasset" 2512
"../../../Engine/Plugins/VirtualProduction/VirtualCamera/Content/Modifiers/SplineModifier/Input/UpdateSplinePoint.uexp" 2513
"../../../Engine/Plugins/VirtualProduction/VirtualCamera/Content/Modifiers/SplineModifier/Input/SplineModifierInputMappingContext.uasset" 2514
"../../../Engine/Plugins/VirtualProduction/VirtualCamera/Content/Modifiers/SplineModifier/Input/SplineModifierInputMappingContext.uexp" 2515
"../../../Engine/Plugins/VirtualProduction/VirtualCamera/Content/WidgetLibrary/Common/VCamIcons/IconArrowLeft.uasset" 2516
"../../../Engine/Plugins/VirtualProduction/VirtualCamera/Content/WidgetLibrary/Common/VCamIcons/IconArrowLeft.uexp" 2517
"../../../Engine/Plugins/VirtualProduction/VirtualCamera/Content/WidgetLibrary/Common/VCamIcons/IconArrowRight.uasset" 2518
"../../../Engine/Plugins/VirtualProduction/VirtualCamera/Content/WidgetLibrary/Common/VCamIcons/IconArrowRight.uexp" 2519
"../../../Engine/Plugins/VirtualProduction/VirtualCamera/Content/WidgetLibrary/Common/VCamIcons/IconAutoKey.uasset" 2520
"../../../Engine/Plugins/VirtualProduction/VirtualCamera/Content/WidgetLibrary/Common/VCamIcons/IconAutoKey.uexp" 2521
"../../../Engine/Plugins/VirtualProduction/VirtualCamera/Content/WidgetLibrary/Common/VCamIcons/IconDrive.uasset" 2522
"../../../Engine/Plugins/VirtualProduction/VirtualCamera/Content/WidgetLibrary/Common/VCamIcons/IconDrive.uexp" 2523
"../../../Engine/Plugins/VirtualProduction/VirtualCamera/Content/WidgetLibrary/Common/VCamIcons/IconPlayControlsBounce.ubulk" 2524
"../../../Engine/Plugins/VirtualProduction/VirtualCamera/Content/WidgetLibrary/Common/VCamIcons/IconPlayControlsBounce.uasset" 2525
"../../../Engine/Plugins/VirtualProduction/VirtualCamera/Content/WidgetLibrary/Common/VCamIcons/IconPlayControlsBounce.uexp" 2526
"../../../Engine/Plugins/VirtualProduction/VirtualCamera/Content/WidgetLibrary/Common/VCamIcons/IconPlayControlsLooping.uasset" 2527
"../../../Engine/Plugins/VirtualProduction/VirtualCamera/Content/WidgetLibrary/Common/VCamIcons/IconPlayControlsLooping.uexp" 2528
"../../../Engine/Plugins/VirtualProduction/VirtualCamera/Content/WidgetLibrary/Common/VCamIcons/IconPlayControlsNoLooping.uasset" 2529
"../../../Engine/Plugins/VirtualProduction/VirtualCamera/Content/WidgetLibrary/Common/VCamIcons/IconPlayControlsNoLooping.uexp" 2530
"../../../Engine/Plugins/VirtualProduction/VirtualCamera/Content/WidgetLibrary/Common/VCamIcons/IconRecent.uasset" 2531
"../../../Engine/Plugins/VirtualProduction/VirtualCamera/Content/WidgetLibrary/Common/VCamIcons/IconRecent.uexp" 2532
"../../../Engine/Plugins/VirtualProduction/VirtualCamera/Content/WidgetLibrary/Common/VCamIcons/IconRotate.uasset" 2533
"../../../Engine/Plugins/VirtualProduction/VirtualCamera/Content/WidgetLibrary/Common/VCamIcons/IconRotate.uexp" 2534
"../../../Engine/Plugins/VirtualProduction/VirtualCamera/Content/WidgetLibrary/Common/VCamIcons/IconSpeed.uasset" 2535
"../../../Engine/Plugins/VirtualProduction/VirtualCamera/Content/WidgetLibrary/Common/VCamIcons/IconSpeed.uexp" 2536
"../../../Engine/Plugins/VirtualProduction/VirtualCamera/Content/WidgetLibrary/Common/VCamIcons/IconSplineAppend.uasset" 2537
"../../../Engine/Plugins/VirtualProduction/VirtualCamera/Content/WidgetLibrary/Common/VCamIcons/IconSplineAppend.uexp" 2538
"../../../Engine/Plugins/VirtualProduction/VirtualCamera/Content/WidgetLibrary/Common/VCamIcons/IconSplineInsert.uasset" 2539
"../../../Engine/Plugins/VirtualProduction/VirtualCamera/Content/WidgetLibrary/Common/VCamIcons/IconSplineInsert.uexp" 2540
"../../../Engine/Plugins/VirtualProduction/VirtualCamera/Content/WidgetLibrary/Common/VCamIcons/IconSplineSplit.uasset" 2541
"../../../Engine/Plugins/VirtualProduction/VirtualCamera/Content/WidgetLibrary/Common/VCamIcons/IconSplineSplit.uexp" 2542
"../../../Engine/Plugins/VirtualProduction/VirtualCamera/Content/WidgetLibrary/VCamDial/Textures/T_VCamDial_LeftArrow.ubulk" 2543
"../../../Engine/Plugins/VirtualProduction/VirtualCamera/Content/WidgetLibrary/VCamDial/Textures/T_VCamDial_LeftArrow.uasset" 2544
"../../../Engine/Plugins/VirtualProduction/VirtualCamera/Content/WidgetLibrary/VCamDial/Textures/T_VCamDial_LeftArrow.uexp" 2545
"../../../Engine/Plugins/VirtualProduction/VirtualCamera/Content/WidgetLibrary/VCamSequencerTimeline/Structs/VCamSequencerTimelineStyleSettings.uasset" 2546
"../../../Engine/Plugins/VirtualProduction/VirtualCamera/Content/WidgetLibrary/VCamSequencerTimeline/Structs/VCamSequencerTimelineStyleSettings.uexp" 2547
"../../../Engine/Plugins/VirtualProduction/VirtualCamera/Content/WidgetLibrary/VCamSequencerTimeline/Interfaces/VCamSequencerTimelineStyleInterface.uasset" 2548
"../../../Engine/Plugins/VirtualProduction/VirtualCamera/Content/WidgetLibrary/VCamSequencerTimeline/Interfaces/VCamSequencerTimelineStyleInterface.uexp" 2549
"../../../Engine/Plugins/VirtualProduction/VirtualCamera/Content/WidgetLibrary/VCamSequencerTimeline/Textures/T_Pause.uasset" 2550
"../../../Engine/Plugins/VirtualProduction/VirtualCamera/Content/WidgetLibrary/VCamSequencerTimeline/Textures/T_Pause.uexp" 2551
"../../../Engine/Plugins/VirtualProduction/VirtualCamera/Content/WidgetLibrary/VCamSequencerTimeline/Textures/T_Play.uasset" 2552
"../../../Engine/Plugins/VirtualProduction/VirtualCamera/Content/WidgetLibrary/VCamSequencerTimeline/Textures/T_Play.uexp" 2553
"../../../Engine/Plugins/VirtualProduction/VirtualCamera/Content/WidgetLibrary/VCamSequencerTimeline/Textures/T_PlayReverse.uasset" 2554
"../../../Engine/Plugins/VirtualProduction/VirtualCamera/Content/WidgetLibrary/VCamSequencerTimeline/Textures/T_PlayReverse.uexp" 2555
"../../../Engine/Plugins/VirtualProduction/VirtualCamera/Content/WidgetLibrary/VCamSequencerTimeline/Textures/T_ToPlaybackStart.uasset" 2556
"../../../Engine/Plugins/VirtualProduction/VirtualCamera/Content/WidgetLibrary/VCamSequencerTimeline/Textures/T_ToPlaybackStart.uexp" 2557
"../../../Engine/Plugins/VirtualProduction/VirtualCamera/Content/WidgetLibrary/VCamSlider/Dependencies/VCamSliderStyleSettings.uasset" 2558
"../../../Engine/Plugins/VirtualProduction/VirtualCamera/Content/WidgetLibrary/VCamSlider/Dependencies/VCamSliderStyleSettings.uexp" 2559
"../../../Engine/Plugins/VirtualProduction/VirtualCamera/Content/WidgetLibrary/VCamSlider/Dependencies/VCamSliderUserSettings.uasset" 2560
"../../../Engine/Plugins/VirtualProduction/VirtualCamera/Content/WidgetLibrary/VCamSlider/Dependencies/VCamSliderUserSettings.uexp" 2561
"../../../Engine/Plugins/VirtualProduction/VirtualCamera/Content/WidgetLibrary/VCamSlider/Interfaces/VCamSliderInterface.uasset" 2562
"../../../Engine/Plugins/VirtualProduction/VirtualCamera/Content/WidgetLibrary/VCamSlider/Interfaces/VCamSliderInterface.uexp" 2563
"../../../Engine/Plugins/VirtualProduction/VirtualCamera/Content/Modifiers/SplineModifier/SplineModifier.uasset" 2564
"../../../Engine/Plugins/VirtualProduction/VirtualCamera/Content/Modifiers/SplineModifier/SplineModifier.uexp" 2565
"../../../Engine/Plugins/VirtualProduction/VirtualCamera/Content/WidgetLibrary/Common/VCamIcons/IconHold.uasset" 2566
"../../../Engine/Plugins/VirtualProduction/VirtualCamera/Content/WidgetLibrary/Common/VCamIcons/IconHold.uexp" 2567
"../../../Engine/Plugins/VirtualProduction/VirtualCamera/Content/WidgetLibrary/Common/VCamIcons/IconFlight.uasset" 2568
"../../../Engine/Plugins/VirtualProduction/VirtualCamera/Content/WidgetLibrary/Common/VCamIcons/IconFlight.uexp" 2569
"../../../Engine/Plugins/VirtualProduction/VirtualCamera/Content/WidgetLibrary/Common/VCamIcons/IconKillRoll.uasset" 2570
"../../../Engine/Plugins/VirtualProduction/VirtualCamera/Content/WidgetLibrary/Common/VCamIcons/IconKillRoll.uexp" 2571
"../../../Engine/Plugins/VirtualProduction/VirtualCamera/Content/WidgetLibrary/Common/VCamIcons/T_MultiUser.ubulk" 2572
"../../../Engine/Plugins/VirtualProduction/VirtualCamera/Content/WidgetLibrary/Common/VCamIcons/T_MultiUser.uasset" 2573
"../../../Engine/Plugins/VirtualProduction/VirtualCamera/Content/WidgetLibrary/Common/VCamIcons/T_MultiUser.uexp" 2574
"../../../Engine/Plugins/VirtualProduction/VirtualCamera/Content/WidgetLibrary/Common/VCamIcons/IconAxis.uasset" 2575
"../../../Engine/Plugins/VirtualProduction/VirtualCamera/Content/WidgetLibrary/Common/VCamIcons/IconAxis.uexp" 2576
"../../../Engine/Plugins/VirtualProduction/VirtualCamera/Content/WidgetLibrary/Common/VCamIcons/IconCrane.uasset" 2577
"../../../Engine/Plugins/VirtualProduction/VirtualCamera/Content/WidgetLibrary/Common/VCamIcons/IconCrane.uexp" 2578
"../../../Engine/Plugins/VirtualProduction/VirtualCamera/Content/WidgetLibrary/Common/VCamIcons/IconDolly.uasset" 2579
"../../../Engine/Plugins/VirtualProduction/VirtualCamera/Content/WidgetLibrary/Common/VCamIcons/IconDolly.uexp" 2580
"../../../Engine/Plugins/VirtualProduction/VirtualCamera/Content/WidgetLibrary/Common/VCamIcons/IconPan.uasset" 2581
"../../../Engine/Plugins/VirtualProduction/VirtualCamera/Content/WidgetLibrary/Common/VCamIcons/IconPan.uexp" 2582
"../../../Engine/Plugins/VirtualProduction/VirtualCamera/Content/WidgetLibrary/Common/VCamIcons/IconRoll.uasset" 2583
"../../../Engine/Plugins/VirtualProduction/VirtualCamera/Content/WidgetLibrary/Common/VCamIcons/IconRoll.uexp" 2584
"../../../Engine/Plugins/VirtualProduction/VirtualCamera/Content/WidgetLibrary/Common/VCamIcons/IconTilt.uasset" 2585
"../../../Engine/Plugins/VirtualProduction/VirtualCamera/Content/WidgetLibrary/Common/VCamIcons/IconTilt.uexp" 2586
"../../../Engine/Plugins/VirtualProduction/VirtualCamera/Content/WidgetLibrary/Common/VCamIcons/IconTruck.uasset" 2587
"../../../Engine/Plugins/VirtualProduction/VirtualCamera/Content/WidgetLibrary/Common/VCamIcons/IconTruck.uexp" 2588
"../../../Engine/Plugins/VirtualProduction/VirtualCamera/Content/WidgetLibrary/Common/VCamIcons/IconZeroState.uasset" 2589
"../../../Engine/Plugins/VirtualProduction/VirtualCamera/Content/WidgetLibrary/Common/VCamIcons/IconZeroState.uexp" 2590
"../../../Engine/Plugins/VirtualProduction/VirtualCamera/Content/WidgetLibrary/Common/VCamIcons/IconSpline.uasset" 2591
"../../../Engine/Plugins/VirtualProduction/VirtualCamera/Content/WidgetLibrary/Common/VCamIcons/IconSpline.uexp" 2592
"../../../Engine/Plugins/VirtualProduction/VirtualCamera/Content/WidgetLibrary/Common/VCamIcons/IconAttachOptions.uasset" 2593
"../../../Engine/Plugins/VirtualProduction/VirtualCamera/Content/WidgetLibrary/Common/VCamIcons/IconAttachOptions.uexp" 2594
"../../../Engine/Plugins/VirtualProduction/VirtualCamera/Content/WidgetLibrary/Common/VCamIcons/IconEditOptions.uasset" 2595
"../../../Engine/Plugins/VirtualProduction/VirtualCamera/Content/WidgetLibrary/Common/VCamIcons/IconEditOptions.uexp" 2596
"../../../Engine/Plugins/VirtualProduction/VirtualCamera/Content/WidgetLibrary/Common/VCamIcons/IconFilm.uasset" 2597
"../../../Engine/Plugins/VirtualProduction/VirtualCamera/Content/WidgetLibrary/Common/VCamIcons/IconFilm.uexp" 2598
"../../../Engine/Plugins/VirtualProduction/VirtualCamera/Content/WidgetLibrary/Common/VCamIcons/IconGameView.uasset" 2599
"../../../Engine/Plugins/VirtualProduction/VirtualCamera/Content/WidgetLibrary/Common/VCamIcons/IconGameView.uexp" 2600
"../../../Engine/Plugins/VirtualProduction/VirtualCamera/Content/WidgetLibrary/Common/VCamIcons/IconSplineUpdate.uasset" 2601
"../../../Engine/Plugins/VirtualProduction/VirtualCamera/Content/WidgetLibrary/Common/VCamIcons/IconSplineUpdate.uexp" 2602
"../../../Engine/Plugins/VirtualProduction/VirtualCamera/Content/WidgetLibrary/Common/VCamIcons/IconZeroToParent.uasset" 2603
"../../../Engine/Plugins/VirtualProduction/VirtualCamera/Content/WidgetLibrary/Common/VCamIcons/IconZeroToParent.uexp" 2604
"../../../Engine/Plugins/VirtualProduction/VirtualCamera/Content/WidgetLibrary/Common/VCamIcons/TiltOffset.uasset" 2605
"../../../Engine/Plugins/VirtualProduction/VirtualCamera/Content/WidgetLibrary/Common/VCamIcons/TiltOffset.uexp" 2606
"../../../Engine/Plugins/VirtualProduction/VirtualCamera/Content/WidgetLibrary/VCamEarMenu/Updated/hierarchy/WS_EarButton.uasset" 2607
"../../../Engine/Plugins/VirtualProduction/VirtualCamera/Content/WidgetLibrary/VCamEarMenu/Updated/hierarchy/WS_EarButton.uexp" 2608
"../../../Engine/Plugins/VirtualProduction/VirtualCamera/Content/WidgetLibrary/VCamEarMenu/Updated/hierarchy/MBWS_EarMenu_Right.uasset" 2609
"../../../Engine/Plugins/VirtualProduction/VirtualCamera/Content/WidgetLibrary/VCamEarMenu/Updated/hierarchy/MBWS_EarMenu_Right.uexp" 2610
"../../../Engine/Plugins/VirtualProduction/VirtualCamera/Content/WidgetLibrary/VCamEarMenu/Updated/hierarchy/MH_EarMenu_Right.uasset" 2611
"../../../Engine/Plugins/VirtualProduction/VirtualCamera/Content/WidgetLibrary/VCamEarMenu/Updated/hierarchy/MH_EarMenu_Right.uexp" 2612
"../../../Engine/Plugins/VirtualProduction/VirtualCamera/Content/WidgetLibrary/VCamEarMenu/Textures/T_LeftEarBottom.uasset" 2613
"../../../Engine/Plugins/VirtualProduction/VirtualCamera/Content/WidgetLibrary/VCamEarMenu/Textures/T_LeftEarBottom.uexp" 2614
"../../../Engine/Plugins/VirtualProduction/VirtualCamera/Content/WidgetLibrary/Common/VCamIcons/IconArrowDown.uasset" 2615
"../../../Engine/Plugins/VirtualProduction/VirtualCamera/Content/WidgetLibrary/Common/VCamIcons/IconArrowDown.uexp" 2616
"../../../Engine/Plugins/VirtualProduction/VirtualCamera/Content/WidgetLibrary/VCamEarMenu/Updated/BPI_VCamEar.uasset" 2617
"../../../Engine/Plugins/VirtualProduction/VirtualCamera/Content/WidgetLibrary/VCamEarMenu/Updated/BPI_VCamEar.uexp" 2618
"../../../Engine/Plugins/VirtualProduction/VirtualCamera/Content/WidgetLibrary/VCamEarMenu/Updated/curves/C_AnimIn.uasset" 2619
"../../../Engine/Plugins/VirtualProduction/VirtualCamera/Content/WidgetLibrary/VCamEarMenu/Updated/curves/C_AnimIn.uexp" 2620
"../../../Engine/Plugins/VirtualProduction/VirtualCamera/Content/WidgetLibrary/VCamEarMenu/Updated/enum/E_VCamEarState.uasset" 2621
"../../../Engine/Plugins/VirtualProduction/VirtualCamera/Content/WidgetLibrary/VCamEarMenu/Updated/enum/E_VCamEarState.uexp" 2622
"../../../Engine/Plugins/VirtualProduction/VirtualCamera/Content/WidgetLibrary/Common/VCamIcons/IconFocus.uasset" 2623
"../../../Engine/Plugins/VirtualProduction/VirtualCamera/Content/WidgetLibrary/Common/VCamIcons/IconFocus.uexp" 2624
"../../../Engine/Plugins/VirtualProduction/VirtualCamera/Content/WidgetLibrary/Common/VCamIcons/IconLens.uasset" 2625
"../../../Engine/Plugins/VirtualProduction/VirtualCamera/Content/WidgetLibrary/Common/VCamIcons/IconLens.uexp" 2626
"../../../Engine/Plugins/VirtualProduction/VirtualCamera/Content/WidgetLibrary/Common/VCamIcons/IconFocusPeaking.uasset" 2627
"../../../Engine/Plugins/VirtualProduction/VirtualCamera/Content/WidgetLibrary/Common/VCamIcons/IconFocusPeaking.uexp" 2628
"../../../Engine/Plugins/VirtualProduction/VirtualCamera/Content/WidgetLibrary/Common/VCamIcons/IconZebraPattern.uasset" 2629
"../../../Engine/Plugins/VirtualProduction/VirtualCamera/Content/WidgetLibrary/Common/VCamIcons/IconZebraPattern.uexp" 2630
"../../../Engine/Plugins/VirtualProduction/VirtualCamera/Content/WidgetLibrary/Common/VCamIcons/IconClipPlane.uasset" 2631
"../../../Engine/Plugins/VirtualProduction/VirtualCamera/Content/WidgetLibrary/Common/VCamIcons/IconClipPlane.uexp" 2632
"../../../Engine/Plugins/VirtualProduction/VirtualCamera/Content/WidgetLibrary/Common/VCamIcons/IconISO.uasset" 2633
"../../../Engine/Plugins/VirtualProduction/VirtualCamera/Content/WidgetLibrary/Common/VCamIcons/IconISO.uexp" 2634
"../../../Engine/Plugins/VirtualProduction/VirtualCamera/Content/WidgetLibrary/Common/VCamIcons/IconViewfinder.uasset" 2635
"../../../Engine/Plugins/VirtualProduction/VirtualCamera/Content/WidgetLibrary/Common/VCamIcons/IconViewfinder.uexp" 2636
"../../../Engine/Plugins/VirtualProduction/VirtualCamera/Content/WidgetLibrary/Common/VCamIcons/IconFocusPlane.uasset" 2637
"../../../Engine/Plugins/VirtualProduction/VirtualCamera/Content/WidgetLibrary/Common/VCamIcons/IconFocusPlane.uexp" 2638
"../../../Engine/Plugins/VirtualProduction/VirtualCamera/Content/WidgetLibrary/Common/VCamIcons/IconTrackFocus.uasset" 2639
"../../../Engine/Plugins/VirtualProduction/VirtualCamera/Content/WidgetLibrary/Common/VCamIcons/IconTrackFocus.uexp" 2640
"../../../Engine/Plugins/VirtualProduction/VirtualCamera/Content/WidgetLibrary/VCamEarMenu/Updated/hierarchy/MBWS_EarMenu_Left.uasset" 2641
"../../../Engine/Plugins/VirtualProduction/VirtualCamera/Content/WidgetLibrary/VCamEarMenu/Updated/hierarchy/MBWS_EarMenu_Left.uexp" 2642
"../../../Engine/Plugins/VirtualProduction/VirtualCamera/Content/WidgetLibrary/VCamEarMenu/Updated/hierarchy/MH_EarMenu_Left.uasset" 2643
"../../../Engine/Plugins/VirtualProduction/VirtualCamera/Content/WidgetLibrary/VCamEarMenu/Updated/hierarchy/MH_EarMenu_Left.uexp" 2644
"../../../Engine/Plugins/VirtualProduction/VirtualCamera/Content/WidgetLibrary/VCamEarMenu/Updated/tex/ScrollFade_Bottom.uasset" 2645
"../../../Engine/Plugins/VirtualProduction/VirtualCamera/Content/WidgetLibrary/VCamEarMenu/Updated/tex/ScrollFade_Bottom.uexp" 2646
"../../../Engine/Plugins/VirtualProduction/VirtualCamera/Content/WidgetLibrary/VCamEarMenu/Updated/tex/ScrollFade_Top.uasset" 2647
"../../../Engine/Plugins/VirtualProduction/VirtualCamera/Content/WidgetLibrary/VCamEarMenu/Updated/tex/ScrollFade_Top.uexp" 2648
"../../../Engine/Plugins/VirtualProduction/VirtualCamera/Content/WidgetLibrary/Common/VCamIcons/IconAperture.uasset" 2649
"../../../Engine/Plugins/VirtualProduction/VirtualCamera/Content/WidgetLibrary/Common/VCamIcons/IconAperture.uexp" 2650
"../../../Engine/Plugins/VirtualProduction/VirtualCamera/Content/WidgetLibrary/VCamEarMenu/Updated/widgets/EarButton/EarButton.uasset" 2651
"../../../Engine/Plugins/VirtualProduction/VirtualCamera/Content/WidgetLibrary/VCamEarMenu/Updated/widgets/EarButton/EarButton.uexp" 2652
"../../../Engine/Plugins/VirtualProduction/VirtualCamera/Content/WidgetLibrary/VCamEarMenu/Updated/VCamEar.uasset" 2653
"../../../Engine/Plugins/VirtualProduction/VirtualCamera/Content/WidgetLibrary/VCamEarMenu/Updated/VCamEar.uexp" 2654
"../../../Engine/Plugins/VirtualProduction/VirtualCamera/Content/WidgetLibrary/VCamEarMenu/Updated/widgets/EarButton/EarButtonTooltip.uasset" 2655
"../../../Engine/Plugins/VirtualProduction/VirtualCamera/Content/WidgetLibrary/VCamEarMenu/Updated/widgets/EarButton/EarButtonTooltip.uexp" 2656
"../../../Engine/Plugins/VirtualProduction/VirtualCamera/Content/WidgetLibrary/VCamGestureWidget/Dependencies/VCamGestureIndex.uasset" 2657
"../../../Engine/Plugins/VirtualProduction/VirtualCamera/Content/WidgetLibrary/VCamGestureWidget/Dependencies/VCamGestureIndex.uexp" 2658
"../../../Engine/Plugins/VirtualProduction/VirtualCamera/Content/WidgetLibrary/VCamGestureWidget/Structs/VCamGestureUserSettings.uasset" 2659
"../../../Engine/Plugins/VirtualProduction/VirtualCamera/Content/WidgetLibrary/VCamGestureWidget/Structs/VCamGestureUserSettings.uexp" 2660
"../../../Engine/Plugins/VirtualProduction/VirtualCamera/Content/WidgetLibrary/VCamGestureWidget/Interfaces/VCamGestureUserSettings.uasset" 2661
"../../../Engine/Plugins/VirtualProduction/VirtualCamera/Content/WidgetLibrary/VCamGestureWidget/Interfaces/VCamGestureUserSettings.uexp" 2662
"../../../Engine/Plugins/VirtualProduction/VirtualCamera/Content/WidgetLibrary/VCamGestureWidget/Interfaces/VCamGestureViewportSettings.uasset" 2663
"../../../Engine/Plugins/VirtualProduction/VirtualCamera/Content/WidgetLibrary/VCamGestureWidget/Interfaces/VCamGestureViewportSettings.uexp" 2664
"../../../Engine/Plugins/VirtualProduction/VirtualCamera/Content/WidgetLibrary/VCamGestureWidget/Dependencies/M_GestureFeedback.uasset" 2665
"../../../Engine/Plugins/VirtualProduction/VirtualCamera/Content/WidgetLibrary/VCamGestureWidget/Dependencies/M_GestureFeedback.uexp" 2666
"../../../Engine/Plugins/VirtualProduction/VirtualCamera/Content/WidgetLibrary/VCamGestureWidget/Dependencies/MI_GestureFeedback.uasset" 2667
"../../../Engine/Plugins/VirtualProduction/VirtualCamera/Content/WidgetLibrary/VCamGestureWidget/Dependencies/MI_GestureFeedback.uexp" 2668
"../../../Engine/Plugins/VirtualProduction/VirtualCamera/Content/WidgetLibrary/VCamGestureWidget/Dependencies/M_GestureFocus.uasset" 2669
"../../../Engine/Plugins/VirtualProduction/VirtualCamera/Content/WidgetLibrary/VCamGestureWidget/Dependencies/M_GestureFocus.uexp" 2670
"../../../Engine/Plugins/VirtualProduction/VirtualCamera/Content/WidgetLibrary/VCamGestureWidget/Dependencies/MI_GestureFocus.uasset" 2671
"../../../Engine/Plugins/VirtualProduction/VirtualCamera/Content/WidgetLibrary/VCamGestureWidget/Dependencies/MI_GestureFocus.uexp" 2672
"../../../Engine/Plugins/VirtualProduction/VirtualCamera/Content/WidgetLibrary/VCamGestureWidget/VCamGestureUXWidget.uasset" 2673
"../../../Engine/Plugins/VirtualProduction/VirtualCamera/Content/WidgetLibrary/VCamGestureWidget/VCamGestureUXWidget.uexp" 2674
"../../../Engine/Plugins/VirtualProduction/VirtualCamera/Content/WidgetLibrary/VCW_AspectRatioMask/Dependencies/AspectRatioMaskUserSettings.uasset" 2675
"../../../Engine/Plugins/VirtualProduction/VirtualCamera/Content/WidgetLibrary/VCW_AspectRatioMask/Dependencies/AspectRatioMaskUserSettings.uexp" 2676
"../../../Engine/Plugins/VirtualProduction/VirtualCamera/Content/WidgetLibrary/VCW_AspectRatioMask/Interfaces/AspectRatioMaskInterface.uasset" 2677
"../../../Engine/Plugins/VirtualProduction/VirtualCamera/Content/WidgetLibrary/VCW_AspectRatioMask/Interfaces/AspectRatioMaskInterface.uexp" 2678
"../../../Engine/Plugins/VirtualProduction/VirtualCamera/Content/WidgetLibrary/BaseWidgets/BaseJoystick/BaseJoystick.uasset" 2679
"../../../Engine/Plugins/VirtualProduction/VirtualCamera/Content/WidgetLibrary/BaseWidgets/BaseJoystick/BaseJoystick.uexp" 2680
"../../../Engine/Plugins/VirtualProduction/VirtualCamera/Content/WidgetLibrary/VCamJoysticks/Dependencies/Joysticks_CranePanDirection.uasset" 2681
"../../../Engine/Plugins/VirtualProduction/VirtualCamera/Content/WidgetLibrary/VCamJoysticks/Dependencies/Joysticks_CranePanDirection.uexp" 2682
"../../../Engine/Plugins/VirtualProduction/VirtualCamera/Content/WidgetLibrary/VCamJoysticks/Dependencies/T_CraneJoystickInner.uasset" 2683
"../../../Engine/Plugins/VirtualProduction/VirtualCamera/Content/WidgetLibrary/VCamJoysticks/Dependencies/T_CraneJoystickInner.uexp" 2684
"../../../Engine/Plugins/VirtualProduction/VirtualCamera/Content/WidgetLibrary/VCamJoysticks/Dependencies/T_CraneJoystickOuter.uasset" 2685
"../../../Engine/Plugins/VirtualProduction/VirtualCamera/Content/WidgetLibrary/VCamJoysticks/Dependencies/T_CraneJoystickOuter.uexp" 2686
"../../../Engine/Plugins/VirtualProduction/VirtualCamera/Content/WidgetLibrary/VCamJoysticks/Dependencies/T_PanJoystickInner.uasset" 2687
"../../../Engine/Plugins/VirtualProduction/VirtualCamera/Content/WidgetLibrary/VCamJoysticks/Dependencies/T_PanJoystickInner.uexp" 2688
"../../../Engine/Plugins/VirtualProduction/VirtualCamera/Content/WidgetLibrary/VCamJoysticks/VCamJoysticks_CranePan.uasset" 2689
"../../../Engine/Plugins/VirtualProduction/VirtualCamera/Content/WidgetLibrary/VCamJoysticks/VCamJoysticks_CranePan.uexp" 2690
"../../../Engine/Plugins/VirtualProduction/VirtualCamera/Content/WidgetLibrary/VCamJoysticks/Dependencies/T_DollyJoystickInner.uasset" 2691
"../../../Engine/Plugins/VirtualProduction/VirtualCamera/Content/WidgetLibrary/VCamJoysticks/Dependencies/T_DollyJoystickInner.uexp" 2692
"../../../Engine/Plugins/VirtualProduction/VirtualCamera/Content/WidgetLibrary/VCamJoysticks/Dependencies/T_DollyJoystickOuter.uasset" 2693
"../../../Engine/Plugins/VirtualProduction/VirtualCamera/Content/WidgetLibrary/VCamJoysticks/Dependencies/T_DollyJoystickOuter.uexp" 2694
"../../../Engine/Plugins/VirtualProduction/VirtualCamera/Content/WidgetLibrary/VCamJoysticks/VCamJoystick_Planar.uasset" 2695
"../../../Engine/Plugins/VirtualProduction/VirtualCamera/Content/WidgetLibrary/VCamJoysticks/VCamJoystick_Planar.uexp" 2696
"../../../Engine/Plugins/VirtualProduction/VirtualCamera/Content/WidgetLibrary/VCamJoysticks/VCamJoysticks.uasset" 2697
"../../../Engine/Plugins/VirtualProduction/VirtualCamera/Content/WidgetLibrary/VCamJoysticks/VCamJoysticks.uexp" 2698
"../../../Engine/Plugins/VirtualProduction/VirtualCamera/Content/WidgetLibrary/VCamGestureWidget/Dependencies/EVcamGestureTutorials.uasset" 2699
"../../../Engine/Plugins/VirtualProduction/VirtualCamera/Content/WidgetLibrary/VCamGestureWidget/Dependencies/EVcamGestureTutorials.uexp" 2700
"../../../Engine/Plugins/VirtualProduction/VirtualCamera/Content/WidgetLibrary/VCamGestureWidget/VCamGestureWidget.uasset" 2701
"../../../Engine/Plugins/VirtualProduction/VirtualCamera/Content/WidgetLibrary/VCamGestureWidget/VCamGestureWidget.uexp" 2702
"../../../Engine/Plugins/VirtualProduction/VirtualCamera/Content/WidgetLibrary/VCamHUDBorder/Dependencies/T_VCamHUDCorner.uasset" 2703
"../../../Engine/Plugins/VirtualProduction/VirtualCamera/Content/WidgetLibrary/VCamHUDBorder/Dependencies/T_VCamHUDCorner.uexp" 2704
"../../../Engine/Plugins/VirtualProduction/VirtualCamera/Content/WidgetLibrary/VCamHUDBorder/Dependencies/T_VCamHUDTopFrameLeft.uasset" 2705
"../../../Engine/Plugins/VirtualProduction/VirtualCamera/Content/WidgetLibrary/VCamHUDBorder/Dependencies/T_VCamHUDTopFrameLeft.uexp" 2706
"../../../Engine/Plugins/VirtualProduction/VirtualCamera/Content/WidgetLibrary/VCamHUDBorder/Dependencies/T_VCamHUDTopFrameRight.uasset" 2707
"../../../Engine/Plugins/VirtualProduction/VirtualCamera/Content/WidgetLibrary/VCamHUDBorder/Dependencies/T_VCamHUDTopFrameRight.uexp" 2708
"../../../Engine/Plugins/VirtualProduction/VirtualCamera/Content/WidgetLibrary/VCamHUDBorder/VCamHUDBorder.uasset" 2709
"../../../Engine/Plugins/VirtualProduction/VirtualCamera/Content/WidgetLibrary/VCamHUDBorder/VCamHUDBorder.uexp" 2710
"../../../Engine/Plugins/VirtualProduction/VirtualCamera/Content/WidgetLibrary/VCamHUDButton/Dependencies/VCamHUDButtonStyleSettings.uasset" 2711
"../../../Engine/Plugins/VirtualProduction/VirtualCamera/Content/WidgetLibrary/VCamHUDButton/Dependencies/VCamHUDButtonStyleSettings.uexp" 2712
"../../../Engine/Plugins/VirtualProduction/VirtualCamera/Content/WidgetLibrary/VCamHUDButton/Interfaces/VCamHUDButtonStyleInterface.uasset" 2713
"../../../Engine/Plugins/VirtualProduction/VirtualCamera/Content/WidgetLibrary/VCamHUDButton/Interfaces/VCamHUDButtonStyleInterface.uexp" 2714
"../../../Engine/Plugins/VirtualProduction/VirtualCamera/Content/WidgetLibrary/VCamHUDButton/VCamHUDButton.uasset" 2715
"../../../Engine/Plugins/VirtualProduction/VirtualCamera/Content/WidgetLibrary/VCamHUDButton/VCamHUDButton.uexp" 2716
"../../../Engine/Plugins/VirtualProduction/VirtualCamera/Content/WidgetLibrary/VCamOptionStepper/VCamOptionStepper.uasset" 2717
"../../../Engine/Plugins/VirtualProduction/VirtualCamera/Content/WidgetLibrary/VCamOptionStepper/VCamOptionStepper.uexp" 2718
"../../../Engine/Plugins/VirtualProduction/VirtualCamera/Content/WidgetLibrary/VCamOptionMenu/Dependencies/VCamOptionMenuItemDataStruct.uasset" 2719
"../../../Engine/Plugins/VirtualProduction/VirtualCamera/Content/WidgetLibrary/VCamOptionMenu/Dependencies/VCamOptionMenuItemDataStruct.uexp" 2720
"../../../Engine/Plugins/VirtualProduction/VirtualCamera/Content/WidgetLibrary/VCamOptionMenu/Dependencies/VCamOptionMenuUserSettings.uasset" 2721
"../../../Engine/Plugins/VirtualProduction/VirtualCamera/Content/WidgetLibrary/VCamOptionMenu/Dependencies/VCamOptionMenuUserSettings.uexp" 2722
"../../../Engine/Plugins/VirtualProduction/VirtualCamera/Content/WidgetLibrary/VCamOptionMenu/Interfaces/VCamOptionMenuUserSettingsInterface.uasset" 2723
"../../../Engine/Plugins/VirtualProduction/VirtualCamera/Content/WidgetLibrary/VCamOptionMenu/Interfaces/VCamOptionMenuUserSettingsInterface.uexp" 2724
"../../../Engine/Plugins/VirtualProduction/VirtualCamera/Content/WidgetLibrary/VCamButton/Dependencies/T_VCamButton.uasset" 2725
"../../../Engine/Plugins/VirtualProduction/VirtualCamera/Content/WidgetLibrary/VCamButton/Dependencies/T_VCamButton.uexp" 2726
"../../../Engine/Plugins/VirtualProduction/VirtualCamera/Content/WidgetLibrary/VCamOptionMenu/Dependencies/VCamOptionMenuItemDataObject.uasset" 2727
"../../../Engine/Plugins/VirtualProduction/VirtualCamera/Content/WidgetLibrary/VCamOptionMenu/Dependencies/VCamOptionMenuItemDataObject.uexp" 2728
"../../../Engine/Plugins/VirtualProduction/VirtualCamera/Content/WidgetLibrary/VCamOptionMenu/Dependencies/VCamOptionMenuItem.uasset" 2729
"../../../Engine/Plugins/VirtualProduction/VirtualCamera/Content/WidgetLibrary/VCamOptionMenu/Dependencies/VCamOptionMenuItem.uexp" 2730
"../../../Engine/Plugins/VirtualProduction/VirtualCamera/Content/WidgetLibrary/VCamOptionMenu/VCamOptionMenu.uasset" 2731
"../../../Engine/Plugins/VirtualProduction/VirtualCamera/Content/WidgetLibrary/VCamOptionMenu/VCamOptionMenu.uexp" 2732
"../../../Engine/Plugins/VirtualProduction/VirtualCamera/Content/WidgetLibrary/VCamParentWidget/VCamParentWidget.uasset" 2733
"../../../Engine/Plugins/VirtualProduction/VirtualCamera/Content/WidgetLibrary/VCamParentWidget/VCamParentWidget.uexp" 2734
"../../../Engine/Plugins/VirtualProduction/VirtualCamera/Content/WidgetLibrary/VCamTimeScale/Structs/VCamTimeScaleUserSettings.uasset" 2735
"../../../Engine/Plugins/VirtualProduction/VirtualCamera/Content/WidgetLibrary/VCamTimeScale/Structs/VCamTimeScaleUserSettings.uexp" 2736
"../../../Engine/Plugins/VirtualProduction/VirtualCamera/Content/WidgetLibrary/VCamTimeScale/Interfaces/VCamTimeScaleInterface.uasset" 2737
"../../../Engine/Plugins/VirtualProduction/VirtualCamera/Content/WidgetLibrary/VCamTimeScale/Interfaces/VCamTimeScaleInterface.uexp" 2738
"../../../Engine/Plugins/VirtualProduction/VirtualCamera/Content/WidgetLibrary/VCamTimeScale/VCamTimeScale.uasset" 2739
"../../../Engine/Plugins/VirtualProduction/VirtualCamera/Content/WidgetLibrary/VCamTimeScale/VCamTimeScale.uexp" 2740
"../../../Engine/Plugins/VirtualProduction/VirtualCamera/Content/WidgetLibrary/Common/VCamIcons/IconTimer.ubulk" 2741
"../../../Engine/Plugins/VirtualProduction/VirtualCamera/Content/WidgetLibrary/Common/VCamIcons/IconTimer.uasset" 2742
"../../../Engine/Plugins/VirtualProduction/VirtualCamera/Content/WidgetLibrary/Common/VCamIcons/IconTimer.uexp" 2743
"../../../Engine/Plugins/VirtualProduction/VirtualCamera/Content/WidgetLibrary/VCamRecordButton/VCamRecordButton.uasset" 2744
"../../../Engine/Plugins/VirtualProduction/VirtualCamera/Content/WidgetLibrary/VCamRecordButton/VCamRecordButton.uexp" 2745
"../../../Engine/Plugins/VirtualProduction/VirtualCamera/Content/WidgetLibrary/VCamSensorCorrectionMask/Structs/VCamSensorCorrectionMaskUserSettings.uasset" 2746
"../../../Engine/Plugins/VirtualProduction/VirtualCamera/Content/WidgetLibrary/VCamSensorCorrectionMask/Structs/VCamSensorCorrectionMaskUserSettings.uexp" 2747
"../../../Engine/Plugins/VirtualProduction/VirtualCamera/Content/WidgetLibrary/VCamSensorCorrectionMask/Interfaces/VCamSensorCorrectionMaskInterface.uasset" 2748
"../../../Engine/Plugins/VirtualProduction/VirtualCamera/Content/WidgetLibrary/VCamSensorCorrectionMask/Interfaces/VCamSensorCorrectionMaskInterface.uexp" 2749
"../../../Engine/Content/Functions/Engine_MaterialFunctions01/Gradient/BoxMask-2D.uasset" 2750
"../../../Engine/Content/Functions/Engine_MaterialFunctions01/Gradient/BoxMask-2D.uexp" 2751
"../../../Engine/Plugins/VirtualProduction/VirtualCamera/Content/WidgetLibrary/VCW_AspectRatioMask/Dependencies/M_MaskAspectRatio.uasset" 2752
"../../../Engine/Plugins/VirtualProduction/VirtualCamera/Content/WidgetLibrary/VCW_AspectRatioMask/Dependencies/M_MaskAspectRatio.uexp" 2753
"../../../Engine/Plugins/VirtualProduction/VirtualCamera/Content/WidgetLibrary/VCamSensorCorrectionMask/Interfaces/VCamSensorTargetViewportSize.uasset" 2754
"../../../Engine/Plugins/VirtualProduction/VirtualCamera/Content/WidgetLibrary/VCamSensorCorrectionMask/Interfaces/VCamSensorTargetViewportSize.uexp" 2755
"../../../Engine/Plugins/VirtualProduction/VirtualCamera/Content/WidgetLibrary/VCamSensorCorrectionMask/VCamSensorCorrectionMask.uasset" 2756
"../../../Engine/Plugins/VirtualProduction/VirtualCamera/Content/WidgetLibrary/VCamSensorCorrectionMask/VCamSensorCorrectionMask.uexp" 2757
"../../../Engine/Plugins/VirtualProduction/VirtualCamera/Content/WidgetLibrary/VCamSequencerTimeline/Structs/VCamSequencerTimelineUserSettings.uasset" 2758
"../../../Engine/Plugins/VirtualProduction/VirtualCamera/Content/WidgetLibrary/VCamSequencerTimeline/Structs/VCamSequencerTimelineUserSettings.uexp" 2759
"../../../Engine/Plugins/VirtualProduction/VirtualCamera/Content/WidgetLibrary/VCamSequencerTimeline/Interfaces/VCamSequencerTimelineInterface.uasset" 2760
"../../../Engine/Plugins/VirtualProduction/VirtualCamera/Content/WidgetLibrary/VCamSequencerTimeline/Interfaces/VCamSequencerTimelineInterface.uexp" 2761
"../../../Engine/Plugins/VirtualProduction/VirtualCamera/Content/WidgetLibrary/VCamSequencerTimeline/VCamSequencerKeyframeMarker.uasset" 2762
"../../../Engine/Plugins/VirtualProduction/VirtualCamera/Content/WidgetLibrary/VCamSequencerTimeline/VCamSequencerKeyframeMarker.uexp" 2763
"../../../Engine/Content/Functions/Engine_MaterialFunctions01/Gradient/GeneratedRoundRect.uasset" 2764
"../../../Engine/Content/Functions/Engine_MaterialFunctions01/Gradient/GeneratedRoundRect.uexp" 2765
"../../../Engine/Plugins/VirtualProduction/VirtualCamera/Content/WidgetLibrary/VCamSequencerTimeline/Textures/T_VCamTimelineDefaultGrey.uasset" 2766
"../../../Engine/Plugins/VirtualProduction/VirtualCamera/Content/WidgetLibrary/VCamSequencerTimeline/Textures/T_VCamTimelineDefaultGrey.uexp" 2767
"../../../Engine/Plugins/VirtualProduction/VirtualCamera/Content/WidgetLibrary/VCamSequencerTimeline/Materials/M_TimelineRoundedBox.uasset" 2768
"../../../Engine/Plugins/VirtualProduction/VirtualCamera/Content/WidgetLibrary/VCamSequencerTimeline/Materials/M_TimelineRoundedBox.uexp" 2769
"../../../Engine/Plugins/VirtualProduction/VirtualCamera/Content/WidgetLibrary/VCamSequencerTimeline/Materials/MI_TimelineRoundedBox.uasset" 2770
"../../../Engine/Plugins/VirtualProduction/VirtualCamera/Content/WidgetLibrary/VCamSequencerTimeline/Materials/MI_TimelineRoundedBox.uexp" 2771
"../../../Engine/Plugins/VirtualProduction/VirtualCamera/Content/WidgetLibrary/VCamSequencerTimeline/VCamSequencerTimeline.uasset" 2772
"../../../Engine/Plugins/VirtualProduction/VirtualCamera/Content/WidgetLibrary/VCamSequencerTimeline/VCamSequencerTimeline.uexp" 2773
"../../../Engine/Plugins/VirtualProduction/VirtualCamera/Content/WidgetLibrary/VCamSequencerTimeline/Structs/VCamSequencerTransportUserSettings.uasset" 2774
"../../../Engine/Plugins/VirtualProduction/VirtualCamera/Content/WidgetLibrary/VCamSequencerTimeline/Structs/VCamSequencerTransportUserSettings.uexp" 2775
"../../../Engine/Plugins/VirtualProduction/VirtualCamera/Content/WidgetLibrary/VCamSequencerTimeline/Interfaces/VCamSequencerTransportInterface.uasset" 2776
"../../../Engine/Plugins/VirtualProduction/VirtualCamera/Content/WidgetLibrary/VCamSequencerTimeline/Interfaces/VCamSequencerTransportInterface.uexp" 2777
"../../../Engine/Plugins/VirtualProduction/VirtualCamera/Content/WidgetLibrary/VCamSequencerTimeline/Textures/T_JumpToNextKey.uasset" 2778
"../../../Engine/Plugins/VirtualProduction/VirtualCamera/Content/WidgetLibrary/VCamSequencerTimeline/Textures/T_JumpToNextKey.uexp" 2779
"../../../Engine/Plugins/VirtualProduction/VirtualCamera/Content/WidgetLibrary/VCamSequencerTimeline/Textures/T_JumpToPreviousKey.uasset" 2780
"../../../Engine/Plugins/VirtualProduction/VirtualCamera/Content/WidgetLibrary/VCamSequencerTimeline/Textures/T_JumpToPreviousKey.uexp" 2781
"../../../Engine/Plugins/VirtualProduction/VirtualCamera/Content/WidgetLibrary/VCamSequencerTimeline/Textures/T_NextFrame.uasset" 2782
"../../../Engine/Plugins/VirtualProduction/VirtualCamera/Content/WidgetLibrary/VCamSequencerTimeline/Textures/T_NextFrame.uexp" 2783
"../../../Engine/Plugins/VirtualProduction/VirtualCamera/Content/WidgetLibrary/VCamSequencerTimeline/Textures/T_PreviousFrame.uasset" 2784
"../../../Engine/Plugins/VirtualProduction/VirtualCamera/Content/WidgetLibrary/VCamSequencerTimeline/Textures/T_PreviousFrame.uexp" 2785
"../../../Engine/Plugins/VirtualProduction/VirtualCamera/Content/WidgetLibrary/VCamSequencerTimeline/Textures/T_ToPlaybackEnd.uasset" 2786
"../../../Engine/Plugins/VirtualProduction/VirtualCamera/Content/WidgetLibrary/VCamSequencerTimeline/Textures/T_ToPlaybackEnd.uexp" 2787
"../../../Engine/Plugins/VirtualProduction/VirtualCamera/Content/WidgetLibrary/VCamSequencerTimeline/VCamSequencerTransportControls.uasset" 2788
"../../../Engine/Plugins/VirtualProduction/VirtualCamera/Content/WidgetLibrary/VCamSequencerTimeline/VCamSequencerTransportControls.uexp" 2789
"../../../Engine/Plugins/VirtualProduction/VirtualCamera/Content/WidgetLibrary/VCamSplineEditor/VCamSplineEditMode.uasset" 2790
"../../../Engine/Plugins/VirtualProduction/VirtualCamera/Content/WidgetLibrary/VCamSplineEditor/VCamSplineEditMode.uexp" 2791
"../../../Engine/Plugins/VirtualProduction/VirtualCamera/Content/WidgetLibrary/VCamComboButton/Dependencies/VCamComboButtonEntryDataStruct.uasset" 2792
"../../../Engine/Plugins/VirtualProduction/VirtualCamera/Content/WidgetLibrary/VCamComboButton/Dependencies/VCamComboButtonEntryDataStruct.uexp" 2793
"../../../Engine/Plugins/VirtualProduction/VirtualCamera/Content/WidgetLibrary/VCamComboButton/Dependencies/VCamComboButtonUserSettings.uasset" 2794
"../../../Engine/Plugins/VirtualProduction/VirtualCamera/Content/WidgetLibrary/VCamComboButton/Dependencies/VCamComboButtonUserSettings.uexp" 2795
"../../../Engine/Plugins/VirtualProduction/VirtualCamera/Content/WidgetLibrary/VCamSlider/VCamSliderMarker.uasset" 2796
"../../../Engine/Plugins/VirtualProduction/VirtualCamera/Content/WidgetLibrary/VCamSlider/VCamSliderMarker.uexp" 2797
"../../../Engine/Plugins/VirtualProduction/VirtualCamera/Content/WidgetLibrary/VCamSlider/VCamSlider.uasset" 2798
"../../../Engine/Plugins/VirtualProduction/VirtualCamera/Content/WidgetLibrary/VCamSlider/VCamSlider.uexp" 2799
"../../../Engine/Plugins/VirtualProduction/VirtualCamera/Content/WidgetLibrary/Common/VCamIcons/IconEdit.uasset" 2800
"../../../Engine/Plugins/VirtualProduction/VirtualCamera/Content/WidgetLibrary/Common/VCamIcons/IconEdit.uexp" 2801
"../../../Engine/Plugins/VirtualProduction/VirtualCamera/Content/WidgetLibrary/VCamSplineEditor/VCamSplineModeSelector.uasset" 2802
"../../../Engine/Plugins/VirtualProduction/VirtualCamera/Content/WidgetLibrary/VCamSplineEditor/VCamSplineModeSelector.uexp" 2803
"../../../Engine/Plugins/VirtualProduction/VirtualCamera/Content/WidgetLibrary/VCamSplineEditor/VCamSplineEditor.uasset" 2804
"../../../Engine/Plugins/VirtualProduction/VirtualCamera/Content/WidgetLibrary/VCamSplineEditor/VCamSplineEditor.uexp" 2805
"../../../Engine/Plugins/VirtualProduction/VirtualCamera/Content/WidgetLibrary/VCamTakesBrowser/enum/E_VCamAssetBrowserFilter.uasset" 2806
"../../../Engine/Plugins/VirtualProduction/VirtualCamera/Content/WidgetLibrary/VCamTakesBrowser/enum/E_VCamAssetBrowserFilter.uexp" 2807
"../../../Engine/Plugins/VirtualProduction/VirtualCamera/Content/WidgetLibrary/VCamTakesBrowser/struct/S_VCamTakeData.uasset" 2808
"../../../Engine/Plugins/VirtualProduction/VirtualCamera/Content/WidgetLibrary/VCamTakesBrowser/struct/S_VCamTakeData.uexp" 2809
"../../../Engine/Plugins/VirtualProduction/VirtualCamera/Content/WidgetLibrary/VCamTakesBrowser/widgets/VCamTakeEntryData.uasset" 2810
"../../../Engine/Plugins/VirtualProduction/VirtualCamera/Content/WidgetLibrary/VCamTakesBrowser/widgets/VCamTakeEntryData.uexp" 2811
"../../../Engine/Plugins/VirtualProduction/VirtualCamera/Content/WidgetLibrary/Common/VCamIcons/IconContentDirty.uasset" 2812
"../../../Engine/Plugins/VirtualProduction/VirtualCamera/Content/WidgetLibrary/Common/VCamIcons/IconContentDirty.uexp" 2813
"../../../Engine/Plugins/VirtualProduction/VirtualCamera/Content/WidgetLibrary/VCamTakesBrowser/tex/T_IconRecordOpen.uasset" 2814
"../../../Engine/Plugins/VirtualProduction/VirtualCamera/Content/WidgetLibrary/VCamTakesBrowser/tex/T_IconRecordOpen.uexp" 2815
"../../../Engine/Plugins/VirtualProduction/VirtualCamera/Content/WidgetLibrary/VCamTakesBrowser/tex/T_IconView.uasset" 2816
"../../../Engine/Plugins/VirtualProduction/VirtualCamera/Content/WidgetLibrary/VCamTakesBrowser/tex/T_IconView.uexp" 2817
"../../../Engine/Content/Functions/Engine_MaterialFunctions02/SmoothStep.uasset" 2818
"../../../Engine/Content/Functions/Engine_MaterialFunctions02/SmoothStep.uexp" 2819
"../../../Engine/Plugins/VirtualProduction/VirtualCamera/Content/WidgetLibrary/VCamTakesBrowser/widgets/mat/Radial.uasset" 2820
"../../../Engine/Plugins/VirtualProduction/VirtualCamera/Content/WidgetLibrary/VCamTakesBrowser/widgets/mat/Radial.uexp" 2821
"../../../Engine/Plugins/VirtualProduction/VirtualCamera/Content/WidgetLibrary/VCamTakesBrowser/widgets/mat/T_TakesBrowser_TakeThumbMask.ubulk" 2822
"../../../Engine/Plugins/VirtualProduction/VirtualCamera/Content/WidgetLibrary/VCamTakesBrowser/widgets/mat/T_TakesBrowser_TakeThumbMask.uasset" 2823
"../../../Engine/Plugins/VirtualProduction/VirtualCamera/Content/WidgetLibrary/VCamTakesBrowser/widgets/mat/T_TakesBrowser_TakeThumbMask.uexp" 2824
"../../../Engine/Plugins/VirtualProduction/VirtualCamera/Content/WidgetLibrary/VCamTakesBrowser/widgets/mat/M_ThumbnailMask.uasset" 2825
"../../../Engine/Plugins/VirtualProduction/VirtualCamera/Content/WidgetLibrary/VCamTakesBrowser/widgets/mat/M_ThumbnailMask.uexp" 2826
"../../../Engine/Plugins/VirtualProduction/VirtualCamera/Content/WidgetLibrary/VCamTakesBrowser/widgets/VCamTake.uasset" 2827
"../../../Engine/Plugins/VirtualProduction/VirtualCamera/Content/WidgetLibrary/VCamTakesBrowser/widgets/VCamTake.uexp" 2828
"../../../Engine/Plugins/VirtualProduction/VirtualCamera/Content/WidgetLibrary/Common/VCamIcons/BTNTakes.uasset" 2829
"../../../Engine/Plugins/VirtualProduction/VirtualCamera/Content/WidgetLibrary/Common/VCamIcons/BTNTakes.uexp" 2830
"../../../Engine/Plugins/VirtualProduction/VirtualCamera/Content/WidgetLibrary/VCamTakesBrowser/tex/T_IconTag.uasset" 2831
"../../../Engine/Plugins/VirtualProduction/VirtualCamera/Content/WidgetLibrary/VCamTakesBrowser/tex/T_IconTag.uexp" 2832
"../../../Engine/Plugins/VirtualProduction/VirtualCamera/Content/WidgetLibrary/VCamTakesBrowser/widgets/VCamTakeFilterWidget.uasset" 2833
"../../../Engine/Plugins/VirtualProduction/VirtualCamera/Content/WidgetLibrary/VCamTakesBrowser/widgets/VCamTakeFilterWidget.uexp" 2834
"../../../Engine/Plugins/VirtualProduction/VirtualCamera/Content/WidgetLibrary/VCamTakesBrowser/VCamTakesBrowser.uasset" 2835
"../../../Engine/Plugins/VirtualProduction/VirtualCamera/Content/WidgetLibrary/VCamTakesBrowser/VCamTakesBrowser.uexp" 2836
"../../../Engine/Plugins/VirtualProduction/VirtualCamera/Content/WidgetLibrary/VCamTakesBrowser/widgets/mat/M_ThumbnailMask_AllCorners.uasset" 2837
"../../../Engine/Plugins/VirtualProduction/VirtualCamera/Content/WidgetLibrary/VCamTakesBrowser/widgets/mat/M_ThumbnailMask_AllCorners.uexp" 2838
"../../../Engine/Plugins/VirtualProduction/VirtualCamera/Content/WidgetLibrary/VCamTakesBrowser/widgets/VCamTakeThumbnailButton.uasset" 2839
"../../../Engine/Plugins/VirtualProduction/VirtualCamera/Content/WidgetLibrary/VCamTakesBrowser/widgets/VCamTakeThumbnailButton.uexp" 2840
"../../../Engine/Plugins/VirtualProduction/VirtualCamera/Content/WidgetLibrary/Common/VCamIcons/IConCurveEditorMiscFilters.uasset" 2841
"../../../Engine/Plugins/VirtualProduction/VirtualCamera/Content/WidgetLibrary/Common/VCamIcons/IConCurveEditorMiscFilters.uexp" 2842
"../../../Engine/Plugins/VirtualProduction/VirtualCamera/Content/WidgetLibrary/Common/VCamIcons/IconSearch.uasset" 2843
"../../../Engine/Plugins/VirtualProduction/VirtualCamera/Content/WidgetLibrary/Common/VCamIcons/IconSearch.uexp" 2844
"../../../Engine/Plugins/VirtualProduction/VirtualCamera/Content/WidgetLibrary/Common/VCamIcons/T_IconPlusMinimal.uasset" 2845
"../../../Engine/Plugins/VirtualProduction/VirtualCamera/Content/WidgetLibrary/Common/VCamIcons/T_IconPlusMinimal.uexp" 2846
"../../../Engine/Plugins/VirtualProduction/VirtualCamera/Content/WidgetLibrary/VCamTakesBrowser/widgets/VCamTakeCarouselEntry.uasset" 2847
"../../../Engine/Plugins/VirtualProduction/VirtualCamera/Content/WidgetLibrary/VCamTakesBrowser/widgets/VCamTakeCarouselEntry.uexp" 2848
"../../../Engine/Plugins/VirtualProduction/VirtualCamera/Content/WidgetLibrary/VCamTakesBrowser/widgets/mat/M_Carousel.uasset" 2849
"../../../Engine/Plugins/VirtualProduction/VirtualCamera/Content/WidgetLibrary/VCamTakesBrowser/widgets/mat/M_Carousel.uexp" 2850
"../../../Engine/Plugins/VirtualProduction/VirtualCamera/Content/WidgetLibrary/VCamTakesBrowser/widgets/VCamTakeViewer.uasset" 2851
"../../../Engine/Plugins/VirtualProduction/VirtualCamera/Content/WidgetLibrary/VCamTakesBrowser/widgets/VCamTakeViewer.uexp" 2852
"../../../Engine/Plugins/VirtualProduction/VirtualCamera/Content/Modifiers/TeleportModifier/Input/Aim.uasset" 2853
"../../../Engine/Plugins/VirtualProduction/VirtualCamera/Content/Modifiers/TeleportModifier/Input/Aim.uexp" 2854
"../../../Engine/Plugins/VirtualProduction/VirtualCamera/Content/Modifiers/TeleportModifier/Input/Teleport.uasset" 2855
"../../../Engine/Plugins/VirtualProduction/VirtualCamera/Content/Modifiers/TeleportModifier/Input/Teleport.uexp" 2856
"../../../Engine/Plugins/VirtualProduction/VirtualCamera/Content/Modifiers/TeleportModifier/Input/TeleportDistance.uasset" 2857
"../../../Engine/Plugins/VirtualProduction/VirtualCamera/Content/Modifiers/TeleportModifier/Input/TeleportDistance.uexp" 2858
"../../../Engine/Plugins/VirtualProduction/VirtualCamera/Content/Modifiers/TeleportModifier/Input/TeleportRotationOffset.uasset" 2859
"../../../Engine/Plugins/VirtualProduction/VirtualCamera/Content/Modifiers/TeleportModifier/Input/TeleportRotationOffset.uexp" 2860
"../../../Engine/Plugins/VirtualProduction/VirtualCamera/Content/WidgetLibrary/VCamGestureWidget/Dependencies/TwoFingerPressHold.uasset" 2861
"../../../Engine/Plugins/VirtualProduction/VirtualCamera/Content/WidgetLibrary/VCamGestureWidget/Dependencies/TwoFingerPressHold.uexp" 2862
"../../../Engine/Plugins/VirtualProduction/VirtualCamera/Content/WidgetLibrary/VCamGestureWidget/Dependencies/TwoFingerPressHoldRelease.uasset" 2863
"../../../Engine/Plugins/VirtualProduction/VirtualCamera/Content/WidgetLibrary/VCamGestureWidget/Dependencies/TwoFingerPressHoldRelease.uexp" 2864
"../../../Engine/Plugins/VirtualProduction/VirtualCamera/Content/Modifiers/TeleportModifier/Input/TeleportModifierInputMappingContext.uasset" 2865
"../../../Engine/Plugins/VirtualProduction/VirtualCamera/Content/Modifiers/TeleportModifier/Input/TeleportModifierInputMappingContext.uexp" 2866
"../../../Engine/Plugins/VirtualProduction/VirtualCamera/Content/WidgetLibrary/VCamTeleport/Structs/VCamTeleportUserSettings.uasset" 2867
"../../../Engine/Plugins/VirtualProduction/VirtualCamera/Content/WidgetLibrary/VCamTeleport/Structs/VCamTeleportUserSettings.uexp" 2868
"../../../Engine/Plugins/VirtualProduction/VirtualCamera/Content/WidgetLibrary/VCamTeleport/Interfaces/VCamTeleportInterface.uasset" 2869
"../../../Engine/Plugins/VirtualProduction/VirtualCamera/Content/WidgetLibrary/VCamTeleport/Interfaces/VCamTeleportInterface.uexp" 2870
"../../../Engine/Plugins/VirtualProduction/VirtualCamera/Content/WidgetLibrary/Common/VCamIcons/CameraOrientationBG.uasset" 2871
"../../../Engine/Plugins/VirtualProduction/VirtualCamera/Content/WidgetLibrary/Common/VCamIcons/CameraOrientationBG.uexp" 2872
"../../../Engine/Plugins/VirtualProduction/VirtualCamera/Content/WidgetLibrary/Common/VCamIcons/CameraOrientationFG.uasset" 2873
"../../../Engine/Plugins/VirtualProduction/VirtualCamera/Content/WidgetLibrary/Common/VCamIcons/CameraOrientationFG.uexp" 2874
"../../../Engine/Plugins/VirtualProduction/VirtualCamera/Content/WidgetLibrary/VCamTeleport/Structs/VCamTeleportStyleSettings.uasset" 2875
"../../../Engine/Plugins/VirtualProduction/VirtualCamera/Content/WidgetLibrary/VCamTeleport/Structs/VCamTeleportStyleSettings.uexp" 2876
"../../../Engine/Plugins/VirtualProduction/VirtualCamera/Content/WidgetLibrary/VCamTeleport/Interfaces/VCamTeleportStyleInterface.uasset" 2877
"../../../Engine/Plugins/VirtualProduction/VirtualCamera/Content/WidgetLibrary/VCamTeleport/Interfaces/VCamTeleportStyleInterface.uexp" 2878
"../../../Engine/Plugins/VirtualProduction/VirtualCamera/Content/WidgetLibrary/VCamTeleport/VCamTeleport.uasset" 2879
"../../../Engine/Plugins/VirtualProduction/VirtualCamera/Content/WidgetLibrary/VCamTeleport/VCamTeleport.uexp" 2880
"../../../Engine/Plugins/VirtualProduction/VirtualCamera/Content/WidgetLibrary/VCW_AspectRatioMask/Dependencies/AspectRatioMaskStyleSettings.uasset" 2881
"../../../Engine/Plugins/VirtualProduction/VirtualCamera/Content/WidgetLibrary/VCW_AspectRatioMask/Dependencies/AspectRatioMaskStyleSettings.uexp" 2882
"../../../Engine/Plugins/VirtualProduction/VirtualCamera/Content/WidgetLibrary/VCW_AspectRatioMask/Interfaces/AspectRatioMaskStyleSettings.uasset" 2883
"../../../Engine/Plugins/VirtualProduction/VirtualCamera/Content/WidgetLibrary/VCW_AspectRatioMask/Interfaces/AspectRatioMaskStyleSettings.uexp" 2884
"../../../Engine/Plugins/VirtualProduction/VirtualCamera/Content/WidgetLibrary/VCW_AspectRatioMask/VCamAspectRatioMask.uasset" 2885
"../../../Engine/Plugins/VirtualProduction/VirtualCamera/Content/WidgetLibrary/VCW_AspectRatioMask/VCamAspectRatioMask.uexp" 2886
"../../../Engine/Plugins/VirtualProduction/VirtualCamera/Content/WidgetLibrary/VCW_GridOverlay/Dependencies/VCamGridOverlayStyleSettings.uasset" 2887
"../../../Engine/Plugins/VirtualProduction/VirtualCamera/Content/WidgetLibrary/VCW_GridOverlay/Dependencies/VCamGridOverlayStyleSettings.uexp" 2888
"../../../Engine/Plugins/VirtualProduction/VirtualCamera/Content/WidgetLibrary/VCW_GridOverlay/Interfaces/VCamGridOverlayStyleSettings.uasset" 2889
"../../../Engine/Plugins/VirtualProduction/VirtualCamera/Content/WidgetLibrary/VCW_GridOverlay/Interfaces/VCamGridOverlayStyleSettings.uexp" 2890
"../../../Engine/Plugins/VirtualProduction/VirtualCamera/Content/WidgetLibrary/VCW_GridOverlay/Dependencies/VCamGridOverlayUserSettings.uasset" 2891
"../../../Engine/Plugins/VirtualProduction/VirtualCamera/Content/WidgetLibrary/VCW_GridOverlay/Dependencies/VCamGridOverlayUserSettings.uexp" 2892
"../../../Engine/Plugins/VirtualProduction/VirtualCamera/Content/WidgetLibrary/VCW_GridOverlay/Interfaces/VCamGridOverlayUserSettings.uasset" 2893
"../../../Engine/Plugins/VirtualProduction/VirtualCamera/Content/WidgetLibrary/VCW_GridOverlay/Interfaces/VCamGridOverlayUserSettings.uexp" 2894
"../../../Engine/Plugins/VirtualProduction/VirtualCamera/Content/WidgetLibrary/VCW_GridOverlay/Dependencies/M_GridOverlay.uasset" 2895
"../../../Engine/Plugins/VirtualProduction/VirtualCamera/Content/WidgetLibrary/VCW_GridOverlay/Dependencies/M_GridOverlay.uexp" 2896
"../../../Engine/Plugins/VirtualProduction/VirtualCamera/Content/WidgetLibrary/VCW_GridOverlay/VCamGridOverlay.uasset" 2897
"../../../Engine/Plugins/VirtualProduction/VirtualCamera/Content/WidgetLibrary/VCW_GridOverlay/VCamGridOverlay.uexp" 2898
"../../../Engine/Plugins/VirtualProduction/VirtualCamera/Content/WidgetLibrary/VCW_Reticle/Dependencies/ReticleStyleSettings.uasset" 2899
"../../../Engine/Plugins/VirtualProduction/VirtualCamera/Content/WidgetLibrary/VCW_Reticle/Dependencies/ReticleStyleSettings.uexp" 2900
"../../../Engine/Plugins/VirtualProduction/VirtualCamera/Content/WidgetLibrary/VCW_Reticle/Interfaces/ReticleStyleSettings.uasset" 2901
"../../../Engine/Plugins/VirtualProduction/VirtualCamera/Content/WidgetLibrary/VCW_Reticle/Interfaces/ReticleStyleSettings.uexp" 2902
"../../../Engine/Plugins/VirtualProduction/VirtualCamera/Content/WidgetLibrary/VCW_Reticle/Dependencies/M_ReticleCircle.uasset" 2903
"../../../Engine/Plugins/VirtualProduction/VirtualCamera/Content/WidgetLibrary/VCW_Reticle/Dependencies/M_ReticleCircle.uexp" 2904
"../../../Engine/Plugins/VirtualProduction/VirtualCamera/Content/WidgetLibrary/VCW_Reticle/VCamReticle.uasset" 2905
"../../../Engine/Plugins/VirtualProduction/VirtualCamera/Content/WidgetLibrary/VCW_Reticle/VCamReticle.uexp" 2906
"../../../Engine/Plugins/VirtualProduction/VirtualCamera/Content/VCamHUD.uasset" 2907
"../../../Engine/Plugins/VirtualProduction/VirtualCamera/Content/VCamHUD.uexp" 2908
"../../../Engine/Plugins/VirtualProduction/VirtualCamera/Content/Modifiers/AxisScalingModifier/Enums/EAxisScalingInputMode.uasset" 2909
"../../../Engine/Plugins/VirtualProduction/VirtualCamera/Content/Modifiers/AxisScalingModifier/Enums/EAxisScalingInputMode.uexp" 2910
"../../../Engine/Plugins/VirtualProduction/VirtualCamera/Content/Modifiers/AxisScalingModifier/Inputs/SelectCurrentLocationAxisScaling.uasset" 2911
"../../../Engine/Plugins/VirtualProduction/VirtualCamera/Content/Modifiers/AxisScalingModifier/Inputs/SelectCurrentLocationAxisScaling.uexp" 2912
"../../../Engine/Plugins/VirtualProduction/VirtualCamera/Content/Modifiers/AxisScalingModifier/Inputs/SetAllLocationAxisScaling.uasset" 2913
"../../../Engine/Plugins/VirtualProduction/VirtualCamera/Content/Modifiers/AxisScalingModifier/Inputs/SetAllLocationAxisScaling.uexp" 2914
"../../../Engine/Plugins/VirtualProduction/VirtualCamera/Content/Modifiers/AxisScalingModifier/Inputs/SetCurrentLocationAxisScaling.uasset" 2915
"../../../Engine/Plugins/VirtualProduction/VirtualCamera/Content/Modifiers/AxisScalingModifier/Inputs/SetCurrentLocationAxisScaling.uexp" 2916
"../../../Engine/Plugins/VirtualProduction/VirtualCamera/Content/Modifiers/AxisScalingModifier/Inputs/AxisScalingModifierInputMappingContext.uasset" 2917
"../../../Engine/Plugins/VirtualProduction/VirtualCamera/Content/Modifiers/AxisScalingModifier/Inputs/AxisScalingModifierInputMappingContext.uexp" 2918
"../../../Engine/Plugins/VirtualProduction/VirtualCamera/Content/Modifiers/AxisScalingModifier/AxisScalingModifier.uasset" 2919
"../../../Engine/Plugins/VirtualProduction/VirtualCamera/Content/Modifiers/AxisScalingModifier/AxisScalingModifier.uexp" 2920
"../../../Engine/Plugins/VirtualProduction/VirtualCamera/Content/Modifiers/BookmarkModifier/Input/CurrentBookmark.uasset" 2921
"../../../Engine/Plugins/VirtualProduction/VirtualCamera/Content/Modifiers/BookmarkModifier/Input/CurrentBookmark.uexp" 2922
"../../../Engine/Plugins/VirtualProduction/VirtualCamera/Content/Modifiers/BookmarkModifier/Input/DeleteCurrentBookmark.uasset" 2923
"../../../Engine/Plugins/VirtualProduction/VirtualCamera/Content/Modifiers/BookmarkModifier/Input/DeleteCurrentBookmark.uexp" 2924
"../../../Engine/Plugins/VirtualProduction/VirtualCamera/Content/Modifiers/BookmarkModifier/Input/NextBookmark.uasset" 2925
"../../../Engine/Plugins/VirtualProduction/VirtualCamera/Content/Modifiers/BookmarkModifier/Input/NextBookmark.uexp" 2926
"../../../Engine/Plugins/VirtualProduction/VirtualCamera/Content/Modifiers/BookmarkModifier/Input/PreviousBookmark.uasset" 2927
"../../../Engine/Plugins/VirtualProduction/VirtualCamera/Content/Modifiers/BookmarkModifier/Input/PreviousBookmark.uexp" 2928
"../../../Engine/Plugins/VirtualProduction/VirtualCamera/Content/Modifiers/BookmarkModifier/Input/ToggleShouldLoadCameraParamsFromBookmark.uasset" 2929
"../../../Engine/Plugins/VirtualProduction/VirtualCamera/Content/Modifiers/BookmarkModifier/Input/ToggleShouldLoadCameraParamsFromBookmark.uexp" 2930
"../../../Engine/Plugins/VirtualProduction/VirtualCamera/Content/Modifiers/BookmarkModifier/Input/BookmarkModifierInputMappingContext.uasset" 2931
"../../../Engine/Plugins/VirtualProduction/VirtualCamera/Content/Modifiers/BookmarkModifier/Input/BookmarkModifierInputMappingContext.uexp" 2932
"../../../Engine/Plugins/VirtualProduction/VirtualCamera/Content/Modifiers/PhotoModifier/Interfaces/VCamPhotoActorInterface.uasset" 2933
"../../../Engine/Plugins/VirtualProduction/VirtualCamera/Content/Modifiers/PhotoModifier/Interfaces/VCamPhotoActorInterface.uexp" 2934
"../../../Engine/Plugins/VirtualProduction/VirtualCamera/Content/WidgetLibrary/Common/VCamIcons/Bookmark.uasset" 2935
"../../../Engine/Plugins/VirtualProduction/VirtualCamera/Content/WidgetLibrary/Common/VCamIcons/Bookmark.uexp" 2936
"../../../Engine/Plugins/VirtualProduction/VirtualCamera/Content/WidgetLibrary/Common/VCamIcons/IconArrowBack.uasset" 2937
"../../../Engine/Plugins/VirtualProduction/VirtualCamera/Content/WidgetLibrary/Common/VCamIcons/IconArrowBack.uexp" 2938
"../../../Engine/Plugins/VirtualProduction/VirtualCamera/Content/WidgetLibrary/Common/VCamIcons/IconArrowForward.uasset" 2939
"../../../Engine/Plugins/VirtualProduction/VirtualCamera/Content/WidgetLibrary/Common/VCamIcons/IconArrowForward.uexp" 2940
"../../../Engine/Plugins/VirtualProduction/VirtualCamera/Content/WidgetLibrary/Common/VCamIcons/PhotoModeGreen.uasset" 2941
"../../../Engine/Plugins/VirtualProduction/VirtualCamera/Content/WidgetLibrary/Common/VCamIcons/PhotoModeGreen.uexp" 2942
"../../../Engine/Plugins/VirtualProduction/VirtualCamera/Content/Modifiers/CameraBodyModifier/Input/Filmback.uasset" 2943
"../../../Engine/Plugins/VirtualProduction/VirtualCamera/Content/Modifiers/CameraBodyModifier/Input/Filmback.uexp" 2944
"../../../Engine/Plugins/VirtualProduction/VirtualCamera/Content/Modifiers/CameraBodyModifier/Input/NextFilmbackPreset.uasset" 2945
"../../../Engine/Plugins/VirtualProduction/VirtualCamera/Content/Modifiers/CameraBodyModifier/Input/NextFilmbackPreset.uexp" 2946
"../../../Engine/Plugins/VirtualProduction/VirtualCamera/Content/Modifiers/CameraBodyModifier/Input/PreviousFilmbackPreset.uasset" 2947
"../../../Engine/Plugins/VirtualProduction/VirtualCamera/Content/Modifiers/CameraBodyModifier/Input/PreviousFilmbackPreset.uexp" 2948
"../../../Engine/Plugins/VirtualProduction/VirtualCamera/Content/Modifiers/CameraBodyModifier/Input/CameraBodyMappingContext.uasset" 2949
"../../../Engine/Plugins/VirtualProduction/VirtualCamera/Content/Modifiers/CameraBodyModifier/Input/CameraBodyMappingContext.uexp" 2950
"../../../Engine/Plugins/VirtualProduction/VirtualCamera/Content/WidgetLibrary/VCW_AspectRatioMask/Dependencies/AspectRatioOptions.uasset" 2951
"../../../Engine/Plugins/VirtualProduction/VirtualCamera/Content/WidgetLibrary/VCW_AspectRatioMask/Dependencies/AspectRatioOptions.uexp" 2952
"../../../Engine/Plugins/VirtualProduction/VirtualCamera/Content/Modifiers/CameraBodyModifier/CameraBodyModifier.uasset" 2953
"../../../Engine/Plugins/VirtualProduction/VirtualCamera/Content/Modifiers/CameraBodyModifier/CameraBodyModifier.uexp" 2954
"../../../Engine/Plugins/VirtualProduction/VirtualCamera/Content/Modifiers/ClipPlaneModifier/Input/ClipPlaneAxis.uasset" 2955
"../../../Engine/Plugins/VirtualProduction/VirtualCamera/Content/Modifiers/ClipPlaneModifier/Input/ClipPlaneAxis.uexp" 2956
"../../../Engine/Plugins/VirtualProduction/VirtualCamera/Content/Modifiers/ClipPlaneModifier/Input/ClipPlaneModifierInputMappingContext.uasset" 2957
"../../../Engine/Plugins/VirtualProduction/VirtualCamera/Content/Modifiers/ClipPlaneModifier/Input/ClipPlaneModifierInputMappingContext.uexp" 2958
"../../../Engine/Plugins/VirtualProduction/VirtualCamera/Content/Modifiers/ClipPlaneModifier/ClipPlaneModifier.uasset" 2959
"../../../Engine/Plugins/VirtualProduction/VirtualCamera/Content/Modifiers/ClipPlaneModifier/ClipPlaneModifier.uexp" 2960
"../../../Engine/Plugins/VirtualProduction/VirtualCamera/Content/Modifiers/HoldModifier/Inputs/ToggleHold.uasset" 2961
"../../../Engine/Plugins/VirtualProduction/VirtualCamera/Content/Modifiers/HoldModifier/Inputs/ToggleHold.uexp" 2962
"../../../Engine/Plugins/VirtualProduction/VirtualCamera/Content/Modifiers/HoldModifier/Inputs/HoldModifierInputMappingContext.uasset" 2963
"../../../Engine/Plugins/VirtualProduction/VirtualCamera/Content/Modifiers/HoldModifier/Inputs/HoldModifierInputMappingContext.uexp" 2964
"../../../Engine/Plugins/VirtualProduction/VirtualCamera/Content/Modifiers/HoldModifier/HoldModifier.uasset" 2965
"../../../Engine/Plugins/VirtualProduction/VirtualCamera/Content/Modifiers/HoldModifier/HoldModifier.uexp" 2966
"../../../Engine/Plugins/VirtualProduction/VirtualCamera/Content/Modifiers/TiltOffsetModifier/Interface/TiltOffsetInterface.uasset" 2967
"../../../Engine/Plugins/VirtualProduction/VirtualCamera/Content/Modifiers/TiltOffsetModifier/Interface/TiltOffsetInterface.uexp" 2968
"../../../Engine/Plugins/VirtualProduction/VirtualCamera/Content/Modifiers/HUDInfoModifier/HUDInfoModifier.uasset" 2969
"../../../Engine/Plugins/VirtualProduction/VirtualCamera/Content/Modifiers/HUDInfoModifier/HUDInfoModifier.uexp" 2970
"../../../Engine/Plugins/VirtualProduction/VirtualCamera/Content/Modifiers/JoystickModifier/Inputs/CraneMovement.uasset" 2971
"../../../Engine/Plugins/VirtualProduction/VirtualCamera/Content/Modifiers/JoystickModifier/Inputs/CraneMovement.uexp" 2972
"../../../Engine/Plugins/VirtualProduction/VirtualCamera/Content/Modifiers/JoystickModifier/Inputs/Pan.uasset" 2973
"../../../Engine/Plugins/VirtualProduction/VirtualCamera/Content/Modifiers/JoystickModifier/Inputs/Pan.uexp" 2974
"../../../Engine/Plugins/VirtualProduction/VirtualCamera/Content/Modifiers/JoystickModifier/Inputs/PlanarMovement.uasset" 2975
"../../../Engine/Plugins/VirtualProduction/VirtualCamera/Content/Modifiers/JoystickModifier/Inputs/PlanarMovement.uexp" 2976
"../../../Engine/Plugins/VirtualProduction/VirtualCamera/Content/Modifiers/JoystickModifier/Inputs/SetJoystickMovementGain.uasset" 2977
"../../../Engine/Plugins/VirtualProduction/VirtualCamera/Content/Modifiers/JoystickModifier/Inputs/SetJoystickMovementGain.uexp" 2978
"../../../Engine/Plugins/VirtualProduction/VirtualCamera/Content/Modifiers/JoystickModifier/Inputs/SetJoystickRotationGain.uasset" 2979
"../../../Engine/Plugins/VirtualProduction/VirtualCamera/Content/Modifiers/JoystickModifier/Inputs/SetJoystickRotationGain.uexp" 2980
"../../../Engine/Plugins/VirtualProduction/VirtualCamera/Content/Modifiers/JoystickModifier/Inputs/ToggleFlightMode.uasset" 2981
"../../../Engine/Plugins/VirtualProduction/VirtualCamera/Content/Modifiers/JoystickModifier/Inputs/ToggleFlightMode.uexp" 2982
"../../../Engine/Plugins/VirtualProduction/VirtualCamera/Content/Modifiers/JoystickModifier/Inputs/IC_JoystickModifier.uasset" 2983
"../../../Engine/Plugins/VirtualProduction/VirtualCamera/Content/Modifiers/JoystickModifier/Inputs/IC_JoystickModifier.uexp" 2984
"../../../Engine/Plugins/VirtualProduction/VirtualCamera/Content/Modifiers/JoystickModifier/JoystickModifier.uasset" 2985
"../../../Engine/Plugins/VirtualProduction/VirtualCamera/Content/Modifiers/JoystickModifier/JoystickModifier.uexp" 2986
"../../../Engine/Plugins/VirtualProduction/VirtualCamera/Content/Modifiers/KillRollModifier/Inputs/ToggleKillRoll.uasset" 2987
"../../../Engine/Plugins/VirtualProduction/VirtualCamera/Content/Modifiers/KillRollModifier/Inputs/ToggleKillRoll.uexp" 2988
"../../../Engine/Plugins/VirtualProduction/VirtualCamera/Content/Modifiers/KillRollModifier/Inputs/KillRollModifierInputMappingContext.uasset" 2989
"../../../Engine/Plugins/VirtualProduction/VirtualCamera/Content/Modifiers/KillRollModifier/Inputs/KillRollModifierInputMappingContext.uexp" 2990
"../../../Engine/Plugins/VirtualProduction/VirtualCamera/Content/Modifiers/KillRollModifier/KillRollModifier.uasset" 2991
"../../../Engine/Plugins/VirtualProduction/VirtualCamera/Content/Modifiers/KillRollModifier/KillRollModifier.uexp" 2992
"../../../Engine/Plugins/VirtualProduction/VirtualCamera/Content/Common/BPFL_VcamHelperFunctions.uasset" 2993
"../../../Engine/Plugins/VirtualProduction/VirtualCamera/Content/Common/BPFL_VcamHelperFunctions.uexp" 2994
"../../../Engine/Plugins/VirtualProduction/VirtualCamera/Content/Modifiers/LensModifier/FocalLengthGestureCurve.uasset" 2995
"../../../Engine/Plugins/VirtualProduction/VirtualCamera/Content/Modifiers/LensModifier/FocalLengthGestureCurve.uexp" 2996
"../../../Engine/Plugins/VirtualProduction/VirtualCamera/Content/Modifiers/LensModifier/Dependencies/FocusMethod.uasset" 2997
"../../../Engine/Plugins/VirtualProduction/VirtualCamera/Content/Modifiers/LensModifier/Dependencies/FocusMethod.uexp" 2998
"../../../Engine/Plugins/VirtualProduction/VirtualCamera/Content/Modifiers/LensModifier/Dependencies/FocusPlane.uasset" 2999
"../../../Engine/Plugins/VirtualProduction/VirtualCamera/Content/Modifiers/LensModifier/Dependencies/FocusPlane.uexp" 3000
"../../../Engine/Plugins/VirtualProduction/VirtualCamera/Content/Modifiers/LensModifier/Inputs/ExposureCompensation.uasset" 3001
"../../../Engine/Plugins/VirtualProduction/VirtualCamera/Content/Modifiers/LensModifier/Inputs/ExposureCompensation.uexp" 3002
"../../../Engine/Plugins/VirtualProduction/VirtualCamera/Content/Modifiers/LensModifier/Inputs/ExposureCompensationReset.uasset" 3003
"../../../Engine/Plugins/VirtualProduction/VirtualCamera/Content/Modifiers/LensModifier/Inputs/ExposureCompensationReset.uexp" 3004
"../../../Engine/Plugins/VirtualProduction/VirtualCamera/Content/Modifiers/LensModifier/Inputs/FocalLength.uasset" 3005
"../../../Engine/Plugins/VirtualProduction/VirtualCamera/Content/Modifiers/LensModifier/Inputs/FocalLength.uexp" 3006
"../../../Engine/Plugins/VirtualProduction/VirtualCamera/Content/Modifiers/LensModifier/Inputs/FocalLengthAxis.uasset" 3007
"../../../Engine/Plugins/VirtualProduction/VirtualCamera/Content/Modifiers/LensModifier/Inputs/FocalLengthAxis.uexp" 3008
"../../../Engine/Plugins/VirtualProduction/VirtualCamera/Content/Modifiers/LensModifier/Inputs/FocalLengthDown.uasset" 3009
"../../../Engine/Plugins/VirtualProduction/VirtualCamera/Content/Modifiers/LensModifier/Inputs/FocalLengthDown.uexp" 3010
"../../../Engine/Plugins/VirtualProduction/VirtualCamera/Content/Modifiers/LensModifier/Inputs/FocalLengthPrecision.uasset" 3011
"../../../Engine/Plugins/VirtualProduction/VirtualCamera/Content/Modifiers/LensModifier/Inputs/FocalLengthPrecision.uexp" 3012
"../../../Engine/Plugins/VirtualProduction/VirtualCamera/Content/Modifiers/LensModifier/Inputs/FocalLengthUp.uasset" 3013
"../../../Engine/Plugins/VirtualProduction/VirtualCamera/Content/Modifiers/LensModifier/Inputs/FocalLengthUp.uexp" 3014
"../../../Engine/Plugins/VirtualProduction/VirtualCamera/Content/Modifiers/LensModifier/Inputs/FocusDistance.uasset" 3015
"../../../Engine/Plugins/VirtualProduction/VirtualCamera/Content/Modifiers/LensModifier/Inputs/FocusDistance.uexp" 3016
"../../../Engine/Plugins/VirtualProduction/VirtualCamera/Content/Modifiers/LensModifier/Inputs/FocusDistanceAxis.uasset" 3017
"../../../Engine/Plugins/VirtualProduction/VirtualCamera/Content/Modifiers/LensModifier/Inputs/FocusDistanceAxis.uexp" 3018
"../../../Engine/Plugins/VirtualProduction/VirtualCamera/Content/Modifiers/LensModifier/Inputs/FocusDistanceDown.uasset" 3019
"../../../Engine/Plugins/VirtualProduction/VirtualCamera/Content/Modifiers/LensModifier/Inputs/FocusDistanceDown.uexp" 3020
"../../../Engine/Plugins/VirtualProduction/VirtualCamera/Content/Modifiers/LensModifier/Inputs/FocusDistanceUp.uasset" 3021
"../../../Engine/Plugins/VirtualProduction/VirtualCamera/Content/Modifiers/LensModifier/Inputs/FocusDistanceUp.uexp" 3022
"../../../Engine/Plugins/VirtualProduction/VirtualCamera/Content/Modifiers/LensModifier/Inputs/FocusMethod.uasset" 3023
"../../../Engine/Plugins/VirtualProduction/VirtualCamera/Content/Modifiers/LensModifier/Inputs/FocusMethod.uexp" 3024
"../../../Engine/Plugins/VirtualProduction/VirtualCamera/Content/Modifiers/LensModifier/Inputs/FocusPlane.uasset" 3025
"../../../Engine/Plugins/VirtualProduction/VirtualCamera/Content/Modifiers/LensModifier/Inputs/FocusPlane.uexp" 3026
"../../../Engine/Plugins/VirtualProduction/VirtualCamera/Content/Modifiers/LensModifier/Inputs/Iris.uasset" 3027
"../../../Engine/Plugins/VirtualProduction/VirtualCamera/Content/Modifiers/LensModifier/Inputs/Iris.uexp" 3028
"../../../Engine/Plugins/VirtualProduction/VirtualCamera/Content/Modifiers/LensModifier/Inputs/ISO.uasset" 3029
"../../../Engine/Plugins/VirtualProduction/VirtualCamera/Content/Modifiers/LensModifier/Inputs/ISO.uexp" 3030
"../../../Engine/Plugins/VirtualProduction/VirtualCamera/Content/Modifiers/LensModifier/Inputs/Lens.uasset" 3031
"../../../Engine/Plugins/VirtualProduction/VirtualCamera/Content/Modifiers/LensModifier/Inputs/Lens.uexp" 3032
"../../../Engine/Plugins/VirtualProduction/VirtualCamera/Content/Modifiers/LensModifier/Inputs/NextISO.uasset" 3033
"../../../Engine/Plugins/VirtualProduction/VirtualCamera/Content/Modifiers/LensModifier/Inputs/NextISO.uexp" 3034
"../../../Engine/Plugins/VirtualProduction/VirtualCamera/Content/Modifiers/LensModifier/Inputs/NextLens.uasset" 3035
"../../../Engine/Plugins/VirtualProduction/VirtualCamera/Content/Modifiers/LensModifier/Inputs/NextLens.uexp" 3036
"../../../Engine/Plugins/VirtualProduction/VirtualCamera/Content/Modifiers/LensModifier/Inputs/NextShutterSpeed.uasset" 3037
"../../../Engine/Plugins/VirtualProduction/VirtualCamera/Content/Modifiers/LensModifier/Inputs/NextShutterSpeed.uexp" 3038
"../../../Engine/Plugins/VirtualProduction/VirtualCamera/Content/Modifiers/LensModifier/Inputs/PickActorToTrack.uasset" 3039
"../../../Engine/Plugins/VirtualProduction/VirtualCamera/Content/Modifiers/LensModifier/Inputs/PickActorToTrack.uexp" 3040
"../../../Engine/Plugins/VirtualProduction/VirtualCamera/Content/Modifiers/LensModifier/Inputs/PreviousISO.uasset" 3041
"../../../Engine/Plugins/VirtualProduction/VirtualCamera/Content/Modifiers/LensModifier/Inputs/PreviousISO.uexp" 3042
"../../../Engine/Plugins/VirtualProduction/VirtualCamera/Content/Modifiers/LensModifier/Inputs/PreviousLens.uasset" 3043
"../../../Engine/Plugins/VirtualProduction/VirtualCamera/Content/Modifiers/LensModifier/Inputs/PreviousLens.uexp" 3044
"../../../Engine/Plugins/VirtualProduction/VirtualCamera/Content/Modifiers/LensModifier/Inputs/PreviousShutterSpeed.uasset" 3045
"../../../Engine/Plugins/VirtualProduction/VirtualCamera/Content/Modifiers/LensModifier/Inputs/PreviousShutterSpeed.uexp" 3046
"../../../Engine/Plugins/VirtualProduction/VirtualCamera/Content/Modifiers/LensModifier/Inputs/ShutterSpeed.uasset" 3047
"../../../Engine/Plugins/VirtualProduction/VirtualCamera/Content/Modifiers/LensModifier/Inputs/ShutterSpeed.uexp" 3048
"../../../Engine/Plugins/VirtualProduction/VirtualCamera/Content/Modifiers/LensModifier/Inputs/StopDown.uasset" 3049
"../../../Engine/Plugins/VirtualProduction/VirtualCamera/Content/Modifiers/LensModifier/Inputs/StopDown.uexp" 3050
"../../../Engine/Plugins/VirtualProduction/VirtualCamera/Content/Modifiers/LensModifier/Inputs/StopUp.uasset" 3051
"../../../Engine/Plugins/VirtualProduction/VirtualCamera/Content/Modifiers/LensModifier/Inputs/StopUp.uexp" 3052
"../../../Engine/Plugins/VirtualProduction/VirtualCamera/Content/Modifiers/LensModifier/Inputs/ToggleFocusMode.uasset" 3053
"../../../Engine/Plugins/VirtualProduction/VirtualCamera/Content/Modifiers/LensModifier/Inputs/ToggleFocusMode.uexp" 3054
"../../../Engine/Plugins/VirtualProduction/VirtualCamera/Content/WidgetLibrary/VCamGestureWidget/Dependencies/DoubleTap.uasset" 3055
"../../../Engine/Plugins/VirtualProduction/VirtualCamera/Content/WidgetLibrary/VCamGestureWidget/Dependencies/DoubleTap.uexp" 3056
"../../../Engine/Plugins/VirtualProduction/VirtualCamera/Content/WidgetLibrary/VCamGestureWidget/Dependencies/DoubleTapHold.uasset" 3057
"../../../Engine/Plugins/VirtualProduction/VirtualCamera/Content/WidgetLibrary/VCamGestureWidget/Dependencies/DoubleTapHold.uexp" 3058
"../../../Engine/Plugins/VirtualProduction/VirtualCamera/Content/WidgetLibrary/VCamGestureWidget/Dependencies/PinchToZoom.uasset" 3059
"../../../Engine/Plugins/VirtualProduction/VirtualCamera/Content/WidgetLibrary/VCamGestureWidget/Dependencies/PinchToZoom.uexp" 3060
"../../../Engine/Plugins/VirtualProduction/VirtualCamera/Content/Modifiers/LensModifier/Inputs/TrackedActorLabel.uasset" 3061
"../../../Engine/Plugins/VirtualProduction/VirtualCamera/Content/Modifiers/LensModifier/Inputs/TrackedActorLabel.uexp" 3062
"../../../Engine/Plugins/VirtualProduction/VirtualCamera/Content/Modifiers/LensModifier/Inputs/LensModifierInputContext.uasset" 3063
"../../../Engine/Plugins/VirtualProduction/VirtualCamera/Content/Modifiers/LensModifier/Inputs/LensModifierInputContext.uexp" 3064
"../../../Engine/Plugins/VirtualProduction/VirtualCamera/Content/WidgetLibrary/Common/VCamIcons/IconAutoFocus.uasset" 3065
"../../../Engine/Plugins/VirtualProduction/VirtualCamera/Content/WidgetLibrary/Common/VCamIcons/IconAutoFocus.uexp" 3066
"../../../Engine/Plugins/VirtualProduction/VirtualCamera/Content/Modifiers/LensModifier/LensModifier.uasset" 3067
"../../../Engine/Plugins/VirtualProduction/VirtualCamera/Content/Modifiers/LensModifier/LensModifier.uexp" 3068
"../../../Engine/Plugins/VirtualProduction/VirtualCamera/Content/Modifiers/MaskAndOverlayModifier/Dependencies/OverlaySelection.uasset" 3069
"../../../Engine/Plugins/VirtualProduction/VirtualCamera/Content/Modifiers/MaskAndOverlayModifier/Dependencies/OverlaySelection.uexp" 3070
"../../../Engine/Plugins/VirtualProduction/VirtualCamera/Content/Modifiers/MaskAndOverlayModifier/Input/CustomAspectRatio.uasset" 3071
"../../../Engine/Plugins/VirtualProduction/VirtualCamera/Content/Modifiers/MaskAndOverlayModifier/Input/CustomAspectRatio.uexp" 3072
"../../../Engine/Plugins/VirtualProduction/VirtualCamera/Content/Modifiers/MaskAndOverlayModifier/Input/NextOverlay.uasset" 3073
"../../../Engine/Plugins/VirtualProduction/VirtualCamera/Content/Modifiers/MaskAndOverlayModifier/Input/NextOverlay.uexp" 3074
"../../../Engine/Plugins/VirtualProduction/VirtualCamera/Content/Modifiers/MaskAndOverlayModifier/Input/NextReticle.uasset" 3075
"../../../Engine/Plugins/VirtualProduction/VirtualCamera/Content/Modifiers/MaskAndOverlayModifier/Input/NextReticle.uexp" 3076
"../../../Engine/Plugins/VirtualProduction/VirtualCamera/Content/Modifiers/MaskAndOverlayModifier/Input/Overlay.uasset" 3077
"../../../Engine/Plugins/VirtualProduction/VirtualCamera/Content/Modifiers/MaskAndOverlayModifier/Input/Overlay.uexp" 3078
"../../../Engine/Plugins/VirtualProduction/VirtualCamera/Content/Modifiers/MaskAndOverlayModifier/Input/OverlayMaterial.uasset" 3079
"../../../Engine/Plugins/VirtualProduction/VirtualCamera/Content/Modifiers/MaskAndOverlayModifier/Input/OverlayMaterial.uexp" 3080
"../../../Engine/Plugins/VirtualProduction/VirtualCamera/Content/Modifiers/MaskAndOverlayModifier/Input/OverlayOpacityAxis.uasset" 3081
"../../../Engine/Plugins/VirtualProduction/VirtualCamera/Content/Modifiers/MaskAndOverlayModifier/Input/OverlayOpacityAxis.uexp" 3082
"../../../Engine/Plugins/VirtualProduction/VirtualCamera/Content/Modifiers/MaskAndOverlayModifier/Input/OverlaySelection.uasset" 3083
"../../../Engine/Plugins/VirtualProduction/VirtualCamera/Content/Modifiers/MaskAndOverlayModifier/Input/OverlaySelection.uexp" 3084
"../../../Engine/Plugins/VirtualProduction/VirtualCamera/Content/Modifiers/MaskAndOverlayModifier/Input/PreviousOverlay.uasset" 3085
"../../../Engine/Plugins/VirtualProduction/VirtualCamera/Content/Modifiers/MaskAndOverlayModifier/Input/PreviousOverlay.uexp" 3086
"../../../Engine/Plugins/VirtualProduction/VirtualCamera/Content/Modifiers/MaskAndOverlayModifier/Input/PreviousReticle.uasset" 3087
"../../../Engine/Plugins/VirtualProduction/VirtualCamera/Content/Modifiers/MaskAndOverlayModifier/Input/PreviousReticle.uexp" 3088
"../../../Engine/Plugins/VirtualProduction/VirtualCamera/Content/Modifiers/MaskAndOverlayModifier/Input/Reticle.uasset" 3089
"../../../Engine/Plugins/VirtualProduction/VirtualCamera/Content/Modifiers/MaskAndOverlayModifier/Input/Reticle.uexp" 3090
"../../../Engine/Plugins/VirtualProduction/VirtualCamera/Content/Modifiers/MaskAndOverlayModifier/Input/ReticleOpacityAxis.uasset" 3091
"../../../Engine/Plugins/VirtualProduction/VirtualCamera/Content/Modifiers/MaskAndOverlayModifier/Input/ReticleOpacityAxis.uexp" 3092
"../../../Engine/Plugins/VirtualProduction/VirtualCamera/Content/Modifiers/MaskAndOverlayModifier/Input/MaskAndOverlayMappingContext.uasset" 3093
"../../../Engine/Plugins/VirtualProduction/VirtualCamera/Content/Modifiers/MaskAndOverlayModifier/Input/MaskAndOverlayMappingContext.uexp" 3094
"../../../Engine/Plugins/VirtualProduction/VirtualCamera/Content/WidgetLibrary/VCW_GridOverlay/Dependencies/M_SafeZones.uasset" 3095
"../../../Engine/Plugins/VirtualProduction/VirtualCamera/Content/WidgetLibrary/VCW_GridOverlay/Dependencies/M_SafeZones.uexp" 3096
"../../../Engine/Plugins/VirtualProduction/VirtualCamera/Content/WidgetLibrary/VCW_GridOverlay/Dependencies/VCamGridOverlayOptions.uasset" 3097
"../../../Engine/Plugins/VirtualProduction/VirtualCamera/Content/WidgetLibrary/VCW_GridOverlay/Dependencies/VCamGridOverlayOptions.uexp" 3098
"../../../Engine/Plugins/VirtualProduction/VirtualCamera/Content/WidgetLibrary/VCW_Reticle/Dependencies/M_ReticleCross.uasset" 3099
"../../../Engine/Plugins/VirtualProduction/VirtualCamera/Content/WidgetLibrary/VCW_Reticle/Dependencies/M_ReticleCross.uexp" 3100
"../../../Engine/Plugins/VirtualProduction/VirtualCamera/Content/WidgetLibrary/VCW_Reticle/Dependencies/M_ReticleDot.uasset" 3101
"../../../Engine/Plugins/VirtualProduction/VirtualCamera/Content/WidgetLibrary/VCW_Reticle/Dependencies/M_ReticleDot.uexp" 3102
"../../../Engine/Plugins/VirtualProduction/VirtualCamera/Content/WidgetLibrary/VCW_Reticle/Dependencies/M_ReticleNone.uasset" 3103
"../../../Engine/Plugins/VirtualProduction/VirtualCamera/Content/WidgetLibrary/VCW_Reticle/Dependencies/M_ReticleNone.uexp" 3104
"../../../Engine/Plugins/VirtualProduction/VirtualCamera/Content/WidgetLibrary/VCW_Reticle/Dependencies/M_ReticleSplitCircle.uasset" 3105
"../../../Engine/Plugins/VirtualProduction/VirtualCamera/Content/WidgetLibrary/VCW_Reticle/Dependencies/M_ReticleSplitCircle.uexp" 3106
"../../../Engine/Plugins/VirtualProduction/VirtualCamera/Content/Modifiers/MaskAndOverlayModifier/MaskAndOverlayModifier.uasset" 3107
"../../../Engine/Plugins/VirtualProduction/VirtualCamera/Content/Modifiers/MaskAndOverlayModifier/MaskAndOverlayModifier.uexp" 3108
"../../../Engine/Plugins/VirtualProduction/VirtualCamera/Content/Modifiers/MultiUserModifier/EAuthorityOwner.uasset" 3109
"../../../Engine/Plugins/VirtualProduction/VirtualCamera/Content/Modifiers/MultiUserModifier/EAuthorityOwner.uexp" 3110
"../../../Engine/Plugins/VirtualProduction/VirtualCamera/Content/Modifiers/MultiUserModifier/Inputs/ToggleReplication.uasset" 3111
"../../../Engine/Plugins/VirtualProduction/VirtualCamera/Content/Modifiers/MultiUserModifier/Inputs/ToggleReplication.uexp" 3112
"../../../Engine/Plugins/VirtualProduction/VirtualCamera/Content/Modifiers/MultiUserModifier/Inputs/StartReplication.uasset" 3113
"../../../Engine/Plugins/VirtualProduction/VirtualCamera/Content/Modifiers/MultiUserModifier/Inputs/StartReplication.uexp" 3114
"../../../Engine/Plugins/VirtualProduction/VirtualCamera/Content/Modifiers/MultiUserModifier/Inputs/MultiUserModifierInputMappingContext.uasset" 3115
"../../../Engine/Plugins/VirtualProduction/VirtualCamera/Content/Modifiers/MultiUserModifier/Inputs/MultiUserModifierInputMappingContext.uexp" 3116
"../../../Engine/Plugins/VirtualProduction/VirtualCamera/Content/Modifiers/MultiUserModifier/Interfaces/ReplicationSuspendableInterface.uasset" 3117
"../../../Engine/Plugins/VirtualProduction/VirtualCamera/Content/Modifiers/MultiUserModifier/Interfaces/ReplicationSuspendableInterface.uexp" 3118
"../../../Engine/Plugins/VirtualProduction/VirtualCamera/Content/Modifiers/MultiUserModifier/MultiUserModifier.uasset" 3119
"../../../Engine/Plugins/VirtualProduction/VirtualCamera/Content/Modifiers/MultiUserModifier/MultiUserModifier.uexp" 3120
"../../../Engine/Plugins/VirtualProduction/VirtualCamera/Content/Modifiers/ParentModifier/InheritanceFilterElement.uasset" 3121
"../../../Engine/Plugins/VirtualProduction/VirtualCamera/Content/Modifiers/ParentModifier/InheritanceFilterElement.uexp" 3122
"../../../Engine/Plugins/VirtualProduction/VirtualCamera/Content/Modifiers/ParentModifier/InheritanceFilterState.uasset" 3123
"../../../Engine/Plugins/VirtualProduction/VirtualCamera/Content/Modifiers/ParentModifier/InheritanceFilterState.uexp" 3124
"../../../Engine/Plugins/VirtualProduction/VirtualCamera/Content/Modifiers/ParentModifier/Input/SetCurrentParent.uasset" 3125
"../../../Engine/Plugins/VirtualProduction/VirtualCamera/Content/Modifiers/ParentModifier/Input/SetCurrentParent.uexp" 3126
"../../../Engine/Plugins/VirtualProduction/VirtualCamera/Content/Modifiers/ParentModifier/Input/ToggleParent.uasset" 3127
"../../../Engine/Plugins/VirtualProduction/VirtualCamera/Content/Modifiers/ParentModifier/Input/ToggleParent.uexp" 3128
"../../../Engine/Plugins/VirtualProduction/VirtualCamera/Content/Modifiers/ParentModifier/Input/ToggleSpring.uasset" 3129
"../../../Engine/Plugins/VirtualProduction/VirtualCamera/Content/Modifiers/ParentModifier/Input/ToggleSpring.uexp" 3130
"../../../Engine/Plugins/VirtualProduction/VirtualCamera/Content/Modifiers/ParentModifier/Input/ParentModifierInputMappingContext.uasset" 3131
"../../../Engine/Plugins/VirtualProduction/VirtualCamera/Content/Modifiers/ParentModifier/Input/ParentModifierInputMappingContext.uexp" 3132
"../../../Engine/Plugins/VirtualProduction/VirtualCamera/Content/WidgetLibrary/Common/VCamIcons/IconCraneLock.uasset" 3133
"../../../Engine/Plugins/VirtualProduction/VirtualCamera/Content/WidgetLibrary/Common/VCamIcons/IconCraneLock.uexp" 3134
"../../../Engine/Plugins/VirtualProduction/VirtualCamera/Content/WidgetLibrary/Common/VCamIcons/IconDollyLock.uasset" 3135
"../../../Engine/Plugins/VirtualProduction/VirtualCamera/Content/WidgetLibrary/Common/VCamIcons/IconDollyLock.uexp" 3136
"../../../Engine/Plugins/VirtualProduction/VirtualCamera/Content/WidgetLibrary/Common/VCamIcons/IconPanLock.uasset" 3137
"../../../Engine/Plugins/VirtualProduction/VirtualCamera/Content/WidgetLibrary/Common/VCamIcons/IconPanLock.uexp" 3138
"../../../Engine/Plugins/VirtualProduction/VirtualCamera/Content/WidgetLibrary/Common/VCamIcons/IconRollLock.uasset" 3139
"../../../Engine/Plugins/VirtualProduction/VirtualCamera/Content/WidgetLibrary/Common/VCamIcons/IconRollLock.uexp" 3140
"../../../Engine/Plugins/VirtualProduction/VirtualCamera/Content/WidgetLibrary/Common/VCamIcons/IconTiltLock.uasset" 3141
"../../../Engine/Plugins/VirtualProduction/VirtualCamera/Content/WidgetLibrary/Common/VCamIcons/IconTiltLock.uexp" 3142
"../../../Engine/Plugins/VirtualProduction/VirtualCamera/Content/WidgetLibrary/Common/VCamIcons/IconTruckLock.uasset" 3143
"../../../Engine/Plugins/VirtualProduction/VirtualCamera/Content/WidgetLibrary/Common/VCamIcons/IconTruckLock.uexp" 3144
"../../../Engine/Plugins/VirtualProduction/VirtualCamera/Content/WidgetLibrary/Common/VCamIcons/Icon_SpringArm.uasset" 3145
"../../../Engine/Plugins/VirtualProduction/VirtualCamera/Content/WidgetLibrary/Common/VCamIcons/Icon_SpringArm.uexp" 3146
"../../../Engine/Plugins/VirtualProduction/VirtualCamera/Content/Modifiers/ParentModifier/ParentModifier.uasset" 3147
"../../../Engine/Plugins/VirtualProduction/VirtualCamera/Content/Modifiers/ParentModifier/ParentModifier.uexp" 3148
"../../../Engine/Plugins/VirtualProduction/VirtualCamera/Content/Modifiers/PhotoModifier/Dependencies/PPM_VCamPhotoAlphaInvert.uasset" 3149
"../../../Engine/Plugins/VirtualProduction/VirtualCamera/Content/Modifiers/PhotoModifier/Dependencies/PPM_VCamPhotoAlphaInvert.uexp" 3150
"../../../Engine/Plugins/VirtualProduction/VirtualCamera/Content/Modifiers/PhotoModifier/Enum/VCamPhotoSizeSettings.uasset" 3151
"../../../Engine/Plugins/VirtualProduction/VirtualCamera/Content/Modifiers/PhotoModifier/Enum/VCamPhotoSizeSettings.uexp" 3152
"../../../Engine/Plugins/VirtualProduction/VirtualCamera/Content/Modifiers/SensorCorrectionModifier/Input/ToggleSensorCorrection.uasset" 3153
"../../../Engine/Plugins/VirtualProduction/VirtualCamera/Content/Modifiers/SensorCorrectionModifier/Input/ToggleSensorCorrection.uexp" 3154
"../../../Engine/Plugins/VirtualProduction/VirtualCamera/Content/Modifiers/SensorCorrectionModifier/Input/SensorCorrectionModifierInputMappingContext.uasset" 3155
"../../../Engine/Plugins/VirtualProduction/VirtualCamera/Content/Modifiers/SensorCorrectionModifier/Input/SensorCorrectionModifierInputMappingContext.uexp" 3156
"../../../Engine/Plugins/VirtualProduction/VirtualCamera/Content/Modifiers/SensorCorrectionModifier/SensorCorrectionModifier.uasset" 3157
"../../../Engine/Plugins/VirtualProduction/VirtualCamera/Content/Modifiers/SensorCorrectionModifier/SensorCorrectionModifier.uexp" 3158
"../../../Engine/Plugins/VirtualProduction/VirtualCamera/Content/Modifiers/SequencerModifier/Inputs/JumpToNextKey.uasset" 3159
"../../../Engine/Plugins/VirtualProduction/VirtualCamera/Content/Modifiers/SequencerModifier/Inputs/JumpToNextKey.uexp" 3160
"../../../Engine/Plugins/VirtualProduction/VirtualCamera/Content/Modifiers/SequencerModifier/Inputs/JumpToPreviousKey.uasset" 3161
"../../../Engine/Plugins/VirtualProduction/VirtualCamera/Content/Modifiers/SequencerModifier/Inputs/JumpToPreviousKey.uexp" 3162
"../../../Engine/Plugins/VirtualProduction/VirtualCamera/Content/Modifiers/SequencerModifier/Inputs/NextFrame.uasset" 3163
"../../../Engine/Plugins/VirtualProduction/VirtualCamera/Content/Modifiers/SequencerModifier/Inputs/NextFrame.uexp" 3164
"../../../Engine/Plugins/VirtualProduction/VirtualCamera/Content/Modifiers/SequencerModifier/Inputs/PlaybackSpeed.uasset" 3165
"../../../Engine/Plugins/VirtualProduction/VirtualCamera/Content/Modifiers/SequencerModifier/Inputs/PlaybackSpeed.uexp" 3166
"../../../Engine/Plugins/VirtualProduction/VirtualCamera/Content/Modifiers/SequencerModifier/Inputs/PreviousFrame.uasset" 3167
"../../../Engine/Plugins/VirtualProduction/VirtualCamera/Content/Modifiers/SequencerModifier/Inputs/PreviousFrame.uexp" 3168
"../../../Engine/Plugins/VirtualProduction/VirtualCamera/Content/Modifiers/SequencerModifier/Inputs/SetScrubSpeed.uasset" 3169
"../../../Engine/Plugins/VirtualProduction/VirtualCamera/Content/Modifiers/SequencerModifier/Inputs/SetScrubSpeed.uexp" 3170
"../../../Engine/Plugins/VirtualProduction/VirtualCamera/Content/Modifiers/SequencerModifier/Inputs/SetSequenceFrameNormalized.uasset" 3171
"../../../Engine/Plugins/VirtualProduction/VirtualCamera/Content/Modifiers/SequencerModifier/Inputs/SetSequenceFrameNormalized.uexp" 3172
"../../../Engine/Plugins/VirtualProduction/VirtualCamera/Content/Modifiers/SequencerModifier/Inputs/ToggleLoop.uasset" 3173
"../../../Engine/Plugins/VirtualProduction/VirtualCamera/Content/Modifiers/SequencerModifier/Inputs/ToggleLoop.uexp" 3174
"../../../Engine/Plugins/VirtualProduction/VirtualCamera/Content/Modifiers/SequencerModifier/Inputs/TogglePlayPause.uasset" 3175
"../../../Engine/Plugins/VirtualProduction/VirtualCamera/Content/Modifiers/SequencerModifier/Inputs/TogglePlayPause.uexp" 3176
"../../../Engine/Plugins/VirtualProduction/VirtualCamera/Content/Modifiers/SequencerModifier/Inputs/ToPlaybackEnd.uasset" 3177
"../../../Engine/Plugins/VirtualProduction/VirtualCamera/Content/Modifiers/SequencerModifier/Inputs/ToPlaybackEnd.uexp" 3178
"../../../Engine/Plugins/VirtualProduction/VirtualCamera/Content/Modifiers/SequencerModifier/Inputs/ToPlaybackStart.uasset" 3179
"../../../Engine/Plugins/VirtualProduction/VirtualCamera/Content/Modifiers/SequencerModifier/Inputs/ToPlaybackStart.uexp" 3180
"../../../Engine/Plugins/VirtualProduction/VirtualCamera/Content/Modifiers/SequencerModifier/Inputs/SequencerModifierInputMappingContext.uasset" 3181
"../../../Engine/Plugins/VirtualProduction/VirtualCamera/Content/Modifiers/SequencerModifier/Inputs/SequencerModifierInputMappingContext.uexp" 3182
"../../../Engine/Plugins/VirtualProduction/VirtualCamera/Content/Modifiers/StabilizationModifier/Inputs/SetLocationStabilization.uasset" 3183
"../../../Engine/Plugins/VirtualProduction/VirtualCamera/Content/Modifiers/StabilizationModifier/Inputs/SetLocationStabilization.uexp" 3184
"../../../Engine/Plugins/VirtualProduction/VirtualCamera/Content/Modifiers/StabilizationModifier/Inputs/SetRotationStabilization.uasset" 3185
"../../../Engine/Plugins/VirtualProduction/VirtualCamera/Content/Modifiers/StabilizationModifier/Inputs/SetRotationStabilization.uexp" 3186
"../../../Engine/Plugins/VirtualProduction/VirtualCamera/Content/Modifiers/StabilizationModifier/Inputs/StabilizationModifierInputMappingContext.uasset" 3187
"../../../Engine/Plugins/VirtualProduction/VirtualCamera/Content/Modifiers/StabilizationModifier/Inputs/StabilizationModifierInputMappingContext.uexp" 3188
"../../../Engine/Plugins/VirtualProduction/VirtualCamera/Content/Modifiers/StabilizationModifier/StabilizationModifier.uasset" 3189
"../../../Engine/Plugins/VirtualProduction/VirtualCamera/Content/Modifiers/StabilizationModifier/StabilizationModifier.uexp" 3190
"../../../Engine/Plugins/VirtualProduction/VirtualCamera/Content/Modifiers/TakeRecorderModifier/M_CountDown.uasset" 3191
"../../../Engine/Plugins/VirtualProduction/VirtualCamera/Content/Modifiers/TakeRecorderModifier/M_CountDown.uexp" 3192
"../../../Engine/Plugins/VirtualProduction/VirtualCamera/Content/Modifiers/TakeRecorderModifier/Inputs/RecordingSpeed.uasset" 3193
"../../../Engine/Plugins/VirtualProduction/VirtualCamera/Content/Modifiers/TakeRecorderModifier/Inputs/RecordingSpeed.uexp" 3194
"../../../Engine/Plugins/VirtualProduction/VirtualCamera/Content/Modifiers/TakeRecorderModifier/Inputs/StartRecording.uasset" 3195
"../../../Engine/Plugins/VirtualProduction/VirtualCamera/Content/Modifiers/TakeRecorderModifier/Inputs/StartRecording.uexp" 3196
"../../../Engine/Plugins/VirtualProduction/VirtualCamera/Content/Modifiers/TakeRecorderModifier/Inputs/StopRecording.uasset" 3197
"../../../Engine/Plugins/VirtualProduction/VirtualCamera/Content/Modifiers/TakeRecorderModifier/Inputs/StopRecording.uexp" 3198
"../../../Engine/Plugins/VirtualProduction/VirtualCamera/Content/Modifiers/TakeRecorderModifier/Inputs/ToggleRecording.uasset" 3199
"../../../Engine/Plugins/VirtualProduction/VirtualCamera/Content/Modifiers/TakeRecorderModifier/Inputs/ToggleRecording.uexp" 3200
"../../../Engine/Plugins/VirtualProduction/VirtualCamera/Content/Modifiers/TakeRecorderModifier/Inputs/IC_TakeRecorder.uasset" 3201
"../../../Engine/Plugins/VirtualProduction/VirtualCamera/Content/Modifiers/TakeRecorderModifier/Inputs/IC_TakeRecorder.uexp" 3202
"../../../Engine/Plugins/VirtualProduction/VirtualCamera/Content/WidgetLibrary/Common/VCamIcons/EndRecord.uasset" 3203
"../../../Engine/Plugins/VirtualProduction/VirtualCamera/Content/WidgetLibrary/Common/VCamIcons/EndRecord.uexp" 3204
"../../../Engine/Plugins/VirtualProduction/VirtualCamera/Content/WidgetLibrary/Common/VCamIcons/Record.uasset" 3205
"../../../Engine/Plugins/VirtualProduction/VirtualCamera/Content/WidgetLibrary/Common/VCamIcons/Record.uexp" 3206
"../../../Engine/Plugins/VirtualProduction/VirtualCamera/Content/WidgetLibrary/Common/VCamIcons/UnableToRecord.uasset" 3207
"../../../Engine/Plugins/VirtualProduction/VirtualCamera/Content/WidgetLibrary/Common/VCamIcons/UnableToRecord.uexp" 3208
"../../../Engine/Plugins/VirtualProduction/VirtualCamera/Content/Common/Materials/MF_IgnoreExposure.uasset" 3209
"../../../Engine/Plugins/VirtualProduction/VirtualCamera/Content/Common/Materials/MF_IgnoreExposure.uexp" 3210
"../../../Engine/Plugins/VirtualProduction/VirtualCamera/Content/Common/Blueprints/VCamAim/Dependencies/Materials/M_LaserHit.uasset" 3211
"../../../Engine/Plugins/VirtualProduction/VirtualCamera/Content/Common/Blueprints/VCamAim/Dependencies/Materials/M_LaserHit.uexp" 3212
"../../../Engine/Plugins/VirtualProduction/VirtualCamera/Content/Common/Blueprints/VCamAim/Dependencies/Materials/MI_LaserHit.uasset" 3213
"../../../Engine/Plugins/VirtualProduction/VirtualCamera/Content/Common/Blueprints/VCamAim/Dependencies/Materials/MI_LaserHit.uexp" 3214
"../../../Engine/Plugins/VirtualProduction/VirtualCamera/Content/Common/Blueprints/VCamAim/Dependencies/Materials/M_LaserTube.uasset" 3215
"../../../Engine/Plugins/VirtualProduction/VirtualCamera/Content/Common/Blueprints/VCamAim/Dependencies/Materials/M_LaserTube.uexp" 3216
"../../../Engine/Plugins/VirtualProduction/VirtualCamera/Content/Common/Blueprints/VCamAim/Dependencies/Materials/MI_LaserTube.uasset" 3217
"../../../Engine/Plugins/VirtualProduction/VirtualCamera/Content/Common/Blueprints/VCamAim/Dependencies/Materials/MI_LaserTube.uexp" 3218
"../../../Engine/Plugins/VirtualProduction/VirtualCamera/Content/Common/Blueprints/VCamAim/Dependencies/Meshes/SM_LaserPointerHit.ubulk" 3219
"../../../Engine/Plugins/VirtualProduction/VirtualCamera/Content/Common/Blueprints/VCamAim/Dependencies/Meshes/SM_LaserPointerHit.uasset" 3220
"../../../Engine/Plugins/VirtualProduction/VirtualCamera/Content/Common/Blueprints/VCamAim/Dependencies/Meshes/SM_LaserPointerHit.uexp" 3221
"../../../Engine/Plugins/VirtualProduction/VirtualCamera/Content/Common/Blueprints/VCamAim/Dependencies/NS_AimLaser.uasset" 3222
"../../../Engine/Plugins/VirtualProduction/VirtualCamera/Content/Common/Blueprints/VCamAim/Dependencies/NS_AimLaser.uexp" 3223
"../../../Engine/Plugins/VirtualProduction/VirtualCamera/Content/Common/Blueprints/VCamAim/Dependencies/LowPassFilter.uasset" 3224
"../../../Engine/Plugins/VirtualProduction/VirtualCamera/Content/Common/Blueprints/VCamAim/Dependencies/LowPassFilter.uexp" 3225
"../../../Engine/Plugins/VirtualProduction/VirtualCamera/Content/Common/Blueprints/VCamAim/Dependencies/OneEuroFilter.uasset" 3226
"../../../Engine/Plugins/VirtualProduction/VirtualCamera/Content/Common/Blueprints/VCamAim/Dependencies/OneEuroFilter.uexp" 3227
"../../../Engine/Plugins/FX/Niagara/Content/Enums/ENiagaraScaleColorMode.uasset" 3228
"../../../Engine/Plugins/FX/Niagara/Content/Enums/ENiagaraScaleColorMode.uexp" 3229
"../../../Engine/Plugins/FX/Niagara/Content/Enums/ENiagaraShapeTorusMode.uasset" 3230
"../../../Engine/Plugins/FX/Niagara/Content/Enums/ENiagaraShapeTorusMode.uexp" 3231
"../../../Engine/Plugins/FX/Niagara/Content/Enums/ENiagaraSphereDistributionMode.uasset" 3232
"../../../Engine/Plugins/FX/Niagara/Content/Enums/ENiagaraSphereDistributionMode.uexp" 3233
"../../../Engine/Plugins/FX/Niagara/Content/Enums/ENiagaraTorusDistributionMode.uasset" 3234
"../../../Engine/Plugins/FX/Niagara/Content/Enums/ENiagaraTorusDistributionMode.uexp" 3235
"../../../Engine/Plugins/FX/Niagara/Content/Enums/ENiagara_AttributeSamplingApplyOutput.uasset" 3236
"../../../Engine/Plugins/FX/Niagara/Content/Enums/ENiagara_AttributeSamplingApplyOutput.uexp" 3237
"../../../Engine/Plugins/FX/Niagara/Content/Enums/Angles/ENiagara_AngleInput.uasset" 3238
"../../../Engine/Plugins/FX/Niagara/Content/Enums/Angles/ENiagara_AngleInput.uexp" 3239
"../../../Engine/Plugins/FX/Niagara/Content/Enums/Location/ENiagaraRingDiscMode.uasset" 3240
"../../../Engine/Plugins/FX/Niagara/Content/Enums/Location/ENiagaraRingDiscMode.uexp" 3241
"../../../Engine/Plugins/FX/Niagara/Content/Enums/Location/ENiagara_BoxPlaneMode.uasset" 3242
"../../../Engine/Plugins/FX/Niagara/Content/Enums/Location/ENiagara_BoxPlaneMode.uexp" 3243
"../../../Engine/Plugins/FX/Niagara/Content/Enums/Location/ENiagara_ConeMode.uasset" 3244
"../../../Engine/Plugins/FX/Niagara/Content/Enums/Location/ENiagara_ConeMode.uexp" 3245
"../../../Engine/Plugins/FX/Niagara/Content/Enums/Location/ENiagara_CylinderMode.uasset" 3246
"../../../Engine/Plugins/FX/Niagara/Content/Enums/Location/ENiagara_CylinderMode.uexp" 3247
"../../../Engine/Plugins/FX/Niagara/Content/Enums/Location/ENiagara_LocationShapes.uasset" 3248
"../../../Engine/Plugins/FX/Niagara/Content/Enums/Location/ENiagara_LocationShapes.uexp" 3249
"../../../Engine/Plugins/FX/Niagara/Content/Enums/Transforms/ENiagara_OffsetMode.uasset" 3250
"../../../Engine/Plugins/FX/Niagara/Content/Enums/Transforms/ENiagara_OffsetMode.uexp" 3251
"../../../Engine/Plugins/FX/Niagara/Content/Enums/Transforms/ENiagara_RotationMode.uasset" 3252
"../../../Engine/Plugins/FX/Niagara/Content/Enums/Transforms/ENiagara_RotationMode.uexp" 3253
"../../../Engine/Plugins/FX/Niagara/Content/Enums/Transforms/ENiagara_ScaleMode.uasset" 3254
"../../../Engine/Plugins/FX/Niagara/Content/Enums/Transforms/ENiagara_ScaleMode.uexp" 3255
"../../../Engine/Plugins/FX/Niagara/Content/Enums/Transforms/ENiagara_TransformOrder.uasset" 3256
"../../../Engine/Plugins/FX/Niagara/Content/Enums/Transforms/ENiagara_TransformOrder.uexp" 3257
"../../../Engine/Plugins/FX/Niagara/Content/Enums/Transforms/ENiagara_TransformType.uasset" 3258
"../../../Engine/Plugins/FX/Niagara/Content/Enums/Transforms/ENiagara_TransformType.uexp" 3259
"../../../Engine/Plugins/FX/Niagara/Content/Enums/Utility/ENiagara_VelocityMode.uasset" 3260
"../../../Engine/Plugins/FX/Niagara/Content/Enums/Utility/ENiagara_VelocityMode.uexp" 3261
"../../../Engine/Plugins/FX/Niagara/Content/Enums/ENiagaraExpansionMode.uasset" 3262
"../../../Engine/Plugins/FX/Niagara/Content/Enums/ENiagaraExpansionMode.uexp" 3263
"../../../Engine/Plugins/FX/Niagara/Content/Enums/SpriteRenderer/ENiagara_ScaleSpriteSize.uasset" 3264
"../../../Engine/Plugins/FX/Niagara/Content/Enums/SpriteRenderer/ENiagara_ScaleSpriteSize.uexp" 3265
"../../../Engine/Plugins/VirtualProduction/VirtualCamera/Content/Modifiers/TeleportModifier/Dependencies/M_TeleportUXBeam.uasset" 3266
"../../../Engine/Plugins/VirtualProduction/VirtualCamera/Content/Modifiers/TeleportModifier/Dependencies/M_TeleportUXBeam.uexp" 3267
"../../../Engine/Plugins/VirtualProduction/VirtualCamera/Content/Modifiers/TeleportModifier/Dependencies/M_TeleportUXDisc.uasset" 3268
"../../../Engine/Plugins/VirtualProduction/VirtualCamera/Content/Modifiers/TeleportModifier/Dependencies/M_TeleportUXDisc.uexp" 3269
"../../../Engine/Plugins/VirtualProduction/VirtualCamera/Content/Modifiers/TeleportModifier/Dependencies/NS_TeleportUX.uasset" 3270
"../../../Engine/Plugins/VirtualProduction/VirtualCamera/Content/Modifiers/TeleportModifier/Dependencies/NS_TeleportUX.uexp" 3271
"../../../Engine/Plugins/VirtualProduction/VirtualCamera/Content/Modifiers/TeleportModifier/Dependencies/VCamTeleportUXActor.uasset" 3272
"../../../Engine/Plugins/VirtualProduction/VirtualCamera/Content/Modifiers/TeleportModifier/Dependencies/VCamTeleportUXActor.uexp" 3273
"../../../Engine/Plugins/VirtualProduction/VirtualCamera/Content/Modifiers/TeleportModifier/TeleportModifier.uasset" 3274
"../../../Engine/Plugins/VirtualProduction/VirtualCamera/Content/Modifiers/TeleportModifier/TeleportModifier.uexp" 3275
"../../../Engine/Plugins/VirtualProduction/VirtualCamera/Content/Modifiers/TiltOffsetModifier/Inputs/TiltOffsetAmount.uasset" 3276
"../../../Engine/Plugins/VirtualProduction/VirtualCamera/Content/Modifiers/TiltOffsetModifier/Inputs/TiltOffsetAmount.uexp" 3277
"../../../Engine/Plugins/VirtualProduction/VirtualCamera/Content/Modifiers/TiltOffsetModifier/Inputs/ToggleTiltOffset.uasset" 3278
"../../../Engine/Plugins/VirtualProduction/VirtualCamera/Content/Modifiers/TiltOffsetModifier/Inputs/ToggleTiltOffset.uexp" 3279
"../../../Engine/Plugins/VirtualProduction/VirtualCamera/Content/Modifiers/TiltOffsetModifier/Inputs/TiltOffsetModifierInputMappingContext.uasset" 3280
"../../../Engine/Plugins/VirtualProduction/VirtualCamera/Content/Modifiers/TiltOffsetModifier/Inputs/TiltOffsetModifierInputMappingContext.uexp" 3281
"../../../Engine/Plugins/VirtualProduction/VirtualCamera/Content/Modifiers/TiltOffsetModifier/TiltOffsetModifier.uasset" 3282
"../../../Engine/Plugins/VirtualProduction/VirtualCamera/Content/Modifiers/TiltOffsetModifier/TiltOffsetModifier.uexp" 3283
"../../../Engine/Plugins/VirtualProduction/VirtualCamera/Content/Modifiers/VisualizationModifier/M_VCamVisualizationPPM.uasset" 3284
"../../../Engine/Plugins/VirtualProduction/VirtualCamera/Content/Modifiers/VisualizationModifier/M_VCamVisualizationPPM.uexp" 3285
"../../../Engine/Plugins/VirtualProduction/VirtualCamera/Content/Modifiers/VisualizationModifier/Input/ToggleFocusPeaking.uasset" 3286
"../../../Engine/Plugins/VirtualProduction/VirtualCamera/Content/Modifiers/VisualizationModifier/Input/ToggleFocusPeaking.uexp" 3287
"../../../Engine/Plugins/VirtualProduction/VirtualCamera/Content/Modifiers/VisualizationModifier/Input/ToggleGameView.uasset" 3288
"../../../Engine/Plugins/VirtualProduction/VirtualCamera/Content/Modifiers/VisualizationModifier/Input/ToggleGameView.uexp" 3289
"../../../Engine/Plugins/VirtualProduction/VirtualCamera/Content/Modifiers/VisualizationModifier/Input/ToggleZebraPattern.uasset" 3290
"../../../Engine/Plugins/VirtualProduction/VirtualCamera/Content/Modifiers/VisualizationModifier/Input/ToggleZebraPattern.uexp" 3291
"../../../Engine/Plugins/VirtualProduction/VirtualCamera/Content/Modifiers/VisualizationModifier/Input/ZebraPatternThreshold.uasset" 3292
"../../../Engine/Plugins/VirtualProduction/VirtualCamera/Content/Modifiers/VisualizationModifier/Input/ZebraPatternThreshold.uexp" 3293
"../../../Engine/Plugins/VirtualProduction/VirtualCamera/Content/Modifiers/VisualizationModifier/Input/VisualizationModifierInputMappingContext.uasset" 3294
"../../../Engine/Plugins/VirtualProduction/VirtualCamera/Content/Modifiers/VisualizationModifier/Input/VisualizationModifierInputMappingContext.uexp" 3295
"../../../Engine/Plugins/VirtualProduction/VirtualCamera/Content/Modifiers/VisualizationModifier/VisualizationModifier.uasset" 3296
"../../../Engine/Plugins/VirtualProduction/VirtualCamera/Content/Modifiers/VisualizationModifier/VisualizationModifier.uexp" 3297
"../../../Engine/Plugins/VirtualProduction/VirtualCamera/Content/Modifiers/ZeroOutModifier/Inputs/ZeroToParent.uasset" 3298
"../../../Engine/Plugins/VirtualProduction/VirtualCamera/Content/Modifiers/ZeroOutModifier/Inputs/ZeroToParent.uexp" 3299
"../../../Engine/Plugins/VirtualProduction/VirtualCamera/Content/Modifiers/ZeroOutModifier/Inputs/ZeroToStage.uasset" 3300
"../../../Engine/Plugins/VirtualProduction/VirtualCamera/Content/Modifiers/ZeroOutModifier/Inputs/ZeroToStage.uexp" 3301
"../../../Engine/Plugins/VirtualProduction/VirtualCamera/Content/Modifiers/ZeroOutModifier/Inputs/ZeroOutModifierInputMappingContext.uasset" 3302
"../../../Engine/Plugins/VirtualProduction/VirtualCamera/Content/Modifiers/ZeroOutModifier/Inputs/ZeroOutModifierInputMappingContext.uexp" 3303
"../../../Engine/Plugins/VirtualProduction/VirtualCamera/Content/Modifiers/ZeroOutModifier/ZeroOutModifier.uasset" 3304
"../../../Engine/Plugins/VirtualProduction/VirtualCamera/Content/Modifiers/ZeroOutModifier/ZeroOutModifier.uexp" 3305
"../../../Engine/Plugins/VirtualProduction/VirtualCamera/Content/VCamActor.uasset" 3306
"../../../Engine/Plugins/VirtualProduction/VirtualCamera/Content/VCamActor.uexp" 3307
"../../../Engine/Content/BasicShapes/Cone.ubulk" 3308
"../../../Engine/Content/BasicShapes/Cone.uasset" 3309
"../../../Engine/Content/BasicShapes/Cone.uexp" 3310
"../../../Engine/Plugins/Interchange/Runtime/Content/Pipelines/DefaultAssetsPipeline.uasset" 3311
"../../../Engine/Plugins/Interchange/Runtime/Content/Pipelines/DefaultAssetsPipeline.uexp" 3312
"../../../Engine/Plugins/Interchange/Runtime/Content/Pipelines/DefaultAudioPipeline.uasset" 3313
"../../../Engine/Plugins/Interchange/Runtime/Content/Pipelines/DefaultAudioPipeline.uexp" 3314
"../../../Engine/Plugins/Interchange/Runtime/Content/Pipelines/DefaultGLTFAssetsPipeline.uasset" 3315
"../../../Engine/Plugins/Interchange/Runtime/Content/Pipelines/DefaultGLTFAssetsPipeline.uexp" 3316
"../../../Engine/Plugins/Interchange/Runtime/Content/Pipelines/DefaultGLTFPipeline.uasset" 3317
"../../../Engine/Plugins/Interchange/Runtime/Content/Pipelines/DefaultGLTFPipeline.uexp" 3318
"../../../Engine/Plugins/Interchange/Runtime/Content/Pipelines/DefaultGLTFSceneAssetsPipeline.uasset" 3319
"../../../Engine/Plugins/Interchange/Runtime/Content/Pipelines/DefaultGLTFSceneAssetsPipeline.uexp" 3320
"../../../Engine/Plugins/Interchange/Runtime/Content/Pipelines/DefaultMaterialPipeline.uasset" 3321
"../../../Engine/Plugins/Interchange/Runtime/Content/Pipelines/DefaultMaterialPipeline.uexp" 3322
"../../../Engine/Plugins/Interchange/Runtime/Content/Pipelines/DefaultMaterialXPipeline.uasset" 3323
"../../../Engine/Plugins/Interchange/Runtime/Content/Pipelines/DefaultMaterialXPipeline.uexp" 3324
"../../../Engine/Plugins/Interchange/Runtime/Content/Pipelines/DefaultSceneAssetsPipeline.uasset" 3325
"../../../Engine/Plugins/Interchange/Runtime/Content/Pipelines/DefaultSceneAssetsPipeline.uexp" 3326
"../../../Engine/Plugins/Interchange/Runtime/Content/Pipelines/DefaultSceneLevelPipeline.uasset" 3327
"../../../Engine/Plugins/Interchange/Runtime/Content/Pipelines/DefaultSceneLevelPipeline.uexp" 3328
"../../../Engine/Plugins/Interchange/Runtime/Content/Pipelines/DefaultTexturePipeline.uasset" 3329
"../../../Engine/Plugins/Interchange/Runtime/Content/Pipelines/DefaultTexturePipeline.uexp" 3330
"../../../Engine/Content/BasicShapes/Plane.ubulk" 3331
"../../../Engine/Content/BasicShapes/Plane.uasset" 3332
"../../../Engine/Content/BasicShapes/Plane.uexp" 3333
"../../../Engine/Plugins/Media/MediaFrameworkUtilities/Content/T_VideoInputFailed.uasset" 3334
"../../../Engine/Plugins/Media/MediaFrameworkUtilities/Content/T_VideoInputFailed.uexp" 3335
"../../../Engine/Plugins/Compositing/OpenCVLensDistortion/Content/Materials/MF_UVLensDisplacement.uasset" 3336
"../../../Engine/Plugins/Compositing/OpenCVLensDistortion/Content/Materials/MF_UVLensDisplacement.uexp" 3337
"../../../Engine/Plugins/Compositing/OpenCVLensDistortion/Content/Materials/MF_UVOutOfBoundMask.uasset" 3338
"../../../Engine/Plugins/Compositing/OpenCVLensDistortion/Content/Materials/MF_UVOutOfBoundMask.uexp" 3339
"../../../Engine/Content/Functions/Engine_MaterialFunctions01/Chromakeying/DespillByAvg.uasset" 3340
"../../../Engine/Content/Functions/Engine_MaterialFunctions01/Chromakeying/DespillByAvg.uexp" 3341
"../../../Engine/Content/Functions/Engine_MaterialFunctions01/Chromakeying/DespillManual.uasset" 3342
"../../../Engine/Content/Functions/Engine_MaterialFunctions01/Chromakeying/DespillManual.uexp" 3343
"../../../Engine/Content/Functions/Engine_MaterialFunctions01/ImageAdjustment/SCurve.uasset" 3344
"../../../Engine/Content/Functions/Engine_MaterialFunctions01/ImageAdjustment/SCurve.uexp" 3345
"../../../Engine/Content/Functions/Engine_MaterialFunctions02/HueShift.uasset" 3346
"../../../Engine/Content/Functions/Engine_MaterialFunctions02/HueShift.uexp" 3347
"../../../Engine/Content/Functions/Engine_MaterialFunctions01/ImageAdjustment/ColorCorrection.uasset" 3348
"../../../Engine/Content/Functions/Engine_MaterialFunctions01/ImageAdjustment/ColorCorrection.uexp" 3349
"../../../Engine/Content/Functions/Engine_MaterialFunctions01/Opacity/Chroma_Key_Alpha.uasset" 3350
"../../../Engine/Content/Functions/Engine_MaterialFunctions01/Opacity/Chroma_Key_Alpha.uexp" 3351
"../../../Engine/Content/Functions/Engine_MaterialFunctions01/Texturing/UVCropping.uasset" 3352
"../../../Engine/Content/Functions/Engine_MaterialFunctions01/Texturing/UVCropping.uexp" 3353
"../../../Engine/Content/MaterialTemplates/Chromakeying/MF_Chromakeyer.uasset" 3354
"../../../Engine/Content/MaterialTemplates/Chromakeying/MF_Chromakeyer.uexp" 3355
"../../../Engine/Plugins/Media/MediaFrameworkUtilities/Content/T_DefaultMedia.uasset" 3356
"../../../Engine/Plugins/Media/MediaFrameworkUtilities/Content/T_DefaultMedia.uexp" 3357
"../../../Engine/Plugins/Media/MediaFrameworkUtilities/Content/M_DefaultMedia.uasset" 3358
"../../../Engine/Plugins/Media/MediaFrameworkUtilities/Content/M_DefaultMedia.uexp" 3359
"../../../Engine/Plugins/Media/MediaFrameworkUtilities/Content/BP_MediaBundle_Plane_16-9.uasset" 3360
"../../../Engine/Plugins/Media/MediaFrameworkUtilities/Content/BP_MediaBundle_Plane_16-9.uexp" 3361
"../../../Engine/Plugins/Media/MediaFrameworkUtilities/Content/T_DefaultBundle.uasset" 3362
"../../../Engine/Plugins/Media/MediaFrameworkUtilities/Content/T_DefaultBundle.uexp" 3363
"../../../Engine/Plugins/Media/MediaFrameworkUtilities/Content/M_BaseMediaBundle.uasset" 3364
"../../../Engine/Plugins/Media/MediaFrameworkUtilities/Content/M_BaseMediaBundle.uexp" 3365
"../../../Engine/Content/EditorLandscapeResources/ColorMaskBrushMaterial.uasset" 3366
"../../../Engine/Content/EditorLandscapeResources/ColorMaskBrushMaterial.uexp" 3367
"../../../Engine/Content/EditorLandscapeResources/ColorMaskBrushMaterial_MaskedRegion.uasset" 3368
"../../../Engine/Content/EditorLandscapeResources/ColorMaskBrushMaterial_MaskedRegion.uexp" 3369
"../../../Engine/Plugins/Media/MediaPlate/Content/SM_MediaPlateScreen.ubulk" 3370
"../../../Engine/Plugins/Media/MediaPlate/Content/SM_MediaPlateScreen.uasset" 3371
"../../../Engine/Plugins/Media/MediaPlate/Content/SM_MediaPlateScreen.uexp" 3372
"../../../Engine/Content/Maps/Entry_BuiltData.uasset" 3373
"../../../Engine/Content/Maps/Entry_BuiltData.uexp" 3374
"../../../Engine/Content/Maps/Entry.uexp" 3375
"../../../Engine/Content/Maps/Entry.umap" 3376
"../../../Engine/Content/BasicShapes/Cube.ubulk" 3377
"../../../Engine/Content/BasicShapes/Cube.uasset" 3378
"../../../Engine/Content/BasicShapes/Cube.uexp" 3379
"../../../Engine/Content/EngineSky/M_SimpleSkyDome.uasset" 3380
"../../../Engine/Content/EngineSky/M_SimpleSkyDome.uexp" 3381
"../../../Engine/Content/EngineResources/DefaultVolumeTexture2D.uasset" 3382
"../../../Engine/Content/EngineResources/DefaultVolumeTexture2D.uexp" 3383
"../../../Engine/Content/EngineResources/DefaultVolumeTexture.uasset" 3384
"../../../Engine/Content/EngineResources/DefaultVolumeTexture.uexp" 3385
"../../../Engine/Content/EngineSky/VolumetricClouds/VT_Lightning.uasset" 3386
"../../../Engine/Content/EngineSky/VolumetricClouds/VT_Lightning.uexp" 3387
"../../../Engine/Content/Functions/Engine_MaterialFunctions01/Units/Km-to-Cm.uasset" 3388
"../../../Engine/Content/Functions/Engine_MaterialFunctions01/Units/Km-to-Cm.uexp" 3389
"../../../Engine/Content/EngineSky/VolumetricClouds/m_SimpleVolumetricCloud.uasset" 3390
"../../../Engine/Content/EngineSky/VolumetricClouds/m_SimpleVolumetricCloud.uexp" 3391
"../../../Engine/Content/EngineSky/VolumetricClouds/T_CloudMask.ubulk" 3392
"../../../Engine/Content/EngineSky/VolumetricClouds/T_CloudMask.uasset" 3393
"../../../Engine/Content/EngineSky/VolumetricClouds/T_CloudMask.uexp" 3394
"../../../Engine/Content/EngineSky/VolumetricClouds/T_CloudPattern.ubulk" 3395
"../../../Engine/Content/EngineSky/VolumetricClouds/T_CloudPattern.uasset" 3396
"../../../Engine/Content/EngineSky/VolumetricClouds/T_CloudPattern.uexp" 3397
"../../../Engine/Content/EngineSky/VolumetricClouds/T_Profile_08.ubulk" 3398
"../../../Engine/Content/EngineSky/VolumetricClouds/T_Profile_08.uasset" 3399
"../../../Engine/Content/EngineSky/VolumetricClouds/T_Profile_08.uexp" 3400
"../../../Engine/Content/EngineSky/VolumetricClouds/VT_PerlinWorley_Balanced.uasset" 3401
"../../../Engine/Content/EngineSky/VolumetricClouds/VT_PerlinWorley_Balanced.uexp" 3402
"../../../Engine/Content/EngineSky/VolumetricClouds/m_SimpleVolumetricCloud_Inst.uasset" 3403
"../../../Engine/Content/EngineSky/VolumetricClouds/m_SimpleVolumetricCloud_Inst.uexp" 3404
"C:/Users/A24059/Documents/Sourcetree/CurryUdon/Content/seisaku/anime/toobira.uasset" 3405
"C:/Users/A24059/Documents/Sourcetree/CurryUdon/Content/seisaku/anime/toobira.uexp" 3406
"../../../Engine/Content/EditorResources/YujiSyuku-Regular.uexp" 3407
"../../../Engine/Content/EditorResources/YujiSyuku-Regular.uasset" 3408
"../../../Engine/Content/EditorResources/YujiSyuku-Regular.ufont" 3409
"../../../Engine/Content/EditorResources/YujiSyuku-Regular_Font.uasset" 3410
"../../../Engine/Content/EditorResources/YujiSyuku-Regular_Font.uexp" 3411
"C:/Users/A24059/Documents/Sourcetree/CurryUdon/Content/seisaku/Texture/CurryUdon_Nyuuten.uasset" 3412
"C:/Users/A24059/Documents/Sourcetree/CurryUdon/Content/seisaku/Texture/CurryUdon_Nyuuten.uexp" 3413
"C:/Users/A24059/Documents/Sourcetree/CurryUdon/Content/seisaku/Texture/CurryUdon_Nyuuten_Hovered.uasset" 3414
"C:/Users/A24059/Documents/Sourcetree/CurryUdon/Content/seisaku/Texture/CurryUdon_Nyuuten_Hovered.uexp" 3415
"C:/Users/A24059/Documents/Sourcetree/CurryUdon/Content/seisaku/Texture/CurryUdon_Nyuuten_Pressed.uasset" 3416
"C:/Users/A24059/Documents/Sourcetree/CurryUdon/Content/seisaku/Texture/CurryUdon_Nyuuten_Pressed.uexp" 3417
"C:/Users/A24059/Documents/Sourcetree/CurryUdon/Content/seisaku/BluePrint/Title_WBP.uasset" 3418
"C:/Users/A24059/Documents/Sourcetree/CurryUdon/Content/seisaku/BluePrint/Title_WBP.uexp" 3419
"C:/Users/A24059/Documents/Sourcetree/CurryUdon/Content/seisaku/Material/chair_Mat.uasset" 3420
"C:/Users/A24059/Documents/Sourcetree/CurryUdon/Content/seisaku/Material/chair_Mat.uexp" 3421
"C:/Users/A24059/Documents/Sourcetree/CurryUdon/Content/seisaku/Model/chair.ubulk" 3422
"C:/Users/A24059/Documents/Sourcetree/CurryUdon/Content/seisaku/Model/chair.uasset" 3423
"C:/Users/A24059/Documents/Sourcetree/CurryUdon/Content/seisaku/Model/chair.uexp" 3424
"../../../Engine/Content/EngineMaterials/DefaultNormal.ubulk" 3425
"../../../Engine/Content/EngineMaterials/DefaultNormal.uasset" 3426
"../../../Engine/Content/EngineMaterials/DefaultNormal.uexp" 3427
"../../../Engine/Content/Functions/Engine_MaterialFunctions03/Procedurals/NormalFromHeightmap.uasset" 3428
"../../../Engine/Content/Functions/Engine_MaterialFunctions03/Procedurals/NormalFromHeightmap.uexp" 3429
"../../../Engine/Plugins/Interchange/Assets/Content/Functions/MF_PhongToMetalRoughness.uasset" 3430
"../../../Engine/Plugins/Interchange/Assets/Content/Functions/MF_PhongToMetalRoughness.uexp" 3431
"../../../Engine/Plugins/Interchange/Assets/Content/Materials/FBXLegacyPhongSurfaceMaterial.uasset" 3432
"../../../Engine/Plugins/Interchange/Assets/Content/Materials/FBXLegacyPhongSurfaceMaterial.uexp" 3433
"C:/Users/A24059/Documents/Sourcetree/CurryUdon/Content/seisaku/Texture/table.uasset" 3434
"C:/Users/A24059/Documents/Sourcetree/CurryUdon/Content/seisaku/Texture/table.uexp" 3435
"C:/Users/A24059/Documents/Sourcetree/CurryUdon/Content/seisaku/Material/desk_Mat.uasset" 3436
"C:/Users/A24059/Documents/Sourcetree/CurryUdon/Content/seisaku/Material/desk_Mat.uexp" 3437
"C:/Users/A24059/Documents/Sourcetree/CurryUdon/Content/seisaku/Texture/yuka.uasset" 3438
"C:/Users/A24059/Documents/Sourcetree/CurryUdon/Content/seisaku/Texture/yuka.uexp" 3439
"C:/Users/A24059/Documents/Sourcetree/CurryUdon/Content/seisaku/Material/floor_Mat.uasset" 3440
"C:/Users/A24059/Documents/Sourcetree/CurryUdon/Content/seisaku/Material/floor_Mat.uexp" 3441
"C:/Users/A24059/Documents/Sourcetree/CurryUdon/Content/seisaku/Texture/tray.ubulk" 3442
"C:/Users/A24059/Documents/Sourcetree/CurryUdon/Content/seisaku/Texture/tray.uasset" 3443
"C:/Users/A24059/Documents/Sourcetree/CurryUdon/Content/seisaku/Texture/tray.uexp" 3444
"C:/Users/A24059/Documents/Sourcetree/CurryUdon/Content/seisaku/Material/tyoumiryou_Mat.uasset" 3445
"C:/Users/A24059/Documents/Sourcetree/CurryUdon/Content/seisaku/Material/tyoumiryou_Mat.uexp" 3446
"C:/Users/A24059/Documents/Sourcetree/CurryUdon/Content/seisaku/Material/tyuubou_Mat.uasset" 3447
"C:/Users/A24059/Documents/Sourcetree/CurryUdon/Content/seisaku/Material/tyuubou_Mat.uexp" 3448
"C:/Users/A24059/Documents/Sourcetree/CurryUdon/Content/seisaku/Texture/wallwindow.ubulk" 3449
"C:/Users/A24059/Documents/Sourcetree/CurryUdon/Content/seisaku/Texture/wallwindow.uasset" 3450
"C:/Users/A24059/Documents/Sourcetree/CurryUdon/Content/seisaku/Texture/wallwindow.uexp" 3451
"C:/Users/A24059/Documents/Sourcetree/CurryUdon/Content/seisaku/Material/wallwindow_Mat.uasset" 3452
"C:/Users/A24059/Documents/Sourcetree/CurryUdon/Content/seisaku/Material/wallwindow_Mat.uexp" 3453
"C:/Users/A24059/Documents/Sourcetree/CurryUdon/Content/seisaku/Model/shopfloor.ubulk" 3454
"C:/Users/A24059/Documents/Sourcetree/CurryUdon/Content/seisaku/Model/shopfloor.uasset" 3455
"C:/Users/A24059/Documents/Sourcetree/CurryUdon/Content/seisaku/Model/shopfloor.uexp" 3456
"C:/Users/A24059/Documents/Sourcetree/CurryUdon/Content/seisaku/Texture/owner.ubulk" 3457
"C:/Users/A24059/Documents/Sourcetree/CurryUdon/Content/seisaku/Texture/owner.uasset" 3458
"C:/Users/A24059/Documents/Sourcetree/CurryUdon/Content/seisaku/Texture/owner.uexp" 3459
"C:/Users/A24059/Documents/Sourcetree/CurryUdon/Content/seisaku/Material/owner_Mat.uasset" 3460
"C:/Users/A24059/Documents/Sourcetree/CurryUdon/Content/seisaku/Material/owner_Mat.uexp" 3461
"C:/Users/A24059/Documents/Sourcetree/CurryUdon/Content/seisaku/Owner/owner_Skeleton.uasset" 3462
"C:/Users/A24059/Documents/Sourcetree/CurryUdon/Content/seisaku/Owner/owner_Skeleton.uexp" 3463
"C:/Users/A24059/Documents/Sourcetree/CurryUdon/Content/seisaku/Owner/owner.uasset" 3464
"C:/Users/A24059/Documents/Sourcetree/CurryUdon/Content/seisaku/Owner/owner.uexp" 3465
"../../../Engine/Plugins/Animation/ACLPlugin/Content/ACLAnimBoneCompressionSettings.uasset" 3466
"../../../Engine/Plugins/Animation/ACLPlugin/Content/ACLAnimBoneCompressionSettings.uexp" 3467
"../../../Engine/Plugins/Animation/ACLPlugin/Content/ACLAnimCurveCompressionSettings.uasset" 3468
"../../../Engine/Plugins/Animation/ACLPlugin/Content/ACLAnimCurveCompressionSettings.uexp" 3469
"../../../Engine/Content/Animation/DefaultVariableFrameStrippingSettings.uasset" 3470
"../../../Engine/Content/Animation/DefaultVariableFrameStrippingSettings.uexp" 3471
"C:/Users/A24059/Documents/Sourcetree/CurryUdon/Content/seisaku/Owner/DefaultOwner_Anim.uasset" 3472
"C:/Users/A24059/Documents/Sourcetree/CurryUdon/Content/seisaku/Owner/DefaultOwner_Anim.uexp" 3473
"C:/Users/A24059/Documents/Sourcetree/CurryUdon/Content/seisaku/Owner/Owner_anim.uasset" 3474
"C:/Users/A24059/Documents/Sourcetree/CurryUdon/Content/seisaku/Owner/Owner_anim.uexp" 3475
"C:/Users/A24059/Documents/Sourcetree/CurryUdon/Content/seisaku/Texture/door.ubulk" 3476
"C:/Users/A24059/Documents/Sourcetree/CurryUdon/Content/seisaku/Texture/door.uasset" 3477
"C:/Users/A24059/Documents/Sourcetree/CurryUdon/Content/seisaku/Texture/door.uexp" 3478
"C:/Users/A24059/Documents/Sourcetree/CurryUdon/Content/seisaku/Material/door.uasset" 3479
"C:/Users/A24059/Documents/Sourcetree/CurryUdon/Content/seisaku/Material/door.uexp" 3480
"C:/Users/A24059/Documents/Sourcetree/CurryUdon/Content/seisaku/Model/door.ubulk" 3481
"C:/Users/A24059/Documents/Sourcetree/CurryUdon/Content/seisaku/Model/door.uasset" 3482
"C:/Users/A24059/Documents/Sourcetree/CurryUdon/Content/seisaku/Model/door.uexp" 3483
"C:/Users/A24059/Documents/Sourcetree/CurryUdon/Content/seisaku/Map/start.uexp" 3484
"C:/Users/A24059/Documents/Sourcetree/CurryUdon/Content/seisaku/Map/start.umap" 3485
