"D:/seisaku4/CarryUDON.uproject" 1
"D:/seisaku4/Binaries/Win64/UnrealEditor.modules" 2
"../../../Engine/Plugins/AudioInsights/AudioInsights.uplugin" 3
"../../../Engine/Plugins/AudioGameplay/AudioGameplay.uplugin" 4
"../../../Engine/Plugins/BaseMaterial/BaseMaterial.uplugin" 5
"../../../Engine/Plugins/Bridge/Bridge.uplugin" 6
"../../../Engine/Plugins/ChaosClothAsset/ChaosClothAsset.uplugin" 7
"../../../Engine/Plugins/BlueprintFileUtils/BlueprintFileUtils.uplugin" 8
"../../../Engine/Plugins/ChaosClothAssetEditor/ChaosClothAssetEditor.uplugin" 9
"../../../Engine/Plugins/AudioGameplayVolume/AudioGameplayVolume.uplugin" 10
"../../../Engine/Plugins/ChaosCloth/ChaosCloth.uplugin" 11
"../../../Engine/Plugins/ChaosInsights/ChaosInsights.uplugin" 12
"../../../Engine/Plugins/ChaosVD/ChaosVD.uplugin" 13
"../../../Engine/Plugins/DiscoveryBeaconReceiver/DiscoveryBeaconReceiver.uplugin" 14
"../../../Engine/Plugins/CmdLinkServer/CmdLinkServer.uplugin" 15
"../../../Engine/Plugins/EnhancedInput/EnhancedInput.uplugin" 16
"../../../Engine/Plugins/Chooser/Chooser.uplugin" 17
"../../../Engine/Plugins/FastBuildController/FastBuildController.uplugin" 18
"../../../Engine/Plugins/Fab/Fab.uplugin" 19
"../../../Engine/Plugins/JsonBlueprintUtilities/JsonBlueprintUtilities.uplugin" 20
"../../../Engine/Plugins/IoStoreInsights/IoStoreInsights.uplugin" 21
"../../../Engine/Plugins/LightWeightInstancesEditor/LightWeightInstancesEditor.uplugin" 22
"../../../Engine/Plugins/MemoryUsageQueries/MemoryUsageQueries.uplugin" 23
"../../../Engine/Plugins/MeshPainting/MeshPainting.uplugin" 24
"../../../Engine/Plugins/Mutable/Mutable.uplugin" 25
"../../../Engine/Plugins/MassInsights/MassInsights.uplugin" 26
"../../../Engine/Plugins/TextureGraph/TextureGraph.uplugin" 27
"../../../Engine/Plugins/RenderGraphInsights/RenderGraphInsights.uplugin" 28
"../../../Engine/Plugins/PCG/PCG.uplugin" 29
"../../../Engine/Plugins/TraceUtilities/TraceUtilities.uplugin" 30
"../../../Engine/Plugins/XGEController/XGEController.uplugin" 31
"../../../Engine/Plugins/WorldMetrics/WorldMetrics.uplugin" 32
"../../../Engine/Plugins/UbaController/UbaController.uplugin" 33
"../../../Engine/Plugins/AI/AISupport/AISupport.uplugin" 34
"../../../Engine/Plugins/AI/MassAI/MassAI.uplugin" 35
"../../../Engine/Plugins/ScriptPlugin/ScriptPlugin.uplugin" 36
"../../../Engine/Plugins/Developer/AnimationSharing/AnimationSharing.uplugin" 37
"../../../Engine/Plugins/Developer/CLionSourceCodeAccess/CLionSourceCodeAccess.uplugin" 38
"../../../Engine/Plugins/AI/HTNPlanner/HTNPlanner.uplugin" 39
"../../../Engine/Plugins/Developer/DirectoryPlaceholder/DirectoryPlaceholder.uplugin" 40
"../../../Engine/Plugins/Developer/FieldNotificationTrace/FieldNotificationTrace.uplugin" 41
"../../../Engine/Plugins/Developer/CodeLiteSourceCodeAccess/CodeLiteSourceCodeAccess.uplugin" 42
"../../../Engine/Plugins/Developer/BlankPlugin/BlankPlugin.uplugin" 43
"../../../Engine/Plugins/AI/EnvironmentQueryEditor/EnvironmentQueryEditor.uplugin" 44
"../../../Engine/Plugins/Developer/NamingTokens/NamingTokens.uplugin" 45
"../../../Engine/Plugins/Developer/KDevelopSourceCodeAccess/KDevelopSourceCodeAccess.uplugin" 46
"../../../Engine/Plugins/Developer/GPUReshape/GPUReshape.uplugin" 47
"../../../Engine/Plugins/Developer/OneSkyLocalizationService/OneSkyLocalizationService.uplugin" 48
"../../../Engine/Plugins/Developer/N10XSourceCodeAccess/N10XSourceCodeAccess.uplugin" 49
"../../../Engine/Plugins/Developer/PixWinPlugin/PixWinPlugin.uplugin" 50
"../../../Engine/Plugins/Developer/PerforceSourceControl/PerforceSourceControl.uplugin" 51
"../../../Engine/Plugins/Developer/GitSourceControl/GitSourceControl.uplugin" 52
"../../../Engine/Plugins/Developer/NullSourceCodeAccess/NullSourceCodeAccess.uplugin" 53
"../../../Engine/Plugins/AI/MassCrowd/MassCrowd.uplugin" 54
"../../../Engine/Plugins/Developer/PluginUtils/PluginUtils.uplugin" 55
"../../../Engine/Plugins/Developer/DumpGPUServices/DumpGPUServices.uplugin" 56
"../../../Engine/Plugins/AI/MLAdapter/MLAdapter.uplugin" 57
"../../../Engine/Plugins/Developer/RenderDocPlugin/RenderDocPlugin.uplugin" 58
"../../../Engine/Plugins/Developer/PropertyAccessNode/PropertyAccessNode.uplugin" 59
"../../../Engine/Plugins/Developer/PlasticSourceControl/PlasticSourceControl.uplugin" 60
"../../../Engine/Plugins/Developer/RiderSourceCodeAccess/RiderSourceCodeAccess.uplugin" 61
"../../../Engine/Plugins/Developer/ProjectLauncher/ProjectLauncher.uplugin" 62
"../../../Engine/Plugins/Developer/TextureFormatOodle/TextureFormatOodle.uplugin" 63
"../../../Engine/Plugins/Developer/TraceSourceFiltering/TraceSourceFilters.uplugin" 64
"../../../Engine/Plugins/Developer/UObjectPlugin/UObjectPlugin.uplugin" 65
"../../../Engine/Plugins/Developer/VisualStudioCodeSourceCodeAccess/VisualStudioCodeSourceCodeAccess.uplugin" 66
"../../../Engine/Plugins/Developer/SubversionSourceControl/SubversionSourceControl.uplugin" 67
"../../../Engine/Plugins/Developer/VisualStudioSourceCodeAccess/VisualStudioSourceCodeAccess.uplugin" 68
"../../../Engine/Plugins/Developer/XCodeSourceCodeAccess/XCodeSourceCodeAccess.uplugin" 69
"../../../Engine/Plugins/Messaging/UdpMessaging/UdpMessaging.uplugin" 70
"../../../Engine/Plugins/Online/EOSOverlayInputProvider/EOSOverlayInputProvider.uplugin" 71
"../../../Engine/Plugins/Developer/XcodeGPUDebuggerPlugin/XcodeGPUDebuggerPlugin.uplugin" 72
"../../../Engine/Plugins/Online/EOSShared/EOSShared.uplugin" 73
"../../../Engine/Plugins/Messaging/TcpMessaging/TcpMessaging.uplugin" 74
"../../../Engine/Plugins/Messaging/MessagingDebugger/MessagingDebugger.uplugin" 75
"../../../Engine/Plugins/Online/OnlineFramework/OnlineFramework.uplugin" 76
"../../../Engine/Plugins/Online/OnlineBase/OnlineBase.uplugin" 77
"../../../Engine/Plugins/Online/OnlineFrameworkCommon/OnlineFrameworkCommon.uplugin" 78
"../../../Engine/Plugins/Online/OnlineServices/OnlineServices.uplugin" 79
"../../../Engine/Plugins/Online/OnlineServicesEOS/OnlineServicesEOS.uplugin" 80
"../../../Engine/Plugins/Online/OnlineServicesNull/OnlineServicesNull.uplugin" 81
"../../../Engine/Plugins/Online/OnlineServicesEpicCommon/OnlineServicesEpicCommon.uplugin" 82
"../../../Engine/Plugins/Online/OnlineServicesOSSAdapter/OnlineServicesOSSAdapter.uplugin" 83
"../../../Engine/Plugins/Online/OnlineSubsystem/OnlineSubsystem.uplugin" 84
"../../../Engine/Plugins/Online/OnlineSubsystemAmazon/OnlineSubsystemAmazon.uplugin" 85
"../../../Engine/Plugins/Online/OnlineSubsystemEOS/OnlineSubsystemEOS.uplugin" 86
"../../../Engine/Plugins/Online/OnlineSubsystemGoogle/OnlineSubsystemGoogle.uplugin" 87
"../../../Engine/Plugins/Online/OnlineSubsystemNull/OnlineSubsystemNull.uplugin" 88
"../../../Engine/Plugins/Online/OnlineSubsystemApple/OnlineSubsystemApple.uplugin" 89
"../../../Engine/Plugins/Online/OnlineSubsystemTencent/OnlineSubsystemTencent.uplugin" 90
"../../../Engine/Plugins/Online/OnlineSubsystemFacebook/OnlineSubsystemFacebook.uplugin" 91
"../../../Engine/Plugins/Online/OnlineSubsystemSteam/OnlineSubsystemSteam.uplugin" 92
"../../../Engine/Plugins/Online/SocketSubsystemEOS/SocketSubsystemEOS.uplugin" 93
"../../../Engine/Plugins/Online/OnlineSubsystemUtils/OnlineSubsystemUtils.uplugin" 94
"../../../Engine/Plugins/Web/HttpBlueprint/HttpBlueprint.uplugin" 95
"../../../Engine/Plugins/Online/SocketSubsystemSteamIP/SocketSubsystemSteamIP.uplugin" 96
"../../../Engine/Plugins/Cameras/CameraShakePreviewer/CameraShakePreviewer.uplugin" 97
"../../../Engine/Plugins/Cameras/GameplayCameras/GameplayCameras.uplugin" 98
"../../../Engine/Plugins/Cameras/EngineCameras/EngineCameras.uplugin" 99
"../../../Engine/Plugins/Importers/AlembicImporter/AlembicImporter.uplugin" 100
"../../../Engine/Plugins/Importers/USDMultiUser/USDMultiUser.uplugin" 101
"../../../Engine/Plugins/Media/AjaMedia/AjaMedia.uplugin" 102
"../../../Engine/Plugins/Importers/USDImporter/USDImporter.uplugin" 103
"../../../Engine/Plugins/Importers/AlembicHairImporter/AlembicHairImporter.uplugin" 104
"../../../Engine/Plugins/Media/AppleProResMedia/AppleProResMedia.uplugin" 105
"../../../Engine/Plugins/Media/AudioCaptureTimecodeProvider/AudioCaptureTimecodeProvider.uplugin" 106
"../../../Engine/Plugins/Media/AppleProResDecoderElectra/AppleProResDecoderElectra.uplugin" 107
"../../../Engine/Plugins/Media/AndroidCamera/AndroidCamera.uplugin" 108
"../../../Engine/Plugins/Media/AndroidMedia/AndroidMedia.uplugin" 109
"../../../Engine/Plugins/Media/D3D12VideoDecodersElectra/D3D12VideoDecodersElectra.uplugin" 110
"../../../Engine/Plugins/Media/AvidDNxMedia/AvidDNxMedia.uplugin" 111
"../../../Engine/Plugins/Media/ElectraPlayer/ElectraPlayer.uplugin" 112
"../../../Engine/Plugins/Media/AvidDNxHDDecoderElectra/AvidDNxHDDecoderElectra.uplugin" 113
"../../../Engine/Plugins/Media/FlacDecoderElectra/FlacDecoderElectra.uplugin" 114
"../../../Engine/Plugins/Media/HAPDecoderElectra/HAPDecoderElectra.uplugin" 115
"../../../Engine/Plugins/Media/ElectraSubtitles/ElectraSubtitles.uplugin" 116
"../../../Engine/Plugins/Online/WebAuth/WebAuth.uplugin" 117
"../../../Engine/Plugins/Media/ElectraUtil/ElectraUtil.uplugin" 118
"../../../Engine/Plugins/Importers/USDImporterMDL/USDImporterMDL.uplugin" 119
"../../../Engine/Plugins/Media/BinkMedia/BinkMedia.uplugin" 120
"../../../Engine/Plugins/Media/MediaMovieStreamer/MediaMovieStreamer.uplugin" 121
"../../../Engine/Plugins/Media/HardwareEncoders/HardwareEncoders.uplugin" 122
"../../../Engine/Plugins/Media/ImgMedia/ImgMedia.uplugin" 123
"../../../Engine/Plugins/Media/BlackmagicMedia/BlackmagicMedia.uplugin" 124
"../../../Engine/Plugins/Media/ElectraCDM/ElectraCDM.uplugin" 125
"../../../Engine/Plugins/Media/HAPMedia/HAPMedia.uplugin" 126
"../../../Engine/Plugins/Media/MediaFrameworkUtilities/MediaFrameworkUtilities.uplugin" 127
"../../../Engine/Plugins/Media/LinearTimecode/LinearTimecode.uplugin" 128
"../../../Engine/Plugins/Media/MediaCompositing/MediaCompositing.uplugin" 129
"../../../Engine/Plugins/Media/ElectraCodecs/ElectraCodecs.uplugin" 130
"../../../Engine/Plugins/Media/AvfMedia/AvfMedia.uplugin" 131
"../../../Engine/Plugins/Media/MediaPlayerEditor/MediaPlayerEditor.uplugin" 132
"../../../Engine/Plugins/Media/MediaPlate/MediaPlate.uplugin" 133
"../../../Engine/Plugins/Media/MediaIOFramework/MediaIOFramework.uplugin" 134
"../../../Engine/Plugins/Media/PixelStreaming/PixelStreaming.uplugin" 135
"../../../Engine/Plugins/Media/OpusDecoderElectra/OpusDecoderElectra.uplugin" 136
"../../../Engine/Plugins/Media/MediaViewer/MediaViewer.uplugin" 137
"../../../Engine/Plugins/Media/MfMedia/MfMedia.uplugin" 138
"../../../Engine/Plugins/Media/PixelCapture/PixelCapture.uplugin" 139
"../../../Engine/Plugins/MovieScene/ActorSequence/ActorSequence.uplugin" 140
"../../../Engine/Plugins/Media/WmfMedia/WmfMedia.uplugin" 141
"../../../Engine/Plugins/Media/TimecodeSynchronizer/TimecodeSynchronizer.uplugin" 142
"../../../Engine/Plugins/MovieScene/CustomizableSequencerTracks/CustomizableSequencerTracks.uplugin" 143
"../../../Engine/Plugins/Media/VPxDecoderElectra/VPxDecoderElectra.uplugin" 144
"../../../Engine/Plugins/MovieScene/MovieRenderPipeline/MovieRenderPipeline.uplugin" 145
"../../../Engine/Plugins/MovieScene/LevelSequenceEditor/LevelSequenceEditor.uplugin" 146
"../../../Engine/Plugins/MovieScene/MovieSceneTextTrack/MovieSceneTextTrack.uplugin" 147
"../../../Engine/Plugins/Media/WebMMedia/WebMMedia.uplugin" 148
"../../../Engine/Plugins/MovieScene/MoviePipelineMaskRenderPass/MoviePipelineMaskRenderPass.uplugin" 149
"../../../Engine/Plugins/Media/NDIMedia/NDIMedia.uplugin" 150
"../../../Engine/Plugins/MovieScene/ReplayTracks/ReplayTracks.uplugin" 151
"../../../Engine/Plugins/MovieScene/TemplateSequence/TemplateSequence.uplugin" 152
"../../../Engine/Plugins/MovieScene/SequenceValidator/SequenceValidator.uplugin" 153
"../../../Engine/Plugins/MovieScene/SequencerScripting/SequencerScripting.uplugin" 154
"../../../Engine/Plugins/Online/OnlineServicesEOSGS/OnlineServicesEOSGS.uplugin" 155
"../../../Engine/Plugins/Protocols/MQTT/MQTT.uplugin" 156
"../../../Engine/Plugins/PCGInterops/PCGPythonInterop/PCGPythonInterop.uplugin" 157
"../../../Engine/Plugins/Media/PixelStreaming2/PixelStreaming2.uplugin" 158
"../../../Engine/Plugins/Slate/SlateInsights/SlateInsights.uplugin" 159
"../../../Engine/Plugins/Slate/SlateScripting/SlateScripting.uplugin" 160
"../../../Engine/Plugins/Compression/OodleNetwork/OodleNetwork.uplugin" 161
"../../../Engine/Plugins/PCGInterops/PCGGeometryScriptInterop/PCGGeometryScriptInterop.uplugin" 162
"../../../Engine/Plugins/Enterprise/DataprepEditor/DataprepEditor.uplugin" 163
"../../../Engine/Plugins/Enterprise/DatasmithContent/DatasmithContent.uplugin" 164
"../../../Engine/Plugins/Enterprise/DatasmithCADImporter/DatasmithCADImporter.uplugin" 165
"../../../Engine/Plugins/PCGInterops/PCGExternalDataInterop/PCGExternalDataInterop.uplugin" 166
"../../../Engine/Plugins/Enterprise/DatasmithFBXImporter/DatasmithFBXImporter.uplugin" 167
"../../../Engine/Plugins/Enterprise/DatasmithImporter/DatasmithImporter.uplugin" 168
"../../../Engine/Plugins/Enterprise/GLTFExporter/GLTFExporter.uplugin" 169
"../../../Engine/Plugins/Media/MJPEGDecoderElectra/MJPEGDecoderElectra.uplugin" 170
"../../../Engine/Plugins/Enterprise/LidarPointCloud/LidarPointCloud.uplugin" 171
"../../../Engine/Plugins/Enterprise/VariantManager/VariantManager.uplugin" 172
"../../../Engine/Plugins/Enterprise/MDLImporter/MDLImporter.uplugin" 173
"../../../Engine/Plugins/FX/CascadeToNiagaraConverter/CascadeToNiagaraConverter.uplugin" 174
"../../../Engine/Plugins/FX/ExampleCustomDataInterface/ExampleCustomDataInterface.uplugin" 175
"../../../Engine/Plugins/FX/NiagaraMRQ/NiagaraMRQ.uplugin" 176
"../../../Engine/Plugins/Enterprise/DatasmithC4DImporter/DatasmithC4DImporter.uplugin" 177
"../../../Engine/Plugins/FX/NiagaraFluids/NiagaraFluids.uplugin" 178
"../../../Engine/Plugins/FX/Cascade/Cascade.uplugin" 179
"../../../Engine/Plugins/Interchange/Editor/InterchangeEditor.uplugin" 180
"../../../Engine/Plugins/FX/NiagaraNanite/NiagaraNanite.uplugin" 181
"../../../Engine/Plugins/Enterprise/AxFImporter/AxFImporter.uplugin" 182
"../../../Engine/Plugins/Enterprise/VariantManagerContent/VariantManagerContent.uplugin" 183
"../../../Engine/Plugins/FX/NiagaraSimCaching/NiagaraSimCaching.uplugin" 184
"../../../Engine/Plugins/FX/NiagaraPreviewContent/NiagaraPreviewContent.uplugin" 185
"../../../Engine/Plugins/Interchange/Assets/InterchangeAssets.uplugin" 186
"../../../Engine/Plugins/MetaHuman/MetaHumanCalibrationProcessing/MetaHumanCalibrationProcessing.uplugin" 187
"../../../Engine/Plugins/MetaHuman/MetaHumanCharacter/MetaHumanCharacter.uplugin" 188
"../../../Engine/Plugins/Tests/CQTest/CQTest.uplugin" 189
"../../../Engine/Plugins/Tests/AutomationDriverTests/AutomationDriverTests.uplugin" 190
"../../../Engine/Plugins/Performance/AutomatedPerfTesting/AutomatedPerfTesting.uplugin" 191
"../../../Engine/Plugins/Tests/CQTestEnhancedInput/CQTestEnhancedInput.uplugin" 192
"../../../Engine/Plugins/MetaHuman/MetaHumanAnimator/MetaHuman.uplugin" 193
"../../../Engine/Plugins/Interchange/Runtime/Interchange.uplugin" 194
"../../../Engine/Plugins/NetcodeUnitTest/NUTUnrealEngine/NUTUnrealEngine.uplugin" 195
"../../../Engine/Plugins/Tests/CQTestExperimental/CQTestExperimental.uplugin" 196
"../../../Engine/Plugins/NetcodeUnitTest/NetcodeUnitTest/NetcodeUnitTest.uplugin" 197
"../../../Engine/Plugins/Tests/FunctionalTestingEditor/FunctionalTestingEditor.uplugin" 198
"../../../Engine/Plugins/MetaHuman/MetaHumanSDK/MetaHumanSDK.uplugin" 199
"../../../Engine/Plugins/Tests/AudioCQTests/AudioCQTests.uplugin" 200
"../../../Engine/Plugins/MetaHuman/MetaHumanLiveLink/MetaHumanLiveLink.uplugin" 201
"../../../Engine/Plugins/Tests/FbxAutomationTestBuilder/FbxAutomationTestBuilder.uplugin" 202
"../../../Engine/Plugins/Tests/EditorTests/EditorTests.uplugin" 203
"../../../Engine/Plugins/FX/Niagara/Niagara.uplugin" 204
"../../../Engine/Plugins/Tests/RuntimeTests/RuntimeTests.uplugin" 205
"../../../Engine/Plugins/VirtualProduction/ActorModifier/ActorModifier.uplugin" 206
"../../../Engine/Plugins/VirtualProduction/AvalancheDataLink/AvalancheDataLink.uplugin" 207
"../../../Engine/Plugins/VirtualProduction/CameraCalibrationML/CameraCalibrationML.uplugin" 208
"../../../Engine/Plugins/Tests/WidgetAutomationTests/WidgetAutomationTests.uplugin" 209
"../../../Engine/Plugins/VirtualProduction/ActorModifierCore/ActorModifierCore.uplugin" 210
"../../../Engine/Plugins/VirtualProduction/CameraCalibrationCore/CameraCalibrationCore.uplugin" 211
"../../../Engine/Plugins/VirtualProduction/DataCharts/DataCharts.uplugin" 212
"../../../Engine/Plugins/VirtualProduction/Avalanche/Avalanche.uplugin" 213
"../../../Engine/Plugins/VirtualProduction/DataLink/DataLink.uplugin" 214
"../../../Engine/Plugins/VirtualProduction/AvalancheSceneState/AvalancheSceneState.uplugin" 215
"../../../Engine/Plugins/VirtualProduction/CaptureData/CaptureData.uplugin" 216
"../../../Engine/Plugins/VirtualProduction/CompositePlane/CompositePlane.uplugin" 217
"../../../Engine/Plugins/VirtualProduction/DynamicMaterial/DynamicMaterial.uplugin" 218
"../../../Engine/Plugins/VirtualProduction/ClonerEffector/ClonerEffector.uplugin" 219
"../../../Engine/Plugins/Tests/PythonAutomationTest/PythonAutomationTest.uplugin" 220
"../../../Engine/Plugins/VirtualProduction/GeometryMask/GeometryMask.uplugin" 221
"../../../Engine/Plugins/VirtualProduction/ICVFXTesting/ICVFXTesting.uplugin" 222
"../../../Engine/Plugins/VirtualProduction/ICVFX/ICVFX.uplugin" 223
"../../../Engine/Plugins/VirtualProduction/LensComponent/LensComponent.uplugin" 224
"../../../Engine/Plugins/VirtualProduction/LiveLinkCamera/LiveLinkCamera.uplugin" 225
"../../../Engine/Plugins/VirtualProduction/LiveLinkFreeD/LiveLinkFreeD.uplugin" 226
"../../../Engine/Plugins/Tests/TestSamples/TestSamples.uplugin" 227
"../../../Engine/Plugins/VirtualProduction/LiveLinkMasterLockit/LiveLinkMasterLockit.uplugin" 228
"../../../Engine/Plugins/Performance/PerformanceMonitor/PerformanceMonitor.uplugin" 229
"../../../Engine/Plugins/VirtualProduction/LiveLinkOpenTrackIO/LiveLinkOpenTrackIO.uplugin" 230
"../../../Engine/Plugins/VirtualProduction/CameraCalibration/CameraCalibration.uplugin" 231
"../../../Engine/Plugins/VirtualProduction/LiveLinkLens/LiveLinkLens.uplugin" 232
"../../../Engine/Plugins/Tests/TestFramework/TestFramework.uplugin" 233
"../../../Engine/Plugins/VirtualProduction/DataLinkOAuth/DataLinkOAuth.uplugin" 234
"../../../Engine/Plugins/VirtualProduction/EpicStageApp/EpicStageApp.uplugin" 235
"../../../Engine/Plugins/VirtualProduction/CustomDetailsView/CustomDetailsView.uplugin" 236
"../../../Engine/Plugins/Tests/RHITests/RHITests.uplugin" 237
"../../../Engine/Plugins/VirtualProduction/MultiUserTakes/MultiUserTakes.uplugin" 238
"../../../Engine/Plugins/Tests/InterchangeTests/InterchangeTests.uplugin" 239
"../../../Engine/Plugins/VirtualProduction/LiveLinkPrestonMDR/LiveLinkPrestonMDR.uplugin" 240
"../../../Engine/Plugins/VirtualProduction/LiveLinkXR/LiveLinkXR.uplugin" 241
"../../../Engine/Plugins/VirtualProduction/PerformanceCaptureWorkflow/PerformanceCaptureWorkflow.uplugin" 242
"../../../Engine/Plugins/VirtualProduction/OperatorStack/OperatorStack.uplugin" 243
"../../../Engine/Plugins/VirtualProduction/RemoteControl/RemoteControl.uplugin" 244
"../../../Engine/Plugins/VirtualProduction/PropertyAnimatorCore/PropertyAnimatorCore.uplugin" 245
"../../../Engine/Plugins/VirtualProduction/RemoteControlProtocolDMX/RemoteControlProtocolDMX.uplugin" 246
"../../../Engine/Plugins/VirtualProduction/CinematicAssemblyTools/CinematicAssemblyTools.uplugin" 247
"../../../Engine/Plugins/VirtualProduction/LiveLinkVRPN/LiveLinkVRPN.uplugin" 248
"../../../Engine/Plugins/VirtualProduction/RemoteControlInterception/RemoteControlInterception.uplugin" 249
"../../../Engine/Plugins/VirtualProduction/LevelSnapshots/LevelSnapshots.uplugin" 250
"../../../Engine/Plugins/VirtualProduction/SceneStateDataLink/SceneStateDataLink.uplugin" 251
"../../../Engine/Plugins/VirtualProduction/RemoteControlProtocolOSC/RemoteControlProtocolOSC.uplugin" 252
"../../../Engine/Plugins/VirtualProduction/StormSync/StormSync.uplugin" 253
"../../../Engine/Plugins/VirtualProduction/PropertyAnimator/PropertyAnimator.uplugin" 254
"../../../Engine/Plugins/VirtualProduction/RemoteControlWebInterface/RemoteControlWebInterface.uplugin" 255
"../../../Engine/Plugins/VirtualProduction/LiveLinkInputDevice/LiveLinkInputDevice.uplugin" 256
"../../../Engine/Plugins/VirtualProduction/SceneState/SceneState.uplugin" 257
"../../../Engine/Plugins/VirtualProduction/StormSyncAvalancheBridge/StormSyncAvalancheBridge.uplugin" 258
"../../../Engine/Plugins/VirtualProduction/RemoteControlProtocolMIDI/RemoteControlProtocolMIDI.uplugin" 259
"../../../Engine/Plugins/MetaHuman/MetaHumanCoreTechLib/MetaHumanCoreTech.uplugin" 260
"../../../Engine/Plugins/VirtualProduction/StageMonitoring/StageMonitoring.uplugin" 261
"../../../Engine/Plugins/VirtualProduction/Switchboard/Switchboard.uplugin" 262
"../../../Engine/Plugins/VirtualProduction/Text3D/Text3D.uplugin" 263
"../../../Engine/Plugins/VirtualProduction/TimedDataMonitor/TimedDataMonitor.uplugin" 264
"../../../Engine/Plugins/VirtualProduction/VirtualCameraCore/VirtualCameraCore.uplugin" 265
"../../../Engine/Plugins/VirtualProduction/SequencerPlaylists/SequencerPlaylists.uplugin" 266
"../../../Engine/Plugins/VirtualProduction/VirtualScouting/VirtualScouting.uplugin" 267
"../../../Engine/Plugins/VirtualProduction/TextureShare/TextureShare.uplugin" 268
"../../../Engine/Plugins/NNE/NNERuntimeORT/NNERuntimeORT.uplugin" 269
"../../../Engine/Plugins/2D/Paper2D/Paper2D.uplugin" 270
"../../../Engine/Plugins/VirtualProduction/SVGImporter/SVGImporter.uplugin" 271
"../../../Engine/Plugins/Animation/AnimationData/AnimationData.uplugin" 272
"../../../Engine/Plugins/Animation/AnimationWarping/AnimationWarping.uplugin" 273
"../../../Engine/Plugins/VirtualProduction/VirtualCamera/VirtualCamera.uplugin" 274
"../../../Engine/Plugins/Animation/AnimationModifierLibrary/AnimationModifierLibrary.uplugin" 275
"../../../Engine/Plugins/Animation/BlendSpaceMotionAnalysis/BlendSpaceMotionAnalysis.uplugin" 276
"../../../Engine/Plugins/Animation/ControlRigModules/ControlRigModules.uplugin" 277
"../../../Engine/Plugins/Animation/GeneSplicer/GeneSplicer.uplugin" 278
"../../../Engine/Plugins/Animation/DeformerGraph/DeformerGraph.uplugin" 279
"../../../Engine/Plugins/Animation/AnimatorKit/AnimatorKit.uplugin" 280
"../../../Engine/Plugins/Animation/LiveLink/LiveLink.uplugin" 281
"../../../Engine/Plugins/Animation/IKRig/IKRig.uplugin" 282
"../../../Engine/Plugins/Animation/LiveLinkExampleDevice/LiveLinkExampleDevice.uplugin" 283
"../../../Engine/Plugins/Animation/EaseCurveTool/EaseCurveTool.uplugin" 284
"../../../Engine/Plugins/Animation/BlendStack/BlendStack.uplugin" 285
"../../../Engine/Plugins/Animation/GameplayInsights/GameplayInsights.uplugin" 286
"../../../Engine/Plugins/NNE/NNEDenoiser/NNEDenoiser.uplugin" 287
"../../../Engine/Plugins/Animation/ControlRig/ControlRig.uplugin" 288
"../../../Engine/Plugins/Animation/LiveLinkUnrealDevice/LiveLinkUnrealDevice.uplugin" 289
"../../../Engine/Plugins/Animation/DNACalib/DNACalib.uplugin" 290
"../../../Engine/Plugins/Animation/LiveLinkHub/LiveLinkHub.uplugin" 291
"../../../Engine/Plugins/Animation/LiveLinkDevice/LiveLinkDevice.uplugin" 292
"../../../Engine/Plugins/Compositing/OpenColorIO/OpenColorIO.uplugin" 293
"../../../Engine/Plugins/Animation/LiveLinkCurveDebugUI/LiveLinkCurveDebugUI.uplugin" 294
"../../../Engine/Plugins/Animation/MotionWarping/MotionWarping.uplugin" 295
"../../../Engine/Plugins/Animation/TweeningUtils/TweeningUtils.uplugin" 296
"../../../Engine/Plugins/Animation/AnimationLocomotionLibrary/AnimationLocomotionLibrary.uplugin" 297
"../../../Engine/Plugins/VirtualProduction/Takes/Takes.uplugin" 298
"../../../Engine/Plugins/Animation/PerformanceCaptureCore/PerformanceCaptureCore.uplugin" 299
"../../../Engine/Plugins/Editor/AssetManagerEditor/AssetManagerEditor.uplugin" 300
"../../../Engine/Plugins/Animation/RigLogic/RigLogic.uplugin" 301
"../../../Engine/Plugins/Compositing/Composite/Composite.uplugin" 302
"../../../Engine/Plugins/Animation/SkeletalMeshModelingTools/SkeletalMeshModelingTools.uplugin" 303
"../../../Engine/Plugins/Editor/AssetReferenceRestrictions/AssetReferenceRestrictions.uplugin" 304
"../../../Engine/Plugins/Editor/AssetRegistryExport/AssetRegistryExport.uplugin" 305
"../../../Engine/Plugins/Compositing/CompositeCore/CompositeCore.uplugin" 306
"../../../Engine/Plugins/Animation/ACLPlugin/ACLPlugin.uplugin" 307
"../../../Engine/Plugins/Compositing/HoldoutComposite/HoldoutComposite.uplugin" 308
"../../../Engine/Plugins/Animation/PoseSearch/PoseSearch.uplugin" 309
"../../../Engine/Plugins/Animation/ControlRigSpline/ControlRigSpline.uplugin" 310
"../../../Engine/Plugins/Compositing/Composure/Composure.uplugin" 311
"../../../Engine/Plugins/Editor/BlueprintHeaderView/BlueprintHeaderView.uplugin" 312
"../../../Engine/Plugins/Editor/ChangelistReview/ChangelistReview.uplugin" 313
"../../../Engine/Plugins/Editor/BlueprintMaterialTextureNodes/BlueprintMaterialTextureNodes.uplugin" 314
"../../../Engine/Plugins/Editor/ColorGrading/ColorGrading.uplugin" 315
"../../../Engine/Plugins/Editor/AssetSearch/AssetSearch.uplugin" 316
"../../../Engine/Plugins/Compositing/LensDistortion/LensDistortion.uplugin" 317
"../../../Engine/Plugins/Editor/CurveEditorTools/CurveEditorTools.uplugin" 318
"../../../Engine/Plugins/Editor/DisplayClusterLaunch/DisplayClusterLaunch.uplugin" 319
"../../../Engine/Plugins/Editor/EditorSysConfigAssistant/EditorSysConfigAssistant.uplugin" 320
"../../../Engine/Plugins/Editor/FacialAnimation/FacialAnimation.uplugin" 321
"../../../Engine/Plugins/Editor/EngineAssetDefinitions/EngineAssetDefinitions.uplugin" 322
"../../../Engine/Plugins/Editor/EditorScriptingUtilities/EditorScriptingUtilities.uplugin" 323
"../../../Engine/Plugins/Editor/CryptoKeys/CryptoKeys.uplugin" 324
"../../../Engine/Plugins/Editor/GeometryMode/GeometryMode.uplugin" 325
"../../../Engine/Plugins/Editor/LandscapePatch/LandscapePatch.uplugin" 326
"../../../Engine/Plugins/Editor/MakeCookedEditorAsDLC/MakeCookedEditorAsDLC.uplugin" 327
"../../../Engine/Plugins/Editor/GameplayTagsEditor/GameplayTagsEditor.uplugin" 328
"../../../Engine/Plugins/Editor/MacGraphicsSwitching/MacGraphicsSwitching.uplugin" 329
"../../../Engine/Plugins/Editor/MeshLODToolset/MeshLODToolset.uplugin" 330
"../../../Engine/Plugins/Editor/ConsoleVariablesEditor/ConsoleVariables.uplugin" 331
"../../../Engine/Plugins/Editor/LiveUpdateForSlate/LiveUpdateForSlate.uplugin" 332
"../../../Engine/Plugins/Editor/DataValidation/DataValidation.uplugin" 333
"../../../Engine/Plugins/Editor/ModelingToolsEditorMode/ModelingToolsEditorMode.uplugin" 334
"../../../Engine/Plugins/Editor/GuidedTutorials/GuidedTutorials.uplugin" 335
"../../../Engine/Plugins/Editor/MaterialAnalyzer/MaterialAnalyzer.uplugin" 336
"../../../Engine/Plugins/Editor/EditorDebugTools/EditorDebugTools.uplugin" 337
"../../../Engine/Plugins/Editor/PluginBrowser/PluginBrowser.uplugin" 338
"../../../Engine/Plugins/Editor/ProxyLODPlugin/ProxyLODPlugin.uplugin" 339
"../../../Engine/Plugins/Editor/MobileLauncherProfileWizard/MobileLauncherProfileWizard.uplugin" 340
"../../../Engine/Plugins/Editor/ModelViewViewModelPreview/ModelViewViewModelPreview.uplugin" 341
"../../../Engine/Plugins/Editor/SequencerAnimTools/SequencerAnimTools.uplugin" 342
"../../../Engine/Plugins/Editor/SpeedTreeImporter/SpeedTreeImporter.uplugin" 343
"../../../Engine/Plugins/Editor/UMGWidgetPreview/UMGWidgetPreview.uplugin" 344
"../../../Engine/Plugins/Editor/WorldPartitionHLODUtilities/WorldPartitionHLODUtilities.uplugin" 345
"../../../Engine/Plugins/Editor/SampleToolsEditorMode/SampleToolsEditorMode.uplugin" 346
"../../../Engine/Plugins/Experimental/AbilitySystemGameFeatureActions/AbilitySystemGameFeatureActions.uplugin" 347
"../../../Engine/Plugins/Experimental/AdvancedRenamer/AdvancedRenamer.uplugin" 348
"../../../Engine/Plugins/Experimental/AIAssistant/AIAssistant.uplugin" 349
"../../../Engine/Plugins/Editor/WaveformEditor/WaveformEditor.uplugin" 350
"../../../Engine/Plugins/Editor/StylusInput/StylusInput.uplugin" 351
"../../../Engine/Plugins/Editor/ScriptableToolsEditorMode/ScriptableToolsEditorMode.uplugin" 352
"../../../Engine/Plugins/Experimental/AnimToTexture/AnimToTexture.uplugin" 353
"../../../Engine/Plugins/Experimental/AsyncMessageSystem/AsyncMessageSystem.uplugin" 354
"../../../Engine/Plugins/Experimental/AutomationUtils/AutomationUtils.uplugin" 355
"../../../Engine/Plugins/Editor/StaticMeshEditorModeling/StaticMeshEditorModeling.uplugin" 356
"../../../Engine/Plugins/Experimental/ActorPalette/ActorPalette.uplugin" 357
"../../../Engine/Plugins/Experimental/AvalancheDisplayCluster/AvalancheDisplayCluster.uplugin" 358
"../../../Engine/Plugins/Experimental/BackChannel/BackChannel.uplugin" 359
"../../../Engine/Plugins/Experimental/ChaosCaching/ChaosCaching.uplugin" 360
"../../../Engine/Plugins/Experimental/ChaosClothEditor/ChaosClothEditor.uplugin" 361
"../../../Engine/Plugins/Experimental/CelestialVault/CelestialVault.uplugin" 362
"../../../Engine/Plugins/Experimental/Buoyancy/Buoyancy.uplugin" 363
"../../../Engine/Plugins/Experimental/AsyncMessageSystemTests/AsyncMessageSystemTests.uplugin" 364
"../../../Engine/Plugins/Compositing/OpenCVLensDistortion/OpenCVLensDistortion.uplugin" 365
"../../../Engine/Plugins/Experimental/AvalancheSequenceNavigator/AvalancheSequenceNavigator.uplugin" 366
"../../../Engine/Plugins/Editor/UVEditor/UVEditor.uplugin" 367
"../../../Engine/Plugins/Experimental/ChaosFlesh/ChaosFlesh.uplugin" 368
"../../../Engine/Plugins/Experimental/ChaosModularVehicle/ChaosModularVehicle.uplugin" 369
"../../../Engine/Plugins/Experimental/ChaosModularVehicleExamples/ChaosModularVehicleExamples.uplugin" 370
"../../../Engine/Plugins/Experimental/BlueprintSnapNodes/BlueprintSnapNodes.uplugin" 371
"../../../Engine/Plugins/Experimental/ChaosMover/ChaosMover.uplugin" 372
"../../../Engine/Plugins/Experimental/ChaosNiagara/ChaosNiagara.uplugin" 373
"../../../Engine/Plugins/Experimental/ChaosOutfitAsset/ChaosOutfitAsset.uplugin" 374
"../../../Engine/Plugins/Experimental/BlueprintStats/BlueprintStats.uplugin" 375
"../../../Engine/Plugins/Experimental/ChaosCachingUSD/ChaosCachingUSD.uplugin" 376
"../../../Engine/Plugins/Experimental/CineCameraRigs/CineCameraRigs.uplugin" 377
"../../../Engine/Plugins/Experimental/ChaosEditor/ChaosEditor.uplugin" 378
"../../../Engine/Plugins/Experimental/CharacterAI/CharacterAI.uplugin" 379
"../../../Engine/Plugins/Experimental/CinematicPrestreaming/CinematicPrestreaming.uplugin" 380
"../../../Engine/Plugins/Experimental/ChaosRigidAsset/ChaosRigidAsset.uplugin" 381
"../../../Engine/Plugins/Experimental/CinematicSequenceNavigator/CinematicSequenceNavigator.uplugin" 382
"../../../Engine/Plugins/Experimental/ChaosUserDataPT/ChaosUserDataPT.uplugin" 383
"../../../Engine/Plugins/Experimental/ChaosVehiclesPlugin/ChaosVehiclesPlugin.uplugin" 384
"../../../Engine/Plugins/Experimental/CodeEditor/CodeEditor.uplugin" 385
"../../../Engine/Plugins/Experimental/ControlRigPhysics/ControlRigPhysics.uplugin" 386
"../../../Engine/Plugins/Experimental/ControlFlows/ControlFlows.uplugin" 387
"../../../Engine/Plugins/Experimental/CineCameraSceneCapture/CineCameraSceneCapture.uplugin" 388
"../../../Engine/Plugins/Experimental/Dataflow/Dataflow.uplugin" 389
"../../../Engine/Plugins/Experimental/DaySequence/DaySequence.uplugin" 390
"../../../Engine/Plugins/Experimental/CodeView/CodeView.uplugin" 391
"../../../Engine/Plugins/Experimental/DynamicWind/DynamicWind.uplugin" 392
"../../../Engine/Plugins/Experimental/EditorPerformance/EditorPerformance.uplugin" 393
"../../../Engine/Plugins/Experimental/CommonConversation/CommonConversation.uplugin" 394
"../../../Engine/Plugins/Experimental/ChaosSolverPlugin/ChaosSolverPlugin.uplugin" 395
"../../../Engine/Plugins/Experimental/EditorTelemetry/EditorTelemetry.uplugin" 396
"../../../Engine/Plugins/Experimental/ColorCorrectRegions/ColorCorrectRegions.uplugin" 397
"../../../Engine/Plugins/Experimental/FastGeoStreaming/FastGeoStreaming.uplugin" 398
"../../../Engine/Plugins/Experimental/DrawDebugLibrary/DrawDebugLibrary.uplugin" 399
"../../../Engine/Plugins/Experimental/EditorDataStorage/EditorDataStorage.uplugin" 400
"../../../Engine/Plugins/Experimental/GameInputWindows/GameInputWindows.uplugin" 401
"../../../Engine/Plugins/Experimental/EditorDataStorageFeatures/EditorDataStorageFeatures.uplugin" 402
"../../../Engine/Plugins/Experimental/FieldSystemPlugin/FieldSystemPlugin.uplugin" 403
"../../../Engine/Plugins/Experimental/GameplayGraph/GameplayGraph.uplugin" 404
"../../../Engine/Plugins/Experimental/DefaultInstallBundleManager/DefaultInstallBundleManager.uplugin" 405
"../../../Engine/Plugins/Experimental/GeometryCacheAbcFile/GeometryCacheAbcFile.uplugin" 406
"../../../Engine/Plugins/Experimental/DynamicMaterialMediaStreamBridge/DynamicMaterialMediaStreamBridge.uplugin" 407
"../../../Engine/Plugins/Experimental/Fracture/Fracture.uplugin" 408
"../../../Engine/Plugins/Experimental/FloatingProperties/FloatingProperties.uplugin" 409
"../../../Engine/Plugins/Experimental/HairCardGenerator/HairCardGenerator.uplugin" 410
"../../../Engine/Plugins/Experimental/FullBodyIK/FullBodyIK.uplugin" 411
"../../../Engine/Plugins/Experimental/GizmoEdMode/GizmoEdMode.uplugin" 412
"../../../Engine/Plugins/Experimental/GeometryCacheLevelSequenceBaker/GeometryCacheLevelSequenceBaker.uplugin" 413
"../../../Engine/Plugins/Experimental/Gauntlet/Gauntlet.uplugin" 414
"../../../Engine/Plugins/Experimental/GeometryCollectionPlugin/GeometryCollectionPlugin.uplugin" 415
"../../../Engine/Plugins/Experimental/GeometryDataflow/GeometryDataflow.uplugin" 416
"../../../Engine/Plugins/Experimental/EvaluationNotifies/EvaluationNotifies.uplugin" 417
"../../../Engine/Plugins/Experimental/HairModelingToolset/HairModelingToolset.uplugin" 418
"../../../Engine/Plugins/Experimental/GlobalConfigurationData/GlobalConfigurationData.uplugin" 419
"../../../Engine/Plugins/Experimental/ImagePlate/ImagePlate.uplugin" 420
"../../../Engine/Plugins/Experimental/ImageWidgets/ImageWidgets.uplugin" 421
"../../../Engine/Plugins/Experimental/GeometryFlow/GeometryFlow.uplugin" 422
"../../../Engine/Plugins/Experimental/GizmoFramework/GizmoFramework.uplugin" 423
"../../../Engine/Plugins/Experimental/HairStrandsMutable/HairStrandsMutable.uplugin" 424
"../../../Engine/Plugins/Experimental/InlineMaterialInstance/InlineMaterialInstance.uplugin" 425
"../../../Engine/Plugins/Experimental/JWT/JWT.uplugin" 426
"../../../Engine/Plugins/Experimental/GPULightmass/GPULightmass.uplugin" 427
"../../../Engine/Plugins/Experimental/ImpostorBaker/ImpostorBaker.uplugin" 428
"../../../Engine/Plugins/Experimental/LevelSequenceNavigatorBridge/LevelSequenceNavigatorBridge.uplugin" 429
"../../../Engine/Plugins/Experimental/Iris/Iris.uplugin" 430
"../../../Engine/Plugins/Experimental/Landmass/Landmass.uplugin" 431
"../../../Engine/Plugins/Experimental/GameplayTargetingSystem/TargetingSystem.uplugin" 432
"../../../Engine/Plugins/Experimental/LowLevelNetTrace/LowLevelNetTrace.uplugin" 433
"../../../Engine/Plugins/Experimental/LiveLinkFaceImporter/LiveLinkFaceImporter.uplugin" 434
"../../../Engine/Plugins/Experimental/InstanceDataObjectFixupTool/InstanceDataObjectFixupTool.uplugin" 435
"../../../Engine/Plugins/Experimental/MeshResizing/MeshResizing.uplugin" 436
"../../../Engine/Plugins/Experimental/MediaStream/MediaStream.uplugin" 437
"../../../Engine/Plugins/Experimental/LiveLinkControlRig/LiveLinkControlRig.uplugin" 438
"../../../Engine/Plugins/Experimental/MetasoundExperimental/MetasoundExperimental.uplugin" 439
"../../../Engine/Plugins/Experimental/LocalizableMessage/LocalizableMessage.uplugin" 440
"../../../Engine/Plugins/Experimental/InEditorDocumentation/InEditorDocumentation.uplugin" 441
"../../../Engine/Plugins/Experimental/GameplayBehaviors/GameplayBehaviors.uplugin" 442
"../../../Engine/Plugins/Experimental/MotoSynth/MotoSynth.uplugin" 443
"../../../Engine/Plugins/Experimental/MoverExamples/MoverExamples.uplugin" 444
"../../../Engine/Plugins/Experimental/MoverAnimNext/MoverAnimNext.uplugin" 445
"../../../Engine/Plugins/Experimental/MeshModelingToolsetExp/MeshModelingToolsetExp.uplugin" 446
"../../../Engine/Plugins/Experimental/MovieSceneAnimMixer/MovieSceneAnimMixer.uplugin" 447
"../../../Engine/Plugins/Experimental/MotorSimOutputMotoSynth/MotorSimOutputMotoSynth.uplugin" 448
"../../../Engine/Plugins/Experimental/InteractionInterface/InteractionInterface.uplugin" 449
"../../../Engine/Plugins/Experimental/MoverTests/MoverTests.uplugin" 450
"../../../Engine/Plugins/Experimental/MutableClothing/MutableClothing.uplugin" 451
"../../../Engine/Plugins/Experimental/LearningAgents/LearningAgents.uplugin" 452
"../../../Engine/Plugins/Experimental/NaniteDisplacedMesh/NaniteDisplacedMesh.uplugin" 453
"../../../Engine/Plugins/Experimental/MutablePopulation/MutablePopulation.uplugin" 454
"../../../Engine/Plugins/Experimental/Mover/Mover.uplugin" 455
"../../../Engine/Plugins/Experimental/NaniteAssemblyEditorUtils/NaniteAssemblyEditorUtils.uplugin" 456
"../../../Engine/Plugins/Experimental/MoverIntegrations/MoverIntegrations.uplugin" 457
"../../../Engine/Plugins/Experimental/NeuralRendering/NeuralRendering.uplugin" 458
"../../../Engine/Plugins/Experimental/NNERuntimeBasicCpu/NNERuntimeBasicCpu.uplugin" 459
"../../../Engine/Plugins/Experimental/MovieScenePoseSearchTracks/MovieScenePoseSearchTracks.uplugin" 460
"../../../Engine/Plugins/Experimental/NNERuntimeIREE/NNERuntimeIREE.uplugin" 461
"../../../Engine/Plugins/Experimental/PCGBiomeCore/PCGBiomeCore.uplugin" 462
"../../../Engine/Plugins/Experimental/NNERuntimeRDG/NNERuntimeRDG.uplugin" 463
"../../../Engine/Plugins/Experimental/PanoramicCapture/PanoramicCapture.uplugin" 464
"../../../Engine/Plugins/Experimental/OptiXDenoise/OptiXDenoise.uplugin" 465
"../../../Engine/Plugins/Experimental/NFORDenoise/NFORDenoise.uplugin" 466
"../../../Engine/Plugins/Experimental/NNERuntimeCoreML/NNERuntimeCoreML.uplugin" 467
"../../../Engine/Plugins/Experimental/PlainPropsEngine/PlainPropsEngine.uplugin" 468
"../../../Engine/Plugins/Experimental/PCGBiomeSample/PCGBiomeSample.uplugin" 469
"../../../Engine/Plugins/Experimental/PixelStreamingPlayer/PixelStreamingPlayer.uplugin" 470
"../../../Engine/Plugins/Experimental/OpenImageDenoise/OpenImageDenoise.uplugin" 471
"../../../Engine/Plugins/Experimental/PlatformCrypto/PlatformCrypto.uplugin" 472
"../../../Engine/Plugins/Experimental/PlanarCutPlugin/PlanarCut.uplugin" 473
"../../../Engine/Plugins/Experimental/PlainPropsUObject/PlainPropsUObject.uplugin" 474
"../../../Engine/Plugins/Experimental/PhysicsControl/PhysicsControl.uplugin" 475
"../../../Engine/Plugins/Experimental/PSDImporter/PSDImporter.uplugin" 476
"../../../Engine/Plugins/Experimental/MLflow/MLflow.uplugin" 477
"../../../Engine/Plugins/Experimental/ProceduralVegetationEditor/ProceduralVegetationEditor.uplugin" 478
"../../../Engine/Plugins/Experimental/PythonScriptPlugin/PythonScriptPlugin.uplugin" 479
"../../../Engine/Plugins/Experimental/PluginAudit/PluginAudit.uplugin" 480
"../../../Engine/Plugins/Experimental/PythonFoundationPackages/PythonFoundationPackages.uplugin" 481
"../../../Engine/Plugins/Experimental/PlainProps/PlainProps.uplugin" 482
"../../../Engine/Plugins/Experimental/MutableDataflow/MutableDataflow.uplugin" 483
"../../../Engine/Plugins/Experimental/PluginReferenceViewer/PluginReferenceViewer.uplugin" 484
"../../../Engine/Plugins/Experimental/RawInput/RawInput.uplugin" 485
"../../../Engine/Plugins/Experimental/LiveLinkOpenVR/LiveLinkOpenVR.uplugin" 486
"../../../Engine/Plugins/Experimental/PostProcessMaterialChainGraph/PostProcessMaterialChainGraph.uplugin" 487
"../../../Engine/Plugins/Experimental/QuicMessaging/QuicMessaging.uplugin" 488
"../../../Engine/Plugins/Experimental/RazerChromaDevices/RazerChromaDevices.uplugin" 489
"../../../Engine/Plugins/Experimental/RemoteControlComponents/RemoteControlComponents.uplugin" 490
"../../../Engine/Plugins/Experimental/RigLogicMutable/RigLogicMutable.uplugin" 491
"../../../Engine/Plugins/Experimental/RenderGrid/RenderGrid.uplugin" 492
"../../../Engine/Plugins/Experimental/PSDImporterMaterialDesignerBridge/PSDImporterMaterialDesignerBridge.uplugin" 493
"../../../Engine/Plugins/Experimental/RigLogicUAF/RigLogicUAF.uplugin" 494
"../../../Engine/Plugins/Experimental/SimpleHMD/SimpleHMD.uplugin" 495
"../../../Engine/Plugins/Experimental/PluginTemplateTool/PluginTemplateTool.uplugin" 496
"../../../Engine/Plugins/Experimental/SequenceNavigator/SequenceNavigator.uplugin" 497
"../../../Engine/Plugins/Experimental/RemoteControlActorModifierBridge/RemoteControlActorModifierBridge.uplugin" 498
"../../../Engine/Plugins/Experimental/ScreenReader/ScreenReader.uplugin" 499
"../../../Engine/Plugins/Experimental/RemoteSession/RemoteSession.uplugin" 500
"../../../Engine/Plugins/Experimental/SkeletalReduction/SkeletalReduction.uplugin" 501
"../../../Engine/Plugins/Experimental/SerializationUtils/SerializationUtils.uplugin" 502
"../../../Engine/Plugins/Experimental/RuntimeTelemetry/RuntimeTelemetry.uplugin" 503
"../../../Engine/Plugins/Experimental/SecuritySandbox/SecuritySandbox.uplugin" 504
"../../../Engine/Plugins/Experimental/SpatialReadiness/SpatialReadiness.uplugin" 505
"../../../Engine/Plugins/Experimental/Shotgrid/Shotgrid.uplugin" 506
"../../../Engine/Plugins/Experimental/WaveFunctionCollapse/WaveFunctionCollapse.uplugin" 507
"../../../Engine/Plugins/Experimental/VirtualHeightfieldMesh/VirtualHeightfieldMesh.uplugin" 508
"../../../Engine/Plugins/Experimental/UserToolBoxCore/UserToolBoxCore.uplugin" 509
"../../../Engine/Plugins/Experimental/StructUtils/StructUtils.uplugin" 510
"../../../Engine/Plugins/Experimental/WidgetEditorToolPalette/WidgetEditorToolPalette.uplugin" 511
"../../../Engine/Plugins/Experimental/SubtitlesAndClosedCaptions/SubtitlesAndClosedCaptions.uplugin" 512
"../../../Engine/Plugins/Experimental/Volumetrics/Volumetrics.uplugin" 513
"../../../Engine/Plugins/Experimental/PythonMLPackages/PythonMLPackages.uplugin" 514
"../../../Engine/Plugins/Experimental/WaterExtras/WaterExtras.uplugin" 515
"../../../Engine/Plugins/Experimental/VirtualProductionUtilities/VirtualProductionUtilities.uplugin" 516
"../../../Engine/Plugins/Portal/LauncherChunkInstaller/LauncherChunkInstaller.uplugin" 517
"../../../Engine/Plugins/Runtime/ActorLayerUtilities/ActorLayerUtilities.uplugin" 518
"../../../Engine/Plugins/Experimental/XRCreativeFramework/XRCreativeFramework.uplugin" 519
"../../../Engine/Plugins/Runtime/ADM/ADM.uplugin" 520
"../../../Engine/Plugins/Runtime/AndroidMoviePlayer/AndroidMoviePlayer.uplugin" 521
"../../../Engine/Plugins/Runtime/AndroidDeviceProfileSelector/AndroidDeviceProfileSelector.uplugin" 522
"../../../Engine/Plugins/Experimental/ToolPresets/ToolPresets.uplugin" 523
"../../../Engine/Plugins/Experimental/UIFramework/UIFramework.uplugin" 524
"../../../Engine/Plugins/Runtime/ApexDestruction/ApexDestruction.uplugin" 525
"../../../Engine/Plugins/Experimental/TetMeshing/TetMeshing.uplugin" 526
"../../../Engine/Plugins/Runtime/AndroidBackgroundService/AndroidBackgroundService.uplugin" 527
"../../../Engine/Plugins/Experimental/UserToolBoxBasicCommand/UserToolBoxBasicCommand.uplugin" 528
"../../../Engine/Plugins/Runtime/AndroidFileServer/AndroidFileServer.uplugin" 529
"../../../Engine/Plugins/Experimental/TargetDeviceServicesScripting/TargetDeviceServicesScripting.uplugin" 530
"../../../Engine/Plugins/Experimental/SubmitToolEditor/SubmitToolEditor.uplugin" 531
"../../../Engine/Plugins/Experimental/TextToSpeech/TextToSpeech.uplugin" 532
"../../../Engine/Plugins/Experimental/Tensorboard/Tensorboard.uplugin" 533
"../../../Engine/Plugins/Experimental/SlateModelViewViewModel/SlateModelViewViewModel.uplugin" 534
"../../../Engine/Plugins/Experimental/StateGraph/StateGraph.uplugin" 535
"../../../Engine/Plugins/Runtime/AndroidPermission/AndroidPermission.uplugin" 536
"../../../Engine/Plugins/Runtime/AppleImageUtils/AppleImageUtils.uplugin" 537
"../../../Engine/Plugins/Experimental/SlateIM/SlateIM.uplugin" 538
"../../../Engine/Plugins/Experimental/SlateScreenReader/SlateScreenReader.uplugin" 539
"../../../Engine/Plugins/Experimental/TechAudioTools/TechAudioTools.uplugin" 540
"../../../Engine/Plugins/Runtime/ArchVisCharacter/ArchVisCharacter.uplugin" 541
"../../../Engine/Plugins/Experimental/WaterAdvanced/WaterAdvanced.uplugin" 542
"../../../Engine/Plugins/Runtime/AudioSynesthesia/AudioSynesthesia.uplugin" 543
"../../../Engine/Plugins/Experimental/SurfaceEffects/SurfaceEffects.uplugin" 544
"../../../Engine/Plugins/Experimental/WebSocketMessaging/WebSocketMessaging.uplugin" 545
"../../../Engine/Plugins/Runtime/AudioModulation/AudioModulation.uplugin" 546
"../../../Engine/Plugins/Runtime/AnimationBudgetAllocator/AnimationBudgetAllocator.uplugin" 547
"../../../Engine/Plugins/Experimental/Workspace/Workspace.uplugin" 548
"../../../Engine/Plugins/Runtime/AssetTags/AssetTags.uplugin" 549
"../../../Engine/Plugins/Runtime/ChunkDownloader/ChunkDownloader.uplugin" 550
"../../../Engine/Plugins/Runtime/ExampleDeviceProfileSelector/ExampleDeviceProfileSelector.uplugin" 551
"../../../Engine/Plugins/Runtime/AudioWidgets/AudioWidgets.uplugin" 552
"../../../Engine/Plugins/Runtime/ComputeFramework/ComputeFramework.uplugin" 553
"../../../Engine/Plugins/Runtime/CustomMeshComponent/CustomMeshComponent.uplugin" 554
"../../../Engine/Plugins/Runtime/ExternalGPUStatistics/ExternalGPUStatistics.uplugin" 555
"../../../Engine/Plugins/Runtime/AudioCapture/AudioCapture.uplugin" 556
"../../../Engine/Plugins/Runtime/AudioMotorSim/AudioMotorSim.uplugin" 557
"../../../Engine/Plugins/Runtime/CableComponent/CableComponent.uplugin" 558
"../../../Engine/Plugins/Runtime/CommonUI/CommonUI.uplugin" 559
"../../../Engine/Plugins/Runtime/DataRegistry/DataRegistry.uplugin" 560
"../../../Engine/Plugins/Runtime/AppleMoviePlayer/AppleMoviePlayer.uplugin" 561
"../../../Engine/Plugins/Runtime/GeometryCache/GeometryCache.uplugin" 562
"../../../Engine/Plugins/Runtime/GameplayAbilities/GameplayAbilities.uplugin" 563
"../../../Engine/Plugins/Runtime/GameplayBehaviorSmartObjects/GameplayBehaviorSmartObjects.uplugin" 564
"../../../Engine/Plugins/Runtime/GameInput/GameInput.uplugin" 565
"../../../Engine/Plugins/Experimental/WebSocketNetworking/WebSocketNetworking.uplugin" 566
"../../../Engine/Plugins/Runtime/GeoReferencing/GeoReferencing.uplugin" 567
"../../../Engine/Plugins/Runtime/GeometryScripting/GeometryScripting.uplugin" 568
"../../../Engine/Plugins/Runtime/GameplayStateTree/GameplayStateTree.uplugin" 569
"../../../Engine/Plugins/Runtime/HPMotionController/HPMotionController.uplugin" 570
"../../../Engine/Plugins/Runtime/GooglePAD/GooglePAD.uplugin" 571
"../../../Engine/Plugins/Runtime/HDRIBackdrop/HDRIBackdrop.uplugin" 572
"../../../Engine/Plugins/Runtime/HTTPChunkInstaller/HTTPChunkInstaller.uplugin" 573
"../../../Engine/Plugins/Runtime/GameplayInteractions/GameplayInteractions.uplugin" 574
"../../../Engine/Plugins/Runtime/GeometryProcessing/GeometryProcessing.uplugin" 575
"../../../Engine/Plugins/Runtime/InputDebugging/InputDebugging.uplugin" 576
"../../../Engine/Plugins/Runtime/InstancedActors/InstancedActors.uplugin" 577
"../../../Engine/Plugins/Runtime/IOSReplayKit/IOSReplayKit.uplugin" 578
"../../../Engine/Plugins/Runtime/HairStrands/HairStrands.uplugin" 579
"../../../Engine/Plugins/Runtime/GoogleCloudMessaging/GoogleCloudMessaging.uplugin" 580
"../../../Engine/Plugins/Runtime/Firebase/Firebase.uplugin" 581
"../../../Engine/Plugins/Runtime/LinuxDeviceProfileSelector/LinuxDeviceProfileSelector.uplugin" 582
"../../../Engine/Plugins/Runtime/LocationServicesIOSImpl/LocationServicesIOSImpl.uplugin" 583
"../../../Engine/Plugins/Runtime/Harmonix/Harmonix.uplugin" 584
"../../../Engine/Plugins/Runtime/LocationServicesBPLibrary/LocationServicesBPLibrary.uplugin" 585
"../../../Engine/Plugins/Runtime/LevelStreamingPersistence/LevelStreamingPersistence.uplugin" 586
"../../../Engine/Plugins/Runtime/MassEntity/MassEntity.uplugin" 587
"../../../Engine/Plugins/Runtime/IOSDeviceProfileSelector/IOSDeviceProfileSelector.uplugin" 588
"../../../Engine/Plugins/Runtime/MicrosoftSpatialAudio/MicroSoftSpatialSound.uplugin" 589
"../../../Engine/Plugins/Runtime/ModelViewViewModel/ModelViewViewModel.uplugin" 590
"../../../Engine/Plugins/Experimental/Water/Water.uplugin" 591
"../../../Engine/Plugins/Runtime/ModularGameplay/ModularGameplay.uplugin" 592
"../../../Engine/Plugins/Runtime/GameFeatures/GameFeatures.uplugin" 593
"../../../Engine/Plugins/Runtime/LocationServicesAndroidImpl/LocationServicesAndroidImpl.uplugin" 594
"../../../Engine/Plugins/Runtime/MIDIDevice/MIDIDevice.uplugin" 595
"../../../Engine/Plugins/Runtime/MassGameplay/MassGameplay.uplugin" 596
"../../../Engine/Plugins/Runtime/MixedRealityCaptureFramework/MixedRealityCaptureFramework.uplugin" 597
"../../../Engine/Plugins/Runtime/MusicEnvironment/MusicEnvironment.uplugin" 598
"../../../Engine/Plugins/Runtime/NavCorridor/NavCorridor.uplugin" 599
"../../../Engine/Plugins/Runtime/NetworkPrediction/NetworkPrediction.uplugin" 600
"../../../Engine/Plugins/Runtime/MeshModelingToolset/MeshModelingToolset.uplugin" 601
"../../../Engine/Plugins/Runtime/NetworkPredictionExtras/NetworkPredictionExtras.uplugin" 602
"../../../Engine/Plugins/Runtime/nDisplay/nDisplay.uplugin" 603
"../../../Engine/Plugins/Runtime/OpenXRViveTracker/OpenXRViveTracker.uplugin" 604
"../../../Engine/Plugins/Runtime/MsQuic/MsQuic.uplugin" 605
"../../../Engine/Plugins/Runtime/OpenXRHandTracking/OpenXRHandTracking.uplugin" 606
"../../../Engine/Plugins/Runtime/OpenXRMsftHandInteraction/OpenXRMsftHandInteraction.uplugin" 607
"../../../Engine/Plugins/Runtime/ProceduralMeshComponent/ProceduralMeshComponent.uplugin" 608
"../../../Engine/Plugins/Runtime/OpenCV/OpenCV.uplugin" 609
"../../../Engine/Plugins/Runtime/LiveLinkOvernDisplay/LiveLinkOverNDisplay.uplugin" 610
"../../../Engine/Plugins/Runtime/nDisplayModularFeatures/nDisplayModularFeatures.uplugin" 611
"../../../Engine/Plugins/Runtime/OpenXR/OpenXR.uplugin" 612
"../../../Engine/Plugins/Runtime/PropertyBindingUtils/PropertyBindingUtils.uplugin" 613
"../../../Engine/Plugins/Runtime/ResonanceAudio/ResonanceAudio.uplugin" 614
"../../../Engine/Plugins/Runtime/ReplicationGraph/ReplicationGraph.uplugin" 615
"../../../Engine/Plugins/Runtime/MultiServerReplication/MultiServerReplication.uplugin" 616
"../../../Engine/Plugins/Runtime/ScriptableToolsFramework/ScriptableToolsFramework.uplugin" 617
"../../../Engine/Plugins/Runtime/Metasound/Metasound.uplugin" 618
"../../../Engine/Plugins/Runtime/SignificanceManager/SignificanceManager.uplugin" 619
"../../../Engine/Plugins/Runtime/SoundCueTemplates/SoundCueTemplates.uplugin" 620
"../../../Engine/Plugins/Runtime/NetworkPredictionInsights/NetworkPredictionInsights.uplugin" 621
"../../../Engine/Plugins/Runtime/RenderTrace/RenderTrace.uplugin" 622
"../../../Engine/Plugins/Runtime/ReplicationSystemTestPlugin/ReplicationSystemTestPlugin.uplugin" 623
"../../../Engine/Plugins/Runtime/OpenXREyeTracker/OpenXREyeTracker.uplugin" 624
"../../../Engine/Plugins/Runtime/SkeletalMerging/SkeletalMerging.uplugin" 625
"../../../Engine/Plugins/Runtime/PreLoadScreenMoviePlayer/PreLoadScreenMoviePlayer.uplugin" 626
"../../../Engine/Plugins/Runtime/RigVM/RigVM.uplugin" 627
"../../../Engine/Plugins/Runtime/SoundUtilities/SoundUtilities.uplugin" 628
"../../../Engine/Plugins/Runtime/Soundscape/Soundscape.uplugin" 629
"../../../Engine/Plugins/Runtime/Spatialization/Spatialization.uplugin" 630
"../../../Engine/Plugins/Runtime/SoundFields/SoundFields.uplugin" 631
"../../../Engine/Plugins/Runtime/OSC/OSC.uplugin" 632
"../../../Engine/Plugins/Runtime/SmartObjects/SmartObjects.uplugin" 633
"../../../Engine/Plugins/Runtime/WaveTable/WaveTable.uplugin" 634
"../../../Engine/Plugins/Runtime/SunPosition/SunPosition.uplugin" 635
"../../../Engine/Plugins/Runtime/USDCore/USDCore.uplugin" 636
"../../../Engine/Plugins/Runtime/SoundMod/SoundMod.uplugin" 637
"../../../Engine/Plugins/Runtime/OptionalMobileFeaturesBPLibrary/OptionalMobileFeaturesBPLibrary.uplugin" 638
"../../../Engine/Plugins/Runtime/MobilePatchingUtils/MobilePatchingUtils.uplugin" 639
"../../../Engine/Plugins/Runtime/PropertyAccess/PropertyAccessEditor.uplugin" 640
"../../../Engine/Plugins/Runtime/StateTree/StateTree.uplugin" 641
"../../../Engine/Plugins/Runtime/XRBase/XRBase.uplugin" 642
"../../../Engine/Plugins/Runtime/WindowsDeviceProfileSelector/WindowsDeviceProfileSelector.uplugin" 643
"../../../Engine/Plugins/Runtime/WebBrowserNativeProxy/WebBrowserNativeProxy.uplugin" 644
"../../../Engine/Plugins/Runtime/WarpUtils/WarpUtils.uplugin" 645
"../../../Engine/Plugins/Runtime/WebBrowserWidget/WebBrowserWidget.uplugin" 646
"../../../Engine/Plugins/Runtime/WebMMoviePlayer/WebMMoviePlayer.uplugin" 647
"../../../Engine/Plugins/Runtime/ZoneGraphAnnotations/ZoneGraphAnnotations.uplugin" 648
"../../../Engine/Plugins/Runtime/ZoneGraph/ZoneGraph.uplugin" 649
"../../../Engine/Plugins/Runtime/WorldConditions/WorldConditions.uplugin" 650
"../../../Engine/Plugins/Runtime/WindowsMoviePlayer/WindowsMoviePlayer.uplugin" 651
"../../../Engine/Plugins/Runtime/Synthesis/Synthesis.uplugin" 652
"../../../Engine/Plugins/VirtualProduction/DMX/DatasmithMVR/DatasmithMVR.uplugin" 653
"../../../Engine/Plugins/VirtualProduction/DMX/DMXControlConsole/DMXControlConsole.uplugin" 654
"../../../Engine/Plugins/VirtualProduction/DMX/DMXEngine/DMXEngine.uplugin" 655
"../../../Engine/Plugins/VirtualProduction/DMX/DMXFixtures/DMXFixtures.uplugin" 656
"../../../Engine/Plugins/VirtualProduction/DMX/DMXDisplayCluster/DMXDisplayCluster.uplugin" 657
"../../../Engine/Plugins/VirtualProduction/DMX/DMXPixelMapping/DMXPixelMapping.uplugin" 658
"../../../Engine/Plugins/VirtualProduction/DMX/DMXProtocol/DMXProtocol.uplugin" 659
"../../../Engine/Plugins/VirtualProduction/DMX/DMXGDTF/DMXGDTF.uplugin" 660
"../../../Engine/Plugins/VirtualProduction/DMX/DMXModularFeatures/DMXModularFeatures.uplugin" 661
"../../../Engine/Plugins/Online/VoiceChat/VoiceChat/VoiceChat.uplugin" 662
"../../../Engine/Plugins/Developer/Concert/ConcertMain/ConcertMain.uplugin" 663
"../../../Engine/Plugins/Online/VoiceChat/EOSVoiceChat/EOSVoiceChat.uplugin" 664
"../../../Engine/Plugins/Experimental/CharacterFXEditor/ExampleCharacterFXEditor/ExampleCharacterFXEditor.uplugin" 665
"../../../Engine/Plugins/Experimental/CharacterFXEditor/BaseCharacterFXEditor/BaseCharacterFXEditor.uplugin" 666
"../../../Engine/Plugins/Experimental/Enterprise/DataprepGeometryOperations/DataprepGeometryOperations.uplugin" 667
"../../../Engine/Plugins/Experimental/Enterprise/DatasmithInterchange/DatasmithInterchange.uplugin" 668
"../../../Engine/Plugins/Experimental/PCGInterops/PCGFastGeoInterop/PCGFastGeoInterop.uplugin" 669
"../../../Engine/Plugins/Experimental/Enterprise/DatasmithRuntime/DatasmithRuntime.uplugin" 670
"../../../Engine/Plugins/Experimental/PCGInterops/PCGNaniteAssembliesInterop/PCGNaniteAssembliesInterop.uplugin" 671
"../../../Engine/Plugins/Experimental/PCGInterops/PCGNiagaraInterop/PCGNiagaraInterop.uplugin" 672
"../../../Engine/Plugins/Experimental/PCGInterops/PCGInstancedActorsInterop/PCGInstancedActorsInterop.uplugin" 673
"../../../Engine/Plugins/Experimental/PCGInterops/PCGWaterInterop/PCGWaterInterop.uplugin" 674
"../../../Engine/Plugins/Editor/ContentBrowser/ContentBrowserFileDataSource/ContentBrowserFileDataSource.uplugin" 675
"../../../Engine/Plugins/Editor/ContentBrowser/ContentBrowserAliasDataSource/ContentBrowserAliasDataSource.uplugin" 676
"../../../Engine/Plugins/Editor/ContentBrowser/ContentBrowserAssetDataSource/ContentBrowserAssetDataSource.uplugin" 677
"../../../Engine/Plugins/Editor/ContentBrowser/ContentBrowserClassDataSource/ContentBrowserClassDataSource.uplugin" 678
"../../../Engine/Plugins/Online/Android/AndroidFetchBackgroundDownload/AndroidFetchBackgroundDownload.uplugin" 679
"../../../Engine/Plugins/Online/Android/OnlineSubsystemGooglePlay/OnlineSubsystemGooglePlay.uplugin" 680
"../../../Engine/Plugins/Interchange/Extensions/OpenVDB/InterchangeOpenVDB.uplugin" 681
"../../../Engine/Plugins/Interchange/Extensions/OpenUSD/InterchangeOpenUSD.uplugin" 682
"../../../Engine/Plugins/VirtualProduction/CaptureManager/CaptureManagerApp/CaptureManagerApp.uplugin" 683
"../../../Engine/Plugins/VirtualProduction/CaptureManager/CaptureManagerEditor/CaptureManagerEditor.uplugin" 684
"../../../Engine/Plugins/Runtime/Analytics/Adjust/Adjust.uplugin" 685
"../../../Engine/Plugins/VirtualProduction/CaptureManager/CaptureManagerDevices/CaptureManagerDevices.uplugin" 686
"../../../Engine/Plugins/Runtime/Analytics/AnalyticsBlueprintLibrary/AnalyticsBlueprintLibrary.uplugin" 687
"../../../Engine/Plugins/Runtime/Analytics/AnalyticsMulticast/AnalyticsMulticast.uplugin" 688
"../../../Engine/Plugins/Runtime/MeshReconstruction/DummyMeshReconstructor/DummyMeshReconstructor.uplugin" 689
"../../../Engine/Plugins/VirtualProduction/Rivermax/RivermaxMedia/RivermaxMedia.uplugin" 690
"../../../Engine/Plugins/VirtualProduction/CaptureManager/CaptureManagerCore/CaptureManagerCore.uplugin" 691
"../../../Engine/Plugins/VirtualProduction/Rivermax/RivermaxCore/RivermaxCore.uplugin" 692
"../../../Engine/Plugins/Animation/MLDeformer/ChaosClothGenerator/ChaosClothGenerator.uplugin" 693
"../../../Engine/Plugins/VirtualProduction/Rivermax/RivermaxSync/RivermaxSync.uplugin" 694
"../../../Engine/Plugins/Animation/MLDeformer/NearestNeighborModel/NearestNeighborModel.uplugin" 695
"../../../Engine/Plugins/Animation/MLDeformer/MLDeformerFramework/MLDeformerFramework.uplugin" 696
"../../../Engine/Plugins/Animation/MLDeformer/NeuralMorphModel/NeuralMorphModel.uplugin" 697
"../../../Engine/Plugins/Editor/ObjectMixer/LightMixer/LightMixer.uplugin" 698
"../../../Engine/Plugins/Editor/ObjectMixer/ObjectMixer/ObjectMixer.uplugin" 699
"../../../Engine/Plugins/Runtime/Analytics/FileLogging/FileLogging.uplugin" 700
"../../../Engine/Plugins/Experimental/Animation/CurveExpression/CurveExpression.uplugin" 701
"../../../Engine/Plugins/Experimental/Animation/HierarchyTableAnimation/HierarchyTableAnimation.uplugin" 702
"../../../Engine/Plugins/Experimental/Animation/HierarchyTable/HierarchyTable.uplugin" 703
"../../../Engine/Plugins/Experimental/Animation/Locomotor/Locomotor.uplugin" 704
"../../../Engine/Plugins/Experimental/Animation/MotionTrajectory/MotionTrajectory.uplugin" 705
"../../../Engine/Plugins/Experimental/Animation/PackedAttributes/PackedAttributes.uplugin" 706
"../../../Engine/Plugins/Animation/MLDeformer/VertexDeltaModel/VertexDeltaModel.uplugin" 707
"../../../Engine/Plugins/Experimental/Animation/RigMapper/RigMapper.uplugin" 708
"../../../Engine/Plugins/Animation/MLDeformer/ChaosFleshGenerator/ChaosFleshGenerator.uplugin" 709
"../../../Engine/Plugins/Experimental/Animation/RelativeIKOp/RelativeIKOp.uplugin" 710
"../../../Engine/Plugins/Experimental/Animation/RigMapperOp/RigMapperOp.uplugin" 711
"../../../Engine/Plugins/Experimental/Animation/TrajectoryTools/TrajectoryTools.uplugin" 712
"../../../Engine/Plugins/Experimental/MetaHuman/MetaHumanCalibrationDiagnostics/MetaHumanCalibrationDiagnostics.uplugin" 713
"../../../Engine/Plugins/Experimental/MetaHuman/MetaHumanRuntime/MetaHumanRuntime.uplugin" 714
"../../../Engine/Plugins/Experimental/Animation/Optimus/Optimus.uplugin" 715
"../../../Engine/Plugins/Runtime/PacketHandlers/AESHandlerComponent/AESHandlerComponent.uplugin" 716
"../../../Engine/Plugins/Runtime/PacketHandlers/AESGCMHandlerComponent/AESGCMHandlerComponent.uplugin" 717
"../../../Engine/Plugins/Runtime/Steam/SteamAudio/SteamAudio.uplugin" 718
"../../../Engine/Plugins/Runtime/Steam/SteamShared/SteamShared.uplugin" 719
"../../../Engine/Plugins/Experimental/Animation/ContextualAnimation/ContextualAnimation.uplugin" 720
"../../../Engine/Plugins/Runtime/Steam/SteamController/SteamController.uplugin" 721
"../../../Engine/Plugins/Runtime/PacketHandlers/DTLSHandlerComponent/DTLSHandlerComponent.uplugin" 722
"../../../Engine/Plugins/Editor/Localization/PortableObjectFileDataSource/PortableObjectFileDataSource.uplugin" 723
"../../../Engine/Plugins/Experimental/MetaHuman/MetaHumanCharacterUAF/MetaHumanCharacterUAF.uplugin" 724
"../../../Engine/Plugins/Experimental/AVCodecs/LibVpxCodecs/LibVpxCodecs.uplugin" 725
"../../../Engine/Plugins/Experimental/AVCodecs/WMFCodecs/WMFCodecs.uplugin" 726
"../../../Engine/Plugins/Experimental/UAF/UAFChooser/UAFChooser.uplugin" 727
"../../../Engine/Plugins/Experimental/UAF/UAF/UAF.uplugin" 728
"../../../Engine/Plugins/Runtime/Steam/SteamSockets/SteamSockets.uplugin" 729
"../../../Engine/Plugins/Experimental/Animation/SkeletalMeshMorphTargetEditingTools/SkeletalMeshMorphTargetEditingTools.uplugin" 730
"../../../Engine/Plugins/Experimental/UAF/UAFControlRig/UAFControlRig.uplugin" 731
"../../../Engine/Plugins/Experimental/UAF/UAFAnimGraph/UAFAnimGraph.uplugin" 732
"../../../Engine/Plugins/Experimental/UAF/UAFStateTree/UAFStateTree.uplugin" 733
"../../../Engine/Plugins/Experimental/UAF/UAFTests/UAFTests.uplugin" 734
"../../../Engine/Plugins/Runtime/Advertising/IOSTapJoy/IOSTapJoy.uplugin" 735
"../../../Engine/Plugins/Runtime/Windows/WinVirtualKeyboard/WinVirtualKeyboard.uplugin" 736
"../../../Engine/Plugins/Experimental/AVCodecs/AVCodecsCore/AVCodecsCore.uplugin" 737
"../../../Engine/Plugins/Runtime/Windows/XInputDevice/XInputDevice.uplugin" 738
"../../../Engine/Plugins/Experimental/AVCodecs/NVCodecs/NVCodecs.uplugin" 739
"../../../Engine/Plugins/Experimental/UAF/UAFMirroring/UAFMirroring.uplugin" 740
"../../../Engine/Plugins/Experimental/AVCodecs/AMFCodecs/AMFCodecs.uplugin" 741
"../../../Engine/Plugins/Runtime/Windows/WinDualShock/WinDualShock.uplugin" 742
"../../../Engine/Plugins/Runtime/Database/DatabaseSupport/DatabaseSupport.uplugin" 743
"../../../Engine/Plugins/Runtime/Database/SQLiteCore/SQLiteCore.uplugin" 744
"../../../Engine/Plugins/Experimental/UAF/UAFWarping/UAFWarping.uplugin" 745
"../../../Engine/Plugins/Runtime/Database/SQLiteSupport/SQLiteSupport.uplugin" 746
"../../../Engine/Plugins/Runtime/XR/XRScribe/XRScribe.uplugin" 747
"../../../Engine/Plugins/Online/IOS/OnlineSubsystemIOS/OnlineSubsystemIOS.uplugin" 748
"../../../Engine/Plugins/Runtime/Nvidia/GeForceNOWWrapper/GeForceNOWWrapper.uplugin" 749
"../../../Engine/Plugins/Experimental/VirtualProduction/LedWallCalibration/LedWallCalibration.uplugin" 750
"../../../Engine/Plugins/Runtime/Database/ADOSupport/ADOSupport.uplugin" 751
"../../../Engine/Plugins/Experimental/VirtualProduction/VPRoles/VPRoles.uplugin" 752
"../../../Engine/Plugins/Experimental/VirtualProduction/VPSettings/VPSettings.uplugin" 753
"../../../Engine/Plugins/Runtime/Nvidia/Reflex/Reflex.uplugin" 754
"../../../Engine/Plugins/Runtime/Database/RemoteDatabaseSupport/RemoteDatabaseSupport.uplugin" 755
"../../../Engine/Plugins/Runtime/XR/XRVisualization/XRVisualization.uplugin" 756
"../../../Engine/Plugins/Experimental/AVCodecs/VTCodecs/VTCodecs.uplugin" 757
"../../../Engine/Plugins/Experimental/UAF/UAFPoseSearch/UAFPoseSearch.uplugin" 758
"../../../Engine/Plugins/Runtime/AR/ARUtilities/ARUtilities.uplugin" 759
"../../../Engine/Plugins/Experimental/Web/WebAPI/WebAPI.uplugin" 760
"../../../Engine/Plugins/Developer/Concert/ConcertSync/ConcertSyncClient/ConcertSyncClient.uplugin" 761
"../../../Engine/Plugins/Developer/Concert/ConcertApp/MultiUserClient/MultiUserClient.uplugin" 762
"../../../Engine/Plugins/Developer/Concert/ConcertApp/MultiUserServer/MultiUserServer.uplugin" 763
"../../../Engine/Plugins/Developer/Concert/ConcertSync/ConcertSyncCore/ConcertSyncCore.uplugin" 764
"../../../Engine/Plugins/Developer/Concert/ConcertSync/ConcertSyncServer/ConcertSyncServer.uplugin" 765
"../../../Engine/Plugins/Experimental/Animation/MLDeformer/DetailPoseModel/DetailPoseModel.uplugin" 766
"../../../Engine/Plugins/Developer/Concert/ConcertApp/DisasterRecoveryClient/DisasterRecoveryClient.uplugin" 767
"../../../Engine/Plugins/Developer/Concert/ConcertSync/ConcertSyncTest/ConcertSyncTest.uplugin" 768
"../../../Engine/Plugins/Runtime/AR/AppleAR/AppleARKit/AppleARKit.uplugin" 769
"../../../Engine/Plugins/Developer/Concert/ConcertScripting/ConcertReplicationScripting/ConcertReplicationScripting.uplugin" 770
"../../../Engine/Plugins/Runtime/AR/AppleAR/AppleARKitFaceSupport/AppleARKitFaceSupport.uplugin" 771
"../../../Engine/Plugins/Developer/Concert/ConcertInsights/ConcertInsightsClient/ConcertInsightsClient.uplugin" 772
"../../../Engine/Plugins/Developer/Concert/ConcertInsights/ConcertInsightsCore/ConcertInsightsCore.uplugin" 773
"../../../Engine/Plugins/Developer/Concert/ConcertInsights/ConcertInsightsServer/ConcertInsightsServer.uplugin" 774
"../../../Engine/Plugins/Runtime/AR/Google/GoogleARCore/GoogleARCore.uplugin" 775
"../../../Engine/Plugins/Developer/Concert/ConcertUI/ConcertSharedSlate/ConcertSharedSlate.uplugin" 776
"../../../Engine/Plugins/Developer/Concert/ConcertUI/ConcertClientSharedSlate/ConcertClientSharedSlate.uplugin" 777
"../../../Engine/Plugins/Runtime/AR/Google/GoogleARCoreServices/GoogleARCoreServices.uplugin" 778
"../../../Engine/Plugins/Developer/Concert/ConcertInsights/ConcertInsightsVisualizer/ConcertInsightsVisualizer.uplugin" 779
"../../../Engine/Platforms/Android/Plugins/Animation/RigLogic/RigLogic_Android.uplugin" 780
"../../../Engine/Platforms/Android/Plugins/Animation/ACLPlugin/ACLPlugin_Android.uplugin" 781
"../../../Engine/Platforms/IOS/Plugins/Animation/RigLogic/RigLogic_IOS.uplugin" 782
"../../../Engine/Content/Internationalization/icudt64l/cnvalias.icu" 783
"../../../Engine/Content/Internationalization/icudt64l/res_index.res" 784
"../../../Engine/Content/Internationalization/icudt64l/plurals.res" 785
"../../../Engine/Content/Internationalization/icudt64l/lang/ja_JP.res" 786
"../../../Engine/Content/Internationalization/icudt64l/lang/pool.res" 787
"../../../Engine/Content/Internationalization/icudt64l/lang/ja.res" 788
"../../../Engine/Content/Internationalization/icudt64l/lang/root.res" 789
"../../../Engine/Content/Internationalization/icudt64l/region/ja_JP.res" 790
"../../../Engine/Content/Internationalization/icudt64l/region/pool.res" 791
"../../../Engine/Content/Internationalization/icudt64l/region/ja.res" 792
"../../../Engine/Content/Internationalization/icudt64l/region/root.res" 793
"../../../Engine/Content/Internationalization/icudt64l/lang/en.res" 794
"../../../Engine/Content/Internationalization/icudt64l/region/en.res" 795
"../../../Engine/Content/Internationalization/icudt64l/windowsZones.res" 796
"../../../Engine/Content/Internationalization/icudt64l/zoneinfo64.res" 797
"../../../Engine/Content/Internationalization/icudt64l/keyTypeData.res" 798
"../../../Engine/Content/Internationalization/icudt64l/timezoneTypes.res" 799
"../../../Engine/Content/Internationalization/icudt64l/likelySubtags.res" 800
"../../../Engine/Content/Internationalization/icudt64l/ja_JP.res" 801
"../../../Engine/Content/Internationalization/icudt64l/pool.res" 802
"../../../Engine/Content/Internationalization/icudt64l/ja.res" 803
"../../../Engine/Content/Internationalization/icudt64l/root.res" 804
"../../../Engine/Content/Internationalization/icudt64l/supplementalData.res" 805
"../../../Engine/Config/ConfigRedirects.ini" 806
"C:/Users/hibik/AppData/Local/UnrealEngine/5.7/Saved/Config/WindowsEditor/Manifest.ini" 807
"../../../Engine/Config/BaseEngine.ini" 808
"../../../Engine/Config/Windows/BaseWindowsEngine.ini" 809
"D:/seisaku4/Config/DefaultEngine.ini" 810
"D:/seisaku4/Config/Windows/WindowsEngine.ini" 811
"../../../Engine/Config/BaseGame.ini" 812
"D:/seisaku4/Config/DefaultGame.ini" 813
"../../../Engine/Config/Windows/WindowsGame.ini" 814
"D:/seisaku4/Saved/Config/WindowsEditor/Game.ini" 815
"../../../Engine/Config/BaseInput.ini" 816
"../../../Engine/Config/Windows/BaseWindowsInput.ini" 817
"D:/seisaku4/Config/DefaultInput.ini" 818
"../../../Engine/Config/Windows/WindowsInput.ini" 819
"../../../Engine/Config/BaseDeviceProfiles.ini" 820
"../../../Engine/Config/BaseGameUserSettings.ini" 821
"D:/seisaku4/Saved/Config/WindowsEditor/GameUserSettings.ini" 822
"../../../Engine/Config/BaseScalability.ini" 823
"../../../Engine/Config/BaseRuntimeOptions.ini" 824
"../../../Engine/Config/BaseInstallBundle.ini" 825
"../../../Engine/Config/BaseHardware.ini" 826
"../../../Engine/Config/BaseCompat.ini" 827
"../../../Engine/Config/BaseLightmass.ini" 828
"D:/seisaku4/Config/DefaultLightmass.ini" 829
"../../../Engine/Config/BaseEditor.ini" 830
"D:/seisaku4/Config/DefaultEditor.ini" 831
"D:/seisaku4/Saved/Config/WindowsEditor/Editor.ini" 832
"../../../Engine/Config/BaseMaterialExpressions.ini" 833
"../../../Engine/Config/BaseEditorPerProjectUserSettings.ini" 834
"../../../Engine/Config/Windows/WindowsEditorPerProjectUserSettings.ini" 835
"D:/seisaku4/Saved/Config/WindowsEditor/EditorPerProjectUserSettings.ini" 836
"../../../Engine/Config/BaseEditorSettings.ini" 837
"D:/seisaku4/Config/DefaultEditorSettings.ini" 838
"../../../Engine/Config/Windows/WindowsEditorSettings.ini" 839
"C:/Users/hibik/AppData/Local/UnrealEngine/5.7/Saved/Config/WindowsEditor/EditorSettings.ini" 840
"../../../Engine/Config/BaseEditorKeyBindings.ini" 841
"C:/Users/hibik/AppData/Local/UnrealEngine/5.7/Saved/Config/WindowsEditor/EditorKeyBindings.ini" 842
"C:/Users/hibik/AppData/Local/UnrealEngine/5.7/Saved/Config/WindowsEditor/EditorLayout.ini" 843
"D:/seisaku4/Binaries/Win64/CarryUDON-Win64-Shipping.target" 844
"D:/seisaku4/Intermediate/CachedAssetRegistryDiscovery.bin" 845
"../../../Engine/Config/Mac/BaseMacEngine.ini" 846
"../../../Engine/Config/Linux/BaseLinuxEngine.ini" 847
"D:/seisaku4/Binaries/Win64/CarryUDONEditor.target" 848
"../../../Engine/Config/Unix/UnixEngine.ini" 849
"../../../Engine/Config/Linux/LinuxEngine.ini" 850
"../../../Engine/Config/IOS/BaseIOSEngine.ini" 851
"../../../Engine/Config/Android/BaseAndroidEngine.ini" 852
"../../../Engine/Config/Mac/MacGame.ini" 853
"../../../Engine/Platforms/VisionOS/Config/BaseVisionOSEngine.ini" 854
"../../../Engine/Config/TVOS/TVOSEngine.ini" 855
"../../../Engine/Config/Android/AndroidEngine.ini" 856
"../../../Engine/Config/Mac/BaseMacInput.ini" 857
"../../../Engine/Platforms/VisionOS/Config/VisionOSEngine.ini" 858
"../../../Engine/Config/IOS/BaseIOSGame.ini" 859
"../../../Engine/Config/IOS/IOSGame.ini" 860
"../../../Engine/Config/Linux/LinuxGame.ini" 861
"../../../Engine/Config/Android/BaseAndroidGame.ini" 862
"../../../Engine/Config/IOS/BaseIOSInput.ini" 863
"../../../Engine/Config/Android/BaseAndroidInput.ini" 864
"../../../Engine/Config/Android/AndroidScalability.ini" 865
"../../../Engine/Config/IOS/IOSScalability.ini" 866
"../../../Engine/Config/Android/BaseAndroidInstallBundle.ini" 867
"../../../Engine/Config/IOS/BaseIOSInstallBundle.ini" 868
"../../../Engine/Config/PluginBase.ini" 869
"../../../Engine/Plugins/ChaosVD/Config/DefaultChaosVD.ini" 870
"../../../Engine/Plugins/EnhancedInput/Config/BaseEnhancedInput.ini" 871
"../../../Engine/Plugins/Fab/Config/BaseFab.ini" 872
"../../../Engine/Plugins/TraceUtilities/Config/BaseTraceUtilities.ini" 873
"../../../Engine/Plugins/Cameras/GameplayCameras/Config/BaseGameplayCameras.ini" 874
"../../../Engine/Plugins/Media/AjaMedia/Config/BaseAjaMedia.ini" 875
"../../../Engine/Plugins/Media/BlackmagicMedia/Config/BaseBlackmagicMedia.ini" 876
"../../../Engine/Plugins/Media/MediaFrameworkUtilities/Config/BaseMediaFrameworkUtilities.ini" 877
"../../../Engine/Plugins/Media/MediaIOFramework/Config/BaseMediaIOFramework.ini" 878
"../../../Engine/Plugins/Media/PixelStreaming/Config/BasePixelStreaming.ini" 879
"../../../Engine/Plugins/MovieScene/MovieRenderPipeline/Config/BaseMovieRenderPipeline.ini" 880
"../../../Engine/Plugins/Media/PixelStreaming2/Config/BasePixelStreaming2.ini" 881
"../../../Engine/Plugins/Enterprise/DatasmithContent/Config/BaseDatasmithContent.ini" 882
"../../../Engine/Plugins/Enterprise/GLTFExporter/Config/BaseGLTFExporter.ini" 883
"../../../Engine/Plugins/Enterprise/GLTFExporter/Config/DefaultGLTFExporter.ini" 884
"../../../Engine/Plugins/Interchange/Assets/Config/BaseInterchangeAssets.ini" 885
"../../../Engine/Plugins/FX/Niagara/Config/BaseNiagara.ini" 886
"../../../Engine/Plugins/Enterprise/VariantManagerContent/Config/BaseVariantManagerContent.ini" 887
"../../../Engine/Plugins/Interchange/Runtime/Config/BaseInterchange.ini" 888
"../../../Engine/Plugins/MetaHuman/MetaHumanSDK/Config/BaseMetaHumanSDK.ini" 889
"../../../Engine/Plugins/VirtualProduction/CameraCalibrationCore/Config/BaseCameraCalibrationCore.ini" 890
"../../../Engine/Plugins/VirtualProduction/RemoteControl/Config/BaseRemoteControl.ini" 891
"../../../Engine/Plugins/VirtualProduction/VirtualCameraCore/Config/BaseVirtualCameraCore.ini" 892
"../../../Engine/Plugins/VirtualProduction/VirtualScouting/Config/BaseVirtualScouting.ini" 893
"../../../Engine/Plugins/2D/Paper2D/Config/BasePaper2D.ini" 894
"../../../Engine/Plugins/VirtualProduction/VirtualCamera/Config/BaseVirtualCamera.ini" 895
"../../../Engine/Plugins/Animation/DeformerGraph/Config/BaseDeformerGraph.ini" 896
"../../../Engine/Plugins/Animation/IKRig/Config/BaseIKRig.ini" 897
"../../../Engine/Plugins/Animation/LiveLink/Config/BaseLiveLink.ini" 898
"../../../Engine/Plugins/Animation/ControlRig/Config/BaseControlRig.ini" 899
"../../../Engine/Plugins/VirtualProduction/Takes/Config/BaseTakes.ini" 900
"../../../Engine/Plugins/Compositing/CompositeCore/Config/BaseCompositeCore.ini" 901
"../../../Engine/Plugins/Compositing/OpenColorIO/Config/BaseOpenColorIO.ini" 902
"../../../Engine/Plugins/Compositing/Composite/Config/BaseComposite.ini" 903
"../../../Engine/Plugins/Editor/EditorScriptingUtilities/Config/BaseEditorScriptingUtilities.ini" 904
"../../../Engine/Plugins/Editor/ConsoleVariablesEditor/Config/BaseConsoleVariables.ini" 905
"../../../Engine/Plugins/Compositing/OpenCVLensDistortion/Config/BaseOpenCVLensDistortion.ini" 906
"../../../Engine/Plugins/Experimental/CineCameraRigs/Config/BaseCineCameraRigs.ini" 907
"../../../Engine/Plugins/Experimental/ColorCorrectRegions/Config/BaseColorCorrectRegions.ini" 908
"../../../Engine/Plugins/Experimental/FullBodyIK/Config/BaseFullBodyIK.ini" 909
"../../../Engine/Plugins/Experimental/RemoteSession/Config/BaseRemoteSession.ini" 910
"../../../Engine/Plugins/Experimental/ToolPresets/Config/BaseToolPresets.ini" 911
"../../../Engine/Plugins/Experimental/VirtualProductionUtilities/Config/BaseVirtualProductionUtilities.ini" 912
"D:/seisaku4/Config/DefaultVirtualProductionUtilities.ini" 913
"../../../Engine/Plugins/Runtime/CommonUI/Config/BaseCommonUI.ini" 914
"../../../Engine/Plugins/Runtime/HairStrands/Config/BaseHairStrands.ini" 915
"../../../Engine/Plugins/Runtime/ModelViewViewModel/Config/BaseModelViewViewModel.ini" 916
"../../../Engine/Plugins/Runtime/nDisplay/Config/BasenDisplay.ini" 917
"../../../Engine/Plugins/Runtime/PropertyBindingUtils/Config/BasePropertyBindingUtils.ini" 918
"../../../Engine/Plugins/Runtime/Metasound/Config/BaseMetasound.ini" 919
"../../../Engine/Plugins/Runtime/Metasound/Config/DefaultMetasound.ini" 920
"../../../Engine/Plugins/Runtime/RigVM/Config/BaseRigVM.ini" 921
"../../../Engine/Plugins/Runtime/OSC/Config/BaseOSC.ini" 922
"../../../Engine/Plugins/Runtime/StateTree/Config/BaseStateTree.ini" 923
"../../../Engine/Plugins/Runtime/Synthesis/Config/BaseSynthesis.ini" 924
"../../../Engine/Plugins/VirtualProduction/DMX/DMXProtocol/Config/BaseDMXProtocol.ini" 925
"../../../Engine/Plugins/Developer/Concert/ConcertApp/MultiUserClient/Config/BaseMultiUserClient.ini" 926
"../../../Engine/Plugins/Developer/Concert/ConcertSync/ConcertSyncCore/Config/BaseConcertSyncCore.ini" 927
"../../../Engine/Plugins/ChaosVD/Config/Engine.ini" 928
"../../../Engine/Plugins/Runtime/OpenXR/Config/Engine.ini" 929
"../../../Engine/Plugins/EnhancedInput/Config/Input.ini" 930
"../../../Engine/Plugins/Runtime/InputDebugging/Config/Input.ini" 931
"../../../Engine/Plugins/Runtime/Windows/XInputDevice/Config/Input.ini" 932
"../../../Engine/Plugins/Online/OnlineSubsystemUtils/Config/Editor.ini" 933
"../../../Engine/Plugins/Runtime/RigVM/Config/Editor.ini" 934
"../../../Engine/Plugins/VirtualProduction/CameraCalibrationCore/Config/Game.ini" 935
"../../../Engine/Plugins/NNE/NNEDenoiser/Config/Game.ini" 936
"../../../Engine/Plugins/VirtualProduction/LevelSnapshots/Config/LevelSnapshots.ini" 937
"../../../Engine/Plugins/Runtime/OpenXR/Binaries/Win64/UnrealEditor.modules" 938
"../../../Engine/Plugins/Runtime/XRBase/Binaries/Win64/UnrealEditor.modules" 939
"../../../Engine/Plugins/EnhancedInput/Binaries/Win64/UnrealEditor.modules" 940
"../../../Engine/Plugins/Editor/DataValidation/Binaries/Win64/UnrealEditor.modules" 941
"../../../Engine/Plugins/VirtualProduction/VirtualScouting/Binaries/Win64/UnrealEditor.modules" 942
"../../../Engine/Plugins/Experimental/XRCreativeFramework/Binaries/Win64/UnrealEditor.modules" 943
"../../../Engine/Plugins/Runtime/CommonUI/Binaries/Win64/UnrealEditor.modules" 944
"../../../Engine/Plugins/BlueprintFileUtils/Binaries/Win64/UnrealEditor.modules" 945
"../../../Engine/Plugins/JsonBlueprintUtilities/Binaries/Win64/UnrealEditor.modules" 946
"../../../Engine/Plugins/Developer/Concert/ConcertApp/MultiUserClient/Binaries/Win64/UnrealEditor.modules" 947
"../../../Engine/Plugins/Animation/LiveLink/Binaries/Win64/UnrealEditor.modules" 948
"../../../Engine/Plugins/Runtime/GeometryScripting/Binaries/Win64/UnrealEditor.modules" 949
"../../../Engine/Plugins/Experimental/GizmoFramework/Binaries/Win64/UnrealEditor.modules" 950
"../../../Engine/Plugins/Experimental/GizmoEdMode/Binaries/Win64/UnrealEditor.modules" 951
"../../../Engine/Plugins/Editor/ModelingToolsEditorMode/Binaries/Win64/UnrealEditor.modules" 952
"../../../Engine/Plugins/Editor/ConsoleVariablesEditor/Binaries/Win64/UnrealEditor.modules" 953
"../../../Engine/Plugins/VirtualProduction/LevelSnapshots/Binaries/Win64/UnrealEditor.modules" 954
"../../../Engine/Plugins/Experimental/CineCameraSceneCapture/Binaries/Win64/UnrealEditor.modules" 955
"../../../Engine/Plugins/Experimental/VirtualProductionUtilities/Binaries/Win64/UnrealEditor.modules" 956
"../../../Engine/Plugins/Runtime/ModelViewViewModel/Binaries/Win64/UnrealEditor.modules" 957
"../../../Engine/Plugins/Editor/GameplayTagsEditor/Binaries/Win64/UnrealEditor.modules" 958
"../../../Engine/Plugins/Developer/Concert/ConcertUI/ConcertClientSharedSlate/Binaries/Win64/UnrealEditor.modules" 959
"../../../Engine/Plugins/Developer/Concert/ConcertScripting/ConcertReplicationScripting/Binaries/Win64/UnrealEditor.modules" 960
"../../../Engine/Plugins/Developer/Concert/ConcertUI/ConcertSharedSlate/Binaries/Win64/UnrealEditor.modules" 961
"../../../Engine/Plugins/Developer/Concert/ConcertSync/ConcertSyncClient/Binaries/Win64/UnrealEditor.modules" 962
"../../../Engine/Plugins/VirtualProduction/MultiUserTakes/Binaries/Win64/UnrealEditor.modules" 963
"../../../Engine/Plugins/VirtualProduction/Takes/Binaries/Win64/UnrealEditor.modules" 964
"../../../Engine/Plugins/Editor/ContentBrowser/ContentBrowserAssetDataSource/Binaries/Win64/UnrealEditor.modules" 965
"../../../Engine/Plugins/Runtime/GeometryProcessing/Binaries/Win64/UnrealEditor.modules" 966
"../../../Engine/Plugins/Runtime/MeshModelingToolset/Binaries/Win64/UnrealEditor.modules" 967
"../../../Engine/Plugins/Experimental/PlanarCutPlugin/Binaries/Win64/UnrealEditor.modules" 968
"../../../Engine/Plugins/Experimental/MeshModelingToolsetExp/Binaries/Win64/UnrealEditor.modules" 969
"../../../Engine/Plugins/Editor/MeshLODToolset/Binaries/Win64/UnrealEditor.modules" 970
"../../../Engine/Plugins/Experimental/ToolPresets/Binaries/Win64/UnrealEditor.modules" 971
"../../../Engine/Plugins/Editor/StylusInput/Binaries/Win64/UnrealEditor.modules" 972
"../../../Engine/Plugins/Developer/Concert/ConcertSync/ConcertSyncCore/Binaries/Win64/UnrealEditor.modules" 973
"../../../Engine/Plugins/Developer/Concert/ConcertMain/Binaries/Win64/UnrealEditor.modules" 974
"../../../Engine/Plugins/Compositing/OpenColorIO/Binaries/Win64/UnrealEditor.modules" 975
"../../../Engine/Plugins/Editor/EditorScriptingUtilities/Binaries/Win64/UnrealEditor.modules" 976
"../../../Engine/Plugins/MovieScene/SequencerScripting/Binaries/Win64/UnrealEditor.modules" 977
"../../../Engine/Plugins/Runtime/OSC/Binaries/Win64/UnrealEditor.modules" 978
"../../../Engine/Plugins/Experimental/VirtualProduction/VPRoles/Binaries/Win64/UnrealEditor.modules" 979
"../../../Engine/Plugins/Experimental/VirtualProduction/VPSettings/Binaries/Win64/UnrealEditor.modules" 980
"../../../Engine/Plugins/Experimental/InlineMaterialInstance/Binaries/Win64/UnrealEditor.modules" 981
"../../../Engine/Plugins/Runtime/AudioCapture/Binaries/Win64/UnrealEditor.modules" 982
"../../../Engine/Plugins/MovieScene/LevelSequenceEditor/Binaries/Win64/UnrealEditor.modules" 983
"../../../Engine/Plugins/Developer/NamingTokens/Binaries/Win64/UnrealEditor.modules" 984
"../../../Engine/Plugins/Editor/ProxyLODPlugin/Binaries/Win64/UnrealEditor.modules" 985
"../../../Engine/Plugins/Runtime/GeometryCache/Binaries/Win64/UnrealEditor.modules" 986
"../../../Engine/Plugins/Experimental/GeometryFlow/Binaries/Win64/UnrealEditor.modules" 987
"../../../Engine/Plugins/Runtime/Database/SQLiteCore/Binaries/Win64/UnrealEditor.modules" 988
"../../../Engine/Plugins/Experimental/PythonScriptPlugin/Binaries/Win64/UnrealEditor.modules" 989
"../../../Engine/Plugins/Editor/EngineAssetDefinitions/Binaries/Win64/UnrealEditor.modules" 990
"../../../Engine/Plugins/FX/Niagara/Binaries/Win64/UnrealEditor.modules" 991
"../../../Engine/Plugins/Editor/ContentBrowser/ContentBrowserFileDataSource/Binaries/Win64/UnrealEditor.modules" 992
"../../../Engine/Plugins/Runtime/HDRIBackdrop/Binaries/Win64/UnrealEditor.modules" 993
"../../../Engine/Plugins/Runtime/SunPosition/Binaries/Win64/UnrealEditor.modules" 994
"../../../Engine/Plugins/VirtualProduction/VirtualCamera/Binaries/Win64/UnrealEditor.modules" 995
"../../../Engine/Plugins/Experimental/CineCameraRigs/Binaries/Win64/UnrealEditor.modules" 996
"../../../Engine/Plugins/VirtualProduction/VirtualCameraCore/Binaries/Win64/UnrealEditor.modules" 997
"../../../Engine/Plugins/Media/MediaIOFramework/Binaries/Win64/UnrealEditor.modules" 998
"../../../Engine/Plugins/Media/MediaFrameworkUtilities/Binaries/Win64/UnrealEditor.modules" 999
"../../../Engine/Plugins/Experimental/RemoteSession/Binaries/Win64/UnrealEditor.modules" 1000
"../../../Engine/Plugins/Media/PixelStreaming/Binaries/Win64/UnrealEditor.modules" 1001
"../../../Engine/Plugins/Media/PixelCapture/Binaries/Win64/UnrealEditor.modules" 1002
"../../../Engine/Plugins/DiscoveryBeaconReceiver/Binaries/Win64/UnrealEditor.modules" 1003
"../../../Engine/Plugins/Compositing/OpenCVLensDistortion/Binaries/Win64/UnrealEditor.modules" 1004
"../../../Engine/Plugins/Media/MediaPlayerEditor/Binaries/Win64/UnrealEditor.modules" 1005
"../../../Engine/Plugins/Experimental/BackChannel/Binaries/Win64/UnrealEditor.modules" 1006
"../../../Engine/Plugins/Runtime/AppleImageUtils/Binaries/Win64/UnrealEditor.modules" 1007
"../../../Engine/Plugins/Media/PixelStreaming2/Binaries/Win64/UnrealEditor.modules" 1008
"../../../Engine/Plugins/Media/WmfMedia/Binaries/Win64/UnrealEditor.modules" 1009
"../../../Engine/Plugins/Experimental/AVCodecs/AVCodecsCore/Binaries/Win64/UnrealEditor.modules" 1010
"../../../Engine/Plugins/Experimental/AVCodecs/NVCodecs/Binaries/Win64/UnrealEditor.modules" 1011
"../../../Engine/Plugins/Experimental/AVCodecs/AMFCodecs/Binaries/Win64/UnrealEditor.modules" 1012
"../../../Engine/Plugins/Experimental/WebSocketNetworking/Binaries/Win64/UnrealEditor.modules" 1013
"../../../Engine/Plugins/Runtime/OpenCV/Binaries/Win64/UnrealEditor.modules" 1014
"../../../Engine/Plugins/Experimental/AVCodecs/LibVpxCodecs/Binaries/Win64/UnrealEditor.modules" 1015
"../../../Engine/Plugins/Compositing/Composite/Binaries/Win64/UnrealEditor.modules" 1016
"../../../Engine/Plugins/Compositing/CompositeCore/Binaries/Win64/UnrealEditor.modules" 1017
"../../../Engine/Plugins/VirtualProduction/CameraCalibrationCore/Binaries/Win64/UnrealEditor.modules" 1018
"../../../Engine/Plugins/Cameras/GameplayCameras/Binaries/Win64/UnrealEditor.modules" 1019
"../../../Engine/Plugins/Runtime/ProceduralMeshComponent/Binaries/Win64/UnrealEditor.modules" 1020
"../../../Engine/Plugins/Runtime/StateTree/Binaries/Win64/UnrealEditor.modules" 1021
"../../../Engine/Plugins/MovieScene/TemplateSequence/Binaries/Win64/UnrealEditor.modules" 1022
"../../../Engine/Plugins/Animation/GameplayInsights/Binaries/Win64/UnrealEditor.modules" 1023
"../../../Engine/Plugins/Runtime/PropertyAccess/Binaries/Win64/UnrealEditor.modules" 1024
"../../../Engine/Plugins/Runtime/PropertyBindingUtils/Binaries/Win64/UnrealEditor.modules" 1025
"../../../Engine/Plugins/VirtualProduction/RemoteControl/Binaries/Win64/UnrealEditor.modules" 1026
"../../../Engine/Plugins/VirtualProduction/RemoteControlInterception/Binaries/Win64/UnrealEditor.modules" 1027
"../../../Engine/Plugins/Runtime/nDisplay/Binaries/Win64/UnrealEditor.modules" 1028
"../../../Engine/Plugins/Experimental/ColorCorrectRegions/Binaries/Win64/UnrealEditor.modules" 1029
"../../../Engine/Plugins/Editor/ColorGrading/Binaries/Win64/UnrealEditor.modules" 1030
"../../../Engine/Plugins/Runtime/nDisplayModularFeatures/Binaries/Win64/UnrealEditor.modules" 1031
"../../../Engine/Plugins/MovieScene/MovieRenderPipeline/Binaries/Win64/UnrealEditor.modules" 1032
"../../../Engine/Plugins/Online/OnlineSubsystem/Binaries/Win64/UnrealEditor.modules" 1033
"../../../Engine/Plugins/Online/OnlineSubsystemUtils/Binaries/Win64/UnrealEditor.modules" 1034
"../../../Engine/Plugins/Editor/ObjectMixer/ObjectMixer/Binaries/Win64/UnrealEditor.modules" 1035
"../../../Engine/Plugins/Runtime/ActorLayerUtilities/Binaries/Win64/UnrealEditor.modules" 1036
"../../../Engine/Plugins/ChaosClothAsset/Binaries/Win64/UnrealEditor.modules" 1037
"../../../Engine/Plugins/Online/OnlineBase/Binaries/Win64/UnrealEditor.modules" 1038
"../../../Engine/Plugins/Online/OnlineServices/Binaries/Win64/UnrealEditor.modules" 1039
"../../../Engine/Plugins/ChaosCloth/Binaries/Win64/UnrealEditor.modules" 1040
"../../../Engine/Plugins/Experimental/Dataflow/Binaries/Win64/UnrealEditor.modules" 1041
"../../../Engine/Plugins/Experimental/ChaosCaching/Binaries/Win64/UnrealEditor.modules" 1042
"../../../Engine/Plugins/Experimental/CharacterFXEditor/BaseCharacterFXEditor/Binaries/Win64/UnrealEditor.modules" 1043
"../../../Engine/Plugins/Experimental/EditorDataStorage/Binaries/Win64/UnrealEditor.modules" 1044
"../../../Engine/Plugins/Experimental/EditorDataStorageFeatures/Binaries/Win64/UnrealEditor.modules" 1045
"../../../Engine/Plugins/Animation/SkeletalMeshModelingTools/Binaries/Win64/UnrealEditor.modules" 1046
"../../../Engine/Plugins/Media/AjaMedia/Binaries/Win64/UnrealEditor.modules" 1047
"../../../Engine/Plugins/Media/BlackmagicMedia/Binaries/Win64/UnrealEditor.modules" 1048
"../../../Engine/Plugins/Media/AppleProResMedia/Binaries/Win64/UnrealEditor.modules" 1049
"../../../Engine/Plugins/Media/HAPMedia/Binaries/Win64/UnrealEditor.modules" 1050
"../../../Engine/Plugins/Runtime/AR/AppleAR/AppleARKit/Binaries/Win64/UnrealEditor.modules" 1051
"../../../Engine/Plugins/Runtime/AR/ARUtilities/Binaries/Win64/UnrealEditor.modules" 1052
"../../../Engine/Plugins/Runtime/AR/AppleAR/AppleARKitFaceSupport/Binaries/Win64/UnrealEditor.modules" 1053
"../../../Engine/Plugins/Enterprise/VariantManager/Binaries/Win64/UnrealEditor.modules" 1054
"../../../Engine/Plugins/Enterprise/VariantManagerContent/Binaries/Win64/UnrealEditor.modules" 1055
"../../../Engine/Plugins/VirtualProduction/DMX/DMXProtocol/Binaries/Win64/UnrealEditor.modules" 1056
"../../../Engine/Plugins/AudioInsights/Binaries/Win64/UnrealEditor.modules" 1057
"../../../Engine/Plugins/Runtime/AudioWidgets/Binaries/Win64/UnrealEditor.modules" 1058
"../../../Engine/Plugins/Runtime/AudioSynesthesia/Binaries/Win64/UnrealEditor.modules" 1059
"../../../Engine/Plugins/Bridge/Binaries/Win64/UnrealEditor.modules" 1060
"../../../Engine/Plugins/MetaHuman/MetaHumanSDK/Binaries/Win64/UnrealEditor.modules" 1061
"../../../Engine/Plugins/Animation/ControlRig/Binaries/Win64/UnrealEditor.modules" 1062
"../../../Engine/Plugins/Runtime/HairStrands/Binaries/Win64/UnrealEditor.modules" 1063
"../../../Engine/Plugins/Animation/RigLogic/Binaries/Win64/UnrealEditor.modules" 1064
"../../../Engine/Plugins/Interchange/Runtime/Binaries/Win64/UnrealEditor.modules" 1065
"../../../Engine/Plugins/Online/EOSShared/Binaries/Win64/UnrealEditor.modules" 1066
"../../../Engine/Plugins/Runtime/RigVM/Binaries/Win64/UnrealEditor.modules" 1067
"../../../Engine/Plugins/Animation/TweeningUtils/Binaries/Win64/UnrealEditor.modules" 1068
"../../../Engine/Plugins/Animation/DeformerGraph/Binaries/Win64/UnrealEditor.modules" 1069
"../../../Engine/Plugins/Runtime/ComputeFramework/Binaries/Win64/UnrealEditor.modules" 1070
"../../../Engine/Plugins/Interchange/Assets/Binaries/Win64/UnrealEditor.modules" 1071
"../../../Engine/Plugins/ChaosInsights/Binaries/Win64/UnrealEditor.modules" 1072
"../../../Engine/Plugins/ChaosVD/Binaries/Win64/UnrealEditor.modules" 1073
"../../../Engine/Plugins/CmdLinkServer/Binaries/Win64/UnrealEditor.modules" 1074
"../../../Engine/Plugins/Fab/Binaries/Win64/UnrealEditor.modules" 1075
"../../../Engine/Plugins/IoStoreInsights/Binaries/Win64/UnrealEditor.modules" 1076
"../../../Engine/Plugins/MassInsights/Binaries/Win64/UnrealEditor.modules" 1077
"../../../Engine/Plugins/MeshPainting/Binaries/Win64/UnrealEditor.modules" 1078
"../../../Engine/Plugins/Interchange/Editor/Binaries/Win64/UnrealEditor.modules" 1079
"../../../Engine/Plugins/RenderGraphInsights/Binaries/Win64/UnrealEditor.modules" 1080
"../../../Engine/Plugins/TraceUtilities/Binaries/Win64/UnrealEditor.modules" 1081
"../../../Engine/Plugins/UbaController/Binaries/Win64/UnrealEditor.modules" 1082
"../../../Engine/Plugins/WorldMetrics/Binaries/Win64/UnrealEditor.modules" 1083
"../../../Engine/Plugins/XGEController/Binaries/Win64/UnrealEditor.modules" 1084
"../../../Engine/Plugins/AI/AISupport/Binaries/Win64/UnrealEditor.modules" 1085
"../../../Engine/Plugins/AI/EnvironmentQueryEditor/Binaries/Win64/UnrealEditor.modules" 1086
"../../../Engine/Plugins/Developer/AnimationSharing/Binaries/Win64/UnrealEditor.modules" 1087
"../../../Engine/Plugins/Runtime/SignificanceManager/Binaries/Win64/UnrealEditor.modules" 1088
"../../../Engine/Plugins/Developer/CLionSourceCodeAccess/Binaries/Win64/UnrealEditor.modules" 1089
"../../../Engine/Plugins/Developer/DumpGPUServices/Binaries/Win64/UnrealEditor.modules" 1090
"../../../Engine/Plugins/Developer/GitSourceControl/Binaries/Win64/UnrealEditor.modules" 1091
"../../../Engine/Plugins/Developer/N10XSourceCodeAccess/Binaries/Win64/UnrealEditor.modules" 1092
"../../../Engine/Plugins/Developer/GPUReshape/Binaries/Win64/UnrealEditor.modules" 1093
"../../../Engine/Plugins/Developer/PixWinPlugin/Binaries/Win64/UnrealEditor.modules" 1094
"../../../Engine/Plugins/Developer/PerforceSourceControl/Binaries/Win64/UnrealEditor.modules" 1095
"../../../Engine/Plugins/Developer/PluginUtils/Binaries/Win64/UnrealEditor.modules" 1096
"../../../Engine/Plugins/Developer/PlasticSourceControl/Binaries/Win64/UnrealEditor.modules" 1097
"../../../Engine/Plugins/Developer/ProjectLauncher/Binaries/Win64/UnrealEditor.modules" 1098
"../../../Engine/Plugins/Developer/PropertyAccessNode/Binaries/Win64/UnrealEditor.modules" 1099
"../../../Engine/Plugins/Developer/RenderDocPlugin/Binaries/Win64/UnrealEditor.modules" 1100
"../../../Engine/Plugins/Developer/RiderSourceCodeAccess/Binaries/Win64/UnrealEditor.modules" 1101
"../../../Engine/Plugins/Developer/TextureFormatOodle/Binaries/Win64/UnrealEditor.modules" 1102
"../../../Engine/Plugins/Developer/SubversionSourceControl/Binaries/Win64/UnrealEditor.modules" 1103
"../../../Engine/Plugins/Developer/UObjectPlugin/Binaries/Win64/UnrealEditor.modules" 1104
"../../../Engine/Plugins/Developer/VisualStudioCodeSourceCodeAccess/Binaries/Win64/UnrealEditor.modules" 1105
"../../../Engine/Plugins/Developer/VisualStudioSourceCodeAccess/Binaries/Win64/UnrealEditor.modules" 1106
"../../../Engine/Plugins/Messaging/TcpMessaging/Binaries/Win64/UnrealEditor.modules" 1107
"../../../Engine/Plugins/Messaging/UdpMessaging/Binaries/Win64/UnrealEditor.modules" 1108
"../../../Engine/Plugins/Online/OnlineSubsystemNull/Binaries/Win64/UnrealEditor.modules" 1109
"../../../Engine/Plugins/Cameras/CameraShakePreviewer/Binaries/Win64/UnrealEditor.modules" 1110
"../../../Engine/Plugins/Cameras/EngineCameras/Binaries/Win64/UnrealEditor.modules" 1111
"../../../Engine/Plugins/Importers/AlembicImporter/Binaries/Win64/UnrealEditor.modules" 1112
"../../../Engine/Plugins/Media/AndroidMedia/Binaries/Win64/UnrealEditor.modules" 1113
"../../../Engine/Plugins/Media/AvfMedia/Binaries/Win64/UnrealEditor.modules" 1114
"../../../Engine/Plugins/Media/ImgMedia/Binaries/Win64/UnrealEditor.modules" 1115
"../../../Engine/Plugins/Media/MediaCompositing/Binaries/Win64/UnrealEditor.modules" 1116
"../../../Engine/Plugins/Media/MediaPlate/Binaries/Win64/UnrealEditor.modules" 1117
"../../../Engine/Plugins/MovieScene/ActorSequence/Binaries/Win64/UnrealEditor.modules" 1118
"../../../Engine/Plugins/MovieScene/SequenceValidator/Binaries/Win64/UnrealEditor.modules" 1119
"../../../Engine/Plugins/Compression/OodleNetwork/Binaries/Win64/UnrealEditor.modules" 1120
"../../../Engine/Plugins/Enterprise/DatasmithContent/Binaries/Win64/UnrealEditor.modules" 1121
"../../../Engine/Plugins/Enterprise/GLTFExporter/Binaries/Win64/UnrealEditor.modules" 1122
"../../../Engine/Plugins/FX/Cascade/Binaries/Win64/UnrealEditor.modules" 1123
"../../../Engine/Plugins/FX/NiagaraSimCaching/Binaries/Win64/UnrealEditor.modules" 1124
"../../../Engine/Plugins/FX/NiagaraPreviewContent/Binaries/Win64/UnrealEditor.modules" 1125
"../../../Engine/Plugins/Tests/InterchangeTests/Binaries/Win64/UnrealEditor.modules" 1126
"../../../Engine/Plugins/2D/Paper2D/Binaries/Win64/UnrealEditor.modules" 1127
"../../../Engine/Plugins/Animation/AnimationData/Binaries/Win64/UnrealEditor.modules" 1128
"../../../Engine/Plugins/Animation/AnimationModifierLibrary/Binaries/Win64/UnrealEditor.modules" 1129
"../../../Engine/Plugins/Animation/BlendSpaceMotionAnalysis/Binaries/Win64/UnrealEditor.modules" 1130
"../../../Engine/Plugins/NNE/NNEDenoiser/Binaries/Win64/UnrealEditor.modules" 1131
"../../../Engine/Plugins/NNE/NNERuntimeORT/Binaries/Win64/UnrealEditor.modules" 1132
"../../../Engine/Plugins/Animation/ControlRigSpline/Binaries/Win64/UnrealEditor.modules" 1133
"../../../Engine/Plugins/Animation/EaseCurveTool/Binaries/Win64/UnrealEditor.modules" 1134
"../../../Engine/Plugins/Animation/IKRig/Binaries/Win64/UnrealEditor.modules" 1135
"../../../Engine/Plugins/Experimental/FullBodyIK/Binaries/Win64/UnrealEditor.modules" 1136
"../../../Engine/Plugins/Editor/AssetManagerEditor/Binaries/Win64/UnrealEditor.modules" 1137
"../../../Engine/Plugins/Animation/ACLPlugin/Binaries/Win64/UnrealEditor.modules" 1138
"../../../Engine/Plugins/Editor/BlueprintHeaderView/Binaries/Win64/UnrealEditor.modules" 1139
"../../../Engine/Plugins/Editor/ChangelistReview/Binaries/Win64/UnrealEditor.modules" 1140
"../../../Engine/Plugins/Editor/CurveEditorTools/Binaries/Win64/UnrealEditor.modules" 1141
"../../../Engine/Plugins/Editor/FacialAnimation/Binaries/Win64/UnrealEditor.modules" 1142
"../../../Engine/Plugins/Editor/CryptoKeys/Binaries/Win64/UnrealEditor.modules" 1143
"../../../Engine/Plugins/Editor/GeometryMode/Binaries/Win64/UnrealEditor.modules" 1144
"../../../Engine/Plugins/Editor/MaterialAnalyzer/Binaries/Win64/UnrealEditor.modules" 1145
"../../../Engine/Plugins/Editor/EditorDebugTools/Binaries/Win64/UnrealEditor.modules" 1146
"../../../Engine/Plugins/Editor/PluginBrowser/Binaries/Win64/UnrealEditor.modules" 1147
"../../../Engine/Plugins/Editor/MobileLauncherProfileWizard/Binaries/Win64/UnrealEditor.modules" 1148
"../../../Engine/Plugins/Editor/SequencerAnimTools/Binaries/Win64/UnrealEditor.modules" 1149
"../../../Engine/Plugins/Editor/SpeedTreeImporter/Binaries/Win64/UnrealEditor.modules" 1150
"../../../Engine/Plugins/Editor/UMGWidgetPreview/Binaries/Win64/UnrealEditor.modules" 1151
"../../../Engine/Plugins/Editor/WorldPartitionHLODUtilities/Binaries/Win64/UnrealEditor.modules" 1152
"../../../Engine/Plugins/Experimental/AdvancedRenamer/Binaries/Win64/UnrealEditor.modules" 1153
"../../../Engine/Plugins/Experimental/AutomationUtils/Binaries/Win64/UnrealEditor.modules" 1154
"../../../Engine/Plugins/Editor/UVEditor/Binaries/Win64/UnrealEditor.modules" 1155
"../../../Engine/Plugins/Experimental/ChaosNiagara/Binaries/Win64/UnrealEditor.modules" 1156
"../../../Engine/Plugins/Experimental/ChaosSolverPlugin/Binaries/Win64/UnrealEditor.modules" 1157
"../../../Engine/Plugins/Experimental/ChaosEditor/Binaries/Win64/UnrealEditor.modules" 1158
"../../../Engine/Plugins/Experimental/GeometryCollectionPlugin/Binaries/Win64/UnrealEditor.modules" 1159
"../../../Engine/Plugins/Experimental/Fracture/Binaries/Win64/UnrealEditor.modules" 1160
"../../../Engine/Plugins/Experimental/GeometryDataflow/Binaries/Win64/UnrealEditor.modules" 1161
"../../../Engine/Plugins/Experimental/CharacterAI/Binaries/Win64/UnrealEditor.modules" 1162
"../../../Engine/Plugins/Experimental/ChaosUserDataPT/Binaries/Win64/UnrealEditor.modules" 1163
"../../../Engine/Plugins/Experimental/EditorPerformance/Binaries/Win64/UnrealEditor.modules" 1164
"../../../Engine/Plugins/Experimental/EditorTelemetry/Binaries/Win64/UnrealEditor.modules" 1165
"../../../Engine/Plugins/Experimental/GlobalConfigurationData/Binaries/Win64/UnrealEditor.modules" 1166
"../../../Engine/Plugins/Experimental/LevelSequenceNavigatorBridge/Binaries/Win64/UnrealEditor.modules" 1167
"../../../Engine/Plugins/Experimental/SequenceNavigator/Binaries/Win64/UnrealEditor.modules" 1168
"../../../Engine/Plugins/Experimental/LocalizableMessage/Binaries/Win64/UnrealEditor.modules" 1169
"../../../Engine/Plugins/Experimental/NFORDenoise/Binaries/Win64/UnrealEditor.modules" 1170
"../../../Engine/Plugins/Experimental/PlatformCrypto/Binaries/Win64/UnrealEditor.modules" 1171
"../../../Engine/Plugins/Experimental/SkeletalReduction/Binaries/Win64/UnrealEditor.modules" 1172
"../../../Engine/Plugins/Experimental/RuntimeTelemetry/Binaries/Win64/UnrealEditor.modules" 1173
"../../../Engine/Plugins/Portal/LauncherChunkInstaller/Binaries/Win64/UnrealEditor.modules" 1174
"../../../Engine/Plugins/Runtime/AndroidDeviceProfileSelector/Binaries/Win64/UnrealEditor.modules" 1175
"../../../Engine/Plugins/Runtime/AndroidPermission/Binaries/Win64/UnrealEditor.modules" 1176
"../../../Engine/Plugins/Runtime/AndroidFileServer/Binaries/Win64/UnrealEditor.modules" 1177
"../../../Engine/Plugins/Runtime/ArchVisCharacter/Binaries/Win64/UnrealEditor.modules" 1178
"../../../Engine/Plugins/Runtime/AssetTags/Binaries/Win64/UnrealEditor.modules" 1179
"../../../Engine/Plugins/Runtime/CustomMeshComponent/Binaries/Win64/UnrealEditor.modules" 1180
"../../../Engine/Plugins/Runtime/ChunkDownloader/Binaries/Win64/UnrealEditor.modules" 1181
"../../../Engine/Plugins/Runtime/ExampleDeviceProfileSelector/Binaries/Win64/UnrealEditor.modules" 1182
"../../../Engine/Plugins/Runtime/CableComponent/Binaries/Win64/UnrealEditor.modules" 1183
"../../../Engine/Plugins/Runtime/GooglePAD/Binaries/Win64/UnrealEditor.modules" 1184
"../../../Engine/Plugins/Runtime/InputDebugging/Binaries/Win64/UnrealEditor.modules" 1185
"../../../Engine/Plugins/Runtime/LocationServicesBPLibrary/Binaries/Win64/UnrealEditor.modules" 1186
"../../../Engine/Plugins/Runtime/MsQuic/Binaries/Win64/UnrealEditor.modules" 1187
"../../../Engine/Plugins/Runtime/ResonanceAudio/Binaries/Win64/UnrealEditor.modules" 1188
"../../../Engine/Plugins/Runtime/Metasound/Binaries/Win64/UnrealEditor.modules" 1189
"../../../Engine/Plugins/Runtime/WaveTable/Binaries/Win64/UnrealEditor.modules" 1190
"../../../Engine/Plugins/Runtime/SoundFields/Binaries/Win64/UnrealEditor.modules" 1191
"../../../Engine/Plugins/Runtime/MobilePatchingUtils/Binaries/Win64/UnrealEditor.modules" 1192
"../../../Engine/Plugins/Runtime/WindowsDeviceProfileSelector/Binaries/Win64/UnrealEditor.modules" 1193
"../../../Engine/Plugins/Runtime/WebMMoviePlayer/Binaries/Win64/UnrealEditor.modules" 1194
"../../../Engine/Plugins/Media/WebMMedia/Binaries/Win64/UnrealEditor.modules" 1195
"../../../Engine/Plugins/Runtime/WindowsMoviePlayer/Binaries/Win64/UnrealEditor.modules" 1196
"../../../Engine/Plugins/Runtime/Synthesis/Binaries/Win64/UnrealEditor.modules" 1197
"../../../Engine/Plugins/Editor/ContentBrowser/ContentBrowserClassDataSource/Binaries/Win64/UnrealEditor.modules" 1198
"../../../Engine/Plugins/Editor/ObjectMixer/LightMixer/Binaries/Win64/UnrealEditor.modules" 1199
"../../../Engine/Plugins/Editor/Localization/PortableObjectFileDataSource/Binaries/Win64/UnrealEditor.modules" 1200
"../../../Engine/Plugins/Runtime/Windows/XInputDevice/Binaries/Win64/UnrealEditor.modules" 1201
"../../../Engine/Config/BaseSourceControlSettings.ini" 1202
"../../../Engine/Content/Internationalization/icudt64l/coll/ucadata.icu" 1203
"../../../Engine/Content/Internationalization/icudt64l/coll/ja.res" 1204
"../../../Engine/Content/Internationalization/icudt64l/coll/root.res" 1205
"../../../Engine/Content/Certificates/ThirdParty/cacert.pem" 1206
"../../../Engine/Config/ConsoleVariables.ini" 1207
"../../../Engine/Binaries/Win64/Android/UnrealEditor.modules" 1208
"../../../Engine/Binaries/Win64/IOS/UnrealEditor.modules" 1209
"../../../Engine/Binaries/Win64/Linux/UnrealEditor.modules" 1210
"../../../Engine/Content/Localization/Editor/ja/Editor.locres" 1211
"../../../Engine/Content/Localization/Keywords/ja/Keywords.locres" 1212
"../../../Engine/Content/Localization/Category/ja/Category.locres" 1213
"../../../Engine/Content/Localization/ToolTips/ja/ToolTips.locres" 1214
"../../../Engine/Content/Localization/PropertyNames/ja/PropertyNames.locres" 1215
"../../../Engine/Content/Localization/Engine/ja/Engine.locres" 1216
"../../../Engine/Plugins/Online/OnlineSubsystem/Content/Localization/OnlineSubsystem/ja/OnlineSubsystem.locres" 1217
"../../../Engine/Plugins/Online/OnlineSubsystemUtils/Content/Localization/OnlineSubsystemUtils/ja/OnlineSubsystemUtils.locres" 1218
"../../../Engine/Plugins/MetaHuman/MetaHumanSDK/Content/Localization/MetaHumanSDK/ja/MetaHumanSDK.locres" 1219
"../../../Engine/Plugins/MetaHuman/MetaHumanSDK/Content/Localization/MetaHumanSDK_Properties/ja/MetaHumanSDK_Properties.locres" 1220
"../../../Engine/Plugins/MetaHuman/MetaHumanSDK/Content/Localization/MetaHumanSDK_Tooltips/ja/MetaHumanSDK_Tooltips.locres" 1221
"../../../Engine/Plugins/Online/Android/OnlineSubsystemGooglePlay/Content/Localization/OnlineSubsystemGooglePlay/ja/OnlineSubsystemGooglePlay.locres" 1222
"../../../Engine/Plugins/Online/IOS/OnlineSubsystemIOS/Content/Localization/OnlineSubsystemIOS/ja/OnlineSubsystemIOS.locres" 1223
"../../../Engine/Content/Internationalization/icudt64l/numberingSystems.res" 1224
"../../../Engine/Content/Internationalization/icudt64l/curr/supplementalData.res" 1225
"../../../Engine/Content/Internationalization/icudt64l/curr/ja_JP.res" 1226
"../../../Engine/Content/Internationalization/icudt64l/curr/pool.res" 1227
"../../../Engine/Content/Internationalization/icudt64l/curr/ja.res" 1228
"../../../Engine/Content/Internationalization/icudt64l/curr/root.res" 1229
"../../../Engine/Content/Internationalization/icudt64l/lang/af.res" 1230
"../../../Engine/Content/Internationalization/icudt64l/region/af.res" 1231
"../../../Engine/Content/Internationalization/icudt64l/lang/agq.res" 1232
"../../../Engine/Content/Internationalization/icudt64l/region/agq.res" 1233
"../../../Engine/Content/Internationalization/icudt64l/lang/ak.res" 1234
"../../../Engine/Content/Internationalization/icudt64l/region/ak.res" 1235
"../../../Engine/Content/Internationalization/icudt64l/lang/am.res" 1236
"../../../Engine/Content/Internationalization/icudt64l/region/am.res" 1237
"../../../Engine/Content/Internationalization/icudt64l/lang/ar.res" 1238
"../../../Engine/Content/Internationalization/icudt64l/region/ar.res" 1239
"../../../Engine/Content/Internationalization/icudt64l/region/ar_AE.res" 1240
"../../../Engine/Content/Internationalization/icudt64l/lang/ar_EG.res" 1241
"../../../Engine/Content/Internationalization/icudt64l/lang/ar_LY.res" 1242
"../../../Engine/Content/Internationalization/icudt64l/region/ar_LY.res" 1243
"../../../Engine/Content/Internationalization/icudt64l/lang/ar_SA.res" 1244
"../../../Engine/Content/Internationalization/icudt64l/region/ar_SA.res" 1245
"../../../Engine/Content/Internationalization/icudt64l/lang/as.res" 1246
"../../../Engine/Content/Internationalization/icudt64l/region/as.res" 1247
"../../../Engine/Content/Internationalization/icudt64l/lang/asa.res" 1248
"../../../Engine/Content/Internationalization/icudt64l/region/asa.res" 1249
"../../../Engine/Content/Internationalization/icudt64l/lang/ast.res" 1250
"../../../Engine/Content/Internationalization/icudt64l/region/ast.res" 1251
"../../../Engine/Content/Internationalization/icudt64l/lang/az.res" 1252
"../../../Engine/Content/Internationalization/icudt64l/lang/az_Cyrl.res" 1253
"../../../Engine/Content/Internationalization/icudt64l/lang/az_AZ.res" 1254
"../../../Engine/Content/Internationalization/icudt64l/lang/az_Latn_AZ.res" 1255
"../../../Engine/Content/Internationalization/icudt64l/lang/az_Latn.res" 1256
"../../../Engine/Content/Internationalization/icudt64l/region/az_AZ.res" 1257
"../../../Engine/Content/Internationalization/icudt64l/region/az_Latn_AZ.res" 1258
"../../../Engine/Content/Internationalization/icudt64l/region/az_Latn.res" 1259
"../../../Engine/Content/Internationalization/icudt64l/region/az.res" 1260
"../../../Engine/Content/Internationalization/icudt64l/region/az_Cyrl.res" 1261
"../../../Engine/Content/Internationalization/icudt64l/lang/bas.res" 1262
"../../../Engine/Content/Internationalization/icudt64l/region/bas.res" 1263
"../../../Engine/Content/Internationalization/icudt64l/lang/be.res" 1264
"../../../Engine/Content/Internationalization/icudt64l/region/be.res" 1265
"../../../Engine/Content/Internationalization/icudt64l/lang/bem.res" 1266
"../../../Engine/Content/Internationalization/icudt64l/region/bem.res" 1267
"../../../Engine/Content/Internationalization/icudt64l/lang/bez.res" 1268
"../../../Engine/Content/Internationalization/icudt64l/region/bez.res" 1269
"../../../Engine/Content/Internationalization/icudt64l/lang/bg.res" 1270
"../../../Engine/Content/Internationalization/icudt64l/region/bg.res" 1271
"../../../Engine/Content/Internationalization/icudt64l/lang/bm.res" 1272
"../../../Engine/Content/Internationalization/icudt64l/region/bm.res" 1273
"../../../Engine/Content/Internationalization/icudt64l/lang/bn.res" 1274
"../../../Engine/Content/Internationalization/icudt64l/region/bn.res" 1275
"../../../Engine/Content/Internationalization/icudt64l/lang/bn_IN.res" 1276
"../../../Engine/Content/Internationalization/icudt64l/region/bn_IN.res" 1277
"../../../Engine/Content/Internationalization/icudt64l/lang/bo.res" 1278
"../../../Engine/Content/Internationalization/icudt64l/region/bo.res" 1279
"../../../Engine/Content/Internationalization/icudt64l/region/bo_IN.res" 1280
"../../../Engine/Content/Internationalization/icudt64l/lang/br.res" 1281
"../../../Engine/Content/Internationalization/icudt64l/region/br.res" 1282
"../../../Engine/Content/Internationalization/icudt64l/lang/brx.res" 1283
"../../../Engine/Content/Internationalization/icudt64l/region/brx.res" 1284
"../../../Engine/Content/Internationalization/icudt64l/lang/bs.res" 1285
"../../../Engine/Content/Internationalization/icudt64l/lang/bs_Cyrl.res" 1286
"../../../Engine/Content/Internationalization/icudt64l/lang/bs_BA.res" 1287
"../../../Engine/Content/Internationalization/icudt64l/lang/bs_Latn_BA.res" 1288
"../../../Engine/Content/Internationalization/icudt64l/lang/bs_Latn.res" 1289
"../../../Engine/Content/Internationalization/icudt64l/region/bs_BA.res" 1290
"../../../Engine/Content/Internationalization/icudt64l/region/bs_Latn_BA.res" 1291
"../../../Engine/Content/Internationalization/icudt64l/region/bs_Latn.res" 1292
"../../../Engine/Content/Internationalization/icudt64l/region/bs.res" 1293
"../../../Engine/Content/Internationalization/icudt64l/region/bs_Cyrl.res" 1294
"../../../Engine/Content/Internationalization/icudt64l/lang/ca.res" 1295
"../../../Engine/Content/Internationalization/icudt64l/region/ca.res" 1296
"../../../Engine/Content/Internationalization/icudt64l/lang/ccp.res" 1297
"../../../Engine/Content/Internationalization/icudt64l/region/ccp.res" 1298
"../../../Engine/Content/Internationalization/icudt64l/lang/ce.res" 1299
"../../../Engine/Content/Internationalization/icudt64l/region/ce.res" 1300
"../../../Engine/Content/Internationalization/icudt64l/lang/ceb.res" 1301
"../../../Engine/Content/Internationalization/icudt64l/region/ceb.res" 1302
"../../../Engine/Content/Internationalization/icudt64l/lang/cgg.res" 1303
"../../../Engine/Content/Internationalization/icudt64l/region/cgg.res" 1304
"../../../Engine/Content/Internationalization/icudt64l/lang/chr.res" 1305
"../../../Engine/Content/Internationalization/icudt64l/region/chr.res" 1306
"../../../Engine/Content/Internationalization/icudt64l/lang/ckb.res" 1307
"../../../Engine/Content/Internationalization/icudt64l/region/ckb.res" 1308
"../../../Engine/Content/Internationalization/icudt64l/lang/cs.res" 1309
"../../../Engine/Content/Internationalization/icudt64l/region/cs.res" 1310
"../../../Engine/Content/Internationalization/icudt64l/lang/cy.res" 1311
"../../../Engine/Content/Internationalization/icudt64l/region/cy.res" 1312
"../../../Engine/Content/Internationalization/icudt64l/lang/da.res" 1313
"../../../Engine/Content/Internationalization/icudt64l/region/da.res" 1314
"../../../Engine/Content/Internationalization/icudt64l/lang/dav.res" 1315
"../../../Engine/Content/Internationalization/icudt64l/region/dav.res" 1316
"../../../Engine/Content/Internationalization/icudt64l/lang/de.res" 1317
"../../../Engine/Content/Internationalization/icudt64l/lang/de_AT.res" 1318
"../../../Engine/Content/Internationalization/icudt64l/region/de_AT.res" 1319
"../../../Engine/Content/Internationalization/icudt64l/region/de.res" 1320
"../../../Engine/Content/Internationalization/icudt64l/lang/de_CH.res" 1321
"../../../Engine/Content/Internationalization/icudt64l/region/de_CH.res" 1322
"../../../Engine/Content/Internationalization/icudt64l/lang/de_LU.res" 1323
"../../../Engine/Content/Internationalization/icudt64l/lang/dje.res" 1324
"../../../Engine/Content/Internationalization/icudt64l/region/dje.res" 1325
"../../../Engine/Content/Internationalization/icudt64l/lang/dsb.res" 1326
"../../../Engine/Content/Internationalization/icudt64l/region/dsb.res" 1327
"../../../Engine/Content/Internationalization/icudt64l/lang/dua.res" 1328
"../../../Engine/Content/Internationalization/icudt64l/region/dua.res" 1329
"../../../Engine/Content/Internationalization/icudt64l/lang/dyo.res" 1330
"../../../Engine/Content/Internationalization/icudt64l/region/dyo.res" 1331
"../../../Engine/Content/Internationalization/icudt64l/lang/dz.res" 1332
"../../../Engine/Content/Internationalization/icudt64l/region/dz.res" 1333
"../../../Engine/Content/Internationalization/icudt64l/lang/ebu.res" 1334
"../../../Engine/Content/Internationalization/icudt64l/region/ebu.res" 1335
"../../../Engine/Content/Internationalization/icudt64l/lang/ee.res" 1336
"../../../Engine/Content/Internationalization/icudt64l/region/ee.res" 1337
"../../../Engine/Content/Internationalization/icudt64l/lang/el.res" 1338
"../../../Engine/Content/Internationalization/icudt64l/region/el.res" 1339
"../../../Engine/Content/Internationalization/icudt64l/lang/en_001.res" 1340
"../../../Engine/Content/Internationalization/icudt64l/lang/en_150.res" 1341
"../../../Engine/Content/Internationalization/icudt64l/region/en_150.res" 1342
"../../../Engine/Content/Internationalization/icudt64l/lang/en_AG.res" 1343
"../../../Engine/Content/Internationalization/icudt64l/region/en_AG.res" 1344
"../../../Engine/Content/Internationalization/icudt64l/lang/en_AI.res" 1345
"../../../Engine/Content/Internationalization/icudt64l/region/en_AI.res" 1346
"../../../Engine/Content/Internationalization/icudt64l/lang/en_AT.res" 1347
"../../../Engine/Content/Internationalization/icudt64l/region/en_AT.res" 1348
"../../../Engine/Content/Internationalization/icudt64l/lang/en_AU.res" 1349
"../../../Engine/Content/Internationalization/icudt64l/region/en_AU.res" 1350
"../../../Engine/Content/Internationalization/icudt64l/lang/en_BB.res" 1351
"../../../Engine/Content/Internationalization/icudt64l/region/en_BB.res" 1352
"../../../Engine/Content/Internationalization/icudt64l/lang/en_BE.res" 1353
"../../../Engine/Content/Internationalization/icudt64l/region/en_BE.res" 1354
"../../../Engine/Content/Internationalization/icudt64l/lang/en_BM.res" 1355
"../../../Engine/Content/Internationalization/icudt64l/region/en_BM.res" 1356
"../../../Engine/Content/Internationalization/icudt64l/lang/en_BS.res" 1357
"../../../Engine/Content/Internationalization/icudt64l/region/en_BS.res" 1358
"../../../Engine/Content/Internationalization/icudt64l/lang/en_BW.res" 1359
"../../../Engine/Content/Internationalization/icudt64l/region/en_BW.res" 1360
"../../../Engine/Content/Internationalization/icudt64l/lang/en_BZ.res" 1361
"../../../Engine/Content/Internationalization/icudt64l/region/en_BZ.res" 1362
"../../../Engine/Content/Internationalization/icudt64l/lang/en_CA.res" 1363
"../../../Engine/Content/Internationalization/icudt64l/region/en_CA.res" 1364
"../../../Engine/Content/Internationalization/icudt64l/lang/en_CC.res" 1365
"../../../Engine/Content/Internationalization/icudt64l/region/en_CC.res" 1366
"../../../Engine/Content/Internationalization/icudt64l/lang/en_CH.res" 1367
"../../../Engine/Content/Internationalization/icudt64l/region/en_CH.res" 1368
"../../../Engine/Content/Internationalization/icudt64l/lang/en_CK.res" 1369
"../../../Engine/Content/Internationalization/icudt64l/region/en_CK.res" 1370
"../../../Engine/Content/Internationalization/icudt64l/lang/en_CM.res" 1371
"../../../Engine/Content/Internationalization/icudt64l/region/en_CM.res" 1372
"../../../Engine/Content/Internationalization/icudt64l/lang/en_CX.res" 1373
"../../../Engine/Content/Internationalization/icudt64l/region/en_CX.res" 1374
"../../../Engine/Content/Internationalization/icudt64l/lang/en_CY.res" 1375
"../../../Engine/Content/Internationalization/icudt64l/region/en_CY.res" 1376
"../../../Engine/Content/Internationalization/icudt64l/lang/en_DE.res" 1377
"../../../Engine/Content/Internationalization/icudt64l/region/en_DE.res" 1378
"../../../Engine/Content/Internationalization/icudt64l/lang/en_DG.res" 1379
"../../../Engine/Content/Internationalization/icudt64l/region/en_DG.res" 1380
"../../../Engine/Content/Internationalization/icudt64l/lang/en_DK.res" 1381
"../../../Engine/Content/Internationalization/icudt64l/region/en_DK.res" 1382
"../../../Engine/Content/Internationalization/icudt64l/lang/en_DM.res" 1383
"../../../Engine/Content/Internationalization/icudt64l/region/en_DM.res" 1384
"../../../Engine/Content/Internationalization/icudt64l/lang/en_ER.res" 1385
"../../../Engine/Content/Internationalization/icudt64l/region/en_ER.res" 1386
"../../../Engine/Content/Internationalization/icudt64l/lang/en_FI.res" 1387
"../../../Engine/Content/Internationalization/icudt64l/region/en_FI.res" 1388
"../../../Engine/Content/Internationalization/icudt64l/lang/en_FJ.res" 1389
"../../../Engine/Content/Internationalization/icudt64l/region/en_FJ.res" 1390
"../../../Engine/Content/Internationalization/icudt64l/lang/en_FK.res" 1391
"../../../Engine/Content/Internationalization/icudt64l/region/en_FK.res" 1392
"../../../Engine/Content/Internationalization/icudt64l/lang/en_FM.res" 1393
"../../../Engine/Content/Internationalization/icudt64l/region/en_FM.res" 1394
"../../../Engine/Content/Internationalization/icudt64l/lang/en_GB.res" 1395
"../../../Engine/Content/Internationalization/icudt64l/region/en_GB.res" 1396
"../../../Engine/Content/Internationalization/icudt64l/lang/en_GD.res" 1397
"../../../Engine/Content/Internationalization/icudt64l/region/en_GD.res" 1398
"../../../Engine/Content/Internationalization/icudt64l/lang/en_GG.res" 1399
"../../../Engine/Content/Internationalization/icudt64l/region/en_GG.res" 1400
"../../../Engine/Content/Internationalization/icudt64l/lang/en_GH.res" 1401
"../../../Engine/Content/Internationalization/icudt64l/region/en_GH.res" 1402
"../../../Engine/Content/Internationalization/icudt64l/lang/en_GI.res" 1403
"../../../Engine/Content/Internationalization/icudt64l/region/en_GI.res" 1404
"../../../Engine/Content/Internationalization/icudt64l/lang/en_GM.res" 1405
"../../../Engine/Content/Internationalization/icudt64l/region/en_GM.res" 1406
"../../../Engine/Content/Internationalization/icudt64l/lang/en_GY.res" 1407
"../../../Engine/Content/Internationalization/icudt64l/region/en_GY.res" 1408
"../../../Engine/Content/Internationalization/icudt64l/lang/en_HK.res" 1409
"../../../Engine/Content/Internationalization/icudt64l/region/en_HK.res" 1410
"../../../Engine/Content/Internationalization/icudt64l/lang/en_IE.res" 1411
"../../../Engine/Content/Internationalization/icudt64l/region/en_IE.res" 1412
"../../../Engine/Content/Internationalization/icudt64l/lang/en_IL.res" 1413
"../../../Engine/Content/Internationalization/icudt64l/region/en_IL.res" 1414
"../../../Engine/Content/Internationalization/icudt64l/lang/en_IM.res" 1415
"../../../Engine/Content/Internationalization/icudt64l/region/en_IM.res" 1416
"../../../Engine/Content/Internationalization/icudt64l/lang/en_IN.res" 1417
"../../../Engine/Content/Internationalization/icudt64l/region/en_IN.res" 1418
"../../../Engine/Content/Internationalization/icudt64l/lang/en_IO.res" 1419
"../../../Engine/Content/Internationalization/icudt64l/region/en_IO.res" 1420
"../../../Engine/Content/Internationalization/icudt64l/lang/en_JE.res" 1421
"../../../Engine/Content/Internationalization/icudt64l/region/en_JE.res" 1422
"../../../Engine/Content/Internationalization/icudt64l/lang/en_JM.res" 1423
"../../../Engine/Content/Internationalization/icudt64l/region/en_JM.res" 1424
"../../../Engine/Content/Internationalization/icudt64l/lang/en_KE.res" 1425
"../../../Engine/Content/Internationalization/icudt64l/region/en_KE.res" 1426
"../../../Engine/Content/Internationalization/icudt64l/lang/en_KI.res" 1427
"../../../Engine/Content/Internationalization/icudt64l/region/en_KI.res" 1428
"../../../Engine/Content/Internationalization/icudt64l/lang/en_KN.res" 1429
"../../../Engine/Content/Internationalization/icudt64l/region/en_KN.res" 1430
"../../../Engine/Content/Internationalization/icudt64l/lang/en_KY.res" 1431
"../../../Engine/Content/Internationalization/icudt64l/region/en_KY.res" 1432
"../../../Engine/Content/Internationalization/icudt64l/lang/en_LC.res" 1433
"../../../Engine/Content/Internationalization/icudt64l/region/en_LC.res" 1434
"../../../Engine/Content/Internationalization/icudt64l/lang/en_LR.res" 1435
"../../../Engine/Content/Internationalization/icudt64l/region/en_LR.res" 1436
"../../../Engine/Content/Internationalization/icudt64l/lang/en_LS.res" 1437
"../../../Engine/Content/Internationalization/icudt64l/region/en_LS.res" 1438
"../../../Engine/Content/Internationalization/icudt64l/lang/en_MG.res" 1439
"../../../Engine/Content/Internationalization/icudt64l/region/en_MG.res" 1440
"../../../Engine/Content/Internationalization/icudt64l/lang/en_MO.res" 1441
"../../../Engine/Content/Internationalization/icudt64l/region/en_MO.res" 1442
"../../../Engine/Content/Internationalization/icudt64l/lang/en_MS.res" 1443
"../../../Engine/Content/Internationalization/icudt64l/region/en_MS.res" 1444
"../../../Engine/Content/Internationalization/icudt64l/lang/en_MT.res" 1445
"../../../Engine/Content/Internationalization/icudt64l/region/en_MT.res" 1446
"../../../Engine/Content/Internationalization/icudt64l/lang/en_MU.res" 1447
"../../../Engine/Content/Internationalization/icudt64l/region/en_MU.res" 1448
"../../../Engine/Content/Internationalization/icudt64l/lang/en_MW.res" 1449
"../../../Engine/Content/Internationalization/icudt64l/region/en_MW.res" 1450
"../../../Engine/Content/Internationalization/icudt64l/lang/en_MY.res" 1451
"../../../Engine/Content/Internationalization/icudt64l/region/en_MY.res" 1452
"../../../Engine/Content/Internationalization/icudt64l/lang/en_NA.res" 1453
"../../../Engine/Content/Internationalization/icudt64l/region/en_NA.res" 1454
"../../../Engine/Content/Internationalization/icudt64l/lang/en_NF.res" 1455
"../../../Engine/Content/Internationalization/icudt64l/region/en_NF.res" 1456
"../../../Engine/Content/Internationalization/icudt64l/lang/en_NG.res" 1457
"../../../Engine/Content/Internationalization/icudt64l/region/en_NG.res" 1458
"../../../Engine/Content/Internationalization/icudt64l/lang/en_NL.res" 1459
"../../../Engine/Content/Internationalization/icudt64l/region/en_NL.res" 1460
"../../../Engine/Content/Internationalization/icudt64l/lang/en_NR.res" 1461
"../../../Engine/Content/Internationalization/icudt64l/region/en_NR.res" 1462
"../../../Engine/Content/Internationalization/icudt64l/lang/en_NU.res" 1463
"../../../Engine/Content/Internationalization/icudt64l/region/en_NU.res" 1464
"../../../Engine/Content/Internationalization/icudt64l/lang/en_NZ.res" 1465
"../../../Engine/Content/Internationalization/icudt64l/region/en_NZ.res" 1466
"../../../Engine/Content/Internationalization/icudt64l/lang/en_PG.res" 1467
"../../../Engine/Content/Internationalization/icudt64l/region/en_PG.res" 1468
"../../../Engine/Content/Internationalization/icudt64l/lang/en_PH.res" 1469
"../../../Engine/Content/Internationalization/icudt64l/region/en_PH.res" 1470
"../../../Engine/Content/Internationalization/icudt64l/lang/en_PK.res" 1471
"../../../Engine/Content/Internationalization/icudt64l/region/en_PK.res" 1472
"../../../Engine/Content/Internationalization/icudt64l/lang/en_PN.res" 1473
"../../../Engine/Content/Internationalization/icudt64l/region/en_PN.res" 1474
"../../../Engine/Content/Internationalization/icudt64l/lang/en_PW.res" 1475
"../../../Engine/Content/Internationalization/icudt64l/region/en_PW.res" 1476
"../../../Engine/Content/Internationalization/icudt64l/lang/en_RW.res" 1477
"../../../Engine/Content/Internationalization/icudt64l/region/en_RW.res" 1478
"../../../Engine/Content/Internationalization/icudt64l/lang/en_SB.res" 1479
"../../../Engine/Content/Internationalization/icudt64l/region/en_SB.res" 1480
"../../../Engine/Content/Internationalization/icudt64l/lang/en_SC.res" 1481
"../../../Engine/Content/Internationalization/icudt64l/region/en_SC.res" 1482
"../../../Engine/Content/Internationalization/icudt64l/lang/en_SD.res" 1483
"../../../Engine/Content/Internationalization/icudt64l/region/en_SD.res" 1484
"../../../Engine/Content/Internationalization/icudt64l/lang/en_SE.res" 1485
"../../../Engine/Content/Internationalization/icudt64l/region/en_SE.res" 1486
"../../../Engine/Content/Internationalization/icudt64l/lang/en_SG.res" 1487
"../../../Engine/Content/Internationalization/icudt64l/region/en_SG.res" 1488
"../../../Engine/Content/Internationalization/icudt64l/lang/en_SH.res" 1489
"../../../Engine/Content/Internationalization/icudt64l/region/en_SH.res" 1490
"../../../Engine/Content/Internationalization/icudt64l/lang/en_SI.res" 1491
"../../../Engine/Content/Internationalization/icudt64l/region/en_SI.res" 1492
"../../../Engine/Content/Internationalization/icudt64l/lang/en_SL.res" 1493
"../../../Engine/Content/Internationalization/icudt64l/region/en_SL.res" 1494
"../../../Engine/Content/Internationalization/icudt64l/lang/en_SS.res" 1495
"../../../Engine/Content/Internationalization/icudt64l/region/en_SS.res" 1496
"../../../Engine/Content/Internationalization/icudt64l/lang/en_SX.res" 1497
"../../../Engine/Content/Internationalization/icudt64l/region/en_SX.res" 1498
"../../../Engine/Content/Internationalization/icudt64l/lang/en_SZ.res" 1499
"../../../Engine/Content/Internationalization/icudt64l/region/en_SZ.res" 1500
"../../../Engine/Content/Internationalization/icudt64l/lang/en_TC.res" 1501
"../../../Engine/Content/Internationalization/icudt64l/region/en_TC.res" 1502
"../../../Engine/Content/Internationalization/icudt64l/lang/en_TK.res" 1503
"../../../Engine/Content/Internationalization/icudt64l/region/en_TK.res" 1504
"../../../Engine/Content/Internationalization/icudt64l/lang/en_TO.res" 1505
"../../../Engine/Content/Internationalization/icudt64l/region/en_TO.res" 1506
"../../../Engine/Content/Internationalization/icudt64l/lang/en_TT.res" 1507
"../../../Engine/Content/Internationalization/icudt64l/region/en_TT.res" 1508
"../../../Engine/Content/Internationalization/icudt64l/lang/en_TV.res" 1509
"../../../Engine/Content/Internationalization/icudt64l/region/en_TV.res" 1510
"../../../Engine/Content/Internationalization/icudt64l/lang/en_TZ.res" 1511
"../../../Engine/Content/Internationalization/icudt64l/region/en_TZ.res" 1512
"../../../Engine/Content/Internationalization/icudt64l/lang/en_UG.res" 1513
"../../../Engine/Content/Internationalization/icudt64l/region/en_UG.res" 1514
"../../../Engine/Content/Internationalization/icudt64l/lang/en_VC.res" 1515
"../../../Engine/Content/Internationalization/icudt64l/region/en_VC.res" 1516
"../../../Engine/Content/Internationalization/icudt64l/lang/en_VG.res" 1517
"../../../Engine/Content/Internationalization/icudt64l/region/en_VG.res" 1518
"../../../Engine/Content/Internationalization/icudt64l/lang/en_VU.res" 1519
"../../../Engine/Content/Internationalization/icudt64l/region/en_VU.res" 1520
"../../../Engine/Content/Internationalization/icudt64l/lang/en_WS.res" 1521
"../../../Engine/Content/Internationalization/icudt64l/region/en_WS.res" 1522
"../../../Engine/Content/Internationalization/icudt64l/lang/en_ZA.res" 1523
"../../../Engine/Content/Internationalization/icudt64l/region/en_ZA.res" 1524
"../../../Engine/Content/Internationalization/icudt64l/lang/en_ZM.res" 1525
"../../../Engine/Content/Internationalization/icudt64l/region/en_ZM.res" 1526
"../../../Engine/Content/Internationalization/icudt64l/lang/en_ZW.res" 1527
"../../../Engine/Content/Internationalization/icudt64l/region/en_ZW.res" 1528
"../../../Engine/Content/Internationalization/icudt64l/lang/eo.res" 1529
"../../../Engine/Content/Internationalization/icudt64l/region/eo.res" 1530
"../../../Engine/Content/Internationalization/icudt64l/lang/es.res" 1531
"../../../Engine/Content/Internationalization/icudt64l/lang/es_419.res" 1532
"../../../Engine/Content/Internationalization/icudt64l/region/es_419.res" 1533
"../../../Engine/Content/Internationalization/icudt64l/region/es.res" 1534
"../../../Engine/Content/Internationalization/icudt64l/lang/es_AR.res" 1535
"../../../Engine/Content/Internationalization/icudt64l/region/es_AR.res" 1536
"../../../Engine/Content/Internationalization/icudt64l/lang/es_BO.res" 1537
"../../../Engine/Content/Internationalization/icudt64l/region/es_BO.res" 1538
"../../../Engine/Content/Internationalization/icudt64l/lang/es_BR.res" 1539
"../../../Engine/Content/Internationalization/icudt64l/region/es_BR.res" 1540
"../../../Engine/Content/Internationalization/icudt64l/lang/es_BZ.res" 1541
"../../../Engine/Content/Internationalization/icudt64l/region/es_BZ.res" 1542
"../../../Engine/Content/Internationalization/icudt64l/lang/es_CL.res" 1543
"../../../Engine/Content/Internationalization/icudt64l/region/es_CL.res" 1544
"../../../Engine/Content/Internationalization/icudt64l/lang/es_CO.res" 1545
"../../../Engine/Content/Internationalization/icudt64l/region/es_CO.res" 1546
"../../../Engine/Content/Internationalization/icudt64l/lang/es_CR.res" 1547
"../../../Engine/Content/Internationalization/icudt64l/region/es_CR.res" 1548
"../../../Engine/Content/Internationalization/icudt64l/lang/es_CU.res" 1549
"../../../Engine/Content/Internationalization/icudt64l/region/es_CU.res" 1550
"../../../Engine/Content/Internationalization/icudt64l/lang/es_DO.res" 1551
"../../../Engine/Content/Internationalization/icudt64l/region/es_DO.res" 1552
"../../../Engine/Content/Internationalization/icudt64l/lang/es_EC.res" 1553
"../../../Engine/Content/Internationalization/icudt64l/region/es_EC.res" 1554
"../../../Engine/Content/Internationalization/icudt64l/lang/es_GT.res" 1555
"../../../Engine/Content/Internationalization/icudt64l/region/es_GT.res" 1556
"../../../Engine/Content/Internationalization/icudt64l/lang/es_HN.res" 1557
"../../../Engine/Content/Internationalization/icudt64l/region/es_HN.res" 1558
"../../../Engine/Content/Internationalization/icudt64l/lang/es_MX.res" 1559
"../../../Engine/Content/Internationalization/icudt64l/region/es_MX.res" 1560
"../../../Engine/Content/Internationalization/icudt64l/lang/es_NI.res" 1561
"../../../Engine/Content/Internationalization/icudt64l/region/es_NI.res" 1562
"../../../Engine/Content/Internationalization/icudt64l/lang/es_PA.res" 1563
"../../../Engine/Content/Internationalization/icudt64l/region/es_PA.res" 1564
"../../../Engine/Content/Internationalization/icudt64l/lang/es_PE.res" 1565
"../../../Engine/Content/Internationalization/icudt64l/region/es_PE.res" 1566
"../../../Engine/Content/Internationalization/icudt64l/lang/es_PR.res" 1567
"../../../Engine/Content/Internationalization/icudt64l/region/es_PR.res" 1568
"../../../Engine/Content/Internationalization/icudt64l/lang/es_PY.res" 1569
"../../../Engine/Content/Internationalization/icudt64l/region/es_PY.res" 1570
"../../../Engine/Content/Internationalization/icudt64l/lang/es_SV.res" 1571
"../../../Engine/Content/Internationalization/icudt64l/region/es_SV.res" 1572
"../../../Engine/Content/Internationalization/icudt64l/lang/es_US.res" 1573
"../../../Engine/Content/Internationalization/icudt64l/region/es_US.res" 1574
"../../../Engine/Content/Internationalization/icudt64l/lang/es_UY.res" 1575
"../../../Engine/Content/Internationalization/icudt64l/region/es_UY.res" 1576
"../../../Engine/Content/Internationalization/icudt64l/lang/es_VE.res" 1577
"../../../Engine/Content/Internationalization/icudt64l/region/es_VE.res" 1578
"../../../Engine/Content/Internationalization/icudt64l/lang/et.res" 1579
"../../../Engine/Content/Internationalization/icudt64l/region/et.res" 1580
"../../../Engine/Content/Internationalization/icudt64l/lang/eu.res" 1581
"../../../Engine/Content/Internationalization/icudt64l/region/eu.res" 1582
"../../../Engine/Content/Internationalization/icudt64l/lang/ewo.res" 1583
"../../../Engine/Content/Internationalization/icudt64l/region/ewo.res" 1584
"../../../Engine/Content/Internationalization/icudt64l/lang/fa.res" 1585
"../../../Engine/Content/Internationalization/icudt64l/lang/fa_AF.res" 1586
"../../../Engine/Content/Internationalization/icudt64l/region/fa_AF.res" 1587
"../../../Engine/Content/Internationalization/icudt64l/region/fa.res" 1588
"../../../Engine/Content/Internationalization/icudt64l/lang/ff.res" 1589
"../../../Engine/Content/Internationalization/icudt64l/lang/ff_Latn.res" 1590
"../../../Engine/Content/Internationalization/icudt64l/region/ff.res" 1591
"../../../Engine/Content/Internationalization/icudt64l/region/ff_Latn.res" 1592
"../../../Engine/Content/Internationalization/icudt64l/lang/ff_CM.res" 1593
"../../../Engine/Content/Internationalization/icudt64l/lang/ff_Latn_CM.res" 1594
"../../../Engine/Content/Internationalization/icudt64l/region/ff_CM.res" 1595
"../../../Engine/Content/Internationalization/icudt64l/region/ff_Latn_CM.res" 1596
"../../../Engine/Content/Internationalization/icudt64l/lang/ff_GN.res" 1597
"../../../Engine/Content/Internationalization/icudt64l/lang/ff_Latn_GN.res" 1598
"../../../Engine/Content/Internationalization/icudt64l/region/ff_GN.res" 1599
"../../../Engine/Content/Internationalization/icudt64l/region/ff_Latn_GN.res" 1600
"../../../Engine/Content/Internationalization/icudt64l/lang/ff_MR.res" 1601
"../../../Engine/Content/Internationalization/icudt64l/lang/ff_Latn_MR.res" 1602
"../../../Engine/Content/Internationalization/icudt64l/region/ff_MR.res" 1603
"../../../Engine/Content/Internationalization/icudt64l/region/ff_Latn_MR.res" 1604
"../../../Engine/Content/Internationalization/icudt64l/lang/ff_SN.res" 1605
"../../../Engine/Content/Internationalization/icudt64l/lang/ff_Latn_SN.res" 1606
"../../../Engine/Content/Internationalization/icudt64l/region/ff_SN.res" 1607
"../../../Engine/Content/Internationalization/icudt64l/region/ff_Latn_SN.res" 1608
"../../../Engine/Content/Internationalization/icudt64l/lang/fi.res" 1609
"../../../Engine/Content/Internationalization/icudt64l/region/fi.res" 1610
"../../../Engine/Content/Internationalization/icudt64l/lang/fil.res" 1611
"../../../Engine/Content/Internationalization/icudt64l/lang/fil_PH.res" 1612
"../../../Engine/Content/Internationalization/icudt64l/region/fil_PH.res" 1613
"../../../Engine/Content/Internationalization/icudt64l/region/fil.res" 1614
"../../../Engine/Content/Internationalization/icudt64l/lang/fo.res" 1615
"../../../Engine/Content/Internationalization/icudt64l/region/fo.res" 1616
"../../../Engine/Content/Internationalization/icudt64l/lang/fr.res" 1617
"../../../Engine/Content/Internationalization/icudt64l/lang/fr_BE.res" 1618
"../../../Engine/Content/Internationalization/icudt64l/region/fr_BE.res" 1619
"../../../Engine/Content/Internationalization/icudt64l/region/fr.res" 1620
"../../../Engine/Content/Internationalization/icudt64l/lang/fr_CA.res" 1621
"../../../Engine/Content/Internationalization/icudt64l/region/fr_CA.res" 1622
"../../../Engine/Content/Internationalization/icudt64l/lang/fr_CH.res" 1623
"../../../Engine/Content/Internationalization/icudt64l/lang/fur.res" 1624
"../../../Engine/Content/Internationalization/icudt64l/region/fur.res" 1625
"../../../Engine/Content/Internationalization/icudt64l/lang/fy.res" 1626
"../../../Engine/Content/Internationalization/icudt64l/region/fy.res" 1627
"../../../Engine/Content/Internationalization/icudt64l/lang/ga.res" 1628
"../../../Engine/Content/Internationalization/icudt64l/region/ga.res" 1629
"../../../Engine/Content/Internationalization/icudt64l/lang/gd.res" 1630
"../../../Engine/Content/Internationalization/icudt64l/region/gd.res" 1631
"../../../Engine/Content/Internationalization/icudt64l/lang/gl.res" 1632
"../../../Engine/Content/Internationalization/icudt64l/region/gl.res" 1633
"../../../Engine/Content/Internationalization/icudt64l/lang/gsw.res" 1634
"../../../Engine/Content/Internationalization/icudt64l/region/gsw.res" 1635
"../../../Engine/Content/Internationalization/icudt64l/lang/gu.res" 1636
"../../../Engine/Content/Internationalization/icudt64l/region/gu.res" 1637
"../../../Engine/Content/Internationalization/icudt64l/lang/guz.res" 1638
"../../../Engine/Content/Internationalization/icudt64l/region/guz.res" 1639
"../../../Engine/Content/Internationalization/icudt64l/lang/gv.res" 1640
"../../../Engine/Content/Internationalization/icudt64l/region/gv.res" 1641
"../../../Engine/Content/Internationalization/icudt64l/lang/ha.res" 1642
"../../../Engine/Content/Internationalization/icudt64l/region/ha.res" 1643
"../../../Engine/Content/Internationalization/icudt64l/lang/ha_NE.res" 1644
"../../../Engine/Content/Internationalization/icudt64l/region/ha_NE.res" 1645
"../../../Engine/Content/Internationalization/icudt64l/lang/haw.res" 1646
"../../../Engine/Content/Internationalization/icudt64l/region/haw.res" 1647
"../../../Engine/Content/Internationalization/icudt64l/lang/he.res" 1648
"../../../Engine/Content/Internationalization/icudt64l/lang/he_IL.res" 1649
"../../../Engine/Content/Internationalization/icudt64l/region/he_IL.res" 1650
"../../../Engine/Content/Internationalization/icudt64l/region/he.res" 1651
"../../../Engine/Content/Internationalization/icudt64l/lang/hi.res" 1652
"../../../Engine/Content/Internationalization/icudt64l/region/hi.res" 1653
"../../../Engine/Content/Internationalization/icudt64l/lang/hr.res" 1654
"../../../Engine/Content/Internationalization/icudt64l/region/hr.res" 1655
"../../../Engine/Content/Internationalization/icudt64l/lang/hsb.res" 1656
"../../../Engine/Content/Internationalization/icudt64l/region/hsb.res" 1657
"../../../Engine/Content/Internationalization/icudt64l/lang/hu.res" 1658
"../../../Engine/Content/Internationalization/icudt64l/region/hu.res" 1659
"../../../Engine/Content/Internationalization/icudt64l/lang/hy.res" 1660
"../../../Engine/Content/Internationalization/icudt64l/region/hy.res" 1661
"../../../Engine/Content/Internationalization/icudt64l/lang/ia.res" 1662
"../../../Engine/Content/Internationalization/icudt64l/region/ia.res" 1663
"../../../Engine/Content/Internationalization/icudt64l/lang/id.res" 1664
"../../../Engine/Content/Internationalization/icudt64l/lang/id_ID.res" 1665
"../../../Engine/Content/Internationalization/icudt64l/region/id_ID.res" 1666
"../../../Engine/Content/Internationalization/icudt64l/region/id.res" 1667
"../../../Engine/Content/Internationalization/icudt64l/lang/ig.res" 1668
"../../../Engine/Content/Internationalization/icudt64l/region/ig.res" 1669
"../../../Engine/Content/Internationalization/icudt64l/lang/ii.res" 1670
"../../../Engine/Content/Internationalization/icudt64l/region/ii.res" 1671
"../../../Engine/Content/Internationalization/icudt64l/lang/is.res" 1672
"../../../Engine/Content/Internationalization/icudt64l/region/is.res" 1673
"../../../Engine/Content/Internationalization/icudt64l/lang/it.res" 1674
"../../../Engine/Content/Internationalization/icudt64l/region/it.res" 1675
"../../../Engine/Content/Internationalization/icudt64l/lang/jgo.res" 1676
"../../../Engine/Content/Internationalization/icudt64l/region/jgo.res" 1677
"../../../Engine/Content/Internationalization/icudt64l/lang/jmc.res" 1678
"../../../Engine/Content/Internationalization/icudt64l/region/jmc.res" 1679
"../../../Engine/Content/Internationalization/icudt64l/lang/jv.res" 1680
"../../../Engine/Content/Internationalization/icudt64l/region/jv.res" 1681
"../../../Engine/Content/Internationalization/icudt64l/lang/ka.res" 1682
"../../../Engine/Content/Internationalization/icudt64l/region/ka.res" 1683
"../../../Engine/Content/Internationalization/icudt64l/lang/kab.res" 1684
"../../../Engine/Content/Internationalization/icudt64l/region/kab.res" 1685
"../../../Engine/Content/Internationalization/icudt64l/lang/kam.res" 1686
"../../../Engine/Content/Internationalization/icudt64l/region/kam.res" 1687
"../../../Engine/Content/Internationalization/icudt64l/lang/kde.res" 1688
"../../../Engine/Content/Internationalization/icudt64l/region/kde.res" 1689
"../../../Engine/Content/Internationalization/icudt64l/lang/kea.res" 1690
"../../../Engine/Content/Internationalization/icudt64l/region/kea.res" 1691
"../../../Engine/Content/Internationalization/icudt64l/lang/khq.res" 1692
"../../../Engine/Content/Internationalization/icudt64l/region/khq.res" 1693
"../../../Engine/Content/Internationalization/icudt64l/lang/ki.res" 1694
"../../../Engine/Content/Internationalization/icudt64l/region/ki.res" 1695
"../../../Engine/Content/Internationalization/icudt64l/lang/kk.res" 1696
"../../../Engine/Content/Internationalization/icudt64l/region/kk.res" 1697
"../../../Engine/Content/Internationalization/icudt64l/lang/kkj.res" 1698
"../../../Engine/Content/Internationalization/icudt64l/region/kkj.res" 1699
"../../../Engine/Content/Internationalization/icudt64l/lang/kl.res" 1700
"../../../Engine/Content/Internationalization/icudt64l/region/kl.res" 1701
"../../../Engine/Content/Internationalization/icudt64l/lang/kln.res" 1702
"../../../Engine/Content/Internationalization/icudt64l/region/kln.res" 1703
"../../../Engine/Content/Internationalization/icudt64l/lang/km.res" 1704
"../../../Engine/Content/Internationalization/icudt64l/region/km.res" 1705
"../../../Engine/Content/Internationalization/icudt64l/lang/kn.res" 1706
"../../../Engine/Content/Internationalization/icudt64l/region/kn.res" 1707
"../../../Engine/Content/Internationalization/icudt64l/lang/ko.res" 1708
"../../../Engine/Content/Internationalization/icudt64l/region/ko_KP.res" 1709
"../../../Engine/Content/Internationalization/icudt64l/region/ko.res" 1710
"../../../Engine/Content/Internationalization/icudt64l/lang/kok.res" 1711
"../../../Engine/Content/Internationalization/icudt64l/region/kok.res" 1712
"../../../Engine/Content/Internationalization/icudt64l/lang/ks.res" 1713
"../../../Engine/Content/Internationalization/icudt64l/region/ks.res" 1714
"../../../Engine/Content/Internationalization/icudt64l/lang/ksb.res" 1715
"../../../Engine/Content/Internationalization/icudt64l/region/ksb.res" 1716
"../../../Engine/Content/Internationalization/icudt64l/lang/ksf.res" 1717
"../../../Engine/Content/Internationalization/icudt64l/region/ksf.res" 1718
"../../../Engine/Content/Internationalization/icudt64l/lang/ksh.res" 1719
"../../../Engine/Content/Internationalization/icudt64l/region/ksh.res" 1720
"../../../Engine/Content/Internationalization/icudt64l/lang/ku.res" 1721
"../../../Engine/Content/Internationalization/icudt64l/region/ku.res" 1722
"../../../Engine/Content/Internationalization/icudt64l/lang/kw.res" 1723
"../../../Engine/Content/Internationalization/icudt64l/region/kw.res" 1724
"../../../Engine/Content/Internationalization/icudt64l/lang/ky.res" 1725
"../../../Engine/Content/Internationalization/icudt64l/region/ky.res" 1726
"../../../Engine/Content/Internationalization/icudt64l/lang/lag.res" 1727
"../../../Engine/Content/Internationalization/icudt64l/region/lag.res" 1728
"../../../Engine/Content/Internationalization/icudt64l/lang/lb.res" 1729
"../../../Engine/Content/Internationalization/icudt64l/region/lb.res" 1730
"../../../Engine/Content/Internationalization/icudt64l/lang/lg.res" 1731
"../../../Engine/Content/Internationalization/icudt64l/region/lg.res" 1732
"../../../Engine/Content/Internationalization/icudt64l/lang/lkt.res" 1733
"../../../Engine/Content/Internationalization/icudt64l/region/lkt.res" 1734
"../../../Engine/Content/Internationalization/icudt64l/lang/ln.res" 1735
"../../../Engine/Content/Internationalization/icudt64l/region/ln.res" 1736
"../../../Engine/Content/Internationalization/icudt64l/lang/lo.res" 1737
"../../../Engine/Content/Internationalization/icudt64l/region/lo.res" 1738
"../../../Engine/Content/Internationalization/icudt64l/lang/lrc.res" 1739
"../../../Engine/Content/Internationalization/icudt64l/region/lrc.res" 1740
"../../../Engine/Content/Internationalization/icudt64l/lang/lt.res" 1741
"../../../Engine/Content/Internationalization/icudt64l/region/lt.res" 1742
"../../../Engine/Content/Internationalization/icudt64l/lang/lu.res" 1743
"../../../Engine/Content/Internationalization/icudt64l/region/lu.res" 1744
"../../../Engine/Content/Internationalization/icudt64l/lang/luo.res" 1745
"../../../Engine/Content/Internationalization/icudt64l/region/luo.res" 1746
"../../../Engine/Content/Internationalization/icudt64l/lang/luy.res" 1747
"../../../Engine/Content/Internationalization/icudt64l/region/luy.res" 1748
"../../../Engine/Content/Internationalization/icudt64l/lang/lv.res" 1749
"../../../Engine/Content/Internationalization/icudt64l/region/lv.res" 1750
"../../../Engine/Content/Internationalization/icudt64l/lang/mas.res" 1751
"../../../Engine/Content/Internationalization/icudt64l/region/mas.res" 1752
"../../../Engine/Content/Internationalization/icudt64l/lang/mer.res" 1753
"../../../Engine/Content/Internationalization/icudt64l/region/mer.res" 1754
"../../../Engine/Content/Internationalization/icudt64l/lang/mfe.res" 1755
"../../../Engine/Content/Internationalization/icudt64l/region/mfe.res" 1756
"../../../Engine/Content/Internationalization/icudt64l/lang/mg.res" 1757
"../../../Engine/Content/Internationalization/icudt64l/region/mg.res" 1758
"../../../Engine/Content/Internationalization/icudt64l/lang/mgh.res" 1759
"../../../Engine/Content/Internationalization/icudt64l/region/mgh.res" 1760
"../../../Engine/Content/Internationalization/icudt64l/lang/mgo.res" 1761
"../../../Engine/Content/Internationalization/icudt64l/region/mgo.res" 1762
"../../../Engine/Content/Internationalization/icudt64l/lang/mi.res" 1763
"../../../Engine/Content/Internationalization/icudt64l/region/mi.res" 1764
"../../../Engine/Content/Internationalization/icudt64l/lang/mk.res" 1765
"../../../Engine/Content/Internationalization/icudt64l/region/mk.res" 1766
"../../../Engine/Content/Internationalization/icudt64l/lang/ml.res" 1767
"../../../Engine/Content/Internationalization/icudt64l/region/ml.res" 1768
"../../../Engine/Content/Internationalization/icudt64l/lang/mn.res" 1769
"../../../Engine/Content/Internationalization/icudt64l/region/mn.res" 1770
"../../../Engine/Content/Internationalization/icudt64l/lang/mr.res" 1771
"../../../Engine/Content/Internationalization/icudt64l/region/mr.res" 1772
"../../../Engine/Content/Internationalization/icudt64l/lang/ms.res" 1773
"../../../Engine/Content/Internationalization/icudt64l/region/ms.res" 1774
"../../../Engine/Content/Internationalization/icudt64l/lang/mt.res" 1775
"../../../Engine/Content/Internationalization/icudt64l/region/mt.res" 1776
"../../../Engine/Content/Internationalization/icudt64l/lang/mua.res" 1777
"../../../Engine/Content/Internationalization/icudt64l/region/mua.res" 1778
"../../../Engine/Content/Internationalization/icudt64l/lang/my.res" 1779
"../../../Engine/Content/Internationalization/icudt64l/region/my.res" 1780
"../../../Engine/Content/Internationalization/icudt64l/lang/mzn.res" 1781
"../../../Engine/Content/Internationalization/icudt64l/region/mzn.res" 1782
"../../../Engine/Content/Internationalization/icudt64l/lang/naq.res" 1783
"../../../Engine/Content/Internationalization/icudt64l/region/naq.res" 1784
"../../../Engine/Content/Internationalization/icudt64l/lang/nb.res" 1785
"../../../Engine/Content/Internationalization/icudt64l/lang/nb_NO.res" 1786
"../../../Engine/Content/Internationalization/icudt64l/region/nb_NO.res" 1787
"../../../Engine/Content/Internationalization/icudt64l/region/nb.res" 1788
"../../../Engine/Content/Internationalization/icudt64l/lang/nd.res" 1789
"../../../Engine/Content/Internationalization/icudt64l/region/nd.res" 1790
"../../../Engine/Content/Internationalization/icudt64l/lang/nds.res" 1791
"../../../Engine/Content/Internationalization/icudt64l/region/nds.res" 1792
"../../../Engine/Content/Internationalization/icudt64l/lang/ne.res" 1793
"../../../Engine/Content/Internationalization/icudt64l/region/ne.res" 1794
"../../../Engine/Content/Internationalization/icudt64l/lang/nl.res" 1795
"../../../Engine/Content/Internationalization/icudt64l/region/nl.res" 1796
"../../../Engine/Content/Internationalization/icudt64l/lang/nmg.res" 1797
"../../../Engine/Content/Internationalization/icudt64l/region/nmg.res" 1798
"../../../Engine/Content/Internationalization/icudt64l/lang/nn.res" 1799
"../../../Engine/Content/Internationalization/icudt64l/lang/nn_NO.res" 1800
"../../../Engine/Content/Internationalization/icudt64l/region/nn_NO.res" 1801
"../../../Engine/Content/Internationalization/icudt64l/region/nn.res" 1802
"../../../Engine/Content/Internationalization/icudt64l/lang/nnh.res" 1803
"../../../Engine/Content/Internationalization/icudt64l/region/nnh.res" 1804
"../../../Engine/Content/Internationalization/icudt64l/lang/nus.res" 1805
"../../../Engine/Content/Internationalization/icudt64l/region/nus.res" 1806
"../../../Engine/Content/Internationalization/icudt64l/lang/nyn.res" 1807
"../../../Engine/Content/Internationalization/icudt64l/region/nyn.res" 1808
"../../../Engine/Content/Internationalization/icudt64l/lang/om.res" 1809
"../../../Engine/Content/Internationalization/icudt64l/region/om.res" 1810
"../../../Engine/Content/Internationalization/icudt64l/lang/or.res" 1811
"../../../Engine/Content/Internationalization/icudt64l/region/or.res" 1812
"../../../Engine/Content/Internationalization/icudt64l/lang/os.res" 1813
"../../../Engine/Content/Internationalization/icudt64l/region/os.res" 1814
"../../../Engine/Content/Internationalization/icudt64l/lang/pa.res" 1815
"../../../Engine/Content/Internationalization/icudt64l/lang/pa_Arab.res" 1816
"../../../Engine/Content/Internationalization/icudt64l/lang/pa_PK.res" 1817
"../../../Engine/Content/Internationalization/icudt64l/lang/pa_Arab_PK.res" 1818
"../../../Engine/Content/Internationalization/icudt64l/region/pa_PK.res" 1819
"../../../Engine/Content/Internationalization/icudt64l/region/pa_Arab_PK.res" 1820
"../../../Engine/Content/Internationalization/icudt64l/region/pa_Arab.res" 1821
"../../../Engine/Content/Internationalization/icudt64l/lang/pa_Guru.res" 1822
"../../../Engine/Content/Internationalization/icudt64l/lang/pa_IN.res" 1823
"../../../Engine/Content/Internationalization/icudt64l/lang/pa_Guru_IN.res" 1824
"../../../Engine/Content/Internationalization/icudt64l/region/pa_IN.res" 1825
"../../../Engine/Content/Internationalization/icudt64l/region/pa_Guru_IN.res" 1826
"../../../Engine/Content/Internationalization/icudt64l/region/pa_Guru.res" 1827
"../../../Engine/Content/Internationalization/icudt64l/region/pa.res" 1828
"../../../Engine/Content/Internationalization/icudt64l/lang/pl.res" 1829
"../../../Engine/Content/Internationalization/icudt64l/region/pl.res" 1830
"../../../Engine/Content/Internationalization/icudt64l/lang/ps.res" 1831
"../../../Engine/Content/Internationalization/icudt64l/region/ps.res" 1832
"../../../Engine/Content/Internationalization/icudt64l/lang/ps_PK.res" 1833
"../../../Engine/Content/Internationalization/icudt64l/region/ps_PK.res" 1834
"../../../Engine/Content/Internationalization/icudt64l/lang/pt.res" 1835
"../../../Engine/Content/Internationalization/icudt64l/lang/pt_AO.res" 1836
"../../../Engine/Content/Internationalization/icudt64l/lang/pt_PT.res" 1837
"../../../Engine/Content/Internationalization/icudt64l/region/pt_AO.res" 1838
"../../../Engine/Content/Internationalization/icudt64l/region/pt_PT.res" 1839
"../../../Engine/Content/Internationalization/icudt64l/region/pt.res" 1840
"../../../Engine/Content/Internationalization/icudt64l/lang/pt_CH.res" 1841
"../../../Engine/Content/Internationalization/icudt64l/region/pt_CH.res" 1842
"../../../Engine/Content/Internationalization/icudt64l/lang/pt_CV.res" 1843
"../../../Engine/Content/Internationalization/icudt64l/region/pt_CV.res" 1844
"../../../Engine/Content/Internationalization/icudt64l/lang/pt_GQ.res" 1845
"../../../Engine/Content/Internationalization/icudt64l/region/pt_GQ.res" 1846
"../../../Engine/Content/Internationalization/icudt64l/lang/pt_GW.res" 1847
"../../../Engine/Content/Internationalization/icudt64l/region/pt_GW.res" 1848
"../../../Engine/Content/Internationalization/icudt64l/lang/pt_LU.res" 1849
"../../../Engine/Content/Internationalization/icudt64l/region/pt_LU.res" 1850
"../../../Engine/Content/Internationalization/icudt64l/lang/pt_MO.res" 1851
"../../../Engine/Content/Internationalization/icudt64l/region/pt_MO.res" 1852
"../../../Engine/Content/Internationalization/icudt64l/lang/pt_MZ.res" 1853
"../../../Engine/Content/Internationalization/icudt64l/region/pt_MZ.res" 1854
"../../../Engine/Content/Internationalization/icudt64l/lang/pt_ST.res" 1855
"../../../Engine/Content/Internationalization/icudt64l/region/pt_ST.res" 1856
"../../../Engine/Content/Internationalization/icudt64l/lang/pt_TL.res" 1857
"../../../Engine/Content/Internationalization/icudt64l/region/pt_TL.res" 1858
"../../../Engine/Content/Internationalization/icudt64l/lang/qu.res" 1859
"../../../Engine/Content/Internationalization/icudt64l/region/qu.res" 1860
"../../../Engine/Content/Internationalization/icudt64l/lang/rm.res" 1861
"../../../Engine/Content/Internationalization/icudt64l/region/rm.res" 1862
"../../../Engine/Content/Internationalization/icudt64l/lang/rn.res" 1863
"../../../Engine/Content/Internationalization/icudt64l/region/rn.res" 1864
"../../../Engine/Content/Internationalization/icudt64l/lang/ro.res" 1865
"../../../Engine/Content/Internationalization/icudt64l/lang/ro_MD.res" 1866
"../../../Engine/Content/Internationalization/icudt64l/region/ro_MD.res" 1867
"../../../Engine/Content/Internationalization/icudt64l/region/ro.res" 1868
"../../../Engine/Content/Internationalization/icudt64l/lang/rof.res" 1869
"../../../Engine/Content/Internationalization/icudt64l/region/rof.res" 1870
"../../../Engine/Content/Internationalization/icudt64l/lang/ru.res" 1871
"../../../Engine/Content/Internationalization/icudt64l/region/ru.res" 1872
"../../../Engine/Content/Internationalization/icudt64l/region/ru_UA.res" 1873
"../../../Engine/Content/Internationalization/icudt64l/lang/rw.res" 1874
"../../../Engine/Content/Internationalization/icudt64l/region/rw.res" 1875
"../../../Engine/Content/Internationalization/icudt64l/lang/rwk.res" 1876
"../../../Engine/Content/Internationalization/icudt64l/region/rwk.res" 1877
"../../../Engine/Content/Internationalization/icudt64l/lang/sah.res" 1878
"../../../Engine/Content/Internationalization/icudt64l/region/sah.res" 1879
"../../../Engine/Content/Internationalization/icudt64l/lang/saq.res" 1880
"../../../Engine/Content/Internationalization/icudt64l/region/saq.res" 1881
"../../../Engine/Content/Internationalization/icudt64l/lang/sbp.res" 1882
"../../../Engine/Content/Internationalization/icudt64l/region/sbp.res" 1883
"../../../Engine/Content/Internationalization/icudt64l/lang/sd.res" 1884
"../../../Engine/Content/Internationalization/icudt64l/region/sd.res" 1885
"../../../Engine/Content/Internationalization/icudt64l/lang/se.res" 1886
"../../../Engine/Content/Internationalization/icudt64l/lang/se_FI.res" 1887
"../../../Engine/Content/Internationalization/icudt64l/region/se_FI.res" 1888
"../../../Engine/Content/Internationalization/icudt64l/region/se.res" 1889
"../../../Engine/Content/Internationalization/icudt64l/lang/seh.res" 1890
"../../../Engine/Content/Internationalization/icudt64l/region/seh.res" 1891
"../../../Engine/Content/Internationalization/icudt64l/lang/ses.res" 1892
"../../../Engine/Content/Internationalization/icudt64l/region/ses.res" 1893
"../../../Engine/Content/Internationalization/icudt64l/lang/sg.res" 1894
"../../../Engine/Content/Internationalization/icudt64l/region/sg.res" 1895
"../../../Engine/Content/Internationalization/icudt64l/lang/shi.res" 1896
"../../../Engine/Content/Internationalization/icudt64l/lang/shi_Latn.res" 1897
"../../../Engine/Content/Internationalization/icudt64l/lang/shi_MA.res" 1898
"../../../Engine/Content/Internationalization/icudt64l/lang/shi_Tfng_MA.res" 1899
"../../../Engine/Content/Internationalization/icudt64l/lang/shi_Tfng.res" 1900
"../../../Engine/Content/Internationalization/icudt64l/region/shi_MA.res" 1901
"../../../Engine/Content/Internationalization/icudt64l/region/shi_Tfng_MA.res" 1902
"../../../Engine/Content/Internationalization/icudt64l/region/shi_Tfng.res" 1903
"../../../Engine/Content/Internationalization/icudt64l/region/shi.res" 1904
"../../../Engine/Content/Internationalization/icudt64l/region/shi_Latn.res" 1905
"../../../Engine/Content/Internationalization/icudt64l/lang/si.res" 1906
"../../../Engine/Content/Internationalization/icudt64l/region/si.res" 1907
"../../../Engine/Content/Internationalization/icudt64l/lang/sk.res" 1908
"../../../Engine/Content/Internationalization/icudt64l/region/sk.res" 1909
"../../../Engine/Content/Internationalization/icudt64l/lang/sl.res" 1910
"../../../Engine/Content/Internationalization/icudt64l/region/sl.res" 1911
"../../../Engine/Content/Internationalization/icudt64l/lang/smn.res" 1912
"../../../Engine/Content/Internationalization/icudt64l/region/smn.res" 1913
"../../../Engine/Content/Internationalization/icudt64l/lang/sn.res" 1914
"../../../Engine/Content/Internationalization/icudt64l/region/sn.res" 1915
"../../../Engine/Content/Internationalization/icudt64l/lang/so.res" 1916
"../../../Engine/Content/Internationalization/icudt64l/region/so.res" 1917
"../../../Engine/Content/Internationalization/icudt64l/lang/sq.res" 1918
"../../../Engine/Content/Internationalization/icudt64l/region/sq.res" 1919
"../../../Engine/Content/Internationalization/icudt64l/lang/sr.res" 1920
"../../../Engine/Content/Internationalization/icudt64l/lang/sr_Cyrl.res" 1921
"../../../Engine/Content/Internationalization/icudt64l/lang/sr_BA.res" 1922
"../../../Engine/Content/Internationalization/icudt64l/lang/sr_Cyrl_BA.res" 1923
"../../../Engine/Content/Internationalization/icudt64l/region/sr_BA.res" 1924
"../../../Engine/Content/Internationalization/icudt64l/region/sr_Cyrl_BA.res" 1925
"../../../Engine/Content/Internationalization/icudt64l/region/sr_Cyrl.res" 1926
"../../../Engine/Content/Internationalization/icudt64l/region/sr.res" 1927
"../../../Engine/Content/Internationalization/icudt64l/lang/sr_ME.res" 1928
"../../../Engine/Content/Internationalization/icudt64l/lang/sr_Latn_ME.res" 1929
"../../../Engine/Content/Internationalization/icudt64l/lang/sr_Latn.res" 1930
"../../../Engine/Content/Internationalization/icudt64l/region/sr_ME.res" 1931
"../../../Engine/Content/Internationalization/icudt64l/region/sr_Latn_ME.res" 1932
"../../../Engine/Content/Internationalization/icudt64l/region/sr_Latn.res" 1933
"../../../Engine/Content/Internationalization/icudt64l/lang/sr_Cyrl_ME.res" 1934
"../../../Engine/Content/Internationalization/icudt64l/region/sr_Cyrl_ME.res" 1935
"../../../Engine/Content/Internationalization/icudt64l/lang/sr_RS.res" 1936
"../../../Engine/Content/Internationalization/icudt64l/lang/sr_Cyrl_RS.res" 1937
"../../../Engine/Content/Internationalization/icudt64l/region/sr_RS.res" 1938
"../../../Engine/Content/Internationalization/icudt64l/region/sr_Cyrl_RS.res" 1939
"../../../Engine/Content/Internationalization/icudt64l/lang/sr_XK.res" 1940
"../../../Engine/Content/Internationalization/icudt64l/lang/sr_Cyrl_XK.res" 1941
"../../../Engine/Content/Internationalization/icudt64l/region/sr_XK.res" 1942
"../../../Engine/Content/Internationalization/icudt64l/region/sr_Cyrl_XK.res" 1943
"../../../Engine/Content/Internationalization/icudt64l/lang/sr_Latn_BA.res" 1944
"../../../Engine/Content/Internationalization/icudt64l/region/sr_Latn_BA.res" 1945
"../../../Engine/Content/Internationalization/icudt64l/lang/sr_Latn_RS.res" 1946
"../../../Engine/Content/Internationalization/icudt64l/region/sr_Latn_RS.res" 1947
"../../../Engine/Content/Internationalization/icudt64l/lang/sr_Latn_XK.res" 1948
"../../../Engine/Content/Internationalization/icudt64l/region/sr_Latn_XK.res" 1949
"../../../Engine/Content/Internationalization/icudt64l/lang/sv.res" 1950
"../../../Engine/Content/Internationalization/icudt64l/region/sv.res" 1951
"../../../Engine/Content/Internationalization/icudt64l/lang/sv_FI.res" 1952
"../../../Engine/Content/Internationalization/icudt64l/lang/sw.res" 1953
"../../../Engine/Content/Internationalization/icudt64l/lang/sw_CD.res" 1954
"../../../Engine/Content/Internationalization/icudt64l/region/sw_CD.res" 1955
"../../../Engine/Content/Internationalization/icudt64l/region/sw.res" 1956
"../../../Engine/Content/Internationalization/icudt64l/lang/sw_KE.res" 1957
"../../../Engine/Content/Internationalization/icudt64l/region/sw_KE.res" 1958
"../../../Engine/Content/Internationalization/icudt64l/lang/ta.res" 1959
"../../../Engine/Content/Internationalization/icudt64l/region/ta.res" 1960
"../../../Engine/Content/Internationalization/icudt64l/lang/te.res" 1961
"../../../Engine/Content/Internationalization/icudt64l/region/te.res" 1962
"../../../Engine/Content/Internationalization/icudt64l/lang/teo.res" 1963
"../../../Engine/Content/Internationalization/icudt64l/region/teo.res" 1964
"../../../Engine/Content/Internationalization/icudt64l/lang/tg.res" 1965
"../../../Engine/Content/Internationalization/icudt64l/region/tg.res" 1966
"../../../Engine/Content/Internationalization/icudt64l/lang/th.res" 1967
"../../../Engine/Content/Internationalization/icudt64l/lang/th_TH.res" 1968
"../../../Engine/Content/Internationalization/icudt64l/region/th_TH.res" 1969
"../../../Engine/Content/Internationalization/icudt64l/region/th.res" 1970
"../../../Engine/Content/Internationalization/icudt64l/lang/ti.res" 1971
"../../../Engine/Content/Internationalization/icudt64l/region/ti.res" 1972
"../../../Engine/Content/Internationalization/icudt64l/lang/tk.res" 1973
"../../../Engine/Content/Internationalization/icudt64l/region/tk.res" 1974
"../../../Engine/Content/Internationalization/icudt64l/lang/to.res" 1975
"../../../Engine/Content/Internationalization/icudt64l/region/to.res" 1976
"../../../Engine/Content/Internationalization/icudt64l/lang/tr.res" 1977
"../../../Engine/Content/Internationalization/icudt64l/region/tr.res" 1978
"../../../Engine/Content/Internationalization/icudt64l/lang/tt.res" 1979
"../../../Engine/Content/Internationalization/icudt64l/region/tt.res" 1980
"../../../Engine/Content/Internationalization/icudt64l/lang/twq.res" 1981
"../../../Engine/Content/Internationalization/icudt64l/region/twq.res" 1982
"../../../Engine/Content/Internationalization/icudt64l/lang/tzm.res" 1983
"../../../Engine/Content/Internationalization/icudt64l/region/tzm.res" 1984
"../../../Engine/Content/Internationalization/icudt64l/lang/ug.res" 1985
"../../../Engine/Content/Internationalization/icudt64l/region/ug.res" 1986
"../../../Engine/Content/Internationalization/icudt64l/lang/uk.res" 1987
"../../../Engine/Content/Internationalization/icudt64l/region/uk.res" 1988
"../../../Engine/Content/Internationalization/icudt64l/lang/ur.res" 1989
"../../../Engine/Content/Internationalization/icudt64l/lang/ur_IN.res" 1990
"../../../Engine/Content/Internationalization/icudt64l/region/ur_IN.res" 1991
"../../../Engine/Content/Internationalization/icudt64l/region/ur.res" 1992
"../../../Engine/Content/Internationalization/icudt64l/lang/uz.res" 1993
"../../../Engine/Content/Internationalization/icudt64l/lang/uz_Arab.res" 1994
"../../../Engine/Content/Internationalization/icudt64l/lang/uz_AF.res" 1995
"../../../Engine/Content/Internationalization/icudt64l/lang/uz_Arab_AF.res" 1996
"../../../Engine/Content/Internationalization/icudt64l/region/uz_AF.res" 1997
"../../../Engine/Content/Internationalization/icudt64l/region/uz_Arab_AF.res" 1998
"../../../Engine/Content/Internationalization/icudt64l/region/uz_Arab.res" 1999
"../../../Engine/Content/Internationalization/icudt64l/lang/uz_Cyrl.res" 2000
"../../../Engine/Content/Internationalization/icudt64l/lang/uz_UZ.res" 2001
"../../../Engine/Content/Internationalization/icudt64l/lang/uz_Latn_UZ.res" 2002
"../../../Engine/Content/Internationalization/icudt64l/lang/uz_Latn.res" 2003
"../../../Engine/Content/Internationalization/icudt64l/region/uz_UZ.res" 2004
"../../../Engine/Content/Internationalization/icudt64l/region/uz_Latn_UZ.res" 2005
"../../../Engine/Content/Internationalization/icudt64l/region/uz_Latn.res" 2006
"../../../Engine/Content/Internationalization/icudt64l/region/uz.res" 2007
"../../../Engine/Content/Internationalization/icudt64l/region/uz_Cyrl.res" 2008
"../../../Engine/Content/Internationalization/icudt64l/lang/vai.res" 2009
"../../../Engine/Content/Internationalization/icudt64l/lang/vai_Latn.res" 2010
"../../../Engine/Content/Internationalization/icudt64l/lang/vai_LR.res" 2011
"../../../Engine/Content/Internationalization/icudt64l/lang/vai_Vaii_LR.res" 2012
"../../../Engine/Content/Internationalization/icudt64l/lang/vai_Vaii.res" 2013
"../../../Engine/Content/Internationalization/icudt64l/region/vai_LR.res" 2014
"../../../Engine/Content/Internationalization/icudt64l/region/vai_Vaii_LR.res" 2015
"../../../Engine/Content/Internationalization/icudt64l/region/vai_Vaii.res" 2016
"../../../Engine/Content/Internationalization/icudt64l/region/vai.res" 2017
"../../../Engine/Content/Internationalization/icudt64l/region/vai_Latn.res" 2018
"../../../Engine/Content/Internationalization/icudt64l/lang/vi.res" 2019
"../../../Engine/Content/Internationalization/icudt64l/region/vi.res" 2020
"../../../Engine/Content/Internationalization/icudt64l/lang/vun.res" 2021
"../../../Engine/Content/Internationalization/icudt64l/region/vun.res" 2022
"../../../Engine/Content/Internationalization/icudt64l/lang/wae.res" 2023
"../../../Engine/Content/Internationalization/icudt64l/region/wae.res" 2024
"../../../Engine/Content/Internationalization/icudt64l/lang/wo.res" 2025
"../../../Engine/Content/Internationalization/icudt64l/region/wo.res" 2026
"../../../Engine/Content/Internationalization/icudt64l/lang/xh.res" 2027
"../../../Engine/Content/Internationalization/icudt64l/region/xh.res" 2028
"../../../Engine/Content/Internationalization/icudt64l/lang/xog.res" 2029
"../../../Engine/Content/Internationalization/icudt64l/region/xog.res" 2030
"../../../Engine/Content/Internationalization/icudt64l/lang/yav.res" 2031
"../../../Engine/Content/Internationalization/icudt64l/region/yav.res" 2032
"../../../Engine/Content/Internationalization/icudt64l/lang/yi.res" 2033
"../../../Engine/Content/Internationalization/icudt64l/region/yi.res" 2034
"../../../Engine/Content/Internationalization/icudt64l/lang/yo.res" 2035
"../../../Engine/Content/Internationalization/icudt64l/lang/yo_BJ.res" 2036
"../../../Engine/Content/Internationalization/icudt64l/region/yo_BJ.res" 2037
"../../../Engine/Content/Internationalization/icudt64l/region/yo.res" 2038
"../../../Engine/Content/Internationalization/icudt64l/lang/yue.res" 2039
"../../../Engine/Content/Internationalization/icudt64l/lang/yue_Hans.res" 2040
"../../../Engine/Content/Internationalization/icudt64l/lang/yue_CN.res" 2041
"../../../Engine/Content/Internationalization/icudt64l/lang/yue_Hans_CN.res" 2042
"../../../Engine/Content/Internationalization/icudt64l/region/yue_CN.res" 2043
"../../../Engine/Content/Internationalization/icudt64l/region/yue_Hans_CN.res" 2044
"../../../Engine/Content/Internationalization/icudt64l/region/yue_Hans.res" 2045
"../../../Engine/Content/Internationalization/icudt64l/lang/yue_Hant.res" 2046
"../../../Engine/Content/Internationalization/icudt64l/lang/yue_HK.res" 2047
"../../../Engine/Content/Internationalization/icudt64l/lang/yue_Hant_HK.res" 2048
"../../../Engine/Content/Internationalization/icudt64l/region/yue_HK.res" 2049
"../../../Engine/Content/Internationalization/icudt64l/region/yue_Hant_HK.res" 2050
"../../../Engine/Content/Internationalization/icudt64l/region/yue_Hant.res" 2051
"../../../Engine/Content/Internationalization/icudt64l/region/yue.res" 2052
"../../../Engine/Content/Internationalization/icudt64l/lang/zgh.res" 2053
"../../../Engine/Content/Internationalization/icudt64l/region/zgh.res" 2054
"../../../Engine/Content/Internationalization/icudt64l/lang/zh.res" 2055
"../../../Engine/Content/Internationalization/icudt64l/lang/zh_Hans.res" 2056
"../../../Engine/Content/Internationalization/icudt64l/lang/zh_CN.res" 2057
"../../../Engine/Content/Internationalization/icudt64l/lang/zh_Hans_CN.res" 2058
"../../../Engine/Content/Internationalization/icudt64l/region/zh_CN.res" 2059
"../../../Engine/Content/Internationalization/icudt64l/region/zh_Hans_CN.res" 2060
"../../../Engine/Content/Internationalization/icudt64l/region/zh_Hans.res" 2061
"../../../Engine/Content/Internationalization/icudt64l/region/zh.res" 2062
"../../../Engine/Content/Internationalization/icudt64l/lang/zh_HK.res" 2063
"../../../Engine/Content/Internationalization/icudt64l/lang/zh_Hant_HK.res" 2064
"../../../Engine/Content/Internationalization/icudt64l/lang/zh_Hant.res" 2065
"../../../Engine/Content/Internationalization/icudt64l/region/zh_HK.res" 2066
"../../../Engine/Content/Internationalization/icudt64l/region/zh_Hant_HK.res" 2067
"../../../Engine/Content/Internationalization/icudt64l/region/zh_Hant.res" 2068
"../../../Engine/Content/Internationalization/icudt64l/lang/zh_MO.res" 2069
"../../../Engine/Content/Internationalization/icudt64l/lang/zh_Hant_MO.res" 2070
"../../../Engine/Content/Internationalization/icudt64l/region/zh_MO.res" 2071
"../../../Engine/Content/Internationalization/icudt64l/region/zh_Hant_MO.res" 2072
"../../../Engine/Content/Internationalization/icudt64l/lang/zh_SG.res" 2073
"../../../Engine/Content/Internationalization/icudt64l/lang/zh_Hans_SG.res" 2074
"../../../Engine/Content/Internationalization/icudt64l/region/zh_SG.res" 2075
"../../../Engine/Content/Internationalization/icudt64l/region/zh_Hans_SG.res" 2076
"../../../Engine/Content/Internationalization/icudt64l/lang/zh_TW.res" 2077
"../../../Engine/Content/Internationalization/icudt64l/lang/zh_Hant_TW.res" 2078
"../../../Engine/Content/Internationalization/icudt64l/region/zh_TW.res" 2079
"../../../Engine/Content/Internationalization/icudt64l/region/zh_Hant_TW.res" 2080
"../../../Engine/Content/Internationalization/icudt64l/lang/zu.res" 2081
"../../../Engine/Content/Internationalization/icudt64l/region/zu.res" 2082
"../../../Engine/Content/Internationalization/icudt64l/lang/no.res" 2083
"../../../Engine/Content/Internationalization/icudt64l/lang/tl.res" 2084
"../../../Engine/Config/Android/DataDrivenPlatformInfo.ini" 2085
"../../../Engine/Config/IOS/DataDrivenPlatformInfo.ini" 2086
"../../../Engine/Config/Linux/DataDrivenPlatformInfo.ini" 2087
"../../../Engine/Config/Mac/DataDrivenPlatformInfo.ini" 2088
"../../../Engine/Config/TVOS/DataDrivenPlatformInfo.ini" 2089
"../../../Engine/Config/Unix/DataDrivenPlatformInfo.ini" 2090
"../../../Engine/Config/VulkanPC/DataDrivenPlatformInfo.ini" 2091
"../../../Engine/Config/Windows/DataDrivenPlatformInfo.ini" 2092
"../../../Engine/Platforms/VisionOS/Config/DataDrivenPlatformInfo.ini" 2093
"../../../Engine/Content/Renderer/TessellationTable.bin" 2094
"../../../Engine/DerivedDataCache/Compressed.ddp" 2095
"C:/Users/hibik/AppData/Local/UnrealEngine/5.7/Saved/Zen/zen.version" 2096
"C:/Users/hibik/AppData/Local/UnrealEngine/Common/Zen/Install/zen.version" 2097
"C:/Users/hibik/AppData/Local/UnrealEngine/Common/Zen/Install/zenserver.runcontext" 2098
"C:/Users/hibik/AppData/Local/UnrealEngine/Common/DerivedDataCache/TestData/0/TestData_4kb.dat" 2099
"C:/Users/hibik/AppData/Local/UnrealEngine/Common/DerivedDataCache/TestData/1/TestData_4kb.dat" 2100
"C:/Users/hibik/AppData/Local/UnrealEngine/Common/DerivedDataCache/TestData/0/TestData_8kb.dat" 2101
"C:/Users/hibik/AppData/Local/UnrealEngine/Common/DerivedDataCache/TestData/1/TestData_8kb.dat" 2102
"C:/Users/hibik/AppData/Local/UnrealEngine/Common/DerivedDataCache/TestData/0/TestData_16kb.dat" 2103
"C:/Users/hibik/AppData/Local/UnrealEngine/Common/DerivedDataCache/TestData/1/TestData_16kb.dat" 2104
"C:/Users/hibik/AppData/Local/UnrealEngine/Common/DerivedDataCache/TestData/0/TestData_64kb.dat" 2105
"C:/Users/hibik/AppData/Local/UnrealEngine/Common/DerivedDataCache/TestData/1/TestData_64kb.dat" 2106
"C:/Users/hibik/AppData/Local/UnrealEngine/Common/DerivedDataCache/TestData/0/TestData_128kb.dat" 2107
"C:/Users/hibik/AppData/Local/UnrealEngine/Common/DerivedDataCache/TestData/1/TestData_128kb.dat" 2108
"C:/Users/hibik/AppData/Local/UnrealEngine/Common/DerivedDataCache/TestData/0/TestData_256kb.dat" 2109
"C:/Users/hibik/AppData/Local/UnrealEngine/Common/DerivedDataCache/TestData/1/TestData_256kb.dat" 2110
"C:/Users/hibik/AppData/Roaming/Unreal Engine/UnrealBuildTool/BuildConfiguration.xml" 2111
"D:/seisaku4/Intermediate/ShaderAutogen/PCD3D_SM6/AutogenShaderHeaders.ush" 2112
"../../../Engine/Shaders/Private/HairStrands/HairStrandsVertexFactory.ush" 2113
"../../../Engine/Shaders/Private/VertexFactoryCommon.ush" 2114
"../../../Engine/Shaders/Private/Common.ush" 2115
"../../../Engine/Shaders/Public/Platform.ush" 2116
"../../../Engine/Shaders/Public/FP16Math.ush" 2117
"../../../Engine/Shaders/Public/Platform/D3D/D3DCommon.ush" 2118
"../../../Engine/Shaders/Shared/HLSLReservedSpaces.h" 2119
"../../../Engine/Shaders/Public/BindlessResources.ush" 2120
"../../../Engine/Shaders/Public/Platform/D3D/PlatformBindlessResources.ush" 2121
"../../../Engine/Shaders/Shared/RayTracingBuiltInResources.h" 2122
"../../../Engine/Shaders/Shared/RayTracingDefinitions.h" 2123
"../../../Engine/Shaders/Shared/MaterialCacheDefinitions.h" 2124
"../../../Engine/Shaders/Shared/HLSLTypeAliases.h" 2125
"../../../Engine/Shaders/Public/IndirectVirtualTexture.ush" 2126
"../../../Engine/Shaders/Shared/IndirectVirtualTextureDefinitions.h" 2127
"../../../Engine/Shaders/Public/OverloadMacros.ush" 2128
"../../../Engine/Shaders/Public/ShaderVersion.ush" 2129
"../../../Engine/Shaders/Shared/ThirdParty/NVIDIA/nvHLSLExtns.h" 2130
"../../../Engine/Shaders/Shared/ThirdParty/NVIDIA/nvHLSLExtnsInternal.h" 2131
"../../../Engine/Shaders/Shared/ThirdParty/NVIDIA/nvShaderExtnEnums.h" 2132
"../../../Engine/Shaders/Private/PackUnpack.ush" 2133
"../../../Engine/Shaders/Private/GeneratedUniformBufferTypes.ush" 2134
"../../../Engine/Shaders/Private/Nanite/NanitePackedNaniteView.ush" 2135
"../../../Engine/Shaders/Private/HairStrands/HairStrandsVisibilityCommonStruct.ush" 2136
"../../../Engine/Shaders/Private/HairStrands/HairStrandsVoxelPageCommonStruct.ush" 2137
"../../../Engine/Shaders/Private/HairStrands/HairStrandsDeepShadowCommonStruct.ush" 2138
"../../../Engine/Shaders/Shared/LightSceneData.h" 2139
"../../../Engine/Shaders/Private/LargeWorldCoordinates.ush" 2140
"../../../Engine/Shaders/Private/DoubleFloat.ush" 2141
"../../../Engine/Shaders/Private/RandomPCG.ush" 2142
"../../../Engine/Shaders/Private/DoubleFloatOperations.ush" 2143
"../../../Engine/Shaders/Private/DoubleFloatVectorDefinition.ush" 2144
"../../../Engine/Shaders/Private/LWCOperations.ush" 2145
"../../../Engine/Shaders/Shared/LightViewData.h" 2146
"../../../Engine/Shaders/Shared/RayTracingTypes.h" 2147
"../../../Engine/Shaders/Shared/HLSLStaticAssert.h" 2148
"../../../Engine/Shaders/Private/CommonViewUniformBuffer.ush" 2149
"../../../Engine/Shaders/Private/InstancedStereo.ush" 2150
"../../../Engine/Shaders/Private/Definitions.usf" 2151
"../../../Engine/Shaders/Private/AssertionMacros.ush" 2152
"../../../Engine/Shaders/Private/FastMath.ush" 2153
"../../../Engine/Shaders/Private/FastMathThirdParty.ush" 2154
"../../../Engine/Shaders/Private/Random.ush" 2155
"../../../Engine/Shaders/Private/RandomInterleavedGradientNoise.ush" 2156
"../../../Engine/Shaders/Private/SceneData.ush" 2157
"../../../Engine/Shaders/Private/OctahedralCommon.ush" 2158
"../../../Engine/Shaders/Private/WaveOpUtil.ush" 2159
"../../../Engine/Shaders/Private/ByteBuffer.ush" 2160
"../../../Engine/Shaders/Shared/SceneDefinitions.h" 2161
"../../../Engine/Shaders/Private/SceneDataMobileLoader.ush" 2162
"../../../Engine/Shaders/Private/LocalVertexFactoryCommon.ush" 2163
"../../../Engine/Shaders/Private/HairStrands/HairStrandsVisibilityCommon.ush" 2164
"../../../Engine/Shaders/Shared/HairStrandsDefinitions.h" 2165
"../../../Engine/Shaders/Private/HairStrands/HairStrandsVertexFactoryCommon.ush" 2166
"../../../Engine/Shaders/Private/HairStrands/HairStrandsPack.ush" 2167
"../../../Engine/Shaders/Private/HairStrands/HairStrandsAttributeCommon.ush" 2168
"../../../Engine/Shaders/Private/HairStrands/HairStrandsAttributeTemplate.ush" 2169
"../../../Engine/Shaders/Private/VertexFactoryDefaultInterface.ush" 2170
"../../../Engine/Shaders/Private/HairStrands/HairCardsVertexFactory.ush" 2171
"../../../Engine/Shaders/Private/HairStrands/HairCardsAttributeCommon.ush" 2172
"../../../Engine/Shaders/Private/RayTracing/RayTracingCommon.ush" 2173
"../../../Engine/Shaders/Private/ShadingCommon.ush" 2174
"../../../Engine/Shaders/Shared/RayTracingPayloadType.h" 2175
"../../../Engine/Shaders/Private/RayTracing/RayTracingRayCone.ush" 2176
"../../../Engine/Shaders/Private/Substrate/Substrate.ush" 2177
"../../../Engine/Shaders/Private/ShadingEnergyConservation.ush" 2178
"../../../Engine/Shaders/Private/ShadingEnergyConservationTemplate.ush" 2179
"../../../Engine/Shaders/Private/BRDF.ush" 2180
"../../../Engine/Shaders/Private/ColorSpace.ush" 2181
"../../../Engine/Shaders/Private/DeferredShadingCommon.ush" 2182
"../../../Engine/Shaders/Private/LightAccumulator.ush" 2183
"../../../Engine/Shaders/Private/SceneTexturesCommon.ush" 2184
"../../../Engine/Shaders/Private/MonteCarlo.ush" 2185
"../../../Engine/Shaders/Private/GBufferHelpers.ush" 2186
"../../../Engine/Shaders/Private/SceneTextureParameters.ush" 2187
"../../../Engine/Shaders/Private/ParticipatingMediaCommon.ush" 2188
"../../../Engine/Shaders/Private/ThinFilmBSDF.ush" 2189
"../../../Engine/Shaders/Private/MortonCode.ush" 2190
"../../../Engine/Shaders/Private/SubsurfaceProfileCommon.ush" 2191
"../../../Engine/Shaders/Private/BurleyNormalizedSSSCommon.ush" 2192
"../../../Engine/Shaders/Private/GammaCorrectionCommon.ush" 2193
"../../../Engine/Shaders/Shared/SubstrateDefinitions.h" 2194
"../../../Engine/Shaders/Private/Substrate/SubstrateStatisticalOperators.ush" 2195
"../../../Engine/Shaders/Private/Substrate/SubstrateSubsurface.ush" 2196
"../../../Engine/Shaders/Private/TransmissionCommon.ush" 2197
"../../../Engine/Shaders/Private/Substrate/SubstrateExportCommon.ush" 2198
"../../../Engine/Shaders/Private/SpecularProfileCommon.ush" 2199
"../../../Engine/Shaders/Private/RayTracing/RayTracingCommonMetal.ush" 2200
"../../../Engine/Shaders/Private/PositionReconstructionCommon.ush" 2201
"../../../Engine/Shaders/Private/RayTracing/TraceRayInline.ush" 2202
"../../../Engine/Shaders/Private/RayTracing/TraceRayInlineCommon.ush" 2203
"../../../Engine/Shaders/Private/RayTracing/TraceRayInlineVulkan.ush" 2204
"../../../Engine/Shaders/Private/RayTracing/TraceRayInlineMetal.ush" 2205
"../../../Engine/Shaders/Private/RayTracing/RayTracingHitGroupCommon.ush" 2206
"../../../Engine/Shaders/Private/Nanite/NaniteRayTrace.ush" 2207
"../../../Engine/Shaders/Private/Nanite/NaniteDataDecode.ush" 2208
"../../../Engine/Shaders/Private/BitPacking.ush" 2209
"../../../Engine/Shaders/Private/BitStreamReaderImplementation.ush" 2210
"../../../Engine/Shaders/Private/BoneTransform.ush" 2211
"../../../Engine/Shaders/Private/Quaternion.ush" 2212
"../../../Engine/Shaders/Private/Skinning/SkinningDataDecode.ush" 2213
"../../../Engine/Shaders/Private/GpuSkinCommon.ush" 2214
"../../../Engine/Shaders/Shared/SkinningDefinitions.h" 2215
"../../../Engine/Shaders/Shared/NaniteDefinitions.h" 2216
"../../../Engine/Shaders/Private/Nanite/NaniteAttributeDecode.ush" 2217
"../../../Engine/Shaders/Private/Barycentrics.ush" 2218
"../../../Engine/Shaders/Private/DualNumber.ush" 2219
"../../../Engine/Shaders/Shared/ThirdParty/RayTriangleIntersection.h" 2220
"../../../Engine/Shaders/Private/Nanite/NaniteVertexFetch.ush" 2221
"../../../Engine/Shaders/Private/ViewData.ush" 2222
"../../../Engine/Shaders/Shared/ViewDefinitions.h" 2223
"../../../Engine/Shaders/Private/Nanite/NaniteSceneCommon.ush" 2224
"../../../Engine/Shaders/Private/RayTracing/TraceRayInlineD3D12.ush" 2225
"../../../Engine/Plugins/FX/Niagara/Shaders/Private/NiagaraSpriteVertexFactory.ush" 2226
"../../../Engine/Shaders/Private/ParticleVertexFactoryCommon.ush" 2227
"../../../Engine/Plugins/FX/Niagara/Shaders/Private/NiagaraVFCommon.usf" 2228
"../../../Engine/Plugins/FX/Niagara/Shaders/Private/NiagaraVFParticleAccess.usf" 2229
"../../../Engine/Plugins/FX/Niagara/Shaders/Private/NiagaraParticleAccess.ush" 2230
"../../../Engine/Plugins/FX/Niagara/Shaders/Private/NiagaraRibbonVertexFactory.ush" 2231
"../../../Engine/Plugins/FX/Niagara/Shaders/Private/NiagaraMeshVertexFactory.ush" 2232
"../../../Engine/Plugins/FX/Niagara/Shaders/Private/NiagaraCommon.ush" 2233
"../../../Engine/Plugins/FX/Niagara/Shaders/Private/NiagaraMeshParticleUtils.ush" 2234
"../../../Engine/Shaders/Private/VectorFieldVisualizationVertexFactory.ush" 2235
"../../../Engine/Shaders/Private/Nanite/NaniteVertexFactory.ush" 2236
"../../../Engine/Shaders/Private/LightmapData.ush" 2237
"../../../Engine/Shaders/Private/SplineMeshCommon.ush" 2238
"../../../Engine/Shaders/Shared/SplineMeshShaderParams.h" 2239
"../../../Engine/Shaders/Private/ShaderPrint.ush" 2240
"../../../Engine/Shaders/Private/ShaderPrintCommon.ush" 2241
"../../../Engine/Shaders/Private/MiniFontCommon.ush" 2242
"../../../Engine/Shaders/Private/SGGX.ush" 2243
"../../../Engine/Shaders/Private/MaterialCache/MaterialCacheCommon.ush" 2244
"../../../Engine/Shaders/Private/Nanite/NaniteVertexDeformation.ush" 2245
"../../../Engine/Shaders/Private/Matrices.ush" 2246
"../../../Engine/Shaders/Private/ParticleSpriteVertexFactory.ush" 2247
"../../../Engine/Shaders/Private/ParticleGPUSpriteVertexFactory.ush" 2248
"../../../Engine/Shaders/Private/ParticleSimulationCommon.ush" 2249
"../../../Engine/Shaders/Private/ParticleBeamTrailVertexFactory.ush" 2250
"../../../Engine/Shaders/Private/MeshParticleVertexFactory.ush" 2251
"../../../Engine/Shaders/Private/LocalVertexFactory.ush" 2252
"../../../Engine/Shaders/Private/GpuSkinVertexFactory.ush" 2253
"../../../Engine/Shaders/Private/GeometryCollectionVertexFactory.ush" 2254
"../../../Engine/Shaders/Private/GeometryCacheVertexFactory.ush" 2255
"../../../Engine/Shaders/Private/LandscapeVertexFactory.ush" 2256
"../../../Engine/Shaders/Private/PostProcessMaterialShaders.usf" 2257
"../../../Engine/Shaders/Private/ScreenPass.ush" 2258
"../../../Engine/Shaders/Private/VirtualTextureCommon.ush" 2259
"../../../Engine/Shaders/Private/ColorUtils.ush" 2260
"../../../Engine/Shaders/Private/NeuralPostProcessCommon.usf" 2261
"../../../Engine/Shaders/Private/MaterialTemplate.ush" 2262
"../../../Engine/Shaders/Private/WorldSpaceMath.ush" 2263
"../../../Engine/Shaders/Private/EyeAdaptationCommon.ush" 2264
"../../../Engine/Shaders/Private/SobolRandom.ush" 2265
"../../../Engine/Shaders/Private/DepthOfFieldCommon.ush" 2266
"../../../Engine/Shaders/Private/CircleDOFCommon.ush" 2267
"../../../Engine/Shaders/Private/DistanceField/GlobalDistanceFieldShared.ush" 2268
"../../../Engine/Shaders/Private/PhysicsFieldSampler.ush" 2269
"../../../Engine/Shaders/Private/PhysicsFieldShared.ush" 2270
"../../../Engine/Shaders/Private/HairShadingCommon.ush" 2271
"../../../Engine/Shaders/Private/SparseVolumeTexture/SparseVolumeTextureCommon.ush" 2272
"../../../Engine/Shaders/Shared/EnvironmentComponentsFlags.h" 2273
"../../../Engine/Shaders/Private/MeshPaintTextureCommon.ush" 2274
"../../../Engine/Shaders/Private/VirtualTextureMaterial.ush" 2275
"../../../Engine/Shaders/Private/MaterialCache/MaterialCacheMaterialCommon.ush" 2276
"../../../Engine/Shaders/Private/Quantization.ush" 2277
"../../../Engine/Shaders/Private/SpeedTreeCommon.ush" 2278
"../../../Engine/Shaders/Public/IndirectVirtualTextureCommon.ush" 2279
"../../../Engine/Shaders/Private/MaterialTexture.ush" 2280
"../../../Engine/Shaders/Private/MinMaterialTexCoords.ush" 2281
"../../../Engine/Shaders/Private/SkyAtmosphereCommon.ush" 2282
"../../../Engine/Shaders/Private/SingleLayerWaterCommon.ush" 2283
"../../../Engine/Shaders/Private/TextureSampling.ush" 2284
"../../../Engine/Shaders/Private/PaniniProjection.ush" 2285
"../../../Engine/Shaders/Private/DBufferNormalReprojection.ush" 2286
"../../../Engine/Shaders/Public/SubstratePublic.ush" 2287
"../../../Engine/Shaders/Private/Substrate/SubstrateRead.ush" 2288
"../../../Engine/Shaders/Private/Substrate/SubstrateTree.ush" 2289
"../../../Engine/Shaders/Private/Substrate/SubstrateEvaluation.ush" 2290
"../../../Engine/Shaders/Private/Substrate/Glint/GlintThirdParty.ush" 2291
"../../../Engine/Shaders/Private/BlueNoise.ush" 2292
"../../../Engine/Shaders/Private/SHCommon.ush" 2293
"../../../Engine/Shaders/Private/ShadingModels.ush" 2294
"../../../Engine/Shaders/Private/CapsuleLight.ush" 2295
"../../../Engine/Shaders/Private/RectLight.ush" 2296
"../../../Engine/Shaders/Private/LightData.ush" 2297
"../../../Engine/Shaders/Shared/LightDefinitions.h" 2298
"../../../Engine/Shaders/Private/AreaLightCommon.ush" 2299
"../../../Engine/Shaders/Private/HairBsdf.ush" 2300
"../../../Engine/Shaders/Private/PathTracing/Utilities/PathTracingRandomSequence.ush" 2301
"../../../Engine/Shaders/Private/MobileGGX.ush" 2302
"../../../Engine/Shaders/Private/ShadingModelsSampling.ush" 2303
"../../../Engine/Shaders/Private/HairStrands/HairBsdfSample.ush" 2304
"../../../Engine/Shaders/Private/HairStrands/HairStrandsCommon.ush" 2305
"../../../Engine/Shaders/Private/HairStrands/HairStrandsDeepTransmittanceCommon.ush" 2306
"../../../Engine/Shaders/Private/HairStrands/HairStrandsDeepTransmittanceDualScattering.ush" 2307
"../../../Engine/Shaders/Private/HairStrands/HairStrandsEnvironmentLightingCommon.ush" 2308
"../../../Engine/Shaders/Private/Substrate/SubstrateLegacyConversion.ush" 2309
"../../../Engine/Shaders/Private/DBufferDecalShared.ush" 2310
"../../../Engine/Plugins/Runtime/AR/AppleAR/AppleARKit/Shaders/Private/ColorSpaceConversion.usf" 2311
"../../../Engine/Plugins/Runtime/nDisplay/Shaders/Private/MPCDIShaders.usf" 2312
"../../../Engine/Plugins/Runtime/nDisplay/Shaders/Private/MPCDIUtils.ush" 2313
"../../../Engine/Plugins/Runtime/nDisplay/Shaders/Private/DisplayClusterColorCorrection.ush" 2314
"../../../Engine/Plugins/Runtime/nDisplay/Shaders/Private/MPCDIOverlayShaders.usf" 2315
"../../../Engine/Plugins/Runtime/nDisplay/Shaders/Private/UVLightCardGammaCorrection.usf" 2316
"../../../Engine/Plugins/Runtime/nDisplay/Shaders/Private/UVLightCardShaders.usf" 2317
"../../../Engine/Plugins/Runtime/nDisplay/Shaders/Private/SubstrateUtils.ush" 2318
"../../../Engine/Plugins/Runtime/nDisplay/Shaders/Private/OutputRemapShaders.usf" 2319
"../../../Engine/Plugins/Runtime/nDisplay/Shaders/Private/PicpPostProcessShaders.usf" 2320
"../../../Engine/Plugins/Runtime/nDisplay/Shaders/Private/OverlayShaders.usf" 2321
"../../../Engine/Plugins/Runtime/nDisplay/Shaders/Private/MediaShaders.usf" 2322
"../../../Engine/Plugins/Runtime/nDisplay/Shaders/Private/ResourceUtils.usf" 2323
"../../../Engine/Plugins/Runtime/nDisplay/Shaders/Private/FrameStats.usf" 2324
"../../../Engine/Plugins/Runtime/nDisplay/Shaders/Private/MeshProjectionSelectionOutline.usf" 2325
"../../../Engine/Plugins/Runtime/nDisplay/Shaders/Private/MeshProjectionNormalSmoothing.usf" 2326
"../../../Engine/Plugins/Runtime/nDisplay/Shaders/Private/MeshProjectionHitProxy.usf" 2327
"../../../Engine/Plugins/Runtime/nDisplay/Shaders/Private/MeshProjectionShaders.usf" 2328
"../../../Engine/Plugins/Experimental/VirtualProductionUtilities/Shaders/Private/VPFullScreenWidgetOverlay.usf" 2329
"../../../Engine/Plugins/Experimental/NFORDenoise/Shaders/NFORDenoise.usf" 2330
"../../../Engine/Plugins/Experimental/NFORDenoise/Shaders/NFORRegressionCommon.ush" 2331
"../../../Engine/Plugins/Experimental/NFORDenoise/Shaders/NFORRegression.ush" 2332
"../../../Engine/Plugins/Experimental/ColorCorrectRegions/Shaders/Private/ColorCorrectRegionsStencilMerger.usf" 2333
"../../../Engine/Plugins/Experimental/ColorCorrectRegions/Shaders/Private/ColorCorrectRegionsCommon.usf" 2334
"../../../Engine/Plugins/Experimental/ColorCorrectRegions/Shaders/Private/ColorCorrectRegionsScreenPass.usf" 2335
"../../../Engine/Plugins/Experimental/ColorCorrectRegions/Shaders/Private/ColorCorrectRegionsShader.usf" 2336
"../../../Engine/Shaders/Private/TonemapCommon.ush" 2337
"../../../Engine/Shaders/Private/ACES/ACESCommon.ush" 2338
"../../../Engine/Shaders/Private/ACES/ACESOutputTransform.ush" 2339
"../../../Engine/Shaders/Private/ACES/ACESUtilities.ush" 2340
"../../../Engine/Shaders/Private/ACES/ACESTonescale.ush" 2341
"../../../Engine/Shaders/Private/ACES/ACESDisplayEncoding.ush" 2342
"../../../Engine/Shaders/Private/ACES/ACES_v1.3.ush" 2343
"../../../Engine/Plugins/Compositing/Composite/Shaders/Private/CompositeDistortion.usf" 2344
"../../../Engine/Shaders/Private/LensDistortion.ush" 2345
"../../../Engine/Plugins/Compositing/Composite/Shaders/Private/CompositeColorKeyer.usf" 2346
"../../../Engine/Plugins/Compositing/Composite/Shaders/Private/CompositeColorKeyerCommon.ush" 2347
"../../../Engine/Shaders/Private/PostProcessCommon.ush" 2348
"../../../Engine/Plugins/Compositing/Composite/Shaders/Private/CompositeDenoise.usf" 2349
"../../../Engine/Plugins/Compositing/Composite/Shaders/Private/CompositeColorGrade.usf" 2350
"../../../Engine/Plugins/Compositing/Composite/Shaders/Private/CompositeCenteredScale.usf" 2351
"../../../Engine/Plugins/Compositing/Composite/Shaders/Private/CompositeSingleLightShadow.usf" 2352
"../../../Engine/Shaders/Private/ShadowFilteringCommon.ush" 2353
"../../../Engine/Shaders/Private/PixelQuadMessagePassing.ush" 2354
"../../../Engine/Plugins/Compositing/OpenCVLensDistortion/Shaders/Private/DisplacementMapGeneration.usf" 2355
"../../../Engine/Plugins/Compositing/CompositeCore/Shaders/Private/CompositeCoreMerge.usf" 2356
"../../../Engine/Plugins/Compositing/CompositeCore/Shaders/Private/CompositeCoreBlending.ush" 2357
"../../../Engine/Plugins/Compositing/CompositeCore/Shaders/Private/CompositeCoreDisplayTransform.usf" 2358
"../../../Engine/Plugins/Compositing/CompositeCore/Shaders/Private/CompositeCoreDilate.usf" 2359
"../../../Engine/Plugins/Runtime/ComputeFramework/Shaders/Private/ComputeKernel.usf" 2360
"../../../Engine/Plugins/Runtime/ComputeFramework/Shaders/Private/ComputeKernelCommon.ush" 2361
"../../../Engine/Plugins/NNE/NNEDenoiser/Shaders/NNEDenoiserShadersTransferFunctionOidn.usf" 2362
"../../../Engine/Plugins/NNE/NNEDenoiser/Shaders/NNEDenoiserShadersMappedCopy.usf" 2363
"../../../Engine/Plugins/NNE/NNEDenoiser/Shaders/NNEDenoiserShadersDefaultIOProcess.usf" 2364
"../../../Engine/Plugins/NNE/NNEDenoiser/Shaders/NNEDenoiserShadersAutoExposureReduceFinal.usf" 2365
"../../../Engine/Plugins/NNE/NNEDenoiser/Shaders/NNEDenoiserShadersAutoExposureReduce.usf" 2366
"../../../Engine/Plugins/NNE/NNEDenoiser/Shaders/NNEDenoiserShadersAutoExposureDownsample.usf" 2367
"../../../Engine/Shaders/Private/DisplayMappingPixelShader.usf" 2368
"../../../Engine/Plugins/VirtualProduction/CameraCalibrationCore/Shaders/Private/SphericalDistortion.usf" 2369
"../../../Engine/Plugins/VirtualProduction/CameraCalibrationCore/Shaders/Private/CrosshairOverlay.usf" 2370
"../../../Engine/Plugins/VirtualProduction/CameraCalibrationCore/Shaders/Private/DisplacementMapBlending.usf" 2371
"../../../Engine/Plugins/VirtualProduction/CameraCalibrationCore/Shaders/Private/RecenterSTDisplacementMaps.usf" 2372
"../../../Engine/Plugins/VirtualProduction/CameraCalibrationCore/Shaders/Private/FillSTDisplacementMap.usf" 2373
"../../../Engine/Plugins/VirtualProduction/CameraCalibrationCore/Shaders/Private/InvertDisplacementMap.usf" 2374
"../../../Engine/Plugins/VirtualProduction/CameraCalibrationCore/Shaders/Private/CropDisplacementMap.usf" 2375
"../../../Engine/Plugins/VirtualProduction/CameraCalibrationCore/Shaders/Private/BlendDisplacementMaps.usf" 2376
"../../../Engine/Plugins/VirtualProduction/CameraCalibrationCore/Shaders/Private/UndistortImagePoints.usf" 2377
"../../../Engine/Plugins/VirtualProduction/CameraCalibrationCore/Shaders/Private/DistortionSTMapProcessor.usf" 2378
"../../../Engine/Plugins/VirtualProduction/CameraCalibrationCore/Shaders/Private/BrownConradyUDDistortion.usf" 2379
"../../../Engine/Plugins/VirtualProduction/CameraCalibrationCore/Shaders/Private/AnamorphicDistortion.usf" 2380
"../../../Engine/Plugins/Enterprise/GLTFExporter/Shaders/Private/SimpleTexture2DPS.usf" 2381
"../../../Engine/Shaders/Private/SimpleElementNormalMapPixelShader.usf" 2382
"../../../Engine/Plugins/Runtime/HairStrands/Shaders/Private/NiagaraCopyVelocityGrid.usf" 2383
"../../../Engine/Plugins/Runtime/HairStrands/Shaders/Private/NiagaraClearVelocityGrid.usf" 2384
"../../../Engine/Plugins/Runtime/HairStrands/Shaders/Private/NiagaraClearPressureGrid.usf" 2385
"../../../Engine/Plugins/Runtime/HairStrands/Shaders/Private/NiagaraInterpolateGroomGuides.usf" 2386
"../../../Engine/Plugins/Runtime/HairStrands/Shaders/Private/NiagaraGroomInterpolationUtils.ush" 2387
"../../../Engine/Plugins/FX/Niagara/Shaders/Private/NiagaraQuaternionUtils.ush" 2388
"../../../Engine/Shaders/Private/HairStrands/HairStrandsMesh.usf" 2389
"../../../Engine/Shaders/Private/HairStrands/HairStrandsBindingCommon.ush" 2390
"../../../Engine/Shaders/Private/HairStrands/HairStrandsFollicleMask.usf" 2391
"../../../Engine/Shaders/Private/HairStrands/HairStrandsSkinUpdate.usf" 2392
"../../../Engine/Shaders/Private/HairStrands/HairStrandsClusterCulling.usf" 2393
"../../../Engine/Shaders/Private/ColorMap.ush" 2394
"../../../Engine/Shaders/Private/HairStrands/HairStrandsAABBCommon.ush" 2395
"../../../Engine/Shaders/Private/HairStrands/HairStrandsClusterCommon.ush" 2396
"../../../Engine/Shaders/Private/ThreadGroupPrefixSum.ush" 2397
"../../../Engine/Shaders/Private/HairStrands/HairStrandsRaytracingGeometry.usf" 2398
"../../../Engine/Shaders/Private/HairStrands/HairStrandsTangent.usf" 2399
"../../../Engine/Shaders/Private/HairStrands/HairCardsDeformation.usf" 2400
"../../../Engine/Shaders/Private/HairStrands/HairStrandsInterpolation.usf" 2401
"../../../Engine/Shaders/Private/HairStrands/HairStrandsGuideDeform.usf" 2402
"../../../Engine/Shaders/Private/HairStrands/HairStrandsTexturesGeneration.usf" 2403
"../../../Engine/Shaders/Private/HairStrands/HairCardsTextureCommon.ush" 2404
"../../../Engine/Shaders/Private/HairStrands/HairStrandsTranscode.usf" 2405
"../../../Engine/Shaders/Private/HairStrands/HairStrandsDebug.usf" 2406
"../../../Engine/Shaders/Private/HairStrands/HairStrandsDeepShadowCommon.ush" 2407
"../../../Engine/Shaders/Private/HairStrands/HairStrandsDebugCommonStruct.ush" 2408
"../../../Engine/Plugins/FX/Niagara/Shaders/Private/NiagaraVertexFactoryExport.usf" 2409
"../../../Engine/Shaders/Private/ComputeShaderUtils.ush" 2410
"../../../Engine/Plugins/FX/Niagara/Shaders/Private/NiagaraSortKeyGen.usf" 2411
"../../../Engine/Plugins/FX/Niagara/Shaders/Private/NiagaraGPURayTracingTransforms.usf" 2412
"../../../Engine/Plugins/FX/Niagara/Shaders/Private/NiagaraDrawIndirectArgsGen.usf" 2413
"../../../Engine/Plugins/FX/Niagara/Shaders/Private/NiagaraDispatchIndirectArgsGen.usf" 2414
"../../../Engine/Plugins/FX/Niagara/Shaders/Private/Stateless/NiagaraStatelessSimulationDefault.usf" 2415
"../../../Engine/Plugins/FX/Niagara/Shaders/Private/Stateless/NiagaraStatelessCommon.ush" 2416
"../../../Engine/Plugins/FX/Niagara/Shaders/Shared/NiagaraStatelessDefinitions.h" 2417
"../../../Engine/Plugins/FX/Niagara/Shaders/Shared/NiagaraStatelessBuiltDistribution.h" 2418
"../../../Engine/Plugins/FX/Niagara/Shaders/Private/Stateless/NiagaraStatelessDistribution.ush" 2419
"../../../Engine/Plugins/FX/Niagara/Shaders/Private/Stateless/Template/GenerateCS_PreModules.ush" 2420
"../../../Engine/Plugins/FX/Niagara/Shaders/Private/Stateless/Modules/NiagaraStatelessModule_CalculateAccurateVelocity.ush" 2421
"../../../Engine/Plugins/FX/Niagara/Shaders/Private/Stateless/Modules/NiagaraStatelessModule_CameraOffset.ush" 2422
"../../../Engine/Plugins/FX/Niagara/Shaders/Private/Stateless/Modules/NiagaraStatelessModule_DynamicMaterialParameters.ush" 2423
"../../../Engine/Plugins/FX/Niagara/Shaders/Private/Stateless/Modules/NiagaraStatelessModule_InitializeParticle.ush" 2424
"../../../Engine/Plugins/FX/Niagara/Shaders/Private/Stateless/Modules/NiagaraStatelessModule_InitialMeshOrientation.ush" 2425
"../../../Engine/Plugins/FX/Niagara/Shaders/Private/Stateless/Modules/NiagaraStatelessModule_MeshIndex.ush" 2426
"../../../Engine/Plugins/FX/Niagara/Shaders/Private/Stateless/Modules/NiagaraStatelessModule_MeshRotationRate.ush" 2427
"../../../Engine/Plugins/FX/Niagara/Shaders/Private/Stateless/Modules/NiagaraStatelessModule_RotateAroundPoint.ush" 2428
"../../../Engine/Plugins/FX/Niagara/Shaders/Private/Stateless/Modules/NiagaraStatelessModule_ShapeLocation.ush" 2429
"../../../Engine/Plugins/FX/Niagara/Shaders/Private/Stateless/Modules/NiagaraStatelessModule_ScaleColor.ush" 2430
"../../../Engine/Plugins/FX/Niagara/Shaders/Private/Stateless/Modules/NiagaraStatelessModule_ScaleRibbonWidth.ush" 2431
"../../../Engine/Plugins/FX/Niagara/Shaders/Private/Stateless/Modules/NiagaraStatelessModule_ScaleSpriteSize.ush" 2432
"../../../Engine/Plugins/FX/Niagara/Shaders/Private/Stateless/Modules/NiagaraStatelessModule_ScaleSpriteSizeBySpeed.ush" 2433
"../../../Engine/Plugins/FX/Niagara/Shaders/Private/Stateless/Modules/NiagaraStatelessModule_ScaleMeshSize.ush" 2434
"../../../Engine/Plugins/FX/Niagara/Shaders/Private/Stateless/Modules/NiagaraStatelessModule_ScaleMeshSizebySpeed.ush" 2435
"../../../Engine/Plugins/FX/Niagara/Shaders/Private/Stateless/Modules/NiagaraStatelessModule_SolveVelocitiesAndForces.ush" 2436
"../../../Engine/Plugins/FX/Niagara/Shaders/Private/Stateless/Modules/NiagaraStatelessModule_SpriteFacingAndAlignment.ush" 2437
"../../../Engine/Plugins/FX/Niagara/Shaders/Private/Stateless/Modules/NiagaraStatelessModule_SpriteRotationRate.ush" 2438
"../../../Engine/Plugins/FX/Niagara/Shaders/Private/Stateless/Modules/NiagaraStatelessModule_SubUVAnimation.ush" 2439
"../../../Engine/Plugins/FX/Niagara/Shaders/Private/Stateless/Template/GenerateCS_PostModules.ush" 2440
"../../../Engine/Plugins/FX/Niagara/Shaders/Private/NiagaraBlendSVTsToDenseBuffer.usf" 2441
"../../../Engine/Plugins/FX/Niagara/Shaders/Private/NiagaraSVTToDenseBuffer.usf" 2442
"../../../Engine/Plugins/FX/Niagara/Shaders/Private/NiagaraFillIntBuffer.usf" 2443
"../../../Engine/Plugins/FX/Niagara/Shaders/Private/NiagaraComputeFreeIDs.usf" 2444
"../../../Engine/Plugins/FX/Niagara/Shaders/Private/NiagaraInitFreeIDBuffer.usf" 2445
"../../../Engine/Plugins/FX/Niagara/Shaders/Private/NiagaraEmitterInstanceShader.usf" 2446
"../../../Engine/Plugins/FX/Niagara/Shaders/Private/NiagaraShaderVersion.ush" 2447
"../../../Engine/Plugins/FX/Niagara/Shaders/Private/NiagaraPhysicsCommon.ush" 2448
"../../../Engine/Plugins/FX/Niagara/Shaders/Private/Ribbons/NiagaraRibbonAggregationApply.usf" 2449
"../../../Engine/Plugins/FX/Niagara/Shaders/Private/Ribbons/NiagaraRibbonCommon.ush" 2450
"../../../Engine/Plugins/FX/Niagara/Shaders/Shared/NiagaraRibbonShared.h" 2451
"../../../Engine/Plugins/FX/Niagara/Shaders/Private/Ribbons/NiagaraRibbonAggregationStep.usf" 2452
"../../../Engine/Plugins/FX/Niagara/Shaders/Private/Ribbons/NiagaraRibbonGenerateIndices.usf" 2453
"../../../Engine/Plugins/FX/Niagara/Shaders/Private/Ribbons/NiagaraRibbonInitializeIndices.usf" 2454
"../../../Engine/Plugins/FX/Niagara/Shaders/Private/Ribbons/NiagaraRibbonRibbonUVParamCalculation.usf" 2455
"../../../Engine/Plugins/FX/Niagara/Shaders/Private/Ribbons/NiagaraRibbonVertexReductionFinalization.usf" 2456
"../../../Engine/Plugins/FX/Niagara/Shaders/Private/Ribbons/NiagaraRibbonVertexReductionInitialization.usf" 2457
"../../../Engine/Plugins/FX/Niagara/Shaders/Private/Ribbons/NiagaraRibbonSortParticles.usf" 2458
"../../../Engine/Plugins/FX/Niagara/Shaders/Private/NiagaraLWCHelper.usf" 2459
"../../../Engine/Plugins/FX/Niagara/Shaders/Private/NiagaraUpdateMeshGPUSceneInstances.usf" 2460
"../../../Engine/Shaders/Private/GPUScene/GPUSceneWriter.ush" 2461
"../../../Engine/Plugins/FX/Niagara/Shaders/Private/NiagaraGenerateMips.usf" 2462
"../../../Engine/Plugins/FX/Niagara/Shaders/Private/NiagaraDebugDraw.usf" 2463
"../../../Engine/Plugins/FX/Niagara/Shaders/Private/NiagaraDebugDraw.ush" 2464
"../../../Engine/Plugins/FX/Niagara/Shaders/Private/NiagaraVisualizeTexture.usf" 2465
"../../../Engine/Plugins/FX/Niagara/Shaders/Private/NiagaraClearCounts.usf" 2466
"../../../Engine/Plugins/FX/Niagara/Shaders/Private/NiagaraBatchedElements.usf" 2467
"../../../Engine/Plugins/FX/Niagara/Shaders/Private/NiagaraRayTracingShaders.usf" 2468
"../../../Engine/Plugins/FX/Niagara/Shaders/Private/NiagaraAsyncGpuTraceCommon.ush" 2469
"../../../Engine/Shaders/Private/HashTable.ush" 2470
"../../../Engine/Shaders/Private/Hash.ush" 2471
"../../../Engine/Shaders/Private/RayTracing/VFXTraceRay.ush" 2472
"../../../Engine/Plugins/FX/Niagara/Shaders/Private/NiagaraRayMarchingShaders.usf" 2473
"../../../Engine/Plugins/FX/Niagara/Shaders/Private/NiagaraRayTraceCollisionGroupShaders.usf" 2474
"../../../Engine/Plugins/FX/Niagara/Shaders/Private/NiagaraAsyncGpuTraceUtils.usf" 2475
"../../../Engine/Plugins/Media/WmfMedia/Shaders/Private/MediaHardwareVideoDecoding.usf" 2476
"../../../Engine/Plugins/Media/PixelCapture/Shaders/Private/RGBToYUV.usf" 2477
"../../../Engine/Plugins/Media/MediaIOFramework/Shaders/MediaIO.usf" 2478
"../../../Engine/Plugins/Compositing/OpenColorIO/Shaders/Private/OpenColorIOInvalidShader.usf" 2479
"../../../Engine/Plugins/Compositing/OpenColorIO/Shaders/Private/OpenColorIOShader.usf" 2480
"../../../Engine/Plugins/Media/ImgMedia/Shaders/Private/ExrSwizzler.usf" 2481
"../../../Engine/Shaders/Private/VirtualTextureAdapter.usf" 2482
"../../../Engine/Shaders/Private/BlockCompressionCommon.ush" 2483
"../../../Engine/Shaders/Private/BCCompressionCommon.ush" 2484
"../../../Engine/Shaders/Private/TranslucentLightingShaders.usf" 2485
"../../../Engine/Shaders/Private/TranslucencyVolumeInjectionCommon.ush" 2486
"../../../Engine/Shaders/Private/CubemapCommon.ush" 2487
"../../../Engine/Shaders/Private/VectorFieldCompositeShaders.usf" 2488
"../../../Engine/Shaders/Private/UpdateTextureShaders.usf" 2489
"../../../Engine/Shaders/Private/StereoLayerShader.usf" 2490
"../../../Engine/Shaders/Private/SparseVolumeTexture/UpdateSparseVolumeTexture.usf" 2491
"../../../Engine/Shaders/Private/MorphTargets.usf" 2492
"../../../Engine/Shaders/Private/SimpleElementColorChannelMaskPixelShader.usf" 2493
"../../../Engine/Shaders/Private/SimpleElementHitProxyPixelShader.usf" 2494
"../../../Engine/Shaders/Private/SimpleElementPixelShader.usf" 2495
"../../../Engine/Shaders/Private/IESLightProfilesCommon.ush" 2496
"../../../Engine/Shaders/Private/SimpleElementVertexShader.usf" 2497
"../../../Engine/Shaders/Private/ScreenPixelShaderOES.usf" 2498
"../../../Engine/Shaders/Private/ScreenVertexShader.usf" 2499
"../../../Engine/Shaders/Private/ScreenPixelShader.usf" 2500
"../../../Engine/Shaders/Private/SSProfilePreIntegratedMobile.usf" 2501
"../../../Engine/Shaders/Private/SpecularProfile.usf" 2502
"../../../Engine/Shaders/Private/Nanite/NaniteStreaming.usf" 2503
"../../../Engine/Shaders/Private/Nanite/NaniteStreaming.ush" 2504
"../../../Engine/Shaders/Private/VolumetricLightmapStreaming.usf" 2505
"../../../Engine/Shaders/Private/PhysicsFieldReset.usf" 2506
"../../../Engine/Shaders/Private/PhysicsFieldBuilder.usf" 2507
"../../../Engine/Shaders/Private/PhysicsFieldEval.ush" 2508
"../../../Engine/Shaders/Private/ParticleSortKeyGen.usf" 2509
"../../../Engine/Shaders/Private/ParticleBoundsShader.usf" 2510
"../../../Engine/Shaders/Private/ParticleSimVisualizeShader.usf" 2511
"../../../Engine/Shaders/Private/ParticleInjectionShader.usf" 2512
"../../../Engine/Shaders/Private/ParticleSimulationShader.usf" 2513
"../../../Engine/Shaders/Private/ParticleCurveInjectionShader.usf" 2514
"../../../Engine/Shaders/Private/Nanite/NaniteTranscode.usf" 2515
"../../../Engine/Shaders/Private/Nanite/NaniteScatterUpdates.usf" 2516
"../../../Engine/Shaders/Private/CopyUIntBuffer.usf" 2517
"../../../Engine/Shaders/Private/RadixSortShaders.usf" 2518
"../../../Engine/Shaders/Private/RecomputeTangentsPerVertexPass.usf" 2519
"../../../Engine/Shaders/Private/RecomputeTangentsCommon.ush" 2520
"../../../Engine/Shaders/Private/RecomputeTangentsPerTrianglePass.usf" 2521
"../../../Engine/Shaders/Private/DynamicMeshBounds.usf" 2522
"../../../Engine/Shaders/Private/GpuSkinCacheComputeShader.usf" 2523
"../../../Engine/Shaders/Private/DynamicMeshBounds.ush" 2524
"../../../Engine/Shaders/Private/HeightFieldAtlasManagement.usf" 2525
"../../../Engine/Shaders/Private/Landscape/LandscapeEditLayersUtils.usf" 2526
"../../../Engine/Shaders/Private/Landscape/LandscapeCommon.ush" 2527
"../../../Engine/Shaders/Private/Landscape/LandscapeEditLayersWeightmaps.usf" 2528
"../../../Engine/Shaders/Private/Landscape/LandscapeEditLayersHeightmaps.usf" 2529
"../../../Engine/Shaders/Private/LandscapeLayersPS.usf" 2530
"../../../Engine/Shaders/Private/LandscapePhysicalMaterial.usf" 2531
"../../../Engine/Shaders/Private/LandscapeGrassWeight.usf" 2532
"../../../Engine/Shaders/Private/Landscape/LandscapeCulling.usf" 2533
"../../../Engine/Shaders/Private/Nanite/NaniteHZBCull.ush" 2534
"../../../Engine/Shaders/Private/HZB.ush" 2535
"../../../Engine/Shaders/Private/Landscape/LandscapeMergeTexturesPS.usf" 2536
"../../../Engine/Shaders/Private/WideCustomResolveShaders.usf" 2537
"../../../Engine/Shaders/Private/WideCustomResolve_Wide.ush" 2538
"../../../Engine/Shaders/Private/WideCustomResolve_Wider.ush" 2539
"../../../Engine/Shaders/Private/WideCustomResolve_Widest.ush" 2540
"../../../Engine/Shaders/Private/WaterInfoTextureBlur.usf" 2541
"../../../Engine/Shaders/Private/WaterInfoTextureMerge.usf" 2542
"../../../Engine/Shaders/Private/PageTableUpdate.usf" 2543
"../../../Engine/Shaders/Private/VirtualTextureCompress.usf" 2544
"../../../Engine/Shaders/Private/ASTCCompressionCommon.ush" 2545
"../../../Engine/Shaders/Private/IntegerSequenceEncoding.ush" 2546
"../../../Engine/Shaders/Private/ETCCompressionCommon.ush" 2547
"../../../Engine/Shaders/Private/VirtualTextureMaterial.usf" 2548
"../../../Engine/Shaders/Private/PixelShaderOutputCommon.ush" 2549
"../../../Engine/Shaders/Private/ShaderOutputCommon.ush" 2550
"../../../Engine/Shaders/Private/VolumetricRenderTarget.usf" 2551
"../../../Engine/Shaders/Private/HeightFogCommon.ush" 2552
"../../../Engine/Shaders/Private/LocalFogVolumes/LocalFogVolumeCommon.ush" 2553
"../../../Engine/Shaders/Private/ReflectionEnvironmentShared.ush" 2554
"../../../Engine/Shaders/Private/VolumetricFogVoxelization.usf" 2555
"../../../Engine/Shaders/Private/VolumetricCloudMaterialPixelCommon.ush" 2556
"../../../Engine/Shaders/Private/VolumetricFogLightFunction.usf" 2557
"../../../Engine/Shaders/Private/LightFunctionCommon.ush" 2558
"../../../Engine/Shaders/Private/VolumetricFog.usf" 2559
"../../../Engine/Shaders/Private/DeferredLightingCommon.ush" 2560
"../../../Engine/Shaders/Private/DynamicLightingCommon.ush" 2561
"../../../Engine/Shaders/Private/CapsuleLightIntegrate.ush" 2562
"../../../Engine/Shaders/Private/CapsuleLightSampling.ush" 2563
"../../../Engine/Shaders/Private/RectLightIntegrate.ush" 2564
"../../../Engine/Shaders/Private/ScreenSpaceShadowRayCast.ush" 2565
"../../../Engine/Shaders/Private/LightFunctionAtlas/LightFunctionAtlasCommon.usf" 2566
"../../../Engine/Shaders/Private/LightGridCommon.ush" 2567
"../../../Engine/Shaders/Private/DistanceFieldAOShared.ush" 2568
"../../../Engine/Shaders/Private/IntersectionUtils.ush" 2569
"../../../Engine/Shaders/Private/VolumeLightingCommon.ush" 2570
"../../../Engine/Shaders/Private/ShadowProjectionCommon.ush" 2571
"../../../Engine/Shaders/Private/VolumeLightingCommonSampling.ush" 2572
"../../../Engine/Shaders/Private/VolumetricLightmapShared.ush" 2573
"../../../Engine/Shaders/Private/ForwardShadowingCommon.ush" 2574
"../../../Engine/Shaders/Private/LightDataUniforms.ush" 2575
"../../../Engine/Shaders/Private/Lumen/LumenTranslucencyVolumeShared.ush" 2576
"../../../Engine/Shaders/Private/Lumen/LumenRadianceCacheInterpolation.ush" 2577
"../../../Engine/Shaders/Private/VirtualShadowMaps/VirtualShadowMapProjectionCommon.ush" 2578
"../../../Engine/Shaders/Private/VirtualShadowMaps/VirtualShadowMapPageAccessCommon.ush" 2579
"../../../Engine/Shaders/Shared/VirtualShadowMapDefinitions.h" 2580
"../../../Engine/Shaders/Shared/HLSLMathAliases.h" 2581
"../../../Engine/Shaders/Private/VirtualShadowMaps/VirtualShadowMapHandle.ush" 2582
"../../../Engine/Shaders/Private/VirtualShadowMaps/VirtualShadowMapProjectionStructs.ush" 2583
"../../../Engine/Shaders/Private/DiaphragmDOF/DOFCommon.ush" 2584
"../../../Engine/Shaders/Private/VolumetricCloudCommon.ush" 2585
"../../../Engine/Shaders/Private/VolumetricCloud.usf" 2586
"../../../Engine/Shaders/Private/VisualizeVolumetricLightmap.usf" 2587
"../../../Engine/Shaders/Private/VirtualShadowMaps/VirtualShadowMapProjectionComposite.usf" 2588
"../../../Engine/Shaders/Private/LightShaderParameters.ush" 2589
"../../../Engine/Shaders/Private/VirtualShadowMaps/VirtualShadowMapMaskBitsCommon.ush" 2590
"../../../Engine/Shaders/Private/VirtualShadowMaps/VirtualShadowMapLightGrid.ush" 2591
"../../../Engine/Shaders/Private/VirtualShadowMaps/VirtualShadowMapProjection.usf" 2592
"../../../Engine/Shaders/Private/Visualization.ush" 2593
"../../../Engine/Shaders/Private/VirtualShadowMaps/VirtualShadowMapProjectionFilter.ush" 2594
"../../../Engine/Shaders/Private/VirtualShadowMaps/VirtualShadowMapProjectionDirectional.ush" 2595
"../../../Engine/Shaders/Private/VirtualShadowMaps/VirtualShadowMapSMRTCommon.ush" 2596
"../../../Engine/Shaders/Private/VirtualShadowMaps/VirtualShadowMapSMRTTemplate.ush" 2597
"../../../Engine/Shaders/Private/VirtualShadowMaps/VirtualShadowMapProjectionSpot.ush" 2598
"../../../Engine/Shaders/Private/VirtualShadowMaps/VirtualShadowMapTransmissionCommon.ush" 2599
"../../../Engine/Shaders/Private/VirtualShadowMaps/VirtualShadowMapScreenRayTrace.ush" 2600
"../../../Engine/Shaders/Private/VirtualShadowMaps/VirtualShadowMapStats.ush" 2601
"../../../Engine/Shaders/Private/HairStrands/HairStrandsVoxelPageCommon.ush" 2602
"../../../Engine/Shaders/Private/HairStrands/HairStrandsVoxelPageTraversal.ush" 2603
"../../../Engine/Shaders/Private/VirtualShadowMaps/VirtualShadowMapCacheGPUInvalidation.usf" 2604
"../../../Engine/Shaders/Private/VirtualShadowMaps/VirtualShadowMapPageCacheCommon.ush" 2605
"../../../Engine/Shaders/Private/VirtualShadowMaps/VirtualShadowMapCacheInvalidation.ush" 2606
"../../../Engine/Shaders/Private/VirtualShadowMaps/VirtualShadowMapPageOverlap.ush" 2607
"../../../Engine/Shaders/Private/ScreenSpaceDenoise/SSDDefinitions.ush" 2608
"../../../Engine/Shaders/Private/InstanceCulling/InstanceCullingLoadBalancer.ush" 2609
"../../../Engine/Shaders/Private/VirtualShadowMaps/VirtualShadowMapCacheLoadBalancer.usf" 2610
"../../../Engine/Shaders/Private/VirtualShadowMaps/VirtualShadowMapCopyStats.usf" 2611
"../../../Engine/Shaders/Private/VirtualShadowMaps/VirtualShadowMapShadowCasterBounds.usf" 2612
"../../../Engine/Shaders/Private/VirtualShadowMaps/VirtualShadowMapVisualize.ush" 2613
"../../../Engine/Shaders/Private/VirtualShadowMaps/VirtualShadowMapShadowCasterColor.usf" 2614
"../../../Engine/Shaders/Private/VirtualShadowMaps/VirtualShadowMapDebug.usf" 2615
"../../../Engine/Shaders/Private/VirtualShadowMaps/Desaturate.usf" 2616
"../../../Engine/Shaders/Private/VirtualShadowMaps/VirtualShadowMapPhysicalPageManagement.usf" 2617
"../../../Engine/Shaders/Private/ReductionCommon.ush" 2618
"../../../Engine/Shaders/Private/GPUMessaging.ush" 2619
"../../../Engine/Shaders/Private/VirtualShadowMaps/VirtualShadowMapPerPageDispatch.ush" 2620
"../../../Engine/Shaders/Private/VirtualShadowMaps/VirtualShadowMapComputeExplicitChunkDrawsViewMask.usf" 2621
"../../../Engine/Shaders/Shared/SceneCullingDefinitions.h" 2622
"../../../Engine/Shaders/Private/VirtualShadowMaps/VirtualShadowMapCompactViews.usf" 2623
"../../../Engine/Shaders/Private/VirtualShadowMaps/VirtualShadowMapBuildPerPageDrawCommands.usf" 2624
"../../../Engine/Shaders/Private/Nanite/NaniteCullingCommon.ush" 2625
"../../../Engine/Shaders/Private/Nanite/NaniteCulling.ush" 2626
"../../../Engine/Shaders/Private/Nanite/NaniteHierarchyTraversalCommon.ush" 2627
"../../../Engine/Shaders/Private/InstanceCulling/InstanceCullingCommon.ush" 2628
"../../../Engine/Shaders/Shared/InstanceCullingDefinitions.h" 2629
"../../../Engine/Shaders/Private/VirtualShadowMaps/VirtualShadowMapPrintStats.usf" 2630
"../../../Engine/Shaders/Private/VirtualShadowMaps/VirtualShadowMapPageManagement.usf" 2631
"../../../Engine/Shaders/Private/VirtualShadowMaps/VirtualShadowMapPageMarking.usf" 2632
"../../../Engine/Shaders/Private/VirtualShadowMaps/VirtualShadowMapPageMarking.ush" 2633
"../../../Engine/Shaders/Shared/SingleLayerWaterDefinitions.h" 2634
"../../../Engine/Shaders/Private/HairStrands/HairStrandsTileCommon.ush" 2635
"../../../Engine/Shaders/Private/Froxel/Froxel.ush" 2636
"../../../Engine/Shaders/Shared/FroxelDefinitions.h" 2637
"../../../Engine/Shaders/Private/VirtualShadowMaps/VirtualShadowMapThrottle.usf" 2638
"../../../Engine/Shaders/Private/VelocityUpdate.usf" 2639
"../../../Engine/Shaders/Private/VelocityCommon.ush" 2640
"../../../Engine/Shaders/Private/VelocityShader.usf" 2641
"../../../Engine/Shaders/Private/VariableRateShading/VRSShadingRatePreview.usf" 2642
"../../../Engine/Shaders/Private/VariableRateShading/VRSShadingRateCommon.ush" 2643
"../../../Engine/Shaders/Private/VariableRateShading/VRSShadingRateCombine.usf" 2644
"../../../Engine/Shaders/Private/VariableRateShading/VRSShadingRateFoveated.usf" 2645
"../../../Engine/Shaders/Private/VariableRateShading/VRSShadingRateReproject.usf" 2646
"../../../Engine/Shaders/Private/VariableRateShading/VRSShadingRateCalculate.usf" 2647
"../../../Engine/Shaders/Private/TranslucencyUpsampling.usf" 2648
"../../../Engine/Shaders/Private/ComposeSeparateTranslucency.usf" 2649
"../../../Engine/Shaders/Private/SeparateTranslucency.ush" 2650
"../../../Engine/Shaders/Private/TranslucencyVolumeVisualize.usf" 2651
"../../../Engine/Shaders/Private/TranslucencyVolumeCommon.ush" 2652
"../../../Engine/Shaders/Private/TranslucentLightInjectionShaders.usf" 2653
"../../../Engine/Shaders/Private/HeterogeneousVolumes/HeterogeneousVolumesAdaptiveVolumetricShadowMapSampling.ush" 2654
"../../../Engine/Shaders/Private/HeterogeneousVolumes/HeterogeneousVolumesAdaptiveVolumetricShadowMapUtils.ush" 2655
"../../../Engine/Shaders/Private/HeterogeneousVolumes/HeterogeneousVolumesBeerShadowMapUtils.ush" 2656
"../../../Engine/Shaders/Private/TranslucentShadowDepthShaders.usf" 2657
"../../../Engine/Shaders/Private/ShadowDepthCommon.ush" 2658
"../../../Engine/Shaders/Private/RayTracing/RayTracingTest.usf" 2659
"../../../Engine/Shaders/Private/PostprocessSubsurfaceTile.usf" 2660
"../../../Engine/Shaders/Private/PostProcessSubsurfaceCommon.ush" 2661
"../../../Engine/Shaders/Private/Substrate/SubstrateVisualize.usf" 2662
"../../../Engine/Shaders/Private/Substrate/SubstrateTile.ush" 2663
"../../../Engine/Shaders/Shared/SubstrateVisualizeDefinitions.h" 2664
"../../../Engine/Shaders/Private/Substrate/SubstrateVisualizeCommon.ush" 2665
"../../../Engine/Shaders/Private/SkyLightingDiffuseShared.ush" 2666
"../../../Engine/Shaders/Private/SkyLightingShared.ush" 2667
"../../../Engine/Shaders/Private/ClearCoatCommon.ush" 2668
"../../../Engine/Shaders/Private/ReflectionEnvironmentComposite.ush" 2669
"../../../Engine/Shaders/Private/Substrate/SubstrateLightingCommon.ush" 2670
"../../../Engine/Shaders/Private/Substrate/SubstrateRoughRefraction.usf" 2671
"../../../Engine/Shaders/Private/PathTracing/Material/PathTracingFresnel.ush" 2672
"../../../Engine/Shaders/Private/PathTracing/Material/PathTracingGlossy.ush" 2673
"../../../Engine/Shaders/Private/Substrate/SubstrateMaterialSampling.usf" 2674
"../../../Engine/Shaders/Private/Substrate/SubstrateMaterialSampling.ush" 2675
"../../../Engine/Shaders/Private/Lumen/LumenPosition.ush" 2676
"../../../Engine/Shaders/Private/Substrate/SubstrateTile.usf" 2677
"../../../Engine/Shaders/Private/Substrate/SubstrateMaterialClassification.usf" 2678
"../../../Engine/Shaders/Private/Substrate/SubstrateDBuffer.usf" 2679
"../../../Engine/Shaders/Private/StochasticLighting/StochasticLightingTileClassification.usf" 2680
"../../../Engine/Shaders/Private/Lumen/LumenMaterial.ush" 2681
"../../../Engine/Shaders/Private/HairStrands/HairStrandsVisibilityUtils.ush" 2682
"../../../Engine/Shaders/Private/Lumen/LumenReflectionCommon.ush" 2683
"../../../Engine/Shaders/Private/Lumen/LumenReflectionsCombine.ush" 2684
"../../../Engine/Shaders/Private/Lumen/LumenScreenProbeTileClassication.ush" 2685
"../../../Engine/Shaders/Private/MegaLights/MegaLightsTileClassification.ush" 2686
"../../../Engine/Shaders/Private/StochasticLighting/StochasticLightingUpsample.ush" 2687
"../../../Engine/Shaders/Private/StochasticLighting/StochasticLightingCommon.ush" 2688
"../../../Engine/Shaders/Private/SplineMeshSceneTexture.usf" 2689
"../../../Engine/Shaders/Private/SparseVolumeTexture/VisualizeSparseVolumeTexture.usf" 2690
"../../../Engine/Shaders/Private/SkyAtmosphere.usf" 2691
"../../../Engine/Shaders/Private/Nanite/NaniteSkinningUpdateViewData.usf" 2692
"../../../Engine/Shaders/Private/SceneCulling/SceneCulling.ush" 2693
"../../../Engine/Shaders/Private/Skinning/TransformProviders.usf" 2694
"../../../Engine/Shaders/Private/Skinning/SkinnedMeshDebug.usf" 2695
"../../../Engine/Shaders/Private/Skinning/AnimBankEval.usf" 2696
"../../../Engine/Shaders/Private/SingleLayerWaterComposite.usf" 2697
"../../../Engine/Shaders/Private/Froxel/FroxelBuild.ush" 2698
"../../../Engine/Shaders/Private/SingleLayerWaterRefractionCulling.usf" 2699
"../../../Engine/Shaders/Private/ScreenSpaceShadows.usf" 2700
"../../../Engine/Shaders/Private/bend_sss_gpu.ush" 2701
"../../../Engine/Shaders/Private/ShadowFactorsUpsampleCommon.ush" 2702
"../../../Engine/Shaders/Private/FirstPersonSelfShadow.usf" 2703
"../../../Engine/Shaders/Private/HZBTracing.ush" 2704
"../../../Engine/Shaders/Private/LateZDummyPS.usf" 2705
"../../../Engine/Shaders/Private/ShadowProjectionVertexShader.usf" 2706
"../../../Engine/Shaders/Private/ShadowProjectionPixelShader.usf" 2707
"../../../Engine/Shaders/Private/MobileLightingCommon.ush" 2708
"../../../Engine/Shaders/Private/PlanarReflectionShared.ush" 2709
"../../../Engine/Shaders/Private/MobileSSR.ush" 2710
"../../../Engine/Shaders/Private/SSRT/SSRTRayCast.ush" 2711
"../../../Engine/Shaders/Private/ShadowPercentageCloserFiltering.ush" 2712
"../../../Engine/Shaders/Private/TransmissionThickness.ush" 2713
"../../../Engine/Shaders/Private/CopyShadowMaps.usf" 2714
"../../../Engine/Shaders/Private/ShadowDepthPixelShader.usf" 2715
"../../../Engine/Shaders/Private/ShadowDepthVertexShader.usf" 2716
"../../../Engine/Shaders/Private/ShadingEnergyConservationTable.usf" 2717
"../../../Engine/Shaders/Shared/PathTracingDefinitions.h" 2718
"../../../Engine/Shaders/Private/ShadingFurnaceTest.usf" 2719
"../../../Engine/Shaders/Private/Substrate/SubstrateDeferredLighting.ush" 2720
"../../../Engine/Shaders/Private/ShaderPrintDraw.usf" 2721
"../../../Engine/Shaders/Private/ShaderPrintDrawPrimitive.usf" 2722
"../../../Engine/Shaders/Private/DefaultSSRTiles.usf" 2723
"../../../Engine/Shaders/Private/ScreenSpaceReflectionTileCommons.ush" 2724
"../../../Engine/Shaders/Private/SSRT/SSRTDiffuseIndirect.usf" 2725
"../../../Engine/Shaders/Private/SSRT/SSRTTileClassificationBuffer.ush" 2726
"../../../Engine/Shaders/Private/SSRT/SSRTReflections.usf" 2727
"../../../Engine/Shaders/Private/ScreenSpaceDenoise/SSDPublic.ush" 2728
"../../../Engine/Shaders/Private/SSRT/SSRTTileClassification.usf" 2729
"../../../Engine/Shaders/Private/SSRT/SSRTPrevFrameReduction.usf" 2730
"../../../Engine/Shaders/Private/ScreenSpaceDenoise/SSDComposeHarmonics.usf" 2731
"../../../Engine/Shaders/Private/ScreenSpaceDenoise/SSDPublicHarmonics.ush" 2732
"../../../Engine/Shaders/Private/ScreenSpaceDenoise/SSDSignalFramework.ush" 2733
"../../../Engine/Shaders/Private/ScreenSpaceDenoise/SSDCommon.ush" 2734
"../../../Engine/Shaders/Private/SphericalGaussian.ush" 2735
"../../../Engine/Shaders/Public/WaveBroadcastIntrinsics.ush" 2736
"../../../Engine/Shaders/Private/ScreenSpaceDenoise/SSDMetadata.ush" 2737
"../../../Engine/Shaders/Private/ScreenSpaceDenoise/SSDSignalCore.ush" 2738
"../../../Engine/Shaders/Private/ScreenSpaceDenoise/DenoisingCommon.ush" 2739
"../../../Engine/Shaders/Private/ScreenSpaceDenoise/SSDSignalArray.ush" 2740
"../../../Engine/Shaders/Private/ScreenSpaceDenoise/SSDSignalBufferEncoding.ush" 2741
"../../../Engine/Shaders/Private/ScreenSpaceDenoise/SSDPublicBufferEncoding.ush" 2742
"../../../Engine/Shaders/Private/Lumen/LumenBufferEncoding.ush" 2743
"../../../Engine/Shaders/Private/ScreenSpaceDenoise/SSDTemporalAccumulation.usf" 2744
"../../../Engine/Shaders/Private/ScreenSpaceDenoise/SSDSpatialKernel.ush" 2745
"../../../Engine/Shaders/Private/ScreenSpaceDenoise/SSDSignalAccumulatorArray.ush" 2746
"../../../Engine/Shaders/Private/ScreenSpaceDenoise/SSDSignalAccumulator.ush" 2747
"../../../Engine/Shaders/Private/ScreenSpaceDenoise/SSDSignalCompression.ush" 2748
"../../../Engine/Shaders/Private/ScreenSpaceDenoise/SSDSpatialAccumulation.usf" 2749
"../../../Engine/Shaders/Private/ScreenSpaceDenoise/SSDInjest.usf" 2750
"../../../Engine/Shaders/Private/ScreenSpaceDenoise/SSDCompressMetadata.usf" 2751
"../../../Engine/Shaders/Private/DownsampleDepthPixelShader.usf" 2752
"../../../Engine/Shaders/Private/ScreenPass.usf" 2753
"../../../Engine/Shaders/Private/HZB.usf" 2754
"../../../Engine/Shaders/Private/OcclusionFeedbackShaders.usf" 2755
"../../../Engine/Shaders/Private/HZBOcclusion.usf" 2756
"../../../Engine/Shaders/Private/OcclusionQueryPixelShader.usf" 2757
"../../../Engine/Shaders/Private/OcclusionQueryVertexShader.usf" 2758
"../../../Engine/Shaders/Private/HitProxyCopy.usf" 2759
"../../../Engine/Shaders/Private/HitProxyPixelShader.usf" 2760
"../../../Engine/Shaders/Private/HitProxyVertexShader.usf" 2761
"../../../Engine/Shaders/Private/SceneCulling/SceneCullingDebugRender.usf" 2762
"../../../Engine/Shaders/Private/SceneCulling/SceneCullingBuildExplicitBounds.usf" 2763
"../../../Engine/Shaders/Private/SceneCapturePixelShader.usf" 2764
"../../../Engine/Shaders/Private/RendererUtils.usf" 2765
"../../../Engine/Shaders/Private/RTWriteMaskDecode.usf" 2766
"../../../Engine/Shaders/Private/ReflectionEnvironmentShaders.usf" 2767
"../../../Engine/Shaders/Private/RectLightAtlas.usf" 2768
"../../../Engine/Shaders/Private/RayTracing/TraceRayInlineStatistics.usf" 2769
"../../../Engine/Shaders/Private/RayTracing/CompositeSkyLightPS.usf" 2770
"../../../Engine/Shaders/Private/RayTracing/GenerateSkyLightVisibilityRaysCS.usf" 2771
"../../../Engine/Shaders/Private/RayTracing/RayTracingSkyLightCommon.ush" 2772
"../../../Engine/Shaders/Private/RayTracing/SkyLightVisibilityRaysData.ush" 2773
"../../../Engine/Shaders/Private/Raytracing/RaytracingSkylightRGS.usf" 2774
"../../../Engine/Shaders/Private/HairStrands/HairStrandsRaytracing.ush" 2775
"../../../Engine/Shaders/Private/Raytracing/RayTracingSkyLightEvaluation.ush" 2776
"../../../Engine/Shaders/Private/Raytracing/RayTracingDeferredShadingCommon.ush" 2777
"../../../Engine/Shaders/Private/RayTracing/RayTracingOcclusionRGS.usf" 2778
"../../../Engine/Shaders/Private/RayTracing/RayTracingDirectionalLight.ush" 2779
"../../../Engine/Shaders/Private/RayTracing/RayTracingRectLight.ush" 2780
"../../../Engine/Shaders/Private/RayTracing/RayTracingSphereLight.ush" 2781
"../../../Engine/Shaders/Private/RayTracing/RayTracingCapsuleLight.ush" 2782
"../../../Engine/Shaders/Private/Raytracing/RayTracingFeedback.usf" 2783
"../../../Engine/Shaders/Shared/RayTracingDebugTypes.h" 2784
"../../../Engine/Shaders/Private/RayTracing/RayTracingPrimaryRays.usf" 2785
"../../../Engine/Shaders/Private/RayTracing/RayTracingLightingCommon.ush" 2786
"../../../Engine/Shaders/Private/RayTracing/RayTracingLightCullingCommon.ush" 2787
"../../../Engine/Shaders/Private/RayTracing/RayTracingMaterialDefaultHitShaders.usf" 2788
"../../../Engine/Shaders/Private/RayTracing/RayTracingMaterialHitShaders.usf" 2789
"../../../Engine/Shaders/Private/RayTracing/RayTracingShaderUtils.ush" 2790
"../../../Engine/Shaders/Private/RayTracing/RayTracingCalcInterpolants.ush" 2791
"../../../Engine/Shaders/Private/LightmapCommon.ush" 2792
"../../../Engine/Shaders/Private/Lumen/LumenHardwareRayTracingPayloadCommon.ush" 2793
"../../../Engine/Shaders/Shared/LumenDefinitions.h" 2794
"../../../Engine/Shaders/Private/Substrate/SubstrateExport.ush" 2795
"../../../Engine/Shaders/Private/RayTracing/RayTracingLightingMS.usf" 2796
"../../../Engine/Shaders/Private/Lumen/LumenDiffuseColorBoost.ush" 2797
"../../../Engine/Shaders/Private/RayTracing/RayTracingLightFunctionCommon.ush" 2798
"../../../Engine/Shaders/Private/RayTracing/RayTracingBuildLightGrid.usf" 2799
"../../../Engine/Shaders/Private/Raytracing/RayTracingInstanceBufferUtil.usf" 2800
"../../../Engine/Shaders/Private/RayTracing/RayTracingDynamicMesh.usf" 2801
"../../../Engine/Shaders/Private/RayTracing/RayTracingDefaultDecalHitShader.usf" 2802
"../../../Engine/Shaders/Private/RayTracing/RayTracingDecalMaterialShader.usf" 2803
"../../../Engine/Shaders/Private/PathTracing/PathTracingShaderUtils.ush" 2804
"../../../Engine/Shaders/Private/PathTracing/PathTracingCommon.ush" 2805
"../../../Engine/Shaders/Private/PathTracing/Material/PathTracingMaterialCommon.ush" 2806
"../../../Engine/Shaders/Private/PathTracing/Utilities/PathTracingRIS.ush" 2807
"../../../Engine/Shaders/Private/RayTracing/RayTracingBuildDecalGrid.usf" 2808
"../../../Engine/Shaders/Private/RayTracing/RayTracingDebugHitStatsUtils.usf" 2809
"../../../Engine/Shaders/Private/RayTracing/RayTracingDebugInstanceOverlap.usf" 2810
"../../../Engine/Shaders/Private/RayTracing/RayTracingDebugPicking.usf" 2811
"../../../Engine/Shaders/Private/RayTracing/RayTracingDebugUtils.ush" 2812
"../../../Engine/Shaders/Private/RayTracing/RayTracingDebugTraversal.usf" 2813
"../../../Engine/Shaders/Private/RayTracing/RayTracingDeferredMaterials.ush" 2814
"../../../Engine/Shaders/Shared/ThirdParty/AMD/ags_shader_intrinsics_dx12.h" 2815
"../../../Engine/Shaders/Shared/RayTracingDebugDefinitions.h" 2816
"../../../Engine/Shaders/Private/RayTracing/RayTracingDebugHitStatsCHS.usf" 2817
"../../../Engine/Shaders/Private/RayTracing/RayTracingDebugHitStats.usf" 2818
"../../../Engine/Shaders/Private/RayTracing/RayTracingDebugMS.usf" 2819
"../../../Engine/Shaders/Private/RayTracing/RayTracingDebugCHS.usf" 2820
"../../../Engine/Shaders/Private/RayTracing/RayTracingDebug.usf" 2821
"../../../Engine/Shaders/Private/RayTracing/RayTracingBuiltInShaders.usf" 2822
"../../../Engine/Shaders/Private/RayTracing/RayTracingBarycentrics.usf" 2823
"../../../Engine/Shaders/Private/RayTracing/RayTracingAmbientOcclusionRGS.usf" 2824
"../../../Engine/Shaders/Private/VisualizeShadingModels.usf" 2825
"../../../Engine/Shaders/Private/MotionBlur/VisualizeMotionVectors.usf" 2826
"../../../Engine/Shaders/Private/TemporalSuperResolution/TSRVisualize.usf" 2827
"../../../Engine/Shaders/Private/TemporalSuperResolution/TSRColorSpace.ush" 2828
"../../../Engine/Shaders/Private/TemporalSuperResolution/TSRCommon.ush" 2829
"../../../Engine/Shaders/Public/DualPixelVectorization.ush" 2830
"../../../Engine/Shaders/Private/TemporalSuperResolution/TSRReprojectionField.ush" 2831
"../../../Engine/Shaders/Private/TemporalSuperResolution/TSRResolveHistory.usf" 2832
"../../../Engine/Shaders/Private/TemporalSuperResolution/TSRConvolutionNetwork.ush" 2833
"../../../Engine/Shaders/Private/TemporalSuperResolution/TSRKernels.ush" 2834
"../../../Engine/Shaders/Public/LaneVectorization.ush" 2835
"../../../Engine/Shaders/Private/TemporalSuperResolution/TSRUpdateHistory.usf" 2836
"../../../Engine/Shaders/Private/TemporalSuperResolution/TSRSpatialAntiAliasing.ush" 2837
"../../../Engine/Shaders/Private/TemporalSuperResolution/TSRSpatialAntiAliasing.usf" 2838
"../../../Engine/Shaders/Private/TemporalSuperResolution/TSRRejectShading.usf" 2839
"../../../Engine/Shaders/Private/TemporalSuperResolution/TSRShadingAnalysis.ush" 2840
"../../../Engine/Shaders/Private/TemporalSuperResolution/TSRConvolutionNetworkPass.ush" 2841
"../../../Engine/Shaders/Private/TemporalSuperResolution/TSRDecimateHistory.usf" 2842
"../../../Engine/Shaders/Private/TemporalSuperResolution/TSRDepthVelocityAnalysis.ush" 2843
"../../../Engine/Shaders/Private/TemporalSuperResolution/TSRClosestOccluder.ush" 2844
"../../../Engine/Shaders/Private/TemporalSuperResolution/TSRWeightRelaxation.usf" 2845
"../../../Engine/Shaders/Private/TemporalSuperResolution/TSRThinGeometryCommon.ush" 2846
"../../../Engine/Shaders/Private/TemporalSuperResolution/TSRDetectThinGeometry.usf" 2847
"../../../Engine/Shaders/Private/TemporalSuperResolution/TSRDilateVelocity.usf" 2848
"../../../Engine/Shaders/Private/MotionBlur/MotionBlurVelocityFlatten.ush" 2849
"../../../Engine/Shaders/Private/MotionBlur/MotionBlurCommon.ush" 2850
"../../../Engine/Shaders/Private/TemporalSuperResolution/TSRClearPrevTextures.usf" 2851
"../../../Engine/Shaders/Private/TemporalSuperResolution/TSRMeasureCoverage.usf" 2852
"../../../Engine/Shaders/Private/TemporalSuperResolution/TSRMeasureFlickeringLuma.usf" 2853
"../../../Engine/Shaders/Private/TemporalAA.usf" 2854
"../../../Engine/Shaders/Private/SMAA/SMAADebugVisualization.usf" 2855
"../../../Engine/Shaders/Private/SMAA/SMAACommon.ush" 2856
"../../../Engine/Shaders/Private/SMAA/SMAA.ush" 2857
"../../../Engine/Shaders/Private/SMAA/SMAANeighborhoodBlendingShader.usf" 2858
"../../../Engine/Shaders/Private/SMAA/SMAABlendingWeightCalculationShader.usf" 2859
"../../../Engine/Shaders/Private/SMAA/SMAAEdgeDetectionShader.usf" 2860
"../../../Engine/Shaders/Private/FilterPixelShader.usf" 2861
"../../../Engine/Shaders/Private/FilterVertexShader.usf" 2862
"../../../Engine/Shaders/Private/VisualizeVirtualTexture.usf" 2863
"../../../Engine/Shaders/Private/PostProcessVisualizeBuffer.usf" 2864
"../../../Engine/Shaders/Private/PostProcessVisualizeLocalExposure.usf" 2865
"../../../Engine/Shaders/Private/PostProcessHistogramCommon.ush" 2866
"../../../Engine/Shaders/Private/PostProcessVisualizeLevelInstance.usf" 2867
"../../../Engine/Shaders/Private/PostProcessVisualizeHDR.usf" 2868
"../../../Engine/Shaders/Private/ShaderComplexityApplyPixelShader.usf" 2869
"../../../Engine/Shaders/Private/QuadOverdraw.ush" 2870
"../../../Engine/Shaders/Private/PostProcessUpscale.usf" 2871
"../../../Engine/Shaders/Private/PostProcessTonemap.usf" 2872
"../../../Engine/Shaders/Private/PostProcessing/FilmGrainPackConstants.usf" 2873
"../../../Engine/Shaders/Private/PostProcessing/FilmGrainReduce.usf" 2874
"../../../Engine/Shaders/Private/PostProcessTestImage.usf" 2875
"../../../Engine/Shaders/Private/PostProcessSubsurface.usf" 2876
"../../../Engine/Shaders/Private/SeparableSSS.ush" 2877
"../../../Engine/Shaders/Private/SubsurfaceBurleyNormalized.ush" 2878
"../../../Engine/Shaders/Private/PostProcessSelectionOutline.usf" 2879
"../../../Engine/Shaders/Private/MotionBlur/MotionBlurVisualize.usf" 2880
"../../../Engine/Shaders/Private/MotionBlur/MotionBlurApply.usf" 2881
"../../../Engine/Shaders/Private/MotionBlur/MotionBlurFilterTileClassify.usf" 2882
"../../../Engine/Shaders/Private/MotionBlur/MotionBlurTileScatter.usf" 2883
"../../../Engine/Shaders/Private/MotionBlur/MotionBlurTileGather.usf" 2884
"../../../Engine/Shaders/Private/MotionBlur/MotionBlurVelocityFlatten.usf" 2885
"../../../Engine/Shaders/Private/PostProcessMobile.usf" 2886
"../../../Engine/Shaders/Private/PostProcessMitchellNetravali.usf" 2887
"../../../Engine/Shaders/Private/PostProcessLocalExposure.usf" 2888
"../../../Engine/Shaders/Private/PostProcessLensFlares.usf" 2889
"../../../Engine/Shaders/Private/PostProcessGBufferHints.usf" 2890
"../../../Engine/Shaders/Private/PostProcessHMD.usf" 2891
"../../../Engine/Shaders/Private/Histogram.usf" 2892
"../../../Engine/Shaders/Private/PostProcessExposureMaterial.ush" 2893
"../../../Engine/Shaders/Private/PostProcessHistogramReduce.usf" 2894
"../../../Engine/Shaders/Private/PostProcessHistogram.usf" 2895
"../../../Engine/Shaders/Private/Bloom/BloomFinalizeApplyConstants.usf" 2896
"../../../Engine/Shaders/Private/Bloom/BloomCommon.ush" 2897
"../../../Engine/Shaders/Private/Bloom/BloomResizeKernel.usf" 2898
"../../../Engine/Shaders/Private/Bloom/BloomDownsampleKernel.usf" 2899
"../../../Engine/Shaders/Private/Bloom/BloomClampKernel.usf" 2900
"../../../Engine/Shaders/Private/Bloom/BloomPackKernelConstants.usf" 2901
"../../../Engine/Shaders/Private/Bloom/BloomSumScatterDispersionEnergy.usf" 2902
"../../../Engine/Shaders/Private/Bloom/BloomReduceKernelSurvey.usf" 2903
"../../../Engine/Shaders/Private/Bloom/BloomSurveyKernelCenterEnergy.usf" 2904
"../../../Engine/Shaders/Private/Bloom/BloomSurveyMaxScatterDispersion.usf" 2905
"../../../Engine/Shaders/Private/Bloom/BloomFindKernelCenter.usf" 2906
"../../../Engine/Shaders/Private/PostProcessEyeAdaptation.usf" 2907
"../../../Engine/Shaders/Private/PostProcessEyeAdaptationUtils.usf" 2908
"../../../Engine/Shaders/Private/PostProcessDownsample.usf" 2909
"../../../Engine/Shaders/Private/PostProcessDOF.usf" 2910
"../../../Engine/Shaders/Private/PostProcessDeviceEncodingOnly.usf" 2911
"../../../Engine/Shaders/Private/PostProcessCompositePrimitives.usf" 2912
"../../../Engine/Shaders/Private/PostProcessCombineLUTs.usf" 2913
"../../../Engine/Shaders/Private/PostProcessVisualizeDOF.usf" 2914
"../../../Engine/Shaders/Private/PostProcessBloom.usf" 2915
"../../../Engine/Shaders/Private/PostProcessAmbientOcclusionMobile.usf" 2916
"../../../Engine/Shaders/Private/PostProcessAmbientOcclusionCommon.ush" 2917
"../../../Engine/Shaders/Private/FXAAShader.usf" 2918
"../../../Engine/Shaders/Private/Fxaa3_11.ush" 2919
"../../../Engine/Shaders/Private/PaniniProjection.usf" 2920
"../../../Engine/Shaders/Private/DiaphragmDOF/DOFRecombine.usf" 2921
"../../../Engine/Shaders/Private/DiaphragmDOF/DOFHybridScatterPixelShader.usf" 2922
"../../../Engine/Shaders/Private/DiaphragmDOF/DOFHybridScatterCommon.ush" 2923
"../../../Engine/Shaders/Private/DiaphragmDOF/DOFVignetteCommon.ush" 2924
"../../../Engine/Shaders/Private/DiaphragmDOF/DOFHybridScatterVertexShader.usf" 2925
"../../../Engine/Shaders/Private/DiaphragmDOF/DOFPostfiltering.usf" 2926
"../../../Engine/Shaders/Private/DiaphragmDOF/DOFGatherTileSuggest.ush" 2927
"../../../Engine/Shaders/Private/DiaphragmDOF/DOFCocTileCommon.ush" 2928
"../../../Engine/Shaders/Private/DiaphragmDOF/DOFGatherPass.usf" 2929
"../../../Engine/Shaders/Private/DiaphragmDOF/DOFGatherCommon.ush" 2930
"../../../Engine/Shaders/Private/DiaphragmDOF/DOFGatherAccumulator.ush" 2931
"../../../Engine/Shaders/Private/DiaphragmDOF/DOFGatherKernel.ush" 2932
"../../../Engine/Shaders/Private/DiaphragmDOF/DOFBokehLUT.usf" 2933
"../../../Engine/Shaders/Private/DiaphragmDOF/DOFHybridScatterCompilation.usf" 2934
"../../../Engine/Shaders/Private/DiaphragmDOF/DOFReduce.usf" 2935
"../../../Engine/Shaders/Private/DiaphragmDOF/DOFDownsample.ush" 2936
"../../../Engine/Shaders/Private/DiaphragmDOF/DOFHybridScatterCompilation.ush" 2937
"../../../Engine/Shaders/Private/DiaphragmDOF/DOFDownsample.usf" 2938
"../../../Engine/Shaders/Private/DiaphragmDOF/DOFCocTileDilate.usf" 2939
"../../../Engine/Shaders/Private/DiaphragmDOF/DOFCocTileFlatten.usf" 2940
"../../../Engine/Shaders/Private/DiaphragmDOF/DOFSetup.usf" 2941
"../../../Engine/Shaders/Private/Tools/DebugAlphaChannel.usf" 2942
"../../../Engine/Shaders/Private/PostProcessAlphaInvert.usf" 2943
"../../../Engine/Shaders/Private/PlanarReflectionShaders.usf" 2944
"../../../Engine/Shaders/Private/PhysicsFieldVisualizer.usf" 2945
"../../../Engine/Shaders/Private/PathTracing/PathTracingSpatialTemporalDenoising.usf" 2946
"../../../Engine/Shaders/Private/ColorDifference.ush" 2947
"../../../Engine/Shaders/Private/PathTracing/PathTracingCompositingPixelShader.usf" 2948
"../../../Engine/Shaders/Private/PathTracing/PathTracingAdaptiveUtils.ush" 2949
"../../../Engine/Shaders/Private/PathTracing/PathTracingDefaultHitShader.usf" 2950
"../../../Engine/Shaders/Private/PathTracing/PathTracingGPULightmassMaterialHitShader.usf" 2951
"../../../Engine/Shaders/Private/PathTracing/PathTracingMaterialHitShader.usf" 2952
"../../../Engine/Shaders/Private/PathTracing/Material/PathTracingSubstrateCommon.ush" 2953
"../../../Engine/Shaders/Private/PathTracing/PathTracingLightingMissShader.usf" 2954
"../../../Engine/Shaders/Private/PathTracing/PathTracingMissShader.usf" 2955
"../../../Engine/Shaders/Private/PathTracing/PathTracingAdaptiveStart.usf" 2956
"../../../Engine/Shaders/Private/PathTracing/PathTracingBuildAdaptiveError.usf" 2957
"../../../Engine/Shaders/Private/PathTracing/PathTracingVolumetricCloudMaterialShader.usf" 2958
"../../../Engine/Shaders/Private/PathTracing/Volume/PathTracingCloudsMaterialCommon.ush" 2959
"../../../Engine/Shaders/Private/PathTracing/Volume/PathTracingVolumeCommon.ush" 2960
"../../../Engine/Shaders/Private/PathTracing/Volume/PathTracingCloudsCommon.ush" 2961
"../../../Engine/Shaders/Private/PathTracing/Volume/PathTracingFog.ush" 2962
"../../../Engine/Shaders/Private/PathTracing/Volume/PathTracingAtmosphere.ush" 2963
"../../../Engine/Shaders/Private/PathTracing/Volume/PathTracingAtmosphereCommon.ush" 2964
"../../../Engine/Shaders/Private/PathTracing/Volume/PathTracingVolumeSampling.ush" 2965
"../../../Engine/Shaders/Private/PathTracing/PathTracingBuildCloudAccelerationMap.usf" 2966
"../../../Engine/Shaders/Private/PathTracing/PathTracingBuildAtmosphereLUT.usf" 2967
"../../../Engine/Shaders/Private/PathTracing/PathTracingSwizzleScanlines.usf" 2968
"../../../Engine/Shaders/Private/PathTracing/PathTracingInitExtinctionCoefficient.usf" 2969
"../../../Engine/Shaders/Private/PathTracing/PathTracingCopyDepth.usf" 2970
"../../../Engine/Shaders/Private/PathTracing/PathTracingDebug.usf" 2971
"../../../Engine/Shaders/Private/RayTracing/RayTracingDecalGrid.ush" 2972
"../../../Engine/Shaders/Private/PathTracing/Material/PathTracingMaterialSampling.ush" 2973
"../../../Engine/Shaders/Private/PathTracing/Material/PathTracingLambert.ush" 2974
"../../../Engine/Shaders/Private/PathTracing/Material/PathTracingSubstrate.ush" 2975
"../../../Engine/Shaders/Private/PathTracing/Material/PathTracingSubstrateFoliage.ush" 2976
"../../../Engine/Shaders/Private/PathTracing/Material/PathTracingSubstrateSolidGlass.ush" 2977
"../../../Engine/Shaders/Private/PathTracing/Material/PathTracingSubstrateThinGlass.ush" 2978
"../../../Engine/Shaders/Private/PathTracing/Material/PathTracingSolidGlass.ush" 2979
"../../../Engine/Shaders/Private/PathTracing/Material/PathTracingEnergyConservation.ush" 2980
"../../../Engine/Shaders/Private/PathTracing/Material/PathTracingThinGlass.ush" 2981
"../../../Engine/Shaders/Private/PathTracing/Material/PathTracingDefaultLit.ush" 2982
"../../../Engine/Shaders/Private/PathTracing/Material/PathTracingClearCoat.ush" 2983
"../../../Engine/Shaders/Private/PathTracing/Material/PathTracingTwoSidedFoliage.ush" 2984
"../../../Engine/Shaders/Private/PathTracing/Material/PathTracingCloth.ush" 2985
"../../../Engine/Shaders/Private/PathTracing/Material/PathTracingSubsurfaceProfile.ush" 2986
"../../../Engine/Shaders/Private/PathTracing/Material/PathTracingEye.ush" 2987
"../../../Engine/Shaders/Private/PathTracing/Material/PathTracingHair.ush" 2988
"../../../Engine/Shaders/Private/PathTracing/Material/PathTracingMedium.ush" 2989
"../../../Engine/Shaders/Private/PathTracing/Light/PathTracingLightSampling.ush" 2990
"../../../Engine/Shaders/Private/PathTracing/Light/PathTracingLightCommon.ush" 2991
"../../../Engine/Shaders/Private/PathTracing/Light/PathTracingDirectionalLight.ush" 2992
"../../../Engine/Shaders/Private/PathTracing/Light/PathTracingPointLight.ush" 2993
"../../../Engine/Shaders/Private/PathTracing/Light/PathTracingCapsuleLight.ush" 2994
"../../../Engine/Shaders/Private/PathTracing/Light/PathTracingRectLight.ush" 2995
"../../../Engine/Shaders/Private/PathTracing/Light/PathTracingSkyLight.ush" 2996
"../../../Engine/Shaders/Private/PathTracing/Light/PathTracingLightGrid.ush" 2997
"../../../Engine/Shaders/Private/PathTracing/PathTracing.usf" 2998
"../../../Engine/Shaders/Private/PathTracing/PathTracingCore.ush" 2999
"../../../Engine/Shaders/Private/HeterogeneousVolumes/HeterogeneousVolumesVoxelGridTypes.ush" 3000
"../../../Engine/Shaders/Private/PathTracing/Volume/PathTracingVolume.ush" 3001
"../../../Engine/Shaders/Private/PathTracing/Volume/PathTracingClouds.ush" 3002
"../../../Engine/Shaders/Private/PathTracing/Volume/PathTracingHeterogeneousVolumes.ush" 3003
"../../../Engine/Shaders/Private/HeterogeneousVolumes/HeterogeneousVolumesTracingUtils.ush" 3004
"../../../Engine/Shaders/Private/HeterogeneousVolumes/HeterogeneousVolumesVoxelGridTraversal.ush" 3005
"../../../Engine/Shaders/Private/HeterogeneousVolumes/HeterogeneousVolumesVoxelGridUtils.ush" 3006
"../../../Engine/Shaders/Private/HeterogeneousVolumes/HeterogeneousVolumesFrustumVoxelGridUtils.ush" 3007
"../../../Engine/Shaders/Private/PathTracing/PathTracingBuildLightGrid.usf" 3008
"../../../Engine/Shaders/Private/PathTracing/PathTracingSkylightMISCompensation.usf" 3009
"../../../Engine/Shaders/Private/PathTracing/PathTracingSkylightPrepare.usf" 3010
"../../../Engine/Shaders/Private/OIT/OITSorting.usf" 3011
"../../../Engine/Shaders/Private/OITCombine.usf" 3012
"../../../Engine/Shaders/Private/OITCommon.ush" 3013
"../../../Engine/Shaders/Private/Nanite/Voxel/RasterizeBricks.usf" 3014
"../../../Engine/Shaders/Private/Nanite/Voxel/Brick.ush" 3015
"../../../Engine/Shaders/Private/Nanite/Voxel/Voxel.ush" 3016
"../../../Engine/Shaders/Private/Nanite/Voxel/ScatterBricks.usf" 3017
"../../../Engine/Shaders/Private/Nanite/Voxel/TileBricks.usf" 3018
"../../../Engine/Shaders/Private/Nanite/Voxel/AutoVoxel.usf" 3019
"../../../Engine/Shaders/Private/Nanite/NaniteDebugViews.usf" 3020
"../../../Engine/Shaders/Private/Nanite/NaniteEditorCommon.ush" 3021
"../../../Engine/Shaders/Private/BinarySearch.ush" 3022
"../../../Engine/Shaders/Private/Nanite/NaniteDepthDecode.usf" 3023
"../../../Engine/Shaders/Private/HTileEncoding.ush" 3024
"../../../Engine/Shaders/Private/Nanite/NaniteVisualize.usf" 3025
"../../../Engine/Shaders/Private/Nanite/NaniteStreamOut.usf" 3026
"../../../Engine/Shaders/Private/Nanite/NaniteHierarchyTraversal.ush" 3027
"../../../Engine/Shaders/Private/Nanite/NaniteShadeBinning.usf" 3028
"../../../Engine/Shaders/Private/Nanite/NaniteShadeCommon.ush" 3029
"../../../Engine/Shaders/Private/Nanite/NaniteFastClear.usf" 3030
"../../../Engine/Shaders/Private/Nanite/NaniteRayTracing.usf" 3031
"../../../Engine/Shaders/Private/Nanite/NaniteExportGBuffer.usf" 3032
"../../../Engine/Shaders/Private/Nanite/NaniteClusterCulling.usf" 3033
"../../../Engine/Shaders/Private/Nanite/NanitePrintStats.usf" 3034
"../../../Engine/Shaders/Private/Nanite/NaniteRasterizer.usf" 3035
"../../../Engine/Shaders/Private/Nanite/NaniteRasterizationCommon.ush" 3036
"../../../Engine/Shaders/Private/Nanite/NaniteRasterizer.ush" 3037
"../../../Engine/Shaders/Private/Nanite/NaniteWritePixel.ush" 3038
"../../../Engine/Shaders/Private/Nanite/NaniteTessellation.ush" 3039
"../../../Engine/Shaders/Private/WorkDistribution.ush" 3040
"../../../Engine/Shaders/Private/Nanite/NaniteDice.ush" 3041
"../../../Engine/Shaders/Private/ShaderBundleWorkGraphCommon.ush" 3042
"../../../Engine/Shaders/Public/RootConstants.ush" 3043
"../../../Engine/Shaders/Public/Platform/D3D/D3DRootConstants.ush" 3044
"../../../Engine/Shaders/Private/Nanite/NaniteSplit.usf" 3045
"../../../Engine/Shaders/Private/Nanite/NaniteRasterBinning.usf" 3046
"../../../Engine/Shaders/Private/Nanite/NaniteInstanceCulling.usf" 3047
"../../../Engine/Shaders/Private/Nanite/NaniteImposter.ush" 3048
"../../../Engine/Shaders/Private/Nanite/NaniteInstanceHierarchyCulling.usf" 3049
"../../../Engine/Shaders/Private/WorkGroupLoadBalancer.ush" 3050
"../../../Engine/Shaders/Private/Nanite/NanitePrimitiveFilter.usf" 3051
"../../../Engine/Shaders/Private/Nanite/NaniteRasterClear.usf" 3052
"../../../Engine/Shaders/Private/Nanite/NaniteDepthExport.usf" 3053
"../../../Engine/Shaders/Private/Nanite/NaniteEmitShadow.usf" 3054
"../../../Engine/Shaders/Private/MobileDeferredUtils.usf" 3055
"../../../Engine/Shaders/Private/MobileLocalLightsBuffer.usf" 3056
"../../../Engine/Shaders/Private/MobileFog.usf" 3057
"../../../Engine/Shaders/Private/DistortApplyScreenPS.usf" 3058
"../../../Engine/Shaders/Private/MobileDeferredShading.usf" 3059
"../../../Engine/Shaders/Private/MobileBasePassPixelShader.usf" 3060
"../../../Engine/Shaders/Private/MobileBasePassCommon.ush" 3061
"../../../Engine/Shaders/Private/BasePassCommon.ush" 3062
"../../../Engine/Shaders/Private/ShadingModelsMaterial.ush" 3063
"../../../Engine/Shaders/Private/ThinTranslucentCommon.ush" 3064
"../../../Engine/Shaders/Private/SingleLayerWaterShading.ush" 3065
"../../../Engine/Shaders/Private/DistortionCommon.ush" 3066
"../../../Engine/Shaders/Private/Substrate/SubstrateMobileForwardLighting.ush" 3067
"../../../Engine/Shaders/Private/MobileBasePassVertexShader.usf" 3068
"../../../Engine/Shaders/Private/MeshEdges.usf" 3069
"../../../Engine/Shaders/Private/MegaLights/MegaLightsSampling.usf" 3070
"../../../Engine/Shaders/Shared/MegaLightsDefinitions.h" 3071
"../../../Engine/Shaders/Private/MegaLights/MegaLightsShading.ush" 3072
"../../../Engine/Shaders/Private/MegaLights/MegaLights.ush" 3073
"../../../Engine/Shaders/Private/MegaLights/MegaLightsMaterial.ush" 3074
"../../../Engine/Shaders/Private/MegaLights/MegaLightsRayTracing.ush" 3075
"../../../Engine/Shaders/Private/MegaLights/MegaLightsSampling.ush" 3076
"../../../Engine/Shaders/Private/MegaLights/MegaLightsVolumeSampling.usf" 3077
"../../../Engine/Shaders/Private/MegaLights/MegaLightsVolume.ush" 3078
"../../../Engine/Shaders/Private/MegaLights/MegaLights.usf" 3079
"../../../Engine/Shaders/Private/HairStrands/HairStrandsScreenTracing.ush" 3080
"../../../Engine/Shaders/Private/MegaLights/MegaLightsFilterVisibleLightHash.usf" 3081
"../../../Engine/Shaders/Private/MegaLights/MegaLightsShading.usf" 3082
"../../../Engine/Shaders/Private/Lumen/LumenReflectionDenoiserCommon.ush" 3083
"../../../Engine/Shaders/Private/MegaLights/MegaLightsVisibleLightHash.usf" 3084
"../../../Engine/Shaders/Private/MegaLights/MegaLightsVolumeShading.usf" 3085
"../../../Engine/Shaders/Private/MegaLights/MegaLightsVSMMarking.usf" 3086
"../../../Engine/Shaders/Private/MegaLights/MegaLightsVSMTracing.usf" 3087
"../../../Engine/Shaders/Private/MegaLights/MegaLightsRayTracing.usf" 3088
"../../../Engine/Shaders/Private/DistanceField/GlobalDistanceFieldUtils.ush" 3089
"../../../Engine/Shaders/Private/Lumen/LumenScreenTracing.ush" 3090
"../../../Engine/Shaders/Private/MegaLights/MegaLightsVolumeRayTracing.usf" 3091
"../../../Engine/Shaders/Private/MegaLights/MegaLightsVolumeHardwareRayTracing.usf" 3092
"../../../Engine/Shaders/Private/Lumen/LumenHardwareRayTracingCommon.ush" 3093
"../../../Engine/Shaders/Private/RayTracing/RayTracingReflectionEnvironment.ush" 3094
"../../../Engine/Shaders/Private/Lumen/LumenHardwareRayTracingPlatformCommon.ush" 3095
"../../../Engine/Shaders/Private/Lumen/LumenTracingCommon.ush" 3096
"../../../Engine/Shaders/Private/Lumen/SurfaceCache/LumenSurfaceCacheSampling.ush" 3097
"../../../Engine/Shaders/Private/Lumen/SurfaceCache/LumenSurfaceCache.ush" 3098
"../../../Engine/Shaders/Private/Lumen/LumenCardCommon.ush" 3099
"../../../Engine/Shaders/Private/Lumen/LumenCardTileShadowDownsampleFactor.ush" 3100
"../../../Engine/Shaders/Private/MegaLights/MegaLightsHardwareRayTracing.usf" 3101
"../../../Engine/Shaders/Private/MegaLights/MegaLightsDebug.usf" 3102
"../../../Engine/Shaders/Private/MegaLights/MegaLightsDenoiserSpatial.usf" 3103
"../../../Engine/Shaders/Private/MegaLights/MegaLightsDenoiserTemporal.usf" 3104
"../../../Engine/Shaders/Private/MaterialCache/MaterialCacheABufferPages.usf" 3105
"../../../Engine/Shaders/Private/MaterialCache/MaterialCacheShade.usf" 3106
"../../../Engine/Shaders/Private/MaterialCache/MaterialCacheShadeCommon.ush" 3107
"../../../Engine/Shaders/Private/MaterialCache/MaterialCacheUnwrapNaniteShade.usf" 3108
"../../../Engine/Shaders/Private/MaterialCache/MaterialCacheUnwrapPixelShader.usf" 3109
"../../../Engine/Shaders/Private/MaterialCache/MaterialCacheUnwrapVertexShader.usf" 3110
"../../../Engine/Shaders/Private/Lumen/LumenVisualizeRadianceCache.usf" 3111
"../../../Engine/Shaders/Private/Lumen/LumenRadianceCacheCommon.ush" 3112
"../../../Engine/Shaders/Private/Lumen/LumenVisualizeHardwareRayTracing.usf" 3113
"../../../Engine/Shaders/Private/Lumen/LumenVisualize.ush" 3114
"../../../Engine/Shaders/Private/Lumen/LumenHairTracing.ush" 3115
"../../../Engine/Shaders/Private/Lumen/LumenVisualize.usf" 3116
"../../../Engine/Shaders/Private/Lumen/LumenSoftwareRayTracing.ush" 3117
"../../../Engine/Shaders/Private/DistanceField/GlobalDistanceFieldObjectGrid.ush" 3118
"../../../Engine/Shaders/Private/DistanceFieldLightingShared.ush" 3119
"../../../Engine/Shaders/Private/Lumen/LumenVisualizeTraces.ush" 3120
"../../../Engine/Shaders/Private/Lumen/LumenTranslucencyVolumeLighting.usf" 3121
"../../../Engine/Shaders/Private/Lumen/LumenRadianceCacheMarkCommon.ush" 3122
"../../../Engine/Shaders/Private/Lumen/LumenTranslucencyVolumeLightingShared.ush" 3123
"../../../Engine/Shaders/Private/Lumen/LumenScreenProbeCommon.ush" 3124
"../../../Engine/Shaders/Private/RayTracing/RayGenUtils.ush" 3125
"../../../Engine/Shaders/Private/Lumen/LumenRadianceCacheTracingCommon.ush" 3126
"../../../Engine/Shaders/Private/Lumen/LumenTranslucencyVolumeHardwareRayTracing.usf" 3127
"../../../Engine/Shaders/Private/Lumen/LumenTranslucencyRadianceCacheMarkShaders.usf" 3128
"../../../Engine/Shaders/Private/Lumen/SurfaceCache/LumenSurfaceCache.usf" 3129
"../../../Engine/Shaders/Private/Lumen/LumenVirtualTextureCommon.ush" 3130
"../../../Engine/Shaders/Private/Lumen/LumenShortRangeAOHardwareRayTracing.usf" 3131
"../../../Engine/Shaders/Private/Lumen/LumenScreenSpaceBentNormal.ush" 3132
"../../../Engine/Shaders/Private/Lumen/LumenScreenSpaceBentNormal.usf" 3133
"../../../Engine/Shaders/Private/Lumen/LumenScreenProbeTracing.usf" 3134
"../../../Engine/Shaders/Private/Lumen/LumenScreenProbeTracingCommon.ush" 3135
"../../../Engine/Shaders/Private/Lumen/LumenFloatQuantization.ush" 3136
"../../../Engine/Shaders/Private/Lumen/LumenScreenProbeImportanceSampling.usf" 3137
"../../../Engine/Shaders/Private/Lumen/LumenScreenProbeImportanceSamplingShared.ush" 3138
"../../../Engine/Shaders/Private/Lumen/LumenScreenProbeHardwareRayTracing.usf" 3139
"../../../Engine/Shaders/Private/Lumen/LumenScreenProbeDebug.usf" 3140
"../../../Engine/Shaders/Private/Lumen/LumenScreenProbeGather.usf" 3141
"../../../Engine/Shaders/Private/Lumen/LumenScreenProbeGatherTemporal.usf" 3142
"../../../Engine/Shaders/Private/Lumen/LumenScreenProbeFiltering.usf" 3143
"../../../Engine/Shaders/Private/Lumen/LumenSceneLighting.usf" 3144
"../../../Engine/Shaders/Private/Lumen/LumenCardTile.ush" 3145
"../../../Engine/Shaders/Private/Lumen/LumenSceneLighting.ush" 3146
"../../../Engine/Shaders/Private/Lumen/Radiosity/LumenRadiosity.ush" 3147
"../../../Engine/Shaders/Private/Lumen/LumenSceneLightingDebug.usf" 3148
"../../../Engine/Shaders/Private/Lumen/LumenScene.usf" 3149
"../../../Engine/Shaders/Private/Lumen/LumenSceneDirectLightingHardwareRayTracing.usf" 3150
"../../../Engine/Shaders/Private/Lumen/LumenSceneDirectLightingStochastic.ush" 3151
"../../../Engine/Shaders/Private/Lumen/LumenSceneDirectLighting.ush" 3152
"../../../Engine/Shaders/Private/Lumen/LumenSceneDebugHardwareRayTracing.usf" 3153
"../../../Engine/Shaders/Private/Lumen/LumenSceneDirectLightingStochastic.usf" 3154
"../../../Engine/Shaders/Private/Lumen/LumenSceneDirectLightingSoftwareRayTracing.usf" 3155
"../../../Engine/Shaders/Private/DistanceFieldShadowingShared.ush" 3156
"../../../Engine/Shaders/Private/Lumen/LumenSceneDirectLightingPerLightShadowCommon.ush" 3157
"../../../Engine/Shaders/Private/Lumen/LumenSceneDirectLightingShadowMask.usf" 3158
"../../../Engine/Shaders/Private/Lumen/LumenSceneDirectLighting.usf" 3159
"../../../Engine/Shaders/Private/Lumen/LumenSceneDirectLightingCulling.usf" 3160
"../../../Engine/Shaders/Private/Lumen/LumenCardComputeShader.usf" 3161
"../../../Engine/Shaders/Private/Lumen/LumenCardBasePass.ush" 3162
"../../../Engine/Shaders/Private/Lumen/LumenCardPixelShader.usf" 3163
"../../../Engine/Shaders/Private/Lumen/LumenCardVertexShader.usf" 3164
"../../../Engine/Shaders/Private/Lumen/LumenReSTIRGather.usf" 3165
"../../../Engine/Shaders/Private/Lumen/LumenReflectionTracing.usf" 3166
"../../../Engine/Shaders/Private/Lumen/LumenReflectionDenoiserSpatial.usf" 3167
"../../../Engine/Shaders/Private/Lumen/LumenReflectionDenoiserClear.usf" 3168
"../../../Engine/Shaders/Private/Lumen/LumenReflectionDenoiserTemporal.usf" 3169
"../../../Engine/Shaders/Private/Lumen/LumenReflectionResolve.usf" 3170
"../../../Engine/Shaders/Private/Lumen/LumenReflections.usf" 3171
"../../../Engine/Shaders/Private/Lumen/RayTracedTranslucency.usf" 3172
"../../../Engine/Shaders/Private/Lumen/LumenReflectionHardwareRayTracing.usf" 3173
"../../../Engine/Shaders/Private/Lumen/Radiosity/LumenVisualizeRadiosityProbes.usf" 3174
"../../../Engine/Shaders/Private/Lumen/Radiosity/LumenRadiosity.usf" 3175
"../../../Engine/Shaders/Private/Lumen/Radiosity/LumenRadiosityHardwareRayTracing.usf" 3176
"../../../Engine/Shaders/Private/Lumen/Radiosity/LumenRadiosityCulling.usf" 3177
"../../../Engine/Shaders/Private/Lumen/LumenRadianceCacheHardwareRayTracing.usf" 3178
"../../../Engine/Shaders/Private/Lumen/LumenRadianceCache.usf" 3179
"../../../Engine/Shaders/Private/Lumen/LumenRadianceCacheUpdate.ush" 3180
"../../../Engine/Shaders/Private/Lumen/LumenRadianceCacheDebug.usf" 3181
"../../../Engine/Shaders/Private/Lumen/LumenRadianceCacheUpdate.usf" 3182
"../../../Engine/Shaders/Private/Lumen/LumenMeshSDFCulling.usf" 3183
"../../../Engine/Shaders/Private/HybridIndirectLighting.ush" 3184
"../../../Engine/Shaders/Private/MeshDistanceFieldCommon.ush" 3185
"../../../Engine/Shaders/Private/Lumen/LumenIrradianceFieldGather.usf" 3186
"../../../Engine/Shaders/Private/Lumen/LumenHardwareRayTracingMaterials.usf" 3187
"../../../Engine/Shaders/Private/Lumen/LumenFrontLayerTranslucency.usf" 3188
"../../../Engine/Shaders/Private/LocalFogVolumes/LocalFogVolumeSplat.usf" 3189
"../../../Engine/Shaders/Private/LocalFogVolumes/LocalFogVolumeTiledCulling.usf" 3190
"../../../Engine/Shaders/Private/LightShaftShader.usf" 3191
"../../../Engine/Shaders/Private/StationaryLightOverlapShaders.usf" 3192
"../../../Engine/Shaders/Private/DeferredLightPixelShaders.usf" 3193
"../../../Engine/Shaders/Private/DeferredLightVertexShaders.usf" 3194
"../../../Engine/Shaders/Private/LightMapDensityShader.usf" 3195
"../../../Engine/Shaders/Private/LightGridInjection.usf" 3196
"../../../Engine/Shaders/Shared/LightGridDefinitions.h" 3197
"../../../Engine/Shaders/Private/LightFunctionPixelShader.usf" 3198
"../../../Engine/Shaders/Private/LightFunctionVertexShader.usf" 3199
"../../../Engine/Shaders/Private/LightFunctionAtlas/LightFunctionAtlasRender.usf" 3200
"../../../Engine/Shaders/Private/InstanceCulling/InstanceCullingOcclusionQuery.usf" 3201
"../../../Engine/Shaders/Private/InstanceCulling/InstanceCullingSetup.ush" 3202
"../../../Engine/Shaders/Private/InstanceCulling/BuildInstanceDrawCommands.usf" 3203
"../../../Engine/Shaders/Private/InstanceCulling/InstanceCompactionCommon.ush" 3204
"../../../Engine/Shaders/Private/SceneDataMobileWriter.ush" 3205
"../../../Engine/Shaders/Private/InstanceCulling/CompactVisibleInstances.usf" 3206
"../../../Engine/Shaders/Private/ReflectionEnvironmentPixelShader.usf" 3207
"../../../Engine/Shaders/Private/AmbientCubemapComposite.usf" 3208
"../../../Engine/Shaders/Private/DiffuseIndirectComposite.usf" 3209
"../../../Engine/Shaders/Private/IESAtlas.usf" 3210
"../../../Engine/Shaders/Private/HeterogeneousVolumes/HeterogeneousVolumesVisualizeCascades.usf" 3211
"../../../Engine/Shaders/Private/HeterogeneousVolumes/HeterogeneousVolumesVoxelGridShadows.usf" 3212
"../../../Engine/Shaders/Private/HeterogeneousVolumes/HeterogeneousVolumesStochasticFiltering.ush" 3213
"../../../Engine/Shaders/Private/HeterogeneousVolumes/HeterogeneousVolumesVoxelGridRenderingUtils.ush" 3214
"../../../Engine/Shaders/Private/HeterogeneousVolumes/HeterogeneousVolumesLightingUtils.ush" 3215
"../../../Engine/Shaders/Private/HeterogeneousVolumes/HeterogeneousVolumesRayMarchingUtils.ush" 3216
"../../../Engine/Shaders/Private/HeterogeneousVolumes/HeterogeneousVolumesRayMarchingTypes.ush" 3217
"../../../Engine/Shaders/Private/HeterogeneousVolumes/HeterogeneousVolumesTransmittanceVolumeUtils.ush" 3218
"../../../Engine/Shaders/Private/HeterogeneousVolumes/HeterogeneousVolumesAdaptiveVolumetricShadowMapSampler.ush" 3219
"../../../Engine/Shaders/Private/HeterogeneousVolumes/HeterogeneousVolumesVoxelGridRendering.usf" 3220
"../../../Engine/Shaders/Private/HeterogeneousVolumes/HeterogeneousVolumesVoxelGridPipeline.usf" 3221
"../../../Engine/Shaders/Private/HeterogeneousVolumes/HeterogeneousVolumesMaterialBakingPipeline.usf" 3222
"../../../Engine/Shaders/Private/HeterogeneousVolumes/HeterogeneousVolumesLiveShadingUtils.ush" 3223
"../../../Engine/Shaders/Private/HeterogeneousVolumes/HeterogeneousVolumesFrustumVoxelGrid.usf" 3224
"../../../Engine/Shaders/Private/HeterogeneousVolumes/HeterogeneousVolumesSparseVoxelPipeline.usf" 3225
"../../../Engine/Shaders/Private/HeterogeneousVolumes/HeterogeneousVolumesSparseVoxelUtils.ush" 3226
"../../../Engine/Shaders/Private/HeterogeneousVolumes/HeterogeneousVolumesSparseVoxelUniformBufferUtils.ush" 3227
"../../../Engine/Shaders/Private/HeterogeneousVolumes/HeterogeneousVolumesPreshadingPipeline.usf" 3228
"../../../Engine/Shaders/Private/HeterogeneousVolumes/HeterogeneousVolumesShadowMask.usf" 3229
"../../../Engine/Shaders/Private/HeterogeneousVolumes/HeterogeneousVolumesLiveShadingShadows.usf" 3230
"../../../Engine/Shaders/Private/HeterogeneousVolumes/HeterogeneousVolumesLiveShadingGlobalPipeline.usf" 3231
"../../../Engine/Shaders/Private/HeterogeneousVolumes/HeterogeneousVolumesLiveShadingPipeline.usf" 3232
"../../../Engine/Shaders/Private/HeterogeneousVolumes/HeterogeneousVolumesHardwareRayTracing.usf" 3233
"../../../Engine/Shaders/Private/HeterogeneousVolumes/HeterogeneousVolumesAmbientOcclusionPipeline.usf" 3234
"../../../Engine/Shaders/Private/HeterogeneousVolumes/HeterogeneousVolumesComposite.usf" 3235
"../../../Engine/Shaders/Private/HdrCustomResolveShaders.usf" 3236
"../../../Engine/Shaders/Private/HairStrands/RenderCurveRaster.usf" 3237
"../../../Engine/Shaders/Shared/RenderCurveDefinitions.h" 3238
"../../../Engine/Shaders/Private/HairStrands/HairStrandsVoxelRasterCompute.usf" 3239
"../../../Engine/Shaders/Private/HairStrands/HairStrandsHitProxy.usf" 3240
"../../../Engine/Shaders/Private/HairStrands/HairStrandsVisibilityRasterComputeNaive.usf" 3241
"../../../Engine/Shaders/Private/HairStrands/HairStrandsVisibilityRasterHW.usf" 3242
"../../../Engine/Shaders/Private/HairStrands/HairStrandsVisibilityRasterCompute.usf" 3243
"../../../Engine/Shaders/Private/HairStrands/HairStrandsVisibilityRasterClassification.usf" 3244
"../../../Engine/Shaders/Private/HairStrands/HairStrandsCoverage.usf" 3245
"../../../Engine/Shaders/Private/HairStrands/HairStrandsVisibilityDepthPS.usf" 3246
"../../../Engine/Shaders/Private/HairStrands/HairStrandsVisibilityTransmittanceDepthPS.usf" 3247
"../../../Engine/Shaders/Private/HairStrands/HairStrandsVisibilityFillOpaqueDepthPS.usf" 3248
"../../../Engine/Shaders/Private/HairStrands/HairStrandsVisibilityCompactionComputeRaster.usf" 3249
"../../../Engine/Shaders/Private/HairStrands/HairStrandsVisibilityCompaction.usf" 3250
"../../../Engine/Shaders/Private/HairStrands/HairStrandsVisibilityCopyIndirectArg.usf" 3251
"../../../Engine/Shaders/Private/HairStrands/HairStrandsVisibilityClearPS.usf" 3252
"../../../Engine/Shaders/Private/HairStrands/HairStrandsVisibilityPS.usf" 3253
"../../../Engine/Shaders/Private/HairStrands/HairStrandsVisibilityVS.usf" 3254
"../../../Engine/Shaders/Private/HairStrands/HairStrandsVelocity.usf" 3255
"../../../Engine/Shaders/Private/HairStrands/HairStrandsVisibilityComputeSampleCoverage.usf" 3256
"../../../Engine/Shaders/Private/HairStrands/HairStrandsMaterialPS.usf" 3257
"../../../Engine/Shaders/Private/HairStrands/HairStrandsMaterialCommon.ush" 3258
"../../../Engine/Shaders/Private/HairStrands/HairStrandsMaterialVS.usf" 3259
"../../../Engine/Shaders/Private/HairStrands/HairStrandsLightSample.usf" 3260
"../../../Engine/Shaders/Private/HairStrands/HairStrandsDeepShadowMask.usf" 3261
"../../../Engine/Shaders/Private/HairStrands/HairStrandsDeepTransmittanceMask.usf" 3262
"../../../Engine/Shaders/Private/HairStrands/HairStrandsVisibilityTile.usf" 3263
"../../../Engine/Shaders/Private/HairStrands/HairStrandsDeepShadowPS.usf" 3264
"../../../Engine/Shaders/Private/HairStrands/HairStrandsDeepShadowVS.usf" 3265
"../../../Engine/Shaders/Private/HairStrands/HairStrandsAABB.usf" 3266
"../../../Engine/Shaders/Private/HairStrands/HairStrandsLUT.usf" 3267
"../../../Engine/Shaders/Private/HairStrands/HairStrandsForwardRaster.usf" 3268
"../../../Engine/Shaders/Private/HairStrands/HairStrandsForwardCulling.usf" 3269
"../../../Engine/Shaders/Private/HairStrands/HairStrandsEnvironmentLighting.usf" 3270
"../../../Engine/Shaders/Private/HairStrands/HairStrandsEnvironmentAO.usf" 3271
"../../../Engine/Shaders/Private/HairStrands/HairStrandsDeepShadowAllocation.usf" 3272
"../../../Engine/Shaders/Private/HairStrands/HairStrandsVoxelDebug.usf" 3273
"../../../Engine/Shaders/Private/HairStrands/HairStrandsComposition.usf" 3274
"../../../Engine/Shaders/Private/HairStrands/HairStrandsGBufferCommon.ush" 3275
"../../../Engine/Shaders/Private/GPUScene/GPUSceneDataManagement.usf" 3276
"../../../Engine/Shaders/Private/GPUSceneDebugRender.usf" 3277
"../../../Engine/Shaders/Private/GPUFeedbackCompaction.usf" 3278
"../../../Engine/Shaders/Private/GPUFastFourierTransform.usf" 3279
"../../../Engine/Shaders/Private/GPUFastFourierTransform2DCore.ush" 3280
"../../../Engine/Shaders/Private/GPUFastFourierTransformCore.ush" 3281
"../../../Engine/Shaders/Private/GPUBenchmark.usf" 3282
"../../../Engine/Shaders/Private/DistanceField/GlobalDistanceFieldDebug.usf" 3283
"../../../Engine/Shaders/Private/DistanceField/GlobalDistanceFieldUpdate.ush" 3284
"../../../Engine/Shaders/Private/DistanceField/GlobalDistanceFieldMip.usf" 3285
"../../../Engine/Shaders/Private/DistanceField/GlobalDistanceField.usf" 3286
"../../../Engine/Shaders/Private/DistanceField/GlobalDistanceFieldCompositeObjects.usf" 3287
"../../../Engine/Shaders/Private/DistanceField/GlobalDistanceFieldHeightfields.usf" 3288
"../../../Engine/Shaders/Private/HeightfieldLightingShared.ush" 3289
"../../../Engine/Shaders/Private/GenerateConservativeDepth.usf" 3290
"../../../Engine/Shaders/Private/HeightFogPixelShader.usf" 3291
"../../../Engine/Shaders/Private/HeightFogVertexShader.usf" 3292
"../../../Engine/Shaders/Private/DistortFiltering.usf" 3293
"../../../Engine/Shaders/Private/DistortAccumulatePS.usf" 3294
"../../../Engine/Shaders/Private/DistortAccumulateVS.usf" 3295
"../../../Engine/Shaders/Private/DistanceFieldVisualization.usf" 3296
"../../../Engine/Shaders/Private/DistanceFieldStreaming.usf" 3297
"../../../Engine/Shaders/Private/DistanceFieldShadowing.usf" 3298
"../../../Engine/Shaders/Private/DistanceFieldScreenGridLighting.usf" 3299
"../../../Engine/Shaders/Private/DistanceFieldObjectCulling.usf" 3300
"../../../Engine/Shaders/Private/DistanceFieldLightingPost.usf" 3301
"../../../Engine/Shaders/Private/DitheredTransitionStencil.usf" 3302
"../../../Engine/Shaders/Private/CopyDepthTexture.usf" 3303
"../../../Engine/Shaders/Private/CopyDepthTextureCS.usf" 3304
"../../../Engine/Shaders/Private/DeferredDecal.usf" 3305
"../../../Engine/Shaders/Private/DecalCommon.ush" 3306
"../../../Engine/Shaders/Private/DebugViewModeVertexShader.usf" 3307
"../../../Engine/Shaders/Private/DebugViewModeCommon.ush" 3308
"../../../Engine/Shaders/Private/DebugViewModePixelShader.usf" 3309
"../../../Engine/Shaders/Private/DebugProbes.usf" 3310
"../../../Engine/Shaders/Private/MeshDecals.usf" 3311
"../../../Engine/Shaders/Private/PostProcessAmbientOcclusion.usf" 3312
"../../../Engine/Shaders/Private/ClusteredDeferredShadingPixelShader.usf" 3313
"../../../Engine/Shaders/Private/ClusteredDeferredShadingVertexShader.usf" 3314
"../../../Engine/Shaders/Private/CapsuleShadowShaders.usf" 3315
"../../../Engine/Shaders/Private/BasePassPixelShader.usf" 3316
"../../../Engine/Shaders/Private/ForwardLightingCommon.ush" 3317
"../../../Engine/Shaders/Private/Substrate/SubstrateForwardLighting.ush" 3318
"../../../Engine/Shaders/Private/ComputeShaderOutputCommon.ush" 3319
"../../../Engine/Shaders/Private/BasePassVertexShader.usf" 3320
"../../../Engine/Shaders/Private/BasePassVertexCommon.ush" 3321
"../../../Engine/Shaders/Private/SimpleElementVolumeTexturePreviewPixelShader.usf" 3322
"../../../Engine/Shaders/Private/SimpleElementTexture2DPreviewPixelShader.usf" 3323
"../../../Engine/Shaders/Private/meshpaintdilatepixelshader.usf" 3324
"../../../Engine/Shaders/Private/meshpaintdilatevertexshader.usf" 3325
"../../../Engine/Shaders/Private/MeshPaintPixelShader.usf" 3326
"../../../Engine/Shaders/Private/MeshPaintVertexShader.usf" 3327
"../../../Engine/Shaders/Private/SlateElementPixelShader.usf" 3328
"../../../Engine/Shaders/Private/SlateShaderCommon.ush" 3329
"../../../Engine/Shaders/Private/SlateMaskingShader.usf" 3330
"../../../Engine/Shaders/Private/SlateVertexShader.usf" 3331
"../../../Engine/Shaders/Private/CompositeUIPixelShader.usf" 3332
"../../../Engine/Shaders/Private/ColorDeficiency.ush" 3333
"../../../Engine/Shaders/Private/SlatePostProcessColorDeficiencyPixelShader.usf" 3334
"../../../Engine/Shaders/Private/SlatePostProcessPixelShader.usf" 3335
"../../../Engine/Shaders/Private/Tools/VisualizeTexture.usf" 3336
"../../../Engine/Shaders/Private/UpdateDescriptorHandle.usf" 3337
"../../../Engine/Shaders/Private/ByteBuffer.usf" 3338
"../../../Engine/Shaders/Private/ShaderBundleWorkGraphDispatch.usf" 3339
"../../../Engine/Shaders/Private/ShaderBundleDispatch.usf" 3340
"../../../Engine/Shaders/Private/ResolveVertexShader.usf" 3341
"../../../Engine/Shaders/Private/ResolvePixelShader.usf" 3342
"../../../Engine/Shaders/Private/Tools/SetupIndirectArgs.usf" 3343
"../../../Engine/Shaders/Private/ClearReplacementShaders.usf" 3344
"../../../Engine/Shaders/Private/Tools/DrawTexture.usf" 3345
"../../../Engine/Shaders/Private/RayTracing/RayTracingValidation.usf" 3346
"../../../Engine/Shaders/Private/RenderGraphUtilities.usf" 3347
"../../../Engine/Shaders/Private/OneColorShader.usf" 3348
"../../../Engine/Shaders/Private/OculusShaders.usf" 3349
"../../../Engine/Shaders/Private/MediaShaders.usf" 3350
"../../../Engine/Shaders/Private/GPUMessaging.usf" 3351
"../../../Engine/Shaders/Private/Tools/GPUDebugCrashUtils.usf" 3352
"../../../Engine/Shaders/Private/NullPixelShader.usf" 3353
"../../../Engine/Shaders/Private/ComputeGenerateMips.usf" 3354
"../../../Engine/Shaders/Private/Tools/DumpTexture.usf" 3355
"../../../Engine/Shaders/Private/CopyTextureShaders.usf" 3356
"../../../Engine/Shaders/Private/Tools/FullscreenVertexShader.usf" 3357
"../../../Engine/Shaders/Private/RayTracing/RayTracingDispatchDesc.usf" 3358
"../../../Engine/Shaders/Private/Bink.usf" 3359
"../../../Engine/Shaders/Private/DepthOnlyPixelShader.usf" 3360
"../../../Engine/Shaders/Private/PositionOnlyDepthVertexShader.usf" 3361
"../../../Engine/Shaders/Private/DepthOnlyVertexShader.usf" 3362
"../../../Engine/Shaders/Private/AnisotropyPassShader.usf" 3363
"D:/seisaku4/Content/seisaku/Material/curry.uasset" 3364
"/Engine/EngineResources/WhiteSquareTexture" 3365
"../../../Engine/Content/EngineResources/WhiteSquareTexture.uasset" 3366
"/Engine/EngineResources/GradientTexture0" 3367
"../../../Engine/Content/EngineResources/GradientTexture0.uasset" 3368
"/Engine/EngineResources/Black" 3369
"../../../Engine/Content/EngineResources/Black.uasset" 3370
"/Engine/EditorResources/S_Actor" 3371
"../../../Engine/Content/EditorResources/S_Actor.uasset" 3372
"/Engine/EngineFonts/RobotoDistanceField" 3373
"../../../Engine/Content/EngineFonts/RobotoDistanceField.uasset" 3374
"/Engine/EngineMaterials/DefaultTextMaterialOpaque" 3375
"../../../Engine/Content/EngineMaterials/DefaultTextMaterialOpaque.uasset" 3376
"/Engine/Functions/Engine_MaterialFunctions01/Shading/PowerToRoughness" 3377
"../../../Engine/Content/Functions/Engine_MaterialFunctions01/Shading/PowerToRoughness.uasset" 3378
"/Engine/Functions/Engine_MaterialFunctions01/Shading/ConvertFromDiffSpec" 3379
"../../../Engine/Content/Functions/Engine_MaterialFunctions01/Shading/ConvertFromDiffSpec.uasset" 3380
"/Engine/EngineMaterials/WorldGridMaterial" 3381
"../../../Engine/Content/EngineMaterials/WorldGridMaterial.uasset" 3382
"../../../Engine/Content/Functions/Engine_MaterialFunctions01/Opacity/CameraDepthFade.uasset" 3383
"../../../Engine/Content/EngineMaterials/T_Default_Material_Grid_M.uasset" 3384
"../../../Engine/Content/EngineMaterials/T_Default_Material_Grid_N.uasset" 3385
"/Engine/EngineMaterials/DefaultDeferredDecalMaterial" 3386
"../../../Engine/Content/EngineMaterials/DefaultDeferredDecalMaterial.uasset" 3387
"../../../Engine/Content/EngineMaterials/DefaultDiffuse.uasset" 3388
"/Engine/EngineMaterials/DefaultLightFunctionMaterial" 3389
"../../../Engine/Content/EngineMaterials/DefaultLightFunctionMaterial.uasset" 3390
"/Engine/EngineMaterials/DefaultPostProcessMaterial" 3391
"../../../Engine/Content/EngineMaterials/DefaultPostProcessMaterial.uasset" 3392
"../../../Engine/Content/Functions/Engine_MaterialFunctions02/Utility/BreakOutFloat2Components.uasset" 3393
"/Engine/EditorResources/S_Trigger" 3394
"../../../Engine/Content/EditorResources/S_Trigger.uasset" 3395
"/Engine/EditorResources/S_BoxReflectionCapture" 3396
"../../../Engine/Content/EditorResources/S_BoxReflectionCapture.uasset" 3397
"/Engine/EngineResources/DefaultTexture" 3398
"../../../Engine/Content/EngineResources/DefaultTexture.uasset" 3399
"/Engine/EditorResources/S_TriggerBox" 3400
"../../../Engine/Content/EditorResources/S_TriggerBox.uasset" 3401
"/Engine/EditorResources/S_TriggerCapsule" 3402
"../../../Engine/Content/EditorResources/S_TriggerCapsule.uasset" 3403
"/Engine/EditorResources/S_TriggerSphere" 3404
"../../../Engine/Content/EditorResources/S_TriggerSphere.uasset" 3405
"/Engine/EngineMeshes/Sphere" 3406
"../../../Engine/Content/EngineMeshes/Sphere.uasset" 3407
"/Engine/EngineDamageTypes/DmgTypeBP_Environmental" 3408
"../../../Engine/Content/EngineDamageTypes/DmgTypeBP_Environmental.uasset" 3409
"/Engine/EngineResources/DefaultTextureCube" 3410
"../../../Engine/Content/EngineResources/DefaultTextureCube.uasset" 3411
"/Engine/EngineResources/DefaultVolumeTexture" 3412
"../../../Engine/Content/EngineResources/DefaultVolumeTexture.uasset" 3413
"../../../Engine/Content/EngineResources/DefaultVolumeTexture2D.uasset" 3414
"/MediaFrameworkUtilities/M_BaseMediaBundle" 3415
"../../Plugins/Media/MediaFrameworkUtilities/Content/M_BaseMediaBundle.uasset" 3416
"../../../Engine/Content/MaterialTemplates/Chromakeying/MF_Chromakeyer.uasset" 3417
"../../Plugins/Compositing/OpenCVLensDistortion/Content/Materials/MF_UVLensDisplacement.uasset" 3418
"../../Plugins/Compositing/OpenCVLensDistortion/Content/Materials/MF_UVOutOfBoundMask.uasset" 3419
"../../Plugins/Media/MediaFrameworkUtilities/Content/T_DefaultBundle.uasset" 3420
"../../Plugins/Media/MediaFrameworkUtilities/Content/T_VideoInputFailed.uasset" 3421
"../../../Engine/Content/Functions/Engine_MaterialFunctions01/Chromakeying/DespillByAvg.uasset" 3422
"../../../Engine/Content/Functions/Engine_MaterialFunctions01/Chromakeying/DespillManual.uasset" 3423
"../../../Engine/Content/Functions/Engine_MaterialFunctions01/ImageAdjustment/ColorCorrection.uasset" 3424
"../../../Engine/Content/Functions/Engine_MaterialFunctions01/Opacity/Chroma_Key_Alpha.uasset" 3425
"../../../Engine/Content/Functions/Engine_MaterialFunctions01/Texturing/UVCropping.uasset" 3426
"../../../Engine/Content/Functions/Engine_MaterialFunctions02/PivotPainter2/Black_1x1_EXR_Texture.uasset" 3427
"../../../Engine/Content/Functions/Engine_MaterialFunctions02/SplitComponents.uasset" 3428
"../../../Engine/Content/Functions/Engine_MaterialFunctions02/Utility/MakeFloat3.uasset" 3429
"../../../Engine/Content/Functions/Engine_MaterialFunctions01/ImageAdjustment/SCurve.uasset" 3430
"../../../Engine/Content/Functions/Engine_MaterialFunctions02/HueShift.uasset" 3431
"../../../Engine/Content/Functions/Engine_MaterialFunctions02/Utility/VectorLength.uasset" 3432
"/MediaFrameworkUtilities/BP_MediaBundle_Plane_16-9" 3433
"../../Plugins/Media/MediaFrameworkUtilities/Content/BP_MediaBundle_Plane_16-9.uasset" 3434
"../../Plugins/Media/MediaFrameworkUtilities/Content/M_DefaultMedia.uasset" 3435
"../../../Engine/Content/BasicShapes/Plane.uasset" 3436
"../../Plugins/Media/MediaFrameworkUtilities/Content/T_DefaultMedia.uasset" 3437
"/VirtualProductionUtilities/Materials/WidgetPostProcessMaterial" 3438
"../../Plugins/Experimental/VirtualProductionUtilities/Content/Materials/WidgetPostProcessMaterial.uasset" 3439
"/ARUtilities/Materials/M_PassthroughCamera" 3440
"../../Plugins/Runtime/AR/ARUtilities/Content/Materials/M_PassthroughCamera.uasset" 3441
"../../Plugins/Runtime/AR/ARUtilities/Content/Materials/DummyExternalTexture.uasset" 3442
"/AppleARKit/MI_DepthOcclusionOverlay" 3443
"../../Plugins/Runtime/AR/AppleAR/AppleARKit/Content/MI_DepthOcclusionOverlay.uasset" 3444
"../../Plugins/Runtime/AR/AppleAR/AppleARKit/Content/M_OcclusionOverlay.uasset" 3445
"/AppleARKit/MI_MatteOcclusionOverlay" 3446
"../../Plugins/Runtime/AR/AppleAR/AppleARKit/Content/MI_MatteOcclusionOverlay.uasset" 3447
"/AppleARKit/M_SceneDepthOcclusion" 3448
"../../Plugins/Runtime/AR/AppleAR/AppleARKit/Content/M_SceneDepthOcclusion.uasset" 3449
"/ARUtilities/Materials/M_DepthColoration" 3450
"../../Plugins/Runtime/AR/ARUtilities/Content/Materials/M_DepthColoration.uasset" 3451
"../../Plugins/Runtime/AR/ARUtilities/Content/Materials/MF_DistanceColorLerp.uasset" 3452
"/Engine/EditorResources/S_Solver" 3453
"../../../Engine/Content/EditorResources/S_Solver.uasset" 3454
"/Engine/EngineDebugMaterials/VolumeToRender" 3455
"../../../Engine/Content/EngineDebugMaterials/VolumeToRender.uasset" 3456
"/Engine/EngineDebugMaterials/M_VolumeRenderSphereTracePP" 3457
"../../../Engine/Content/EngineDebugMaterials/M_VolumeRenderSphereTracePP.uasset" 3458
"../../../Engine/Content/Functions/Engine_MaterialFunctions02/Utility/CameraDirectionVector.uasset" 3459
"/Engine/EditorMeshes/Camera/SM_CraneRig_Base" 3460
"../../../Engine/Content/EditorMeshes/Camera/SM_CraneRig_Base.uasset" 3461
"../../../Engine/Content/EditorMaterials/Camera/MI_CineMat_Rig.uasset" 3462
"../../../Engine/Content/EditorMaterials/Camera/CineMat.uasset" 3463
"/Engine/EditorMeshes/Camera/SM_CraneRig_Arm" 3464
"../../../Engine/Content/EditorMeshes/Camera/SM_CraneRig_Arm.uasset" 3465
"/Engine/EditorMeshes/Camera/SM_CraneRig_Mount" 3466
"../../../Engine/Content/EditorMeshes/Camera/SM_CraneRig_Mount.uasset" 3467
"/Engine/EditorMeshes/Camera/SM_CraneRig_Body" 3468
"../../../Engine/Content/EditorMeshes/Camera/SM_CraneRig_Body.uasset" 3469
"/Engine/EditorMeshes/Camera/SM_RailRig_Track" 3470
"../../../Engine/Content/EditorMeshes/Camera/SM_RailRig_Track.uasset" 3471
"/Engine/EditorMeshes/Camera/SM_RailRig_Mount" 3472
"../../../Engine/Content/EditorMeshes/Camera/SM_RailRig_Mount.uasset" 3473
"/Engine/EditorLandscapeResources/SplineEditorMesh" 3474
"../../../Engine/Content/EditorLandscapeResources/SplineEditorMesh.uasset" 3475
"../../../Engine/Content/EditorLandscapeResources/SplineEditorMeshMat.uasset" 3476
"/HairStrands/Materials/HairDebugMaterial" 3477
"../../Plugins/Runtime/HairStrands/Content/Materials/HairDebugMaterial.uasset" 3478
"../../../Engine/Content/Functions/Engine_MaterialFunctions02/Utility/MakeFloat2.uasset" 3479
"../../../Engine/Content/EngineMaterials/HairColorMap.uasset" 3480
"../../../Engine/Content/EngineMaterials/HairDebugColor.uasset" 3481
"../../Plugins/Runtime/HairStrands/Content/Materials/HairGroupColors.uasset" 3482
"/HairStrands/Materials/HairDefaultMaterial" 3483
"../../Plugins/Runtime/HairStrands/Content/Materials/HairDefaultMaterial.uasset" 3484
"/HairStrands/Materials/HairCardsDefaultMaterial" 3485
"../../Plugins/Runtime/HairStrands/Content/Materials/HairCardsDefaultMaterial.uasset" 3486
"/HairStrands/Materials/HairMeshesDefaultMaterial" 3487
"../../Plugins/Runtime/HairStrands/Content/Materials/HairMeshesDefaultMaterial.uasset" 3488
"/Engine/BasicShapes/Cube" 3489
"../../../Engine/Content/BasicShapes/Cube.uasset" 3490
"/CameraCalibrationCore/Materials/M_DefaultOddSquare" 3491
"../../Plugins/VirtualProduction/CameraCalibrationCore/Content/Materials/M_DefaultOddSquare.uasset" 3492
"/CameraCalibrationCore/Materials/M_DefaultEvenSquare" 3493
"../../Plugins/VirtualProduction/CameraCalibrationCore/Content/Materials/M_DefaultEvenSquare.uasset" 3494
"/Composite/Textures/T_Composite_SMPTE_Color_Bars_16x9" 3495
"../../Plugins/Compositing/Composite/Content/Textures/T_Composite_SMPTE_Color_Bars_16x9.uasset" 3496
"/Composite/Meshes/SM_DefaultCompositeMesh" 3497
"../../Plugins/Compositing/Composite/Content/Meshes/SM_DefaultCompositeMesh.uasset" 3498
"../../Plugins/Compositing/Composite/Content/Materials/M_CompositeMesh_Lit_Masked.uasset" 3499
"../../Plugins/Compositing/Composite/Content/MaterialFunctions/MF_Composite_ProjectedUVs.uasset" 3500
"../../../Engine/Content/Functions/Engine_MaterialFunctions02/Texturing/ScreenAlignedPixelToPixelUVs.uasset" 3501
"../../../Engine/Content/Functions/Engine_MaterialFunctions02/Utility/DitherTemporalAA.uasset" 3502
"../../Plugins/Compositing/Composite/Content/Materials/MPC_Composite.uasset" 3503
"../../../Engine/Content/EngineMaterials/Good64x64TilingNoiseHighFreq.uasset" 3504
"/Composite/Materials/M_CompositeMesh_Unlit_AlphaComposite" 3505
"../../Plugins/Compositing/Composite/Content/Materials/M_CompositeMesh_Unlit_AlphaComposite.uasset" 3506
"/VirtualProductionUtilities/Icons/S_VPRootActor" 3507
"../../Plugins/Experimental/VirtualProductionUtilities/Content/Icons/S_VPRootActor.uasset" 3508
"/nDisplay/Textures/T_TrackingMarker_A" 3509
"../../Plugins/Runtime/nDisplay/Content/Textures/T_TrackingMarker_A.uasset" 3510
"/nDisplay/LightCard/SM_LightCardPlane" 3511
"../../Plugins/Runtime/nDisplay/Content/LightCard/SM_LightCardPlane.uasset" 3512
"../../Plugins/Runtime/nDisplay/Content/LightCard/M_LightCard.uasset" 3513
"../../../Engine/Content/ArtTools/RenderToTexture/Textures/T_EV_BlankWhite_01.uasset" 3514
"/nDisplay/LightCard/SM_UVIndicator" 3515
"../../Plugins/Runtime/nDisplay/Content/LightCard/SM_UVIndicator.uasset" 3516
"../../Plugins/Runtime/nDisplay/Content/LightCard/M_UVIndicator.uasset" 3517
"../../Plugins/Runtime/nDisplay/Content/LightCard/T_UVIndicator.uasset" 3518
"/Engine/EngineMaterials/Widget3DPassThrough_Translucent" 3519
"../../../Engine/Content/EngineMaterials/Widget3DPassThrough_Translucent.uasset" 3520
"../../../Engine/Content/EngineMaterials/Widget3DPassThrough.uasset" 3521
"/Engine/EngineMaterials/Widget3DPassThrough_Translucent_OneSided" 3522
"../../../Engine/Content/EngineMaterials/Widget3DPassThrough_Translucent_OneSided.uasset" 3523
"/Engine/EngineMaterials/Widget3DPassThrough_Opaque" 3524
"../../../Engine/Content/EngineMaterials/Widget3DPassThrough_Opaque.uasset" 3525
"/Engine/EngineMaterials/Widget3DPassThrough_Opaque_OneSided" 3526
"../../../Engine/Content/EngineMaterials/Widget3DPassThrough_Opaque_OneSided.uasset" 3527
"/Engine/EngineMaterials/Widget3DPassThrough_Masked" 3528
"../../../Engine/Content/EngineMaterials/Widget3DPassThrough_Masked.uasset" 3529
"/Engine/EngineMaterials/Widget3DPassThrough_Masked_OneSided" 3530
"../../../Engine/Content/EngineMaterials/Widget3DPassThrough_Masked_OneSided.uasset" 3531
"/nDisplay/Meshes/SM_IcoSphere" 3532
"../../Plugins/Runtime/nDisplay/Content/Meshes/SM_IcoSphere.uasset" 3533
"../../Plugins/Runtime/nDisplay/Content/Materials/Editor/M_NormalMapMesh.uasset" 3534
"/nDisplay/Icons/S_nDisplayViewOrigin" 3535
"../../Plugins/Runtime/nDisplay/Content/Icons/S_nDisplayViewOrigin.uasset" 3536
"/nDisplay/Materials/Preview/M_DisplayDeviceMesh" 3537
"../../Plugins/Runtime/nDisplay/Content/Materials/Preview/M_DisplayDeviceMesh.uasset" 3538
"../../../Engine/Content/EditorMaterials/T_1x1_Grid.uasset" 3539
"/nDisplay/Materials/Preview/M_DisplayDevicePreview" 3540
"../../Plugins/Runtime/nDisplay/Content/Materials/Preview/M_DisplayDevicePreview.uasset" 3541
"/nDisplay/Materials/Preview/M_DisplayDevicePreviewTechvis" 3542
"../../Plugins/Runtime/nDisplay/Content/Materials/Preview/M_DisplayDevicePreviewTechvis.uasset" 3543
"/nDisplay/TestPatterns/Statics/M_TPSCircles" 3544
"../../Plugins/Runtime/nDisplay/Content/TestPatterns/Statics/M_TPSCircles.uasset" 3545
"/nDisplay/TestPatterns/Statics/M_TPSColoredBars" 3546
"../../Plugins/Runtime/nDisplay/Content/TestPatterns/Statics/M_TPSColoredBars.uasset" 3547
"/nDisplay/TestPatterns/Statics/M_TPSGrayBars" 3548
"../../Plugins/Runtime/nDisplay/Content/TestPatterns/Statics/M_TPSGrayBars.uasset" 3549
"/nDisplay/TestPatterns/Statics/M_TPSGridCircles" 3550
"../../Plugins/Runtime/nDisplay/Content/TestPatterns/Statics/M_TPSGridCircles.uasset" 3551
"/nDisplay/TestPatterns/Animated/M_TPAChevron" 3552
"../../Plugins/Runtime/nDisplay/Content/TestPatterns/Animated/M_TPAChevron.uasset" 3553
"/nDisplay/TestPatterns/Animated/M_TPAGrid" 3554
"../../Plugins/Runtime/nDisplay/Content/TestPatterns/Animated/M_TPAGrid.uasset" 3555
"/nDisplay/TestPatterns/Animated/M_TPAMirroredChevron" 3556
"../../Plugins/Runtime/nDisplay/Content/TestPatterns/Animated/M_TPAMirroredChevron.uasset" 3557
"/nDisplay/TestPatterns/Animated/M_TPARadar" 3558
"../../Plugins/Runtime/nDisplay/Content/TestPatterns/Animated/M_TPARadar.uasset" 3559
"/nDisplay/TestPatterns/Animated/M_TPAStrips" 3560
"../../Plugins/Runtime/nDisplay/Content/TestPatterns/Animated/M_TPAStrips.uasset" 3561
"/ARUtilities/Materials/M_ScreenSpacePassthroughCamera" 3562
"../../Plugins/Runtime/AR/ARUtilities/Content/Materials/M_ScreenSpacePassthroughCamera.uasset" 3563
"/ARUtilities/Materials/MI_ScreenSpacePassthroughCameraExternalTexture" 3564
"../../Plugins/Runtime/AR/ARUtilities/Content/Materials/MI_ScreenSpacePassthroughCameraExternalTexture.uasset" 3565
"/Engine/VREditor/ViewportInteractionAssetContainerData" 3566
"../../../Engine/Content/VREditor/ViewportInteractionAssetContainerData.uasset" 3567
"../../../Engine/Content/VREditor/SnapGrid/SnapGridMaterial.uasset" 3568
"../../../Engine/Content/VREditor/TransformGizmo/TransformGizmoMaterial_Inst.uasset" 3569
"../../../Engine/Content/VREditor/TransformGizmo/TranslucentTransformGizmoMaterial_Inst.uasset" 3570
"../../../Engine/Content/VREditor/SnapGrid/SnapGridPlaneMesh.uasset" 3571
"../../../Engine/Content/VREditor/Sounds/UI/Drop_Item_From_ContentBrowser.uasset" 3572
"../../../Engine/Content/VREditor/Sounds/UI/Gizmo_Handle_Clicked.uasset" 3573
"../../../Engine/Content/VREditor/Sounds/UI/Object_PickUp.uasset" 3574
"../../../Engine/Content/VREditor/Sounds/UI/Object_Snaps_To_Another_Actor.uasset" 3575
"../../../Engine/Content/VREditor/Sounds/UI/Object_Snaps_To_Grid.uasset" 3576
"../../../Engine/Content/VREditor/Sounds/UI/Scaling_Down.uasset" 3577
"../../../Engine/Content/VREditor/Sounds/UI/Scaling_Up.uasset" 3578
"../../../Engine/Content/VREditor/Sounds/UI/Selection_Changes.uasset" 3579
"../../../Engine/Content/VREditor/TransformGizmo/PlaneTranslationHandle.uasset" 3580
"../../../Engine/Content/VREditor/TransformGizmo/RotationHandleFull.uasset" 3581
"../../../Engine/Content/VREditor/TransformGizmo/RotationHandleIndicator.uasset" 3582
"../../../Engine/Content/VREditor/TransformGizmo/RotationHandleQuarter.uasset" 3583
"../../../Engine/Content/VREditor/TransformGizmo/StartRotationHandleIndicator.uasset" 3584
"../../../Engine/Content/VREditor/TransformGizmo/TransformGizmoFreeRotation.uasset" 3585
"../../../Engine/Content/VREditor/TransformGizmo/TranslateArrowHandle.uasset" 3586
"../../../Engine/Content/VREditor/TransformGizmo/UniformScaleHandle.uasset" 3587
"../../../Engine/Content/Functions/Engine_MaterialFunctions02/Math/Transform3x3Matrix.uasset" 3588
"../../../Engine/Content/VREditor/TransformGizmo/TransformGizmoMaterial.uasset" 3589
"../../../Engine/Content/VREditor/TransformGizmo/TranslucentTransformGizmoMaterial.uasset" 3590
"../../../Engine/Content/Functions/Engine_MaterialFunctions02/Utility/BreakOutFloat3Components.uasset" 3591
"../../../Engine/Content/VREditor/LaserPointer/VR_LaserPower_01.uasset" 3592
"/Engine/VREditor/TransformGizmo/BoundingBoxCorner" 3593
"../../../Engine/Content/VREditor/TransformGizmo/BoundingBoxCorner.uasset" 3594
"/Engine/VREditor/TransformGizmo/BoundingBoxEdge" 3595
"../../../Engine/Content/VREditor/TransformGizmo/BoundingBoxEdge.uasset" 3596
"/Engine/ArtTools/RenderToTexture/Meshes/S_1_Unit_Plane" 3597
"../../../Engine/Content/ArtTools/RenderToTexture/Meshes/S_1_Unit_Plane.uasset" 3598
"/Engine/EngineDebugMaterials/M_SimpleUnlitTranslucent" 3599
"../../../Engine/Content/EngineDebugMaterials/M_SimpleUnlitTranslucent.uasset" 3600
"/Engine/EngineFonts/Roboto" 3601
"../../../Engine/Content/EngineFonts/Roboto.uasset" 3602
"../../../Engine/Content/EngineFonts/Faces/DroidSansFallback.uasset" 3603
"../../../Engine/Content/EngineFonts/Faces/RobotoBold.uasset" 3604
"../../../Engine/Content/EngineFonts/Faces/RobotoBoldItalic.uasset" 3605
"../../../Engine/Content/EngineFonts/Faces/RobotoItalic.uasset" 3606
"../../../Engine/Content/EngineFonts/Faces/RobotoLight.uasset" 3607
"../../../Engine/Content/EngineFonts/Faces/RobotoRegular.uasset" 3608
"/Engine/EditorMaterials/ParticleSystems/PSysThumbnail_NoImage" 3609
"../../../Engine/Content/EditorMaterials/ParticleSystems/PSysThumbnail_NoImage.uasset" 3610
"/Engine/EditorMaterials/ParticleSystems/PSysThumbnail_OOD" 3611
"../../../Engine/Content/EditorMaterials/ParticleSystems/PSysThumbnail_OOD.uasset" 3612
"/Engine/EngineResources/LandscapeVisibilityLayerInfo" 3613
"../../../Engine/Content/EngineResources/LandscapeVisibilityLayerInfo.uasset" 3614
"/ColorCorrectRegions/Materials/M_ColorCorrectRegionTransparentPreview" 3615
"../../Plugins/Experimental/ColorCorrectRegions/Content/Materials/M_ColorCorrectRegionTransparentPreview.uasset" 3616
"/Engine/BasicShapes/Sphere" 3617
"../../../Engine/Content/BasicShapes/Sphere.uasset" 3618
"../../../Engine/Content/EngineMaterials/DefaultMaterial.uasset" 3619
"/Engine/BasicShapes/Cylinder" 3620
"../../../Engine/Content/BasicShapes/Cylinder.uasset" 3621
"/Engine/BasicShapes/Cone" 3622
"../../../Engine/Content/BasicShapes/Cone.uasset" 3623
"/nDisplay/Meshes/plane_hd_1x1" 3624
"../../Plugins/Runtime/nDisplay/Content/Meshes/plane_hd_1x1.uasset" 3625
"D:/seisaku4/Intermediate/ShaderAutogen/PCD3D_SM5/AutogenShaderHeaders.ush" 3626
"/ACLPlugin/ACLAnimBoneCompressionSettings" 3627
"../../Plugins/Animation/ACLPlugin/Content/ACLAnimBoneCompressionSettings.uasset" 3628
"/Engine/Animation/DefaultRecorderBoneCompression" 3629
"../../../Engine/Content/Animation/DefaultRecorderBoneCompression.uasset" 3630
"/ACLPlugin/ACLAnimCurveCompressionSettings" 3631
"../../Plugins/Animation/ACLPlugin/Content/ACLAnimCurveCompressionSettings.uasset" 3632
"/Engine/Animation/DefaultVariableFrameStrippingSettings" 3633
"../../../Engine/Content/Animation/DefaultVariableFrameStrippingSettings.uasset" 3634
"/Paper2D/MaskedUnlitSpriteMaterial" 3635
"../../Plugins/2D/Paper2D/Content/MaskedUnlitSpriteMaterial.uasset" 3636
"../../Plugins/2D/Paper2D/Content/DefaultSpriteMaterial.uasset" 3637
"../../Plugins/2D/Paper2D/Content/PlaceholderTextures/DummySpriteTexture.uasset" 3638
"/Paper2D/OpaqueUnlitSpriteMaterial" 3639
"../../Plugins/2D/Paper2D/Content/OpaqueUnlitSpriteMaterial.uasset" 3640
"/Paper2D/DefaultPaperTerrainMaterial" 3641
"../../Plugins/2D/Paper2D/Content/DefaultPaperTerrainMaterial.uasset" 3642
"../../Plugins/2D/Paper2D/Content/DummySprite.uasset" 3643
"/ControlRig/Controls/ControlRigXRayMaterial" 3644
"../../Plugins/Animation/ControlRig/Content/Controls/ControlRigXRayMaterial.uasset" 3645
"/ControlRig/Controls/DefaultGizmoLibraryNormalized" 3646
"../../Plugins/Animation/ControlRig/Content/Controls/DefaultGizmoLibraryNormalized.uasset" 3647
"/ControlRig/M_Manip" 3648
"../../Plugins/Animation/ControlRig/Content/M_Manip.uasset" 3649
"../../../Engine/Content/Functions/Engine_MaterialFunctions02/WorldPositionOffset/CameraOffset.uasset" 3650
"/AudioWidgets/Resources/ScrubHandleDown_Clamped" 3651
"../../Plugins/Runtime/AudioWidgets/Content/Resources/ScrubHandleDown_Clamped.uasset" 3652
"/Game/seisaku/Model/hand1" 3653
"D:/seisaku4/Content/seisaku/Model/hand1.uasset" 3654
"D:/seisaku4/Content/seisaku/Material/hand_Mat.uasset" 3655
"../../Plugins/Interchange/Assets/Content/Materials/FBXLegacyPhongSurfaceMaterial.uasset" 3656
"D:/seisaku4/Content/seisaku/Texture/hand.uasset" 3657
"../../../Engine/Content/Functions/Engine_MaterialFunctions03/Procedurals/NormalFromHeightmap.uasset" 3658
"../../Plugins/Interchange/Assets/Content/Functions/MF_PhongToMetalRoughness.uasset" 3659
"../../../Engine/Content/EngineMaterials/BaseFlattenLinearColor.uasset" 3660
"../../../Engine/Content/EngineMaterials/DefaultNormal.uasset" 3661
"/Game/seisaku/curry" 3662
"D:/seisaku4/Content/seisaku/curry.uasset" 3663
"D:/seisaku4/Content/seisaku/Texture/CurryUdon_Yogore_1-removebg-preview.uasset" 3664
"/Game/seisaku/Sound/eat" 3665
"D:/seisaku4/Content/seisaku/Sound/eat.uasset" 3666
"/Game/seisaku/Sound/onsen-ryokan-24" 3667
"D:/seisaku4/Content/seisaku/Sound/onsen-ryokan-24.uasset" 3668
"../../../Engine/Config/BaseUnrealInsightsSettings.ini" 3669
"../../../Engine/Intermediate/ProjectFiles/PrimaryProjectPath.txt" 3670
"/MediaPlate/SM_MediaPlateScreen" 3671
"../../Plugins/Media/MediaPlate/Content/SM_MediaPlateScreen.uasset" 3672
"/Engine/MaterialTemplates/Gradients/Gradient_Linear" 3673
"../../../Engine/Content/MaterialTemplates/Gradients/Gradient_Linear.uasset" 3674
"/Engine/MaterialTemplates/Gradients/Gradient_Radial" 3675
"../../../Engine/Content/MaterialTemplates/Gradients/Gradient_Radial.uasset" 3676
"../../../Engine/Plugins/VirtualProduction/VirtualCameraCore/Config/DefaultVCamInputSettings.ini" 3677
"/SpeedTreeImporter/SpeedTree9/SpeedTreeMaster" 3678
"../../Plugins/Editor/SpeedTreeImporter/Content/SpeedTree9/SpeedTreeMaster.uasset" 3679
"../../../Engine/Content/Functions/Engine_MaterialFunctions02/ObjectLocalBounds.uasset" 3680
"../../../Engine/Content/Functions/Engine_MaterialFunctions02/SafeNormalize.uasset" 3681
"../../../Engine/Content/Functions/Engine_MaterialFunctions02/UVs/BoundingBoxBased_0-1_UVW.uasset" 3682
"../../../Engine/Content/Functions/Engine_MaterialFunctions02/WorldPositionOffset/ObjectScale.uasset" 3683
"../../Plugins/Editor/SpeedTreeImporter/Content/SpeedTree9/SpeedTreeBranchMotion.uasset" 3684
"../../Plugins/Editor/SpeedTreeImporter/Content/SpeedTree9/SpeedTreeCameraFacing.uasset" 3685
"../../Plugins/Editor/SpeedTreeImporter/Content/SpeedTree9/SpeedTreeWind.uasset" 3686
"../../Plugins/Editor/SpeedTreeImporter/Content/SpeedTree9/SpeedTreeWindMotion.uasset" 3687
"../../Plugins/Editor/SpeedTreeImporter/Content/SpeedTree9/UnpackDirection.uasset" 3688
"../../Plugins/Editor/SpeedTreeImporter/Content/SpeedTree9/UnpackInteger3.uasset" 3689
"../../Plugins/Editor/SpeedTreeImporter/Content/SpeedTree9/Empty.uasset" 3690
"../../Plugins/Editor/SpeedTreeImporter/Content/SpeedTree9/EmptyNormal.uasset" 3691
"../../Plugins/Editor/SpeedTreeImporter/Content/SpeedTree9/game_wind_noise.uasset" 3692
"/SpeedTreeImporter/SpeedTree9/SpeedTreeBillboardMaster" 3693
"../../Plugins/Editor/SpeedTreeImporter/Content/SpeedTree9/SpeedTreeBillboardMaster.uasset" 3694
"../../Plugins/Editor/SpeedTreeImporter/Content/SpeedTree9/SpeedTreeBillboard.uasset" 3695
"/CineCameraRigs/AttachMount/SM_CineCameraAttachMount_PreviewMesh" 3696
"../../Plugins/Experimental/CineCameraRigs/Content/AttachMount/SM_CineCameraAttachMount_PreviewMesh.uasset" 3697
"../../Plugins/Experimental/CineCameraRigs/Content/AttachMount/M_CineCameraAttachMount_Preview.uasset" 3698
"../../Plugins/Experimental/CineCameraRigs/Content/AttachMount/M_CineCameraAttachMount_PreviewBack.uasset" 3699
"/CineCameraRigs/RigRail/M_RigRail" 3700
"../../Plugins/Experimental/CineCameraRigs/Content/RigRail/M_RigRail.uasset" 3701
"../../Plugins/Experimental/CineCameraRigs/Content/RigRail/T_RigRailDefault.uasset" 3702
"/CommonUI/VideoPlayerMaterial" 3703
"../../Plugins/Runtime/CommonUI/Content/VideoPlayerMaterial.uasset" 3704
"../../Plugins/Runtime/CommonUI/Content/DefaultMediaTexture.uasset" 3705
"/Engine/EditorMeshes/Axis_Guide" 3706
"../../../Engine/Content/EditorMeshes/Axis_Guide.uasset" 3707
"/Engine/EngineMaterials/GizmoMaterial" 3708
"../../../Engine/Content/EngineMaterials/GizmoMaterial.uasset" 3709
"/OpenXR/Devices/HTCVive/HTCViveController" 3710
"../../Plugins/Runtime/OpenXR/Content/Devices/HTCVive/HTCViveController.uasset" 3711
"../../Plugins/Runtime/OpenXR/Content/Devices/HTCVive/MI_HTCVive.uasset" 3712
"../../Plugins/Runtime/OpenXR/Content/Devices/M_XRController.uasset" 3713
"../../../Engine/Content/EngineMaterials/BaseFlattenNormalMap.uasset" 3714
"../../Plugins/Runtime/OpenXR/Content/Devices/HTCVive/BaseTexture.uasset" 3715
"/OpenXR/Devices/MicrosoftMixedReality/Left/left_MicrosoftMixedRealityController" 3716
"../../Plugins/Runtime/OpenXR/Content/Devices/MicrosoftMixedReality/Left/left_MicrosoftMixedRealityController.uasset" 3717
"../../Plugins/Runtime/OpenXR/Content/Devices/MicrosoftMixedReality/MI_MicrosoftMixedReality.uasset" 3718
"../../Plugins/Runtime/OpenXR/Content/Devices/MicrosoftMixedReality/BaseTexture.uasset" 3719
"../../Plugins/Runtime/OpenXR/Content/Devices/MicrosoftMixedReality/EmissiveTexture.uasset" 3720
"../../Plugins/Runtime/OpenXR/Content/Devices/MicrosoftMixedReality/MRTexture.uasset" 3721
"../../Plugins/Runtime/OpenXR/Content/Devices/MicrosoftMixedReality/NormalTexture.uasset" 3722
"/OpenXR/Devices/MicrosoftMixedReality/Right/right_MicrosoftMixedRealityController" 3723
"../../Plugins/Runtime/OpenXR/Content/Devices/MicrosoftMixedReality/Right/right_MicrosoftMixedRealityController.uasset" 3724
"/OpenXR/Devices/OculusGo/OculusGoController" 3725
"../../Plugins/Runtime/OpenXR/Content/Devices/OculusGo/OculusGoController.uasset" 3726
"../../Plugins/Runtime/OpenXR/Content/Devices/OculusGo/MI_OculusGo.uasset" 3727
"../../Plugins/Runtime/OpenXR/Content/Devices/OculusGo/BaseTexture.uasset" 3728
"/OpenXR/Devices/OculusTouch/Left/left_OculusTouchController" 3729
"../../Plugins/Runtime/OpenXR/Content/Devices/OculusTouch/Left/left_OculusTouchController.uasset" 3730
"../../Plugins/Runtime/OpenXR/Content/Devices/OculusTouch/MI_OculusTouch.uasset" 3731
"../../Plugins/Runtime/OpenXR/Content/Devices/OculusTouch/BaseTexture.uasset" 3732
"../../Plugins/Runtime/OpenXR/Content/Devices/OculusTouch/MRTexture.uasset" 3733
"/OpenXR/Devices/OculusTouch/Right/right_OculusTouchController" 3734
"../../Plugins/Runtime/OpenXR/Content/Devices/OculusTouch/Right/right_OculusTouchController.uasset" 3735
"/OpenXR/Devices/ValveIndex/Left/left_ValveIndexController" 3736
"../../Plugins/Runtime/OpenXR/Content/Devices/ValveIndex/Left/left_ValveIndexController.uasset" 3737
"../../Plugins/Runtime/OpenXR/Content/Devices/ValveIndex/Left/MI_left_ValveIndex.uasset" 3738
"../../Plugins/Runtime/OpenXR/Content/Devices/ValveIndex/BaseTexture.uasset" 3739
"../../Plugins/Runtime/OpenXR/Content/Devices/ValveIndex/MRTexture.uasset" 3740
"/OpenXR/Devices/ValveIndex/Right/right_ValveIndexController" 3741
"../../Plugins/Runtime/OpenXR/Content/Devices/ValveIndex/Right/right_ValveIndexController.uasset" 3742
"../../Plugins/Runtime/OpenXR/Content/Devices/ValveIndex/Right/MI_right_ValveIndex.uasset" 3743
"/OpenXR/Devices/OculusTouch_v2/Left/left_OculusTouch_v2Controller" 3744
"../../Plugins/Runtime/OpenXR/Content/Devices/OculusTouch_v2/Left/left_OculusTouch_v2Controller.uasset" 3745
"../../Plugins/Runtime/OpenXR/Content/Devices/OculusTouch_v2/MI_OculusTouch_v2.uasset" 3746
"../../Plugins/Runtime/OpenXR/Content/Devices/OculusTouch_v2/BaseTexture.uasset" 3747
"../../Plugins/Runtime/OpenXR/Content/Devices/OculusTouch_v2/MRTexture.uasset" 3748
"/OpenXR/Devices/OculusTouch_v2/Right/right_OculusTouch_v2Controller" 3749
"../../Plugins/Runtime/OpenXR/Content/Devices/OculusTouch_v2/Right/right_OculusTouch_v2Controller.uasset" 3750
"/OpenXR/Devices/OculusTouch_v3/Left/left_OculusTouch_v3Controller" 3751
"../../Plugins/Runtime/OpenXR/Content/Devices/OculusTouch_v3/Left/left_OculusTouch_v3Controller.uasset" 3752
"../../Plugins/Runtime/OpenXR/Content/Devices/OculusTouch_v3/MI_OculusTouch_v3.uasset" 3753
"../../Plugins/Runtime/OpenXR/Content/Devices/OculusTouch_v3/BaseTexture.uasset" 3754
"../../Plugins/Runtime/OpenXR/Content/Devices/OculusTouch_v3/MRTexture.uasset" 3755
"/OpenXR/Devices/OculusTouch_v3/Right/right_OculusTouch_v3Controller" 3756
"../../Plugins/Runtime/OpenXR/Content/Devices/OculusTouch_v3/Right/right_OculusTouch_v3Controller.uasset" 3757
"/Engine/EditorLandscapeResources/DefaultAlphaTexture" 3758
"../../../Engine/Content/EditorLandscapeResources/DefaultAlphaTexture.uasset" 3759
"/Engine/EditorResources/S_Terrain" 3760
"../../../Engine/Content/EditorResources/S_Terrain.uasset" 3761
"/Engine/BasicShapes/BasicShapeMaterial" 3762
"../../../Engine/Content/BasicShapes/BasicShapeMaterial.uasset" 3763
"/Engine/EditorMaterials/Dataflow/DataflowVertexMaterial" 3764
"../../../Engine/Content/EditorMaterials/Dataflow/DataflowVertexMaterial.uasset" 3765
"/Engine/EditorMaterials/Dataflow/DataflowTwoSidedVertexMaterial" 3766
"../../../Engine/Content/EditorMaterials/Dataflow/DataflowTwoSidedVertexMaterial.uasset" 3767
"/MeshModelingToolsetExp/Materials/PointSetOverlaidComponentMaterial" 3768
"../../Plugins/Experimental/MeshModelingToolsetExp/Content/Materials/PointSetOverlaidComponentMaterial.uasset" 3769
"../../../Engine/Content/Functions/Engine_MaterialFunctions02/Utility/FOV.uasset" 3770
"../../../Engine/Content/Functions/Engine_MaterialFunctions02/WorldPositionOffset/V2/ObjectScale.uasset" 3771
"../../../Engine/Content/Functions/Engine_MaterialFunctions03/Viewport/MF_OrthoWidth.uasset" 3772
"../../Plugins/Experimental/MeshModelingToolsetExp/Content/Materials/GetDisplacementVectorForDepthBias.uasset" 3773
"/Engine/EditorLandscapeResources/LayerVisMaterial" 3774
"../../../Engine/Content/EditorLandscapeResources/LayerVisMaterial.uasset" 3775
"../../../Engine/Content/EditorLandscapeResources/WhiteSquareTexture.uasset" 3776
"/Engine/EditorLandscapeResources/SelectBrushMaterial_Selected" 3777
"../../../Engine/Content/EditorLandscapeResources/SelectBrushMaterial_Selected.uasset" 3778
"../../../Engine/Content/EditorLandscapeResources/SelectBrushMaterial.uasset" 3779
"../../../Engine/Content/Functions/Engine_MaterialFunctions03/Math/WithinRangeFloat2.uasset" 3780
"/Engine/EditorLandscapeResources/SelectBrushMaterial_SelectedRegion" 3781
"../../../Engine/Content/EditorLandscapeResources/SelectBrushMaterial_SelectedRegion.uasset" 3782
"/Engine/EditorLandscapeResources/MaskBrushMaterial_MaskedRegion" 3783
"../../../Engine/Content/EditorLandscapeResources/MaskBrushMaterial_MaskedRegion.uasset" 3784
"../../../Engine/Content/EditorLandscapeResources/MaskBrushMaterial.uasset" 3785
"/Engine/EditorLandscapeResources/ColorMaskBrushMaterial_MaskedRegion" 3786
"../../../Engine/Content/EditorLandscapeResources/ColorMaskBrushMaterial_MaskedRegion.uasset" 3787
"../../../Engine/Content/EditorLandscapeResources/ColorMaskBrushMaterial.uasset" 3788
"/Engine/EditorLandscapeResources/LandscapeDirtyMaterial" 3789
"../../../Engine/Content/EditorLandscapeResources/LandscapeDirtyMaterial.uasset" 3790
"/Engine/EditorLandscapeResources/LandscapeLayerUsageMaterial" 3791
"../../../Engine/Content/EditorLandscapeResources/LandscapeLayerUsageMaterial.uasset" 3792
"../../../Engine/Content/Functions/Engine_MaterialFunctions01/Debug/DebugIntValues.uasset" 3793
"../../../Engine/Content/Functions/Engine_MaterialFunctions01/Texturing/ScaleUVsByCenter.uasset" 3794
"../../../Engine/Content/Functions/Engine_MaterialFunctions02/WorldPositionOffset/LocalPosition.uasset" 3795
"../../../Engine/Content/Functions/Engine_MaterialFunctions01/Texturing/TextureCropping.uasset" 3796
"../../../Engine/Content/Functions/Engine_MaterialFunctions02/ExampleContent/DebugNumberStrip.uasset" 3797
"C:/Users/hibik/AppData/Local/UnrealEngine/Editor/UInteractiveToolsPresetCollectionAsset_DefaultCollection.json" 3798
"/Engine/EngineMaterials/NaniteHiddenSectionMaterial" 3799
"../../../Engine/Content/EngineMaterials/NaniteHiddenSectionMaterial.uasset" 3800
"/Engine/EngineMaterials/RemoveSurfaceMaterial" 3801
"../../../Engine/Content/EngineMaterials/RemoveSurfaceMaterial.uasset" 3802
"/Engine/EngineDebugMaterials/DebugMeshMaterial" 3803
"../../../Engine/Content/EngineDebugMaterials/DebugMeshMaterial.uasset" 3804
"/Engine/EngineMaterials/EmissiveMeshMaterial" 3805
"../../../Engine/Content/EngineMaterials/EmissiveMeshMaterial.uasset" 3806
"../../../Engine/Content/EngineMaterials/DefaultWhiteGrid_Low.uasset" 3807
"/Engine/EngineMaterials/M_InvalidLightmapSettings" 3808
"../../../Engine/Content/EngineMaterials/M_InvalidLightmapSettings.uasset" 3809
"../../../Engine/Content/EngineMaterials/InvalidLightmapSettings.uasset" 3810
"/Engine/EngineMaterials/PhAT_JointLimitMaterial" 3811
"../../../Engine/Content/EngineMaterials/PhAT_JointLimitMaterial.uasset" 3812
"/Engine/EngineMaterials/FlattenMaterial" 3813
"../../../Engine/Content/EngineMaterials/FlattenMaterial.uasset" 3814
"../../../Engine/Content/EngineMaterials/BaseFlattenDiffuseMap.uasset" 3815
"../../../Engine/Content/EngineMaterials/BaseFlattenEmissiveMap.uasset" 3816
"../../../Engine/Content/EngineMaterials/BaseFlattenGrayscaleMap.uasset" 3817
"/Engine/EngineMaterials/FlattenMaterial_VT" 3818
"../../../Engine/Content/EngineMaterials/FlattenMaterial_VT.uasset" 3819
"../../../Engine/Content/EngineMaterials/BaseFlattenDiffuseMap_VT.uasset" 3820
"../../../Engine/Content/EngineMaterials/BaseFlattenEmissiveMap_VT.uasset" 3821
"../../../Engine/Content/EngineMaterials/BaseFlattenGrayscaleMap_VT.uasset" 3822
"../../../Engine/Content/EngineMaterials/BaseFlattenLinearColor_VT.uasset" 3823
"../../../Engine/Content/EngineMaterials/BaseFlattenNormalMap_VT.uasset" 3824
"../../../Engine/Content/EngineMaterials/Black_1x1_EXR_Texture_VT.uasset" 3825
"/Engine/EngineMaterials/FlattenMaterial_WS_Normal_VT" 3826
"../../../Engine/Content/EngineMaterials/FlattenMaterial_WS_Normal_VT.uasset" 3827
"/Engine/EngineMaterials/DefaultBokeh" 3828
"../../../Engine/Content/EngineMaterials/DefaultBokeh.uasset" 3829
"/Engine/EngineMaterials/MiniFont" 3830
"../../../Engine/Content/EngineMaterials/MiniFont.uasset" 3831
"/Engine/EngineMaterials/WeightMapPlaceholderTexture" 3832
"../../../Engine/Content/EngineMaterials/WeightMapPlaceholderTexture.uasset" 3833
"/Engine/EngineMaterials/WeightMapArrayPlaceholderTexture" 3834
"../../../Engine/Content/EngineMaterials/WeightMapArrayPlaceholderTexture.uasset" 3835
"/Engine/EngineMaterials/DefaultWhiteGrid" 3836
"../../../Engine/Content/EngineMaterials/DefaultWhiteGrid.uasset" 3837
"/Engine/EngineMaterials/PreintegratedSkinBRDF" 3838
"../../../Engine/Content/EngineMaterials/PreintegratedSkinBRDF.uasset" 3839
"/Engine/EngineMaterials/LTC/GGX_LTCAmp" 3840
"../../../Engine/Content/EngineMaterials/LTC/GGX_LTCAmp.uasset" 3841
"/Engine/EngineMaterials/LTC/GGX_LTCMat" 3842
"../../../Engine/Content/EngineMaterials/LTC/GGX_LTCMat.uasset" 3843
"/Engine/EngineMaterials/LTC/Sheen_LTC" 3844
"../../../Engine/Content/EngineMaterials/LTC/Sheen_LTC.uasset" 3845
"/Engine/EngineMaterials/EnergyConservation/GGX_ReflectionEnergy" 3846
"../../../Engine/Content/EngineMaterials/EnergyConservation/GGX_ReflectionEnergy.uasset" 3847
"/Engine/EngineMaterials/EnergyConservation/GGX_TransmissionEnergyArray" 3848
"../../../Engine/Content/EngineMaterials/EnergyConservation/GGX_TransmissionEnergyArray.uasset" 3849
"/Engine/EngineMaterials/EnergyConservation/Sheen_Energy" 3850
"../../../Engine/Content/EngineMaterials/EnergyConservation/Sheen_Energy.uasset" 3851
"/Engine/EngineMaterials/EnergyConservation/Diffuse_Energy" 3852
"../../../Engine/Content/EngineMaterials/EnergyConservation/Diffuse_Energy.uasset" 3853
"/Engine/EngineMaterials/DefaultPhysicalMaterial" 3854
"../../../Engine/Content/EngineMaterials/DefaultPhysicalMaterial.uasset" 3855
"/Engine/EngineMaterials/DefaultDestructiblePhysicalMaterial" 3856
"../../../Engine/Content/EngineMaterials/DefaultDestructiblePhysicalMaterial.uasset" 3857
"/Niagara/ParameterDefinitions/CoreParameters" 3858
"../../Plugins/FX/Niagara/Content/ParameterDefinitions/CoreParameters.uasset" 3859
"/Niagara/ParameterDefinitions/DecalRenderer" 3860
"../../Plugins/FX/Niagara/Content/ParameterDefinitions/DecalRenderer.uasset" 3861
"/Niagara/ParameterDefinitions/LightRenderer" 3862
"../../Plugins/FX/Niagara/Content/ParameterDefinitions/LightRenderer.uasset" 3863
"/Niagara/ParameterDefinitions/MeshRenderer" 3864
"../../Plugins/FX/Niagara/Content/ParameterDefinitions/MeshRenderer.uasset" 3865
"/Niagara/ParameterDefinitions/RibbonRenderer" 3866
"../../Plugins/FX/Niagara/Content/ParameterDefinitions/RibbonRenderer.uasset" 3867
"/Niagara/ParameterDefinitions/SpriteRenderer" 3868
"../../Plugins/FX/Niagara/Content/ParameterDefinitions/SpriteRenderer.uasset" 3869
"/DeformerGraph/Deformers/DG_LinearBlendSkin_Morph_Cloth" 3870
"../../Plugins/Animation/DeformerGraph/Content/Deformers/DG_LinearBlendSkin_Morph_Cloth.uasset" 3871
"../../Plugins/Animation/DeformerGraph/Content/DeformerFunctions/DG_Function_LinearBlendSkin_Morph_Cloth.uasset" 3872
"/DeformerGraph/Deformers/DG_LinearBlendSkin_Morph_Cloth_RecomputeNormals" 3873
"../../Plugins/Animation/DeformerGraph/Content/Deformers/DG_LinearBlendSkin_Morph_Cloth_RecomputeNormals.uasset" 3874
"../../Plugins/Animation/DeformerGraph/Content/DeformerFunctions/DG_Function_ComputeNormalsTangents.uasset" 3875
"../../Plugins/Animation/DeformerGraph/Content/DeformerFunctions/DG_Function_LinearBlendSkin_Morph_Cloth_PositionOnly.uasset" 3876
"/Engine/EditorResources/SequenceRecorder/Countdown" 3877
"../../../Engine/Content/EditorResources/SequenceRecorder/Countdown.uasset" 3878
"/Engine/EditorResources/SequenceRecorder/RecordingIndicator" 3879
"../../../Engine/Content/EditorResources/SequenceRecorder/RecordingIndicator.uasset" 3880
"/Engine/EditorMaterials/PhAT_UnselectedMaterial" 3881
"../../../Engine/Content/EditorMaterials/PhAT_UnselectedMaterial.uasset" 3882
"/Engine/EditorMaterials/PhAT_NoCollisionMaterial" 3883
"../../../Engine/Content/EditorMaterials/PhAT_NoCollisionMaterial.uasset" 3884
"../../../Engine/Documentation/Source/Shared/Types/ABrush/ABrush.JPN.udn" 3885
"../../../Engine/Content/Internationalization/icudt64l/brkitr/ja.res" 3886
"../../../Engine/Content/Internationalization/icudt64l/brkitr/root.res" 3887
"../../../Engine/Content/Internationalization/icudt64l/brkitr/char.brk" 3888
"../../../Engine/Content/Internationalization/icudt64l/brkitr/word.brk" 3889
"/VirtualCamera/VCamActor" 3890
"/Engine/VREditor/TransformGizmo/SM_Sequencer_Node" 3891
"../../../Engine/Content/VREditor/TransformGizmo/SM_Sequencer_Node.uasset" 3892
"../../../Engine/Content/VREditor/TransformGizmo/Main.uasset" 3893
"../../../Engine/Content/VREditor/TransformGizmo/Xray.uasset" 3894
"/HDRIBackdrop/Blueprints/HDRIBackdrop" 3895
"../../Plugins/Runtime/HDRIBackdrop/Content/Blueprints/HDRIBackdrop.uasset" 3896
"../../Plugins/Runtime/HDRIBackdrop/Content/Materials/MI_HDRI_Floor.uasset" 3897
"../../Plugins/Runtime/HDRIBackdrop/Content/Materials/MI_HDRI_Sky.uasset" 3898
"../../Plugins/Runtime/HDRIBackdrop/Content/Meshes/EnviroDome.uasset" 3899
"../../Plugins/Runtime/HDRIBackdrop/Content/Textures/approaching_storm_4k.uasset" 3900
"../../Plugins/Runtime/HDRIBackdrop/Content/Materials/HDRI_Projection_Floor.uasset" 3901
"../../Plugins/Runtime/HDRIBackdrop/Content/Materials/HDRI_Projection_Sky.uasset" 3902
"../../../Engine/Content/Functions/Engine_MaterialFunctions02/WorldPositionOffset/ObjectPivotPoint.uasset" 3903
"../../Plugins/Runtime/HDRIBackdrop/Content/Materials/HDRI_Attributes.uasset" 3904
"/SunPosition/SunSky" 3905
"../../Plugins/Runtime/SunPosition/Content/SunSky.uasset" 3906
"../../../Engine/Content/EditorBlueprintResources/StandardMacros.uasset" 3907
"../../../Engine/Content/EngineSky/BP_Sky_Sphere.uasset" 3908
"../../Plugins/Runtime/SunPosition/Content/Editor/SM_Compass.uasset" 3909
"../../../Engine/Content/EngineSky/C_Sky_Cloud_Color.uasset" 3910
"../../../Engine/Content/EngineSky/C_Sky_Horizon_Color.uasset" 3911
"../../../Engine/Content/EngineSky/C_Sky_Zenith_Color.uasset" 3912
"../../../Engine/Content/EngineSky/M_Sky_Panning_Clouds2.uasset" 3913
"../../../Engine/Content/EngineSky/SM_SkySphere.uasset" 3914
"../../Plugins/Runtime/SunPosition/Content/Editor/MI_ArrowColorGrey.uasset" 3915
"../../Plugins/Runtime/SunPosition/Content/Editor/MI_ArrowColorRed.uasset" 3916
"../../../Engine/Content/EngineSky/T_Sky_Blue.uasset" 3917
"../../../Engine/Content/EngineSky/T_Sky_Clouds_M.uasset" 3918
"../../../Engine/Content/EngineSky/T_Sky_Stars.uasset" 3919
"../../Plugins/Runtime/SunPosition/Content/Editor/M_ArrowColor.uasset" 3920
"../../../Engine/Plugins/FX/Niagara/Shaders/Private/NiagaraDataInterfaceTexture2DArrayTemplate.ush" 3921
"../../../Engine/Plugins/FX/Niagara/Shaders/Private/NiagaraDataInterfaceActorComponentTemplate.ush" 3922
"../../../Engine/Plugins/FX/Niagara/Shaders/Private/NiagaraDataInterfaceArrayTemplate.ush" 3923
"../../../Engine/Plugins/FX/Niagara/Shaders/Private/NiagaraDataInterfaceArrayRWTemplate.ush" 3924
"../../../Engine/Plugins/FX/Niagara/Shaders/Private/NiagaraDataInterfaceArrayDistributionIntTemplate.ush" 3925
"../../../Engine/Plugins/FX/Niagara/Shaders/Private/NiagaraDataInterfaceAsyncGpuTrace.ush" 3926
"../../../Engine/Plugins/FX/Niagara/Shaders/Private/NiagaraDataInterfaceAsyncGpuTraceTemplate.ush" 3927
"../../../Engine/Plugins/FX/Niagara/Shaders/Private/NiagaraDataInterfaceCamera.ush" 3928
"../../../Engine/Plugins/Experimental/ChaosNiagara/Shaders/NiagaraDataInterfaceChaosDestruction.ush" 3929
"../../../Engine/Plugins/FX/Niagara/Shaders/Private/NiagaraDataInterfaceCollisionQuery.ush" 3930
"../../../Engine/Plugins/FX/Niagara/Shaders/Private/NiagaraDataInterfaceCollisionQueryTemplate.ush" 3931
"../../../Engine/Plugins/FX/Niagara/Shaders/Private/NiagaraDataInterfaceCurveTemplate.ush" 3932
"../../../Engine/Plugins/FX/Niagara/Shaders/Private/NiagaraDataInterfaceCubeTextureTemplate.ush" 3933
"../../../Engine/Plugins/FX/Niagara/Shaders/Private/DataChannel/NiagaraDataInterfaceDataChannelCommon.ush" 3934
"../../../Engine/Plugins/FX/Niagara/Shaders/Private/DataChannel/NiagaraDataInterfaceDataChannelTemplateCommon.ush" 3935
"../../../Engine/Plugins/FX/Niagara/Shaders/Private/DataChannel/NiagaraDataInterfaceDataChannelTemplateReadCommon.ush" 3936
"../../../Engine/Plugins/FX/Niagara/Shaders/Private/DataChannel/NiagaraDataInterfaceDataChannelTemplate_Read.ush" 3937
"../../../Engine/Plugins/FX/Niagara/Shaders/Private/DataChannel/NiagaraDataInterfaceDataChannelTemplate_Consume.ush" 3938
"../../../Engine/Plugins/FX/Niagara/Shaders/Private/DataChannel/NiagaraDataInterfaceDataChannelTemplateWriteCommon.ush" 3939
"../../../Engine/Plugins/FX/Niagara/Shaders/Private/DataChannel/NiagaraDataInterfaceDataChannelTemplate_Append.ush" 3940
"../../../Engine/Plugins/FX/Niagara/Shaders/Private/NiagaraDataInterfaceDataTableTemplate.ush" 3941
"../../../Engine/Plugins/FX/Niagara/Shaders/Private/NiagaraDataInterfaceDebugDraw.ush" 3942
"../../../Engine/Plugins/FX/Niagara/Shaders/Private/NiagaraDataInterfaceDebugDrawTemplate.ush" 3943
"../../../Engine/Plugins/FX/Niagara/Shaders/Private/NiagaraDataInterfaceDynamicMeshTemplate.ush" 3944
"../../../Engine/Plugins/FX/Niagara/Shaders/Private/NiagaraDataInterfaceEmitterPropertiesTemplate.ush" 3945
"../../../Engine/Plugins/FX/Niagara/Shaders/Private/NiagaraDataInterfaceExportTemplate.ush" 3946
"../../../Engine/Plugins/FX/Niagara/Shaders/Private/NiagaraDataInterfaceGBufferTemplate.ush" 3947
"../../../Engine/Plugins/Experimental/ChaosNiagara/Shaders/NiagaraDataInterfaceGeometryCollection.ush" 3948
"../../../Engine/Plugins/FX/Niagara/Shaders/Private/NiagaraTransformUtils.ush" 3949
"../../../Engine/Plugins/Runtime/HairStrands/Shaders/Private/NiagaraStrandsExternalForce.ush" 3950
"../../../Engine/Plugins/Runtime/HairStrands/Shaders/Private/NiagaraHookeSpringMaterial.ush" 3951
"../../../Engine/Plugins/Runtime/HairStrands/Shaders/Private/NiagaraAngularSpringMaterial.ush" 3952
"../../../Engine/Plugins/Runtime/HairStrands/Shaders/Private/NiagaraConstantVolumeMaterial.ush" 3953
"../../../Engine/Plugins/Runtime/HairStrands/Shaders/Private/NiagaraCosseratRodMaterial.ush" 3954
"../../../Engine/Plugins/Runtime/HairStrands/Shaders/Private/NiagaraStaticCollisionConstraint.ush" 3955
"../../../Engine/Plugins/Runtime/HairStrands/Shaders/Private/NiagaraDataInterfaceHairStrands.ush" 3956
"../../../Engine/Plugins/Runtime/HairStrands/Shaders/Private/NiagaraDataInterfaceHairStrandsTemplate.ush" 3957
"../../../Engine/Plugins/FX/Niagara/Shaders/Private/NiagaraDataInterfaceIntRenderTarget2D.ush" 3958
"../../../Engine/Plugins/FX/Niagara/Shaders/Private/NiagaraDataInterfaceLandscape.ush" 3959
"../../../Engine/Plugins/FX/Niagara/Shaders/Private/NiagaraDataInterfaceMemoryBufferTemplate.ush" 3960
"../../../Engine/Plugins/FX/Niagara/Shaders/Private/NiagaraDataInterfaceMeshRendererInfoTemplate.ush" 3961
"../../../Engine/Plugins/FX/Niagara/Shaders/Private/NiagaraDataInterfaceOcclusion.ush" 3962
"../../../Engine/Plugins/FX/Niagara/Shaders/Private/NiagaraDataInterfacePhysicsAsset.ush" 3963
"../../../Engine/Plugins/Experimental/ChaosNiagara/Shaders/NiagaraDataInterfacePhysicsField.ush" 3964
"../../../Engine/Plugins/FX/Niagara/Shaders/Private/NiagaraDataInterfacePlatformSetTemplate.ush" 3965
"../../../Engine/Plugins/Runtime/HairStrands/Shaders/Private/NiagaraDataInterfaceVelocityGrid.ush" 3966
"../../../Engine/Plugins/Runtime/HairStrands/Shaders/Private/NiagaraDataInterfaceVelocityGridTemplate.ush" 3967
"../../../Engine/Plugins/Runtime/HairStrands/Shaders/Private/NiagaraDataInterfacePressureGrid.ush" 3968
"../../../Engine/Plugins/Runtime/HairStrands/Shaders/Private/NiagaraDataInterfacePressureGridTemplate.ush" 3969
"../../../Engine/Plugins/FX/Niagara/Shaders/Private/NiagaraDataInterfaceRenderTarget2DTemplate.ush" 3970
"../../../Engine/Plugins/FX/Niagara/Shaders/Private/NiagaraDataInterfaceRenderTarget2DArrayTemplate.ush" 3971
"../../../Engine/Plugins/FX/Niagara/Shaders/Private/NiagaraDataInterfaceRenderTargetCubeTemplate.ush" 3972
"../../../Engine/Plugins/FX/Niagara/Shaders/Private/NiagaraDataInterfaceRenderTargetVolumeTemplate.ush" 3973
"../../../Engine/Plugins/FX/Niagara/Shaders/Private/NiagaraDataInterfaceRigidMeshCollisionQuery.ush" 3974
"../../../Engine/Plugins/FX/Niagara/Shaders/Private/NiagaraDistanceFieldQueries.ush" 3975
"../../../Engine/Plugins/FX/Niagara/Shaders/Private/NiagaraDataInterfaceSceneCapture2DTemplate.ush" 3976
"../../../Engine/Plugins/FX/Niagara/Shaders/Private/NiagaraDataInterfaceSimCacheReaderTemplate.ush" 3977
"../../../Engine/Plugins/FX/Niagara/Shaders/Private/NiagaraDataInterfaceSimpleCounterTemplate.ush" 3978
"../../../Engine/Plugins/FX/Niagara/Shaders/Private/NiagaraDataInterfaceSkeletalMesh.ush" 3979
"../../../Engine/Plugins/FX/Niagara/Shaders/Private/NiagaraBaryCentricUtils.ush" 3980
"../../../Engine/Plugins/FX/Niagara/Shaders/Private/NiagaraDataInterfaceSkeletalMeshTemplate.ush" 3981
"../../../Engine/Plugins/FX/Niagara/Shaders/Private/NiagaraDataInterfaceSocketReaderTemplate.ush" 3982
"../../../Engine/Plugins/FX/Niagara/Shaders/Private/NiagaraDataInterfaceSparseVolumeTextureTemplate.ush" 3983
"../../../Engine/Plugins/FX/Niagara/Shaders/Private/NiagaraDataInterfaceSplineTemplate.ush" 3984
"../../../Engine/Plugins/FX/Niagara/Shaders/Private/NiagaraDataInterfaceSpriteRendererInfoTemplate.ush" 3985
"../../../Engine/Plugins/FX/Niagara/Shaders/Private/NiagaraDataInterfaceStaticMeshTemplate.ush" 3986
"../../../Engine/Plugins/FX/Niagara/Shaders/Private/NiagaraDataInterfaceTextureTemplate.ush" 3987
"../../../Engine/Plugins/FX/Niagara/Shaders/Private/NiagaraDataInterfaceVirtualTexture.ush" 3988
"../../../Engine/Plugins/FX/Niagara/Shaders/Private/NiagaraDataInterfaceVirtualTextureTemplate.ush" 3989
"../../../Engine/Plugins/FX/Niagara/Shaders/Private/NiagaraDataInterfaceVirtualTextureSampleTemplate.ush" 3990
"../../../Engine/Plugins/FX/Niagara/Shaders/Private/NiagaraDataInterfaceVolumeCache.ush" 3991
"../../../Engine/Plugins/FX/Niagara/Shaders/Private/NiagaraDataInterfaceVolumeTextureTemplate.ush" 3992
"/VirtualScouting/Core/XRCreativeMode_Master" 3993
"../../Plugins/VirtualProduction/VirtualScouting/Content/Core/XRCreativeMode_Master.uasset" 3994
"/VirtualScouting/Core/Scouting_Basic" 3995
"../../Plugins/VirtualProduction/VirtualScouting/Content/Core/Scouting_Basic.uasset" 3996
"/VirtualScouting/Core/Scouting_Default" 3997
"../../Plugins/VirtualProduction/VirtualScouting/Content/Core/Scouting_Default.uasset" 3998
"../../Plugins/VirtualProduction/VirtualCamera/Content/VCamActor.uasset" 3999
"../../Plugins/VirtualProduction/VirtualCamera/Content/Modifiers/AxisScalingModifier/AxisScalingModifier.uasset" 4000
"../../Plugins/VirtualProduction/VirtualCamera/Content/Modifiers/BookmarkModifier/BookmarkModifier.uasset" 4001
"../../Plugins/VirtualProduction/VirtualCamera/Content/Modifiers/CameraBodyModifier/CameraBodyModifier.uasset" 4002
"../../Plugins/VirtualProduction/VirtualCamera/Content/Modifiers/ClipPlaneModifier/ClipPlaneModifier.uasset" 4003
"../../Plugins/VirtualProduction/VirtualCamera/Content/Modifiers/HoldModifier/HoldModifier.uasset" 4004
"../../Plugins/VirtualProduction/VirtualCamera/Content/Modifiers/HUDInfoModifier/HUDInfoModifier.uasset" 4005
"../../Plugins/VirtualProduction/VirtualCamera/Content/Modifiers/JoystickModifier/JoystickModifier.uasset" 4006
"../../Plugins/VirtualProduction/VirtualCamera/Content/Modifiers/KillRollModifier/KillRollModifier.uasset" 4007
"../../Plugins/VirtualProduction/VirtualCamera/Content/Modifiers/LensModifier/LensModifier.uasset" 4008
"../../Plugins/VirtualProduction/VirtualCamera/Content/Modifiers/MaskAndOverlayModifier/MaskAndOverlayModifier.uasset" 4009
"../../Plugins/VirtualProduction/VirtualCamera/Content/Modifiers/MultiUserModifier/MultiUserModifier.uasset" 4010
"../../Plugins/VirtualProduction/VirtualCamera/Content/Modifiers/ParentModifier/ParentModifier.uasset" 4011
"../../Plugins/VirtualProduction/VirtualCamera/Content/Modifiers/PhotoModifier/PhotoModifier.uasset" 4012
"../../Plugins/VirtualProduction/VirtualCamera/Content/Modifiers/SensorCorrectionModifier/SensorCorrectionModifier.uasset" 4013
"../../Plugins/VirtualProduction/VirtualCamera/Content/Modifiers/SequencerModifier/SequencerEditorModifier.uasset" 4014
"../../Plugins/VirtualProduction/VirtualCamera/Content/Modifiers/SplineModifier/SplineModifier.uasset" 4015
"../../Plugins/VirtualProduction/VirtualCamera/Content/Modifiers/StabilizationModifier/StabilizationModifier.uasset" 4016
"../../Plugins/VirtualProduction/VirtualCamera/Content/Modifiers/TakeRecorderModifier/TakeRecorderModifier.uasset" 4017
"../../Plugins/VirtualProduction/VirtualCamera/Content/Modifiers/TeleportModifier/TeleportModifier.uasset" 4018
"../../Plugins/VirtualProduction/VirtualCamera/Content/Modifiers/TiltOffsetModifier/TiltOffsetModifier.uasset" 4019
"../../Plugins/VirtualProduction/VirtualCamera/Content/Modifiers/VisualizationModifier/VisualizationModifier.uasset" 4020
"../../Plugins/VirtualProduction/VirtualCamera/Content/Modifiers/ZeroOutModifier/ZeroOutModifier.uasset" 4021
"../../Plugins/VirtualProduction/VirtualCamera/Content/WidgetLibrary/VCW_AspectRatioMask/Dependencies/M_MaskAspectRatio.uasset" 4022
"../../Plugins/VirtualProduction/VirtualCamera/Content/WidgetLibrary/VCW_GridOverlay/Dependencies/M_GridOverlay.uasset" 4023
"../../Plugins/VirtualProduction/VirtualCamera/Content/VCamHUD.uasset" 4024
"../../Plugins/VirtualProduction/VirtualCamera/Content/Modifiers/ZeroOutModifier/Interfaces/ZeroOutModifierInterface.uasset" 4025
"../../Plugins/VirtualProduction/VirtualCamera/Content/WidgetLibrary/VCamDial/Interfaces/VCamDialStyleSettingsInterface.uasset" 4026
"../../Plugins/VirtualProduction/VirtualCamera/Content/WidgetLibrary/VCamDial/Interfaces/VCamDialUserSettingsInterface.uasset" 4027
"../../Plugins/VirtualProduction/VirtualCamera/Content/WidgetLibrary/VCamHUDButton/Interfaces/VCamHUDButtonInterface.uasset" 4028
"../../Plugins/VirtualProduction/VirtualCamera/Content/Modifiers/AxisScalingModifier/Inputs/SelectCurrentLocationAxisScaling.uasset" 4029
"../../Plugins/VirtualProduction/VirtualCamera/Content/Modifiers/AxisScalingModifier/Inputs/SetAllLocationAxisScaling.uasset" 4030
"../../Plugins/VirtualProduction/VirtualCamera/Content/Modifiers/AxisScalingModifier/Inputs/SetCurrentLocationAxisScaling.uasset" 4031
"../../Plugins/VirtualProduction/VirtualCamera/Content/Modifiers/AxisScalingModifier/Inputs/AxisScalingModifierInputMappingContext.uasset" 4032
"../../Plugins/VirtualProduction/VirtualCamera/Content/Modifiers/AxisScalingModifier/Enums/EAxisScalingInputMode.uasset" 4033
"../../Plugins/VirtualProduction/VirtualCamera/Content/WidgetLibrary/BaseWidgets/BasicLabel/Structs/BasicLabelUserSettings.uasset" 4034
"../../Plugins/VirtualProduction/VirtualCamera/Content/WidgetLibrary/VCamDial/Enums/VCamDialOptionsType.uasset" 4035
"../../Plugins/VirtualProduction/VirtualCamera/Content/WidgetLibrary/VCamDial/Structs/VCamDialStyleSettings.uasset" 4036
"../../Plugins/VirtualProduction/VirtualCamera/Content/WidgetLibrary/VCamDial/Structs/VCamDialUserSettings.uasset" 4037
"../../Plugins/VirtualProduction/VirtualCamera/Content/WidgetLibrary/VCamHUDButton/Dependencies/VCamHUDButtonUserSettings.uasset" 4038
"../../Plugins/VirtualProduction/VirtualCamera/Content/Modifiers/PhotoModifier/Interfaces/VCamPhotoActorInterface.uasset" 4039
"../../Plugins/VirtualProduction/VirtualCamera/Content/WidgetLibrary/BaseWidgets/BaseTextDisplay/Interfaces/BaseTextDisplayStyleSettingsInterface.uasset" 4040
"../../Plugins/VirtualProduction/VirtualCamera/Content/WidgetLibrary/BaseWidgets/BaseTextDisplay/Interfaces/BaseTextDisplayUserSettingsInterface.uasset" 4041
"../../Plugins/VirtualProduction/VirtualCamera/Content/WidgetLibrary/VCamBookmarkBrowser/VCamBookmarkBrowserInterface.uasset" 4042
"../../Plugins/VirtualProduction/VirtualCamera/Content/WidgetLibrary/VCamButton/Interfaces/VCamButtonStyleSettingsInterface.uasset" 4043
"../../Plugins/VirtualProduction/VirtualCamera/Content/WidgetLibrary/VCamComboBox/Interfaces/VCamComboBoxInterface.uasset" 4044
"../../Plugins/VirtualProduction/VirtualCamera/Content/Modifiers/BookmarkModifier/Input/CreateBookmark.uasset" 4045
"../../Plugins/VirtualProduction/VirtualCamera/Content/Modifiers/BookmarkModifier/Input/CurrentBookmark.uasset" 4046
"../../Plugins/VirtualProduction/VirtualCamera/Content/Modifiers/BookmarkModifier/Input/DeleteCurrentBookmark.uasset" 4047
"../../Plugins/VirtualProduction/VirtualCamera/Content/Modifiers/BookmarkModifier/Input/NextBookmark.uasset" 4048
"../../Plugins/VirtualProduction/VirtualCamera/Content/Modifiers/BookmarkModifier/Input/PreviousBookmark.uasset" 4049
"../../Plugins/VirtualProduction/VirtualCamera/Content/Modifiers/BookmarkModifier/Input/ToggleShouldLoadCameraParamsFromBookmark.uasset" 4050
"../../Plugins/VirtualProduction/VirtualCamera/Content/Modifiers/BookmarkModifier/Input/BookmarkModifierInputMappingContext.uasset" 4051
"../../Plugins/VirtualProduction/VirtualCamera/Content/Common/TextStyles/VCamTextStyles.uasset" 4052
"../../Plugins/VirtualProduction/VirtualCamera/Content/WidgetLibrary/BaseWidgets/BaseTextDisplay/Dependencies/BaseTextDisplayStyleSettings.uasset" 4053
"../../Plugins/VirtualProduction/VirtualCamera/Content/WidgetLibrary/BaseWidgets/BaseTextDisplay/Dependencies/BaseTextDisplayUserSettings.uasset" 4054
"../../Plugins/VirtualProduction/VirtualCamera/Content/WidgetLibrary/Common/VCamIcons/Bookmark.uasset" 4055
"../../Plugins/VirtualProduction/VirtualCamera/Content/WidgetLibrary/Common/VCamIcons/IconArrowBack.uasset" 4056
"../../Plugins/VirtualProduction/VirtualCamera/Content/WidgetLibrary/Common/VCamIcons/IconArrowForward.uasset" 4057
"../../Plugins/VirtualProduction/VirtualCamera/Content/WidgetLibrary/Common/VCamIcons/IconCamera.uasset" 4058
"../../Plugins/VirtualProduction/VirtualCamera/Content/WidgetLibrary/Common/VCamIcons/IconCameraNot.uasset" 4059
"../../Plugins/VirtualProduction/VirtualCamera/Content/WidgetLibrary/Common/VCamIcons/IconMinus.uasset" 4060
"../../Plugins/VirtualProduction/VirtualCamera/Content/WidgetLibrary/Common/VCamIcons/IconPlus.uasset" 4061
"../../Plugins/VirtualProduction/VirtualCamera/Content/WidgetLibrary/Common/VCamIcons/PhotoModeGreen.uasset" 4062
"../../Plugins/VirtualProduction/VirtualCamera/Content/WidgetLibrary/VCamButton/Dependencies/VCamButtonStyleSettings.uasset" 4063
"../../Plugins/VirtualProduction/VirtualCamera/Content/WidgetLibrary/VCamComboBox/Dependencies/VCamComboBoxUserSettings.uasset" 4064
"../../Plugins/VirtualProduction/VirtualCamera/Content/WidgetLibrary/VCamDial/Blueprints/VCamDialHelperFunctions.uasset" 4065
"../../Plugins/VirtualProduction/VirtualCamera/Content/WidgetLibrary/VCW_AspectRatioMask/Interfaces/AspectRatioMaskInterface.uasset" 4066
"../../Plugins/VirtualProduction/VirtualCamera/Content/WidgetLibrary/VCW_AspectRatioMask/Interfaces/AspectRatioMaskStyleSettings.uasset" 4067
"../../Plugins/VirtualProduction/VirtualCamera/Content/Modifiers/CameraBodyModifier/Input/Filmback.uasset" 4068
"../../Plugins/VirtualProduction/VirtualCamera/Content/Modifiers/CameraBodyModifier/Input/NextFilmbackPreset.uasset" 4069
"../../Plugins/VirtualProduction/VirtualCamera/Content/Modifiers/CameraBodyModifier/Input/PreviousFilmbackPreset.uasset" 4070
"../../Plugins/VirtualProduction/VirtualCamera/Content/Modifiers/CameraBodyModifier/Input/CameraBodyMappingContext.uasset" 4071
"../../Plugins/VirtualProduction/VirtualCamera/Content/WidgetLibrary/VCW_AspectRatioMask/Dependencies/AspectRatioMaskStyleSettings.uasset" 4072
"../../Plugins/VirtualProduction/VirtualCamera/Content/WidgetLibrary/VCW_AspectRatioMask/Dependencies/AspectRatioMaskUserSettings.uasset" 4073
"../../Plugins/VirtualProduction/VirtualCamera/Content/WidgetLibrary/VCW_AspectRatioMask/Dependencies/AspectRatioOptions.uasset" 4074
"../../Plugins/VirtualProduction/VirtualCamera/Content/Modifiers/ClipPlaneModifier/Input/ClipPlaneAxis.uasset" 4075
"../../Plugins/VirtualProduction/VirtualCamera/Content/Modifiers/ClipPlaneModifier/Input/ClipPlaneModifierInputMappingContext.uasset" 4076
"../../Plugins/VirtualProduction/VirtualCamera/Content/WidgetLibrary/VcamBadge/VCamBadgeStyleSettingsInterface.uasset" 4077
"../../Plugins/VirtualProduction/VirtualCamera/Content/WidgetLibrary/VCamEarMenu/Updated/interfaces/VCamEarMenuButtonStyleSettingsInterface.uasset" 4078
"../../Plugins/VirtualProduction/VirtualCamera/Content/Modifiers/HoldModifier/Inputs/ToggleHold.uasset" 4079
"../../Plugins/VirtualProduction/VirtualCamera/Content/Modifiers/HoldModifier/Inputs/HoldModifierInputMappingContext.uasset" 4080
"../../Plugins/VirtualProduction/VirtualCamera/Content/WidgetLibrary/Common/VCamIcons/IconHold.uasset" 4081
"../../Plugins/VirtualProduction/VirtualCamera/Content/WidgetLibrary/VcamBadge/VCamBadgeStyleSettings.uasset" 4082
"../../Plugins/VirtualProduction/VirtualCamera/Content/WidgetLibrary/VCamEarMenu/Updated/structs/VCamEarMenuButtonStyleSettings.uasset" 4083
"../../Plugins/VirtualProduction/VirtualCamera/Content/Modifiers/TiltOffsetModifier/Interface/TiltOffsetInterface.uasset" 4084
"../../Plugins/VirtualProduction/VirtualCamera/Content/Modifiers/JoystickModifier/Inputs/CraneMovement.uasset" 4085
"../../Plugins/VirtualProduction/VirtualCamera/Content/Modifiers/JoystickModifier/Inputs/Pan.uasset" 4086
"../../Plugins/VirtualProduction/VirtualCamera/Content/Modifiers/JoystickModifier/Inputs/PlanarMovement.uasset" 4087
"../../Plugins/VirtualProduction/VirtualCamera/Content/Modifiers/JoystickModifier/Inputs/SetJoystickMovementGain.uasset" 4088
"../../Plugins/VirtualProduction/VirtualCamera/Content/Modifiers/JoystickModifier/Inputs/SetJoystickRotationGain.uasset" 4089
"../../Plugins/VirtualProduction/VirtualCamera/Content/Modifiers/JoystickModifier/Inputs/ToggleFlightMode.uasset" 4090
"../../Plugins/VirtualProduction/VirtualCamera/Content/Modifiers/JoystickModifier/Inputs/IC_JoystickModifier.uasset" 4091
"../../Plugins/VirtualProduction/VirtualCamera/Content/WidgetLibrary/Common/VCamIcons/IconFlight.uasset" 4092
"../../Plugins/VirtualProduction/VirtualCamera/Content/Modifiers/KillRollModifier/Inputs/ToggleKillRoll.uasset" 4093
"../../Plugins/VirtualProduction/VirtualCamera/Content/Modifiers/KillRollModifier/Inputs/KillRollModifierInputMappingContext.uasset" 4094
"../../Plugins/VirtualProduction/VirtualCamera/Content/WidgetLibrary/Common/VCamIcons/IconKillRoll.uasset" 4095
"../../Plugins/VirtualProduction/VirtualCamera/Content/Common/BPFL_VcamHelperFunctions.uasset" 4096
"../../Plugins/VirtualProduction/VirtualCamera/Content/WidgetLibrary/VCamGestureWidget/Interfaces/VCamGestureUserSettings.uasset" 4097
"../../Plugins/VirtualProduction/VirtualCamera/Content/WidgetLibrary/VCamGestureWidget/Interfaces/VCamGestureViewportSettings.uasset" 4098
"../../Plugins/VirtualProduction/VirtualCamera/Content/WidgetLibrary/VCamSensorCorrectionMask/Interfaces/VCamSensorTargetViewportSize.uasset" 4099
"../../Plugins/VirtualProduction/VirtualCamera/Content/Modifiers/LensModifier/FocalLengthGestureCurve.uasset" 4100
"../../Plugins/VirtualProduction/VirtualCamera/Content/Modifiers/LensModifier/Inputs/ExposureCompensation.uasset" 4101
"../../Plugins/VirtualProduction/VirtualCamera/Content/Modifiers/LensModifier/Inputs/ExposureCompensationReset.uasset" 4102
"../../Plugins/VirtualProduction/VirtualCamera/Content/Modifiers/LensModifier/Inputs/FocalLength.uasset" 4103
"../../Plugins/VirtualProduction/VirtualCamera/Content/Modifiers/LensModifier/Inputs/FocalLengthAxis.uasset" 4104
"../../Plugins/VirtualProduction/VirtualCamera/Content/Modifiers/LensModifier/Inputs/FocalLengthDown.uasset" 4105
"../../Plugins/VirtualProduction/VirtualCamera/Content/Modifiers/LensModifier/Inputs/FocalLengthPrecision.uasset" 4106
"../../Plugins/VirtualProduction/VirtualCamera/Content/Modifiers/LensModifier/Inputs/FocalLengthUp.uasset" 4107
"../../Plugins/VirtualProduction/VirtualCamera/Content/Modifiers/LensModifier/Inputs/FocusDistance.uasset" 4108
"../../Plugins/VirtualProduction/VirtualCamera/Content/Modifiers/LensModifier/Inputs/FocusDistanceAxis.uasset" 4109
"../../Plugins/VirtualProduction/VirtualCamera/Content/Modifiers/LensModifier/Inputs/FocusDistanceDown.uasset" 4110
"../../Plugins/VirtualProduction/VirtualCamera/Content/Modifiers/LensModifier/Inputs/FocusDistanceUp.uasset" 4111
"../../Plugins/VirtualProduction/VirtualCamera/Content/Modifiers/LensModifier/Inputs/FocusMethod.uasset" 4112
"../../Plugins/VirtualProduction/VirtualCamera/Content/Modifiers/LensModifier/Inputs/FocusPlane.uasset" 4113
"../../Plugins/VirtualProduction/VirtualCamera/Content/Modifiers/LensModifier/Inputs/Iris.uasset" 4114
"../../Plugins/VirtualProduction/VirtualCamera/Content/Modifiers/LensModifier/Inputs/ISO.uasset" 4115
"../../Plugins/VirtualProduction/VirtualCamera/Content/Modifiers/LensModifier/Inputs/Lens.uasset" 4116
"../../Plugins/VirtualProduction/VirtualCamera/Content/Modifiers/LensModifier/Inputs/NextISO.uasset" 4117
"../../Plugins/VirtualProduction/VirtualCamera/Content/Modifiers/LensModifier/Inputs/NextLens.uasset" 4118
"../../Plugins/VirtualProduction/VirtualCamera/Content/Modifiers/LensModifier/Inputs/NextShutterSpeed.uasset" 4119
"../../Plugins/VirtualProduction/VirtualCamera/Content/Modifiers/LensModifier/Inputs/PickActorToTrack.uasset" 4120
"../../Plugins/VirtualProduction/VirtualCamera/Content/Modifiers/LensModifier/Inputs/PreviousISO.uasset" 4121
"../../Plugins/VirtualProduction/VirtualCamera/Content/Modifiers/LensModifier/Inputs/PreviousLens.uasset" 4122
"../../Plugins/VirtualProduction/VirtualCamera/Content/Modifiers/LensModifier/Inputs/PreviousShutterSpeed.uasset" 4123
"../../Plugins/VirtualProduction/VirtualCamera/Content/Modifiers/LensModifier/Inputs/ShutterSpeed.uasset" 4124
"../../Plugins/VirtualProduction/VirtualCamera/Content/Modifiers/LensModifier/Inputs/StopDown.uasset" 4125
"../../Plugins/VirtualProduction/VirtualCamera/Content/Modifiers/LensModifier/Inputs/StopUp.uasset" 4126
"../../Plugins/VirtualProduction/VirtualCamera/Content/Modifiers/LensModifier/Inputs/ToggleFocusMode.uasset" 4127
"../../Plugins/VirtualProduction/VirtualCamera/Content/WidgetLibrary/VCamGestureWidget/Dependencies/DoubleTap.uasset" 4128
"../../Plugins/VirtualProduction/VirtualCamera/Content/WidgetLibrary/VCamGestureWidget/Dependencies/DoubleTapHold.uasset" 4129
"../../Plugins/VirtualProduction/VirtualCamera/Content/WidgetLibrary/VCamGestureWidget/Dependencies/PinchToZoom.uasset" 4130
"../../Plugins/VirtualProduction/VirtualCamera/Content/Modifiers/LensModifier/Inputs/LensModifierInputContext.uasset" 4131
"../../Plugins/VirtualProduction/VirtualCamera/Content/Modifiers/LensModifier/Dependencies/FocusMethod.uasset" 4132
"../../Plugins/VirtualProduction/VirtualCamera/Content/Modifiers/LensModifier/Dependencies/FocusPlane.uasset" 4133
"../../Plugins/VirtualProduction/VirtualCamera/Content/WidgetLibrary/Common/VCamIcons/IconAutoFocus.uasset" 4134
"../../Plugins/VirtualProduction/VirtualCamera/Content/WidgetLibrary/VCamGestureWidget/Dependencies/VCamGestureIndex.uasset" 4135
"../../Plugins/VirtualProduction/VirtualCamera/Content/WidgetLibrary/VCamGestureWidget/Structs/VCamGestureUserSettings.uasset" 4136
"../../Plugins/VirtualProduction/VirtualCamera/Content/WidgetLibrary/VCW_GridOverlay/Interfaces/VCamGridOverlayStyleSettings.uasset" 4137
"../../Plugins/VirtualProduction/VirtualCamera/Content/WidgetLibrary/VCW_GridOverlay/Interfaces/VCamGridOverlayUserSettings.uasset" 4138
"../../Plugins/VirtualProduction/VirtualCamera/Content/WidgetLibrary/VCW_Reticle/Interfaces/ReticleStyleSettings.uasset" 4139
"../../Plugins/VirtualProduction/VirtualCamera/Content/Modifiers/MaskAndOverlayModifier/Input/CustomAspectRatio.uasset" 4140
"../../Plugins/VirtualProduction/VirtualCamera/Content/Modifiers/MaskAndOverlayModifier/Input/NextOverlay.uasset" 4141
"../../Plugins/VirtualProduction/VirtualCamera/Content/Modifiers/MaskAndOverlayModifier/Input/NextReticle.uasset" 4142
"../../Plugins/VirtualProduction/VirtualCamera/Content/Modifiers/MaskAndOverlayModifier/Input/Overlay.uasset" 4143
"../../Plugins/VirtualProduction/VirtualCamera/Content/Modifiers/MaskAndOverlayModifier/Input/OverlayMaterial.uasset" 4144
"../../Plugins/VirtualProduction/VirtualCamera/Content/Modifiers/MaskAndOverlayModifier/Input/OverlayOpacityAxis.uasset" 4145
"../../Plugins/VirtualProduction/VirtualCamera/Content/Modifiers/MaskAndOverlayModifier/Input/OverlaySelection.uasset" 4146
"../../Plugins/VirtualProduction/VirtualCamera/Content/Modifiers/MaskAndOverlayModifier/Input/PreviousOverlay.uasset" 4147
"../../Plugins/VirtualProduction/VirtualCamera/Content/Modifiers/MaskAndOverlayModifier/Input/PreviousReticle.uasset" 4148
"../../Plugins/VirtualProduction/VirtualCamera/Content/Modifiers/MaskAndOverlayModifier/Input/Reticle.uasset" 4149
"../../Plugins/VirtualProduction/VirtualCamera/Content/Modifiers/MaskAndOverlayModifier/Input/ReticleOpacityAxis.uasset" 4150
"../../Plugins/VirtualProduction/VirtualCamera/Content/Modifiers/MaskAndOverlayModifier/Input/MaskAndOverlayMappingContext.uasset" 4151
"../../Plugins/VirtualProduction/VirtualCamera/Content/WidgetLibrary/VCW_GridOverlay/Dependencies/M_SafeZones.uasset" 4152
"../../Plugins/VirtualProduction/VirtualCamera/Content/WidgetLibrary/VCW_Reticle/Dependencies/M_ReticleCircle.uasset" 4153
"../../Plugins/VirtualProduction/VirtualCamera/Content/WidgetLibrary/VCW_Reticle/Dependencies/M_ReticleCross.uasset" 4154
"../../Plugins/VirtualProduction/VirtualCamera/Content/WidgetLibrary/VCW_Reticle/Dependencies/M_ReticleDot.uasset" 4155
"../../Plugins/VirtualProduction/VirtualCamera/Content/WidgetLibrary/VCW_Reticle/Dependencies/M_ReticleNone.uasset" 4156
"../../Plugins/VirtualProduction/VirtualCamera/Content/WidgetLibrary/VCW_Reticle/Dependencies/M_ReticleSplitCircle.uasset" 4157
"../../Plugins/VirtualProduction/VirtualCamera/Content/Modifiers/MaskAndOverlayModifier/Dependencies/OverlaySelection.uasset" 4158
"../../Plugins/VirtualProduction/VirtualCamera/Content/WidgetLibrary/VCW_GridOverlay/Dependencies/VCamGridOverlayOptions.uasset" 4159
"../../Plugins/VirtualProduction/VirtualCamera/Content/WidgetLibrary/VCW_GridOverlay/Dependencies/VCamGridOverlayStyleSettings.uasset" 4160
"../../Plugins/VirtualProduction/VirtualCamera/Content/WidgetLibrary/VCW_GridOverlay/Dependencies/VCamGridOverlayUserSettings.uasset" 4161
"../../Plugins/VirtualProduction/VirtualCamera/Content/WidgetLibrary/VCW_Reticle/Dependencies/ReticleStyleSettings.uasset" 4162
"../../Plugins/VirtualProduction/VirtualCamera/Content/Modifiers/MultiUserModifier/Interfaces/MultiUserModifierInterface.uasset" 4163
"../../Plugins/VirtualProduction/VirtualCamera/Content/Modifiers/MultiUserModifier/Interfaces/ReplicationSuspendableInterface.uasset" 4164
"../../Plugins/VirtualProduction/VirtualCamera/Content/Modifiers/MultiUserModifier/Inputs/ToggleReplication.uasset" 4165
"../../Plugins/VirtualProduction/VirtualCamera/Content/Modifiers/MultiUserModifier/Inputs/MultiUserModifierInputMappingContext.uasset" 4166
"../../Plugins/VirtualProduction/VirtualCamera/Content/Modifiers/MultiUserModifier/EAuthorityOwner.uasset" 4167
"../../Plugins/VirtualProduction/VirtualCamera/Content/WidgetLibrary/Common/VCamIcons/T_MultiUser.uasset" 4168
"../../Plugins/VirtualProduction/VirtualCamera/Content/WidgetLibrary/VCamOptionMenu/Interfaces/VCamOptionMenuUserSettingsInterface.uasset" 4169
"../../Plugins/VirtualProduction/VirtualCamera/Content/Modifiers/ParentModifier/Input/SetCurrentParent.uasset" 4170
"../../Plugins/VirtualProduction/VirtualCamera/Content/Modifiers/ParentModifier/Input/ToggleParent.uasset" 4171
"../../Plugins/VirtualProduction/VirtualCamera/Content/Modifiers/ParentModifier/Input/ToggleSpring.uasset" 4172
"../../Plugins/VirtualProduction/VirtualCamera/Content/Modifiers/ParentModifier/Input/ParentModifierInputMappingContext.uasset" 4173
"../../Plugins/VirtualProduction/VirtualCamera/Content/Modifiers/ParentModifier/InheritanceFilterElement.uasset" 4174
"../../Plugins/VirtualProduction/VirtualCamera/Content/Modifiers/ParentModifier/InheritanceFilterState.uasset" 4175
"../../Plugins/VirtualProduction/VirtualCamera/Content/WidgetLibrary/Common/VCamIcons/Icon_SpringArm.uasset" 4176
"../../Plugins/VirtualProduction/VirtualCamera/Content/WidgetLibrary/Common/VCamIcons/IconAperture.uasset" 4177
"../../Plugins/VirtualProduction/VirtualCamera/Content/WidgetLibrary/Common/VCamIcons/IconAttach.uasset" 4178
"../../Plugins/VirtualProduction/VirtualCamera/Content/WidgetLibrary/Common/VCamIcons/IconAxis.uasset" 4179
"../../Plugins/VirtualProduction/VirtualCamera/Content/WidgetLibrary/Common/VCamIcons/IconCrane.uasset" 4180
"../../Plugins/VirtualProduction/VirtualCamera/Content/WidgetLibrary/Common/VCamIcons/IconCraneLock.uasset" 4181
"../../Plugins/VirtualProduction/VirtualCamera/Content/WidgetLibrary/Common/VCamIcons/IconDolly.uasset" 4182
"../../Plugins/VirtualProduction/VirtualCamera/Content/WidgetLibrary/Common/VCamIcons/IconDollyLock.uasset" 4183
"../../Plugins/VirtualProduction/VirtualCamera/Content/WidgetLibrary/Common/VCamIcons/IconFocus.uasset" 4184
"../../Plugins/VirtualProduction/VirtualCamera/Content/WidgetLibrary/Common/VCamIcons/IconLens.uasset" 4185
"../../Plugins/VirtualProduction/VirtualCamera/Content/WidgetLibrary/Common/VCamIcons/IconPan.uasset" 4186
"../../Plugins/VirtualProduction/VirtualCamera/Content/WidgetLibrary/Common/VCamIcons/IconPanLock.uasset" 4187
"../../Plugins/VirtualProduction/VirtualCamera/Content/WidgetLibrary/Common/VCamIcons/IconRoll.uasset" 4188
"../../Plugins/VirtualProduction/VirtualCamera/Content/WidgetLibrary/Common/VCamIcons/IconRollLock.uasset" 4189
"../../Plugins/VirtualProduction/VirtualCamera/Content/WidgetLibrary/Common/VCamIcons/IconTilt.uasset" 4190
"../../Plugins/VirtualProduction/VirtualCamera/Content/WidgetLibrary/Common/VCamIcons/IconTiltLock.uasset" 4191
"../../Plugins/VirtualProduction/VirtualCamera/Content/WidgetLibrary/Common/VCamIcons/IconTruck.uasset" 4192
"../../Plugins/VirtualProduction/VirtualCamera/Content/WidgetLibrary/Common/VCamIcons/IconTruckLock.uasset" 4193
"../../Plugins/VirtualProduction/VirtualCamera/Content/WidgetLibrary/VCamOptionMenu/Dependencies/VCamOptionMenuItemDataStruct.uasset" 4194
"../../Plugins/VirtualProduction/VirtualCamera/Content/WidgetLibrary/VCamOptionMenu/Dependencies/VCamOptionMenuUserSettings.uasset" 4195
"../../Plugins/VirtualProduction/VirtualCamera/Content/Modifiers/PhotoModifier/Dependencies/PPM_VCamPhotoAlphaInvert.uasset" 4196
"../../Plugins/VirtualProduction/VirtualCamera/Content/Modifiers/PhotoModifier/Enum/VCamPhotoSizeSettings.uasset" 4197
"../../Plugins/VirtualProduction/VirtualCamera/Content/WidgetLibrary/VCamSensorCorrectionMask/Interfaces/VCamSensorCorrectionMaskInterface.uasset" 4198
"../../Plugins/VirtualProduction/VirtualCamera/Content/Modifiers/SensorCorrectionModifier/Input/ToggleSensorCorrection.uasset" 4199
"../../Plugins/VirtualProduction/VirtualCamera/Content/Modifiers/SensorCorrectionModifier/Input/SensorCorrectionModifierInputMappingContext.uasset" 4200
"../../Plugins/VirtualProduction/VirtualCamera/Content/WidgetLibrary/VCamSensorCorrectionMask/Structs/VCamSensorCorrectionMaskUserSettings.uasset" 4201
"../../Plugins/VirtualProduction/VirtualCamera/Content/WidgetLibrary/VCamSequencerTimeline/Interfaces/VCamSequencerTimelineInterface.uasset" 4202
"../../Plugins/VirtualProduction/VirtualCamera/Content/WidgetLibrary/VCamSequencerTimeline/Interfaces/VCamSequencerTransportInterface.uasset" 4203
"../../Plugins/VirtualProduction/VirtualCamera/Content/WidgetLibrary/VCamTimeScale/Interfaces/VCamTimeScaleInterface.uasset" 4204
"../../Plugins/VirtualProduction/VirtualCamera/Content/Modifiers/SequencerModifier/Inputs/JumpToNextKey.uasset" 4205
"../../Plugins/VirtualProduction/VirtualCamera/Content/Modifiers/SequencerModifier/Inputs/JumpToPreviousKey.uasset" 4206
"../../Plugins/VirtualProduction/VirtualCamera/Content/Modifiers/SequencerModifier/Inputs/NextFrame.uasset" 4207
"../../Plugins/VirtualProduction/VirtualCamera/Content/Modifiers/SequencerModifier/Inputs/PlaybackSpeed.uasset" 4208
"../../Plugins/VirtualProduction/VirtualCamera/Content/Modifiers/SequencerModifier/Inputs/PreviousFrame.uasset" 4209
"../../Plugins/VirtualProduction/VirtualCamera/Content/Modifiers/SequencerModifier/Inputs/SetScrubSpeed.uasset" 4210
"../../Plugins/VirtualProduction/VirtualCamera/Content/Modifiers/SequencerModifier/Inputs/SetSequenceFrameNormalized.uasset" 4211
"../../Plugins/VirtualProduction/VirtualCamera/Content/Modifiers/SequencerModifier/Inputs/ToggleLoop.uasset" 4212
"../../Plugins/VirtualProduction/VirtualCamera/Content/Modifiers/SequencerModifier/Inputs/TogglePlayPause.uasset" 4213
"../../Plugins/VirtualProduction/VirtualCamera/Content/Modifiers/SequencerModifier/Inputs/ToPlaybackEnd.uasset" 4214
"../../Plugins/VirtualProduction/VirtualCamera/Content/Modifiers/SequencerModifier/Inputs/ToPlaybackStart.uasset" 4215
"../../Plugins/VirtualProduction/VirtualCamera/Content/Modifiers/SequencerModifier/Inputs/SequencerModifierInputMappingContext.uasset" 4216
"../../Plugins/VirtualProduction/VirtualCamera/Content/WidgetLibrary/VCamSequencerTimeline/Structs/VCamSequencerTimelineUserSettings.uasset" 4217
"../../Plugins/VirtualProduction/VirtualCamera/Content/WidgetLibrary/VCamSequencerTimeline/Structs/VCamSequencerTransportUserSettings.uasset" 4218
"../../Plugins/VirtualProduction/VirtualCamera/Content/WidgetLibrary/VCamTimeScale/Structs/VCamTimeScaleUserSettings.uasset" 4219
"../../Plugins/VirtualProduction/VirtualCamera/Content/WidgetLibrary/VCamSequencerTimeline/Interfaces/VCamSequencerTimelineStyleInterface.uasset" 4220
"../../Plugins/VirtualProduction/VirtualCamera/Content/WidgetLibrary/VCamSlider/Interfaces/VCamSliderInterface.uasset" 4221
"../../Plugins/VirtualProduction/VirtualCamera/Content/Modifiers/SplineModifier/Input/AddKeyframe.uasset" 4222
"../../Plugins/VirtualProduction/VirtualCamera/Content/Modifiers/SplineModifier/Input/AddSplinePoint.uasset" 4223
"../../Plugins/VirtualProduction/VirtualCamera/Content/Modifiers/SplineModifier/Input/AppendSplinePoint.uasset" 4224
"../../Plugins/VirtualProduction/VirtualCamera/Content/Modifiers/SplineModifier/Input/CreateRigRail.uasset" 4225
"../../Plugins/VirtualProduction/VirtualCamera/Content/Modifiers/SplineModifier/Input/CurrentRigRail.uasset" 4226
"../../Plugins/VirtualProduction/VirtualCamera/Content/Modifiers/SplineModifier/Input/DeleteKeyframe.uasset" 4227
"../../Plugins/VirtualProduction/VirtualCamera/Content/Modifiers/SplineModifier/Input/DeleteRigRail.uasset" 4228
"../../Plugins/VirtualProduction/VirtualCamera/Content/Modifiers/SplineModifier/Input/DeleteSplinePoint.uasset" 4229
"../../Plugins/VirtualProduction/VirtualCamera/Content/Modifiers/SplineModifier/Input/GoToStartPosition.uasset" 4230
"../../Plugins/VirtualProduction/VirtualCamera/Content/Modifiers/SplineModifier/Input/InsertSplinePoint.uasset" 4231
"../../Plugins/VirtualProduction/VirtualCamera/Content/Modifiers/SplineModifier/Input/NextKeyframe.uasset" 4232
"../../Plugins/VirtualProduction/VirtualCamera/Content/Modifiers/SplineModifier/Input/NextRigRail.uasset" 4233
"../../Plugins/VirtualProduction/VirtualCamera/Content/Modifiers/SplineModifier/Input/NextSplinePoint.uasset" 4234
"../../Plugins/VirtualProduction/VirtualCamera/Content/Modifiers/SplineModifier/Input/PreviousKeyframe.uasset" 4235
"../../Plugins/VirtualProduction/VirtualCamera/Content/Modifiers/SplineModifier/Input/PreviousRigRail.uasset" 4236
"../../Plugins/VirtualProduction/VirtualCamera/Content/Modifiers/SplineModifier/Input/PreviousSplinePoint.uasset" 4237
"../../Plugins/VirtualProduction/VirtualCamera/Content/Modifiers/SplineModifier/Input/SetDriveModeToManual.uasset" 4238
"../../Plugins/VirtualProduction/VirtualCamera/Content/Modifiers/SplineModifier/Input/SetSplineCurrentPosition.uasset" 4239
"../../Plugins/VirtualProduction/VirtualCamera/Content/Modifiers/SplineModifier/Input/SetSplineDriveMode.uasset" 4240
"../../Plugins/VirtualProduction/VirtualCamera/Content/Modifiers/SplineModifier/Input/SetSplineDriveModeOptionValueAxis.uasset" 4241
"../../Plugins/VirtualProduction/VirtualCamera/Content/Modifiers/SplineModifier/Input/SplineAttachStatus.uasset" 4242
"../../Plugins/VirtualProduction/VirtualCamera/Content/Modifiers/SplineModifier/Input/SplitSplineSegment.uasset" 4243
"../../Plugins/VirtualProduction/VirtualCamera/Content/Modifiers/SplineModifier/Input/ToggleAttach.uasset" 4244
"../../Plugins/VirtualProduction/VirtualCamera/Content/Modifiers/SplineModifier/Input/ToggleAttachCameraParameters.uasset" 4245
"../../Plugins/VirtualProduction/VirtualCamera/Content/Modifiers/SplineModifier/Input/ToggleAttachLocationX.uasset" 4246
"../../Plugins/VirtualProduction/VirtualCamera/Content/Modifiers/SplineModifier/Input/ToggleAttachLocationY.uasset" 4247
"../../Plugins/VirtualProduction/VirtualCamera/Content/Modifiers/SplineModifier/Input/ToggleAttachLocationZ.uasset" 4248
"../../Plugins/VirtualProduction/VirtualCamera/Content/Modifiers/SplineModifier/Input/ToggleAttachRotationX.uasset" 4249
"../../Plugins/VirtualProduction/VirtualCamera/Content/Modifiers/SplineModifier/Input/ToggleAttachRotationY.uasset" 4250
"../../Plugins/VirtualProduction/VirtualCamera/Content/Modifiers/SplineModifier/Input/ToggleAttachRotationZ.uasset" 4251
"../../Plugins/VirtualProduction/VirtualCamera/Content/Modifiers/SplineModifier/Input/ToggleAutoKey.uasset" 4252
"../../Plugins/VirtualProduction/VirtualCamera/Content/Modifiers/SplineModifier/Input/ToggleDriveForward.uasset" 4253
"../../Plugins/VirtualProduction/VirtualCamera/Content/Modifiers/SplineModifier/Input/ToggleDriveInReverse.uasset" 4254
"../../Plugins/VirtualProduction/VirtualCamera/Content/Modifiers/SplineModifier/Input/ToggleDriveLoop.uasset" 4255
"../../Plugins/VirtualProduction/VirtualCamera/Content/Modifiers/SplineModifier/Input/ToggleDurationMode.uasset" 4256
"../../Plugins/VirtualProduction/VirtualCamera/Content/Modifiers/SplineModifier/Input/ToggleSpeedMode.uasset" 4257
"../../Plugins/VirtualProduction/VirtualCamera/Content/Modifiers/SplineModifier/Input/UpdateSplinePoint.uasset" 4258
"../../Plugins/VirtualProduction/VirtualCamera/Content/Modifiers/SplineModifier/Input/SplineModifierInputMappingContext.uasset" 4259
"../../Plugins/VirtualProduction/VirtualCamera/Content/WidgetLibrary/Common/VCamIcons/IconArrowLeft.uasset" 4260
"../../Plugins/VirtualProduction/VirtualCamera/Content/WidgetLibrary/Common/VCamIcons/IconArrowRight.uasset" 4261
"../../Plugins/VirtualProduction/VirtualCamera/Content/WidgetLibrary/Common/VCamIcons/IconAutoKey.uasset" 4262
"../../Plugins/VirtualProduction/VirtualCamera/Content/WidgetLibrary/Common/VCamIcons/IconDrive.uasset" 4263
"../../Plugins/VirtualProduction/VirtualCamera/Content/WidgetLibrary/Common/VCamIcons/IconPlayControlsBounce.uasset" 4264
"../../Plugins/VirtualProduction/VirtualCamera/Content/WidgetLibrary/Common/VCamIcons/IconPlayControlsLooping.uasset" 4265
"../../Plugins/VirtualProduction/VirtualCamera/Content/WidgetLibrary/Common/VCamIcons/IconPlayControlsNoLooping.uasset" 4266
"../../Plugins/VirtualProduction/VirtualCamera/Content/WidgetLibrary/Common/VCamIcons/IconRecent.uasset" 4267
"../../Plugins/VirtualProduction/VirtualCamera/Content/WidgetLibrary/Common/VCamIcons/IconRotate.uasset" 4268
"../../Plugins/VirtualProduction/VirtualCamera/Content/WidgetLibrary/Common/VCamIcons/IconSpeed.uasset" 4269
"../../Plugins/VirtualProduction/VirtualCamera/Content/WidgetLibrary/Common/VCamIcons/IconSplineAppend.uasset" 4270
"../../Plugins/VirtualProduction/VirtualCamera/Content/WidgetLibrary/Common/VCamIcons/IconSplineInsert.uasset" 4271
"../../Plugins/VirtualProduction/VirtualCamera/Content/WidgetLibrary/Common/VCamIcons/IconSplineSplit.uasset" 4272
"../../Plugins/VirtualProduction/VirtualCamera/Content/WidgetLibrary/Common/VCamIcons/IconTrash.uasset" 4273
"../../Plugins/VirtualProduction/VirtualCamera/Content/WidgetLibrary/VCamDial/Textures/T_VCamDial_LeftArrow.uasset" 4274
"../../Plugins/VirtualProduction/VirtualCamera/Content/WidgetLibrary/VCamSequencerTimeline/Structs/VCamSequencerTimelineStyleSettings.uasset" 4275
"../../Plugins/VirtualProduction/VirtualCamera/Content/WidgetLibrary/VCamSequencerTimeline/Textures/T_Pause.uasset" 4276
"../../Plugins/VirtualProduction/VirtualCamera/Content/WidgetLibrary/VCamSequencerTimeline/Textures/T_Play.uasset" 4277
"../../Plugins/VirtualProduction/VirtualCamera/Content/WidgetLibrary/VCamSequencerTimeline/Textures/T_PlayReverse.uasset" 4278
"../../Plugins/VirtualProduction/VirtualCamera/Content/WidgetLibrary/VCamSequencerTimeline/Textures/T_ToPlaybackStart.uasset" 4279
"../../Plugins/VirtualProduction/VirtualCamera/Content/WidgetLibrary/VCamSlider/Dependencies/VCamSliderStyleSettings.uasset" 4280
"../../Plugins/VirtualProduction/VirtualCamera/Content/WidgetLibrary/VCamSlider/Dependencies/VCamSliderUserSettings.uasset" 4281
"../../Plugins/VirtualProduction/VirtualCamera/Content/Modifiers/StabilizationModifier/Inputs/SetLocationStabilization.uasset" 4282
"../../Plugins/VirtualProduction/VirtualCamera/Content/Modifiers/StabilizationModifier/Inputs/SetRotationStabilization.uasset" 4283
"../../Plugins/VirtualProduction/VirtualCamera/Content/Modifiers/StabilizationModifier/Inputs/StabilizationModifierInputMappingContext.uasset" 4284
"../../Plugins/VirtualProduction/VirtualCamera/Content/Modifiers/TakeRecorderModifier/Inputs/RecordingSpeed.uasset" 4285
"../../Plugins/VirtualProduction/VirtualCamera/Content/Modifiers/TakeRecorderModifier/Inputs/StartRecording.uasset" 4286
"../../Plugins/VirtualProduction/VirtualCamera/Content/Modifiers/TakeRecorderModifier/Inputs/StopRecording.uasset" 4287
"../../Plugins/VirtualProduction/VirtualCamera/Content/Modifiers/TakeRecorderModifier/Inputs/ToggleRecording.uasset" 4288
"../../Plugins/VirtualProduction/VirtualCamera/Content/Modifiers/TakeRecorderModifier/Inputs/IC_TakeRecorder.uasset" 4289
"../../Plugins/VirtualProduction/VirtualCamera/Content/Modifiers/TakeRecorderModifier/M_CountDown.uasset" 4290
"../../Plugins/VirtualProduction/VirtualCamera/Content/WidgetLibrary/Common/VCamIcons/EndRecord.uasset" 4291
"../../Plugins/VirtualProduction/VirtualCamera/Content/WidgetLibrary/Common/VCamIcons/Record.uasset" 4292
"../../Plugins/VirtualProduction/VirtualCamera/Content/WidgetLibrary/Common/VCamIcons/UnableToRecord.uasset" 4293
"../../Plugins/VirtualProduction/VirtualCamera/Content/Common/Blueprints/VCamAim/VCamAim.uasset" 4294
"../../Plugins/VirtualProduction/VirtualCamera/Content/Modifiers/TeleportModifier/Dependencies/VCamTeleportUXActor.uasset" 4295
"../../Plugins/VirtualProduction/VirtualCamera/Content/WidgetLibrary/VCamTeleport/Interfaces/VCamTeleportInterface.uasset" 4296
"../../Plugins/VirtualProduction/VirtualCamera/Content/Modifiers/TeleportModifier/Input/Aim.uasset" 4297
"../../Plugins/VirtualProduction/VirtualCamera/Content/Modifiers/TeleportModifier/Input/Teleport.uasset" 4298
"../../Plugins/VirtualProduction/VirtualCamera/Content/Modifiers/TeleportModifier/Input/TeleportDistance.uasset" 4299
"../../Plugins/VirtualProduction/VirtualCamera/Content/Modifiers/TeleportModifier/Input/TeleportRotationOffset.uasset" 4300
"../../Plugins/VirtualProduction/VirtualCamera/Content/WidgetLibrary/VCamGestureWidget/Dependencies/TwoFingerPressHold.uasset" 4301
"../../Plugins/VirtualProduction/VirtualCamera/Content/WidgetLibrary/VCamGestureWidget/Dependencies/TwoFingerPressHoldRelease.uasset" 4302
"../../Plugins/VirtualProduction/VirtualCamera/Content/Modifiers/TeleportModifier/Input/TeleportModifierInputMappingContext.uasset" 4303
"../../Plugins/VirtualProduction/VirtualCamera/Content/WidgetLibrary/VCamTeleport/Structs/VCamTeleportUserSettings.uasset" 4304
"../../Plugins/VirtualProduction/VirtualCamera/Content/Modifiers/TiltOffsetModifier/Inputs/TiltOffsetAmount.uasset" 4305
"../../Plugins/VirtualProduction/VirtualCamera/Content/Modifiers/TiltOffsetModifier/Inputs/ToggleTiltOffset.uasset" 4306
"../../Plugins/VirtualProduction/VirtualCamera/Content/Modifiers/TiltOffsetModifier/Inputs/TiltOffsetModifierInputMappingContext.uasset" 4307
"../../Plugins/VirtualProduction/VirtualCamera/Content/Modifiers/VisualizationModifier/Input/ToggleFocusPeaking.uasset" 4308
"../../Plugins/VirtualProduction/VirtualCamera/Content/Modifiers/VisualizationModifier/Input/ToggleGameView.uasset" 4309
"../../Plugins/VirtualProduction/VirtualCamera/Content/Modifiers/VisualizationModifier/Input/ToggleZebraPattern.uasset" 4310
"../../Plugins/VirtualProduction/VirtualCamera/Content/Modifiers/VisualizationModifier/Input/ZebraPatternThreshold.uasset" 4311
"../../Plugins/VirtualProduction/VirtualCamera/Content/Modifiers/VisualizationModifier/Input/VisualizationModifierInputMappingContext.uasset" 4312
"../../Plugins/VirtualProduction/VirtualCamera/Content/Modifiers/VisualizationModifier/M_VCamVisualizationPPM.uasset" 4313
"../../Plugins/VirtualProduction/VirtualCamera/Content/WidgetLibrary/Common/VCamIcons/IconFocusPeaking.uasset" 4314
"../../Plugins/VirtualProduction/VirtualCamera/Content/WidgetLibrary/Common/VCamIcons/IconZebraPattern.uasset" 4315
"../../Plugins/VirtualProduction/VirtualCamera/Content/Modifiers/ZeroOutModifier/Inputs/ZeroToParent.uasset" 4316
"../../Plugins/VirtualProduction/VirtualCamera/Content/Modifiers/ZeroOutModifier/Inputs/ZeroToStage.uasset" 4317
"../../Plugins/VirtualProduction/VirtualCamera/Content/Modifiers/ZeroOutModifier/Inputs/ZeroOutModifierInputMappingContext.uasset" 4318
"../../Plugins/VirtualProduction/VirtualCamera/Content/WidgetLibrary/Common/VCamIcons/IconZeroState.uasset" 4319
"../../../Engine/Content/Functions/Engine_MaterialFunctions01/Gradient/BoxMask-2D.uasset" 4320
"../../Plugins/VirtualProduction/VirtualCamera/Content/WidgetLibrary/VCamHUDButton/Interfaces/VCamHUDButtonStyleInterface.uasset" 4321
"../../Plugins/VirtualProduction/VirtualCamera/Content/WidgetLibrary/VCamTakesBrowser/widgets/VCamTakeFunctions.uasset" 4322
"../../Plugins/VirtualProduction/VirtualCamera/Content/WidgetLibrary/VCamTakesBrowser/widgets/VCamTakeInterface.uasset" 4323
"../../Plugins/VirtualProduction/VirtualCamera/Content/WidgetLibrary/VCamComboBox/VCamComboBox.uasset" 4324
"../../Plugins/VirtualProduction/VirtualCamera/Content/WidgetLibrary/VCamEarMenu/Updated/VCamEar.uasset" 4325
"../../Plugins/VirtualProduction/VirtualCamera/Content/WidgetLibrary/VCamGestureWidget/VCamGestureWidget.uasset" 4326
"../../Plugins/VirtualProduction/VirtualCamera/Content/WidgetLibrary/VCamSplineEditor/VCamSplineEditor.uasset" 4327
"../../Plugins/VirtualProduction/VirtualCamera/Content/WidgetLibrary/VCamTakesBrowser/widgets/VCamTakeViewer.uasset" 4328
"../../Plugins/VirtualProduction/VirtualCamera/Content/WidgetLibrary/VCamEarMenu/Updated/hierarchy/MBWS_EarMenu_Right.uasset" 4329
"../../Plugins/VirtualProduction/VirtualCamera/Content/WidgetLibrary/VCamEarMenu/Updated/hierarchy/MH_EarMenu_Right.uasset" 4330
"../../Plugins/VirtualProduction/VirtualCamera/Content/Common/Structs/S_VcamState.uasset" 4331
"../../Plugins/VirtualProduction/VirtualCamera/Content/WidgetLibrary/BaseWidgets/BaseTextDisplay/BaseTextDisplay.uasset" 4332
"../../Plugins/VirtualProduction/VirtualCamera/Content/WidgetLibrary/Common/VCamIcons/IconHidden.uasset" 4333
"../../Plugins/VirtualProduction/VirtualCamera/Content/WidgetLibrary/Common/VCamIcons/IconTools.uasset" 4334
"../../Plugins/VirtualProduction/VirtualCamera/Content/WidgetLibrary/Common/VCamIcons/IconVisible.uasset" 4335
"../../Plugins/VirtualProduction/VirtualCamera/Content/WidgetLibrary/VcamBadge/VCamBadge.uasset" 4336
"../../Plugins/VirtualProduction/VirtualCamera/Content/WidgetLibrary/VCamBookmarkBrowser/VCamBookmarkBrowser.uasset" 4337
"../../Plugins/VirtualProduction/VirtualCamera/Content/WidgetLibrary/VCamButton/VCamButton.uasset" 4338
"../../Plugins/VirtualProduction/VirtualCamera/Content/WidgetLibrary/VCamDial/VCamDial.uasset" 4339
"../../Plugins/VirtualProduction/VirtualCamera/Content/WidgetLibrary/VCamEarMenu/Updated/widgets/EarButton/EarButtonTooltip.uasset" 4340
"../../Plugins/VirtualProduction/VirtualCamera/Content/WidgetLibrary/VCamHUDBorder/VCamHUDBorder.uasset" 4341
"../../Plugins/VirtualProduction/VirtualCamera/Content/WidgetLibrary/VCamHUDButton/VCamHUDButton.uasset" 4342
"../../Plugins/VirtualProduction/VirtualCamera/Content/WidgetLibrary/VCamOptionStepper/VCamOptionStepper.uasset" 4343
"../../Plugins/VirtualProduction/VirtualCamera/Content/WidgetLibrary/VCamParentWidget/VCamParentWidget.uasset" 4344
"../../Plugins/VirtualProduction/VirtualCamera/Content/WidgetLibrary/VCamRecordButton/VCamRecordButton.uasset" 4345
"../../Plugins/VirtualProduction/VirtualCamera/Content/WidgetLibrary/VCamSensorCorrectionMask/VCamSensorCorrectionMask.uasset" 4346
"../../Plugins/VirtualProduction/VirtualCamera/Content/WidgetLibrary/VCamSequencerTimeline/VCamSequencerTimeline.uasset" 4347
"../../Plugins/VirtualProduction/VirtualCamera/Content/WidgetLibrary/VCamSequencerTimeline/VCamSequencerTransportControls.uasset" 4348
"../../Plugins/VirtualProduction/VirtualCamera/Content/WidgetLibrary/VCamSplineEditor/VCamSplineEditMode.uasset" 4349
"../../Plugins/VirtualProduction/VirtualCamera/Content/WidgetLibrary/VCamTakesBrowser/VCamAssetBrowser.uasset" 4350
"../../Plugins/VirtualProduction/VirtualCamera/Content/WidgetLibrary/VCamTakesBrowser/VCamTakesBrowser.uasset" 4351
"../../Plugins/VirtualProduction/VirtualCamera/Content/WidgetLibrary/VCamTakesBrowser/widgets/VCamTakeThumbnailButton.uasset" 4352
"../../Plugins/VirtualProduction/VirtualCamera/Content/WidgetLibrary/VCamTeleport/VCamTeleport.uasset" 4353
"../../Plugins/VirtualProduction/VirtualCamera/Content/WidgetLibrary/VCW_AspectRatioMask/VCamAspectRatioMask.uasset" 4354
"../../Plugins/VirtualProduction/VirtualCamera/Content/WidgetLibrary/VCW_GridOverlay/VCamGridOverlay.uasset" 4355
"../../Plugins/VirtualProduction/VirtualCamera/Content/WidgetLibrary/VCW_Reticle/VCamReticle.uasset" 4356
"../../Plugins/VirtualProduction/VirtualCamera/Content/Modifiers/LensModifier/Inputs/TrackedActorLabel.uasset" 4357
"../../../Engine/Content/Functions/Engine_MaterialFunctions01/Gradient/RadialGradientExponential.uasset" 4358
"../../Plugins/VirtualProduction/VirtualCamera/Content/Modifiers/MultiUserModifier/Inputs/StartReplication.uasset" 4359
"../../../Engine/Content/Functions/Engine_MaterialFunctions01/Density/ExponentialDensity.uasset" 4360
"../../../Engine/Content/Functions/Engine_MaterialFunctions02/Texturing/CustomRotator.uasset" 4361
"../../../Engine/Content/Functions/Engine_MaterialFunctions02/Utility/VectorToRadialValue.uasset" 4362
"../../Plugins/VirtualProduction/VirtualCamera/Content/Common/Blueprints/VCamAim/Dependencies/OneEuroFilter.uasset" 4363
"../../Plugins/VirtualProduction/VirtualCamera/Content/Common/Blueprints/VCamAim/Dependencies/NS_AimLaser.uasset" 4364
"../../Plugins/VirtualProduction/VirtualCamera/Content/Modifiers/TeleportModifier/Dependencies/NS_TeleportUX.uasset" 4365
"../../../Engine/Content/Functions/Engine_MaterialFunctions01/Gradient/LinearGradient.uasset" 4366
"../../Plugins/VirtualProduction/VirtualCamera/Content/WidgetLibrary/VCamHUDButton/Dependencies/VCamHUDButtonStyleSettings.uasset" 4367
"../../Plugins/VirtualProduction/VirtualCamera/Content/WidgetLibrary/VCamComboBox/Dependencies/VCamComboBoxEntryData.uasset" 4368
"../../Plugins/VirtualProduction/VirtualCamera/Content/WidgetLibrary/Common/VCamIcons/Icon-chevron-down.uasset" 4369
"../../Plugins/VirtualProduction/VirtualCamera/Content/WidgetLibrary/Common/VCamIcons/Icon-chevron-up.uasset" 4370
"../../Plugins/VirtualProduction/VirtualCamera/Content/WidgetLibrary/VCamComboBox/Dependencies/VCamComboBoxDirection.uasset" 4371
"../../Plugins/VirtualProduction/VirtualCamera/Content/WidgetLibrary/VCamComboBox/Dependencies/VCamComboBoxEntryWidget.uasset" 4372
"../../Plugins/VirtualProduction/VirtualCamera/Content/WidgetLibrary/VCamEarMenu/Updated/BPI_VCamEar.uasset" 4373
"../../Plugins/VirtualProduction/VirtualCamera/Content/WidgetLibrary/VCamEarMenu/Updated/hierarchy/WS_EarButton.uasset" 4374
"../../Plugins/VirtualProduction/VirtualCamera/Content/WidgetLibrary/VCamEarMenu/Updated/curves/C_AnimIn.uasset" 4375
"../../Plugins/VirtualProduction/VirtualCamera/Content/WidgetLibrary/VCamEarMenu/Updated/widgets/EarButton/EarButton.uasset" 4376
"../../Plugins/VirtualProduction/VirtualCamera/Content/WidgetLibrary/VCamEarMenu/Updated/hierarchy/MBWS_EarMenu_Left.uasset" 4377
"../../Plugins/VirtualProduction/VirtualCamera/Content/WidgetLibrary/VCamEarMenu/Updated/hierarchy/MH_EarMenu_Left.uasset" 4378
"../../Plugins/VirtualProduction/VirtualCamera/Content/WidgetLibrary/Common/VCamIcons/IconArrowDown.uasset" 4379
"../../Plugins/VirtualProduction/VirtualCamera/Content/WidgetLibrary/VCamEarMenu/Textures/T_LeftEarBottom.uasset" 4380
"../../Plugins/VirtualProduction/VirtualCamera/Content/WidgetLibrary/VCamEarMenu/Updated/enum/E_VCamEarState.uasset" 4381
"../../Plugins/VirtualProduction/VirtualCamera/Content/WidgetLibrary/VCamEarMenu/Updated/tex/ScrollFade_Bottom.uasset" 4382
"../../Plugins/VirtualProduction/VirtualCamera/Content/WidgetLibrary/VCamEarMenu/Updated/tex/ScrollFade_Top.uasset" 4383
"../../Plugins/VirtualProduction/VirtualCamera/Content/WidgetLibrary/VCamGestureWidget/Dependencies/EVcamGestureTutorials.uasset" 4384
"../../Plugins/VirtualProduction/VirtualCamera/Content/WidgetLibrary/VCamGestureWidget/VCamGestureUXWidget.uasset" 4385
"../../Plugins/VirtualProduction/VirtualCamera/Content/WidgetLibrary/VCamJoysticks/VCamJoystick_Planar.uasset" 4386
"../../Plugins/VirtualProduction/VirtualCamera/Content/WidgetLibrary/VCamJoysticks/VCamJoysticks.uasset" 4387
"../../Plugins/VirtualProduction/VirtualCamera/Content/WidgetLibrary/VCamJoysticks/VCamJoysticks_CranePan.uasset" 4388
"../../Plugins/VirtualProduction/VirtualCamera/Content/WidgetLibrary/Common/VCamIcons/IconEdit.uasset" 4389
"../../Plugins/VirtualProduction/VirtualCamera/Content/WidgetLibrary/Common/VCamIcons/IconSpline.uasset" 4390
"../../Plugins/VirtualProduction/VirtualCamera/Content/WidgetLibrary/VCamComboButton/Dependencies/VCamComboButtonUserSettings.uasset" 4391
"../../Plugins/VirtualProduction/VirtualCamera/Content/WidgetLibrary/VCamOptionMenu/VCamOptionMenu.uasset" 4392
"../../Plugins/VirtualProduction/VirtualCamera/Content/WidgetLibrary/VCamSlider/VCamSlider.uasset" 4393
"../../Plugins/VirtualProduction/VirtualCamera/Content/WidgetLibrary/VCamSplineEditor/VCamSplineModeSelector.uasset" 4394
"../../Plugins/VirtualProduction/VirtualCamera/Content/WidgetLibrary/VCamTakesBrowser/widgets/VCamTakeEntryData.uasset" 4395
"../../Plugins/VirtualProduction/VirtualCamera/Content/WidgetLibrary/VCamTakesBrowser/widgets/mat/M_Carousel.uasset" 4396
"../../Plugins/VirtualProduction/VirtualCamera/Content/WidgetLibrary/Common/VCamIcons/IConCurveEditorMiscFilters.uasset" 4397
"../../Plugins/VirtualProduction/VirtualCamera/Content/WidgetLibrary/Common/VCamIcons/IconSearch.uasset" 4398
"../../Plugins/VirtualProduction/VirtualCamera/Content/WidgetLibrary/Common/VCamIcons/T_IconPlusMinimal.uasset" 4399
"../../Plugins/VirtualProduction/VirtualCamera/Content/WidgetLibrary/VCamTakesBrowser/tex/T_IconFavorite_1.uasset" 4400
"../../Plugins/VirtualProduction/VirtualCamera/Content/WidgetLibrary/VCamTakesBrowser/tex/T_IconFavorite_2.uasset" 4401
"../../Plugins/VirtualProduction/VirtualCamera/Content/WidgetLibrary/VCamTakesBrowser/tex/T_IconFavorite_3.uasset" 4402
"../../Plugins/VirtualProduction/VirtualCamera/Content/WidgetLibrary/VCamTakesBrowser/tex/T_IconFlag.uasset" 4403
"../../Plugins/VirtualProduction/VirtualCamera/Content/WidgetLibrary/VCamTakesBrowser/tex/T_ThumbsDown.uasset" 4404
"../../Plugins/VirtualProduction/VirtualCamera/Content/WidgetLibrary/VCamTakesBrowser/widgets/VCamTakeCarouselEntry.uasset" 4405
"../../Plugins/VirtualProduction/VirtualCamera/Content/WidgetLibrary/Common/VCamIcons/IconAttachOptions.uasset" 4406
"../../Plugins/VirtualProduction/VirtualCamera/Content/WidgetLibrary/Common/VCamIcons/IconBookmarks.uasset" 4407
"../../Plugins/VirtualProduction/VirtualCamera/Content/WidgetLibrary/Common/VCamIcons/IconEditOptions.uasset" 4408
"../../Plugins/VirtualProduction/VirtualCamera/Content/WidgetLibrary/Common/VCamIcons/IconFilm.uasset" 4409
"../../Plugins/VirtualProduction/VirtualCamera/Content/WidgetLibrary/Common/VCamIcons/IconGameView.uasset" 4410
"../../Plugins/VirtualProduction/VirtualCamera/Content/WidgetLibrary/Common/VCamIcons/IconSplineUpdate.uasset" 4411
"../../Plugins/VirtualProduction/VirtualCamera/Content/WidgetLibrary/Common/VCamIcons/IconZeroToParent.uasset" 4412
"../../Plugins/VirtualProduction/VirtualCamera/Content/WidgetLibrary/Common/VCamIcons/TiltOffset.uasset" 4413
"../../Plugins/VirtualProduction/VirtualCamera/Content/Common/Structs/S_VcamWidgetConfig.uasset" 4414
"../../Plugins/VirtualProduction/VirtualCamera/Content/Common/TextStyles/VCamTextStyleTable.uasset" 4415
"../../Plugins/VirtualProduction/VirtualCamera/Content/Common/TextStyles/VCamTextStyle.uasset" 4416
"../../Plugins/VirtualProduction/VirtualCamera/Content/WidgetLibrary/VcamBadge/VCamBadgeTooltip.uasset" 4417
"../../Plugins/VirtualProduction/VirtualCamera/Content/WidgetLibrary/VCamBookmarkBrowser/VCamBookmarkEntryObject.uasset" 4418
"../../Plugins/VirtualProduction/VirtualCamera/Content/WidgetLibrary/VCamBookmarkBrowser/VCamBookmarkConfigWidget.uasset" 4419
"../../Plugins/VirtualProduction/VirtualCamera/Content/WidgetLibrary/VCamBookmarkBrowser/VCamBookmarkFilterWidget.uasset" 4420
"../../Plugins/VirtualProduction/VirtualCamera/Content/WidgetLibrary/VCamBookmarkBrowser/S_VCamBookmarkBrowserFilterState.uasset" 4421
"../../Plugins/VirtualProduction/VirtualCamera/Content/WidgetLibrary/VCamBookmarkBrowser/VCamBookmarkEntryWidget.uasset" 4422
"../../Plugins/VirtualProduction/VirtualCamera/Content/WidgetLibrary/VCamTakesBrowser/enum/E_VCamAssetBrowserSort.uasset" 4423
"../../Plugins/VirtualProduction/VirtualCamera/Content/WidgetLibrary/VCamButton/Dependencies/M_HoldTimer.uasset" 4424
"../../Plugins/VirtualProduction/VirtualCamera/Content/WidgetLibrary/BaseWidgets/SpinSlot/SpinSlot.uasset" 4425
"../../Plugins/VirtualProduction/VirtualCamera/Content/WidgetLibrary/BaseWidgets/BasicLabel/BasicLabel.uasset" 4426
"../../Plugins/VirtualProduction/VirtualCamera/Content/WidgetLibrary/BaseWidgets/BasicLabel/Textures/BasicLabel_TickLeft.uasset" 4427
"../../Plugins/VirtualProduction/VirtualCamera/Content/WidgetLibrary/BaseWidgets/BasicLabel/Textures/BasicLabel_TickRight.uasset" 4428
"../../Plugins/VirtualProduction/VirtualCamera/Content/WidgetLibrary/BaseWidgets/RadialBox/RadialBox.uasset" 4429
"../../Plugins/VirtualProduction/VirtualCamera/Content/WidgetLibrary/BaseWidgets/RadialBox/Structs/RadialBoxEntry.uasset" 4430
"../../Plugins/VirtualProduction/VirtualCamera/Content/WidgetLibrary/BaseWidgets/RadialBox/Structs/RadialBoxSettings.uasset" 4431
"../../Plugins/VirtualProduction/VirtualCamera/Content/WidgetLibrary/BaseWidgets/SpinSlot/Structs/SpinSlotSettings.uasset" 4432
"../../Plugins/VirtualProduction/VirtualCamera/Content/WidgetLibrary/Common/Enums/ESidedWidgetSide.uasset" 4433
"../../Plugins/VirtualProduction/VirtualCamera/Content/WidgetLibrary/VCamDial/Enums/VCamDialActivationState.uasset" 4434
"../../Plugins/VirtualProduction/VirtualCamera/Content/WidgetLibrary/VCamDial/Enums/VCamDialType.uasset" 4435
"../../Plugins/VirtualProduction/VirtualCamera/Content/WidgetLibrary/VCamDial/Structs/VCamDialSettings.uasset" 4436
"../../Plugins/VirtualProduction/VirtualCamera/Content/WidgetLibrary/VCamDial/SubWidgets/VCamDial_TouchHandler.uasset" 4437
"../../Plugins/VirtualProduction/VirtualCamera/Content/WidgetLibrary/VCamDial/SubWidgets/VCamDial_ValueLabel.uasset" 4438
"../../Plugins/VirtualProduction/VirtualCamera/Content/WidgetLibrary/VCamDial/Textures/T_VCamDial_Inner_L.uasset" 4439
"../../Plugins/VirtualProduction/VirtualCamera/Content/WidgetLibrary/VCamDial/Textures/T_VCamDial_Inner_R.uasset" 4440
"../../Plugins/VirtualProduction/VirtualCamera/Content/WidgetLibrary/VCamDial/Textures/T_VCamDial_Outer_L.uasset" 4441
"../../Plugins/VirtualProduction/VirtualCamera/Content/WidgetLibrary/VCamDial/Textures/T_VcamDial_Outer_R.uasset" 4442
"../../Plugins/VirtualProduction/VirtualCamera/Content/WidgetLibrary/VCamHUDBorder/Dependencies/T_VCamHUDCorner.uasset" 4443
"../../Plugins/VirtualProduction/VirtualCamera/Content/WidgetLibrary/VCamHUDBorder/Dependencies/T_VCamHUDTopFrameLeft.uasset" 4444
"../../Plugins/VirtualProduction/VirtualCamera/Content/WidgetLibrary/VCamHUDBorder/Dependencies/T_VCamHUDTopFrameRight.uasset" 4445
"../../Plugins/VirtualProduction/VirtualCamera/Content/WidgetLibrary/Common/VCamIcons/IconTimer.uasset" 4446
"../../Plugins/VirtualProduction/VirtualCamera/Content/WidgetLibrary/VCamTimeScale/VCamTimeScale.uasset" 4447
"../../Plugins/VirtualProduction/VirtualCamera/Content/WidgetLibrary/VCamSequencerTimeline/Materials/MI_TimelineRoundedBox.uasset" 4448
"../../Plugins/VirtualProduction/VirtualCamera/Content/WidgetLibrary/VCamSequencerTimeline/Textures/T_VCamTimelineDefaultGrey.uasset" 4449
"../../Plugins/VirtualProduction/VirtualCamera/Content/WidgetLibrary/VCamSequencerTimeline/VCamSequencerKeyframeMarker.uasset" 4450
"../../Plugins/VirtualProduction/VirtualCamera/Content/WidgetLibrary/VCamSequencerTimeline/Textures/T_JumpToNextKey.uasset" 4451
"../../Plugins/VirtualProduction/VirtualCamera/Content/WidgetLibrary/VCamSequencerTimeline/Textures/T_JumpToPreviousKey.uasset" 4452
"../../Plugins/VirtualProduction/VirtualCamera/Content/WidgetLibrary/VCamSequencerTimeline/Textures/T_NextFrame.uasset" 4453
"../../Plugins/VirtualProduction/VirtualCamera/Content/WidgetLibrary/VCamSequencerTimeline/Textures/T_PreviousFrame.uasset" 4454
"../../Plugins/VirtualProduction/VirtualCamera/Content/WidgetLibrary/VCamSequencerTimeline/Textures/T_ToPlaybackEnd.uasset" 4455
"../../Plugins/VirtualProduction/VirtualCamera/Content/WidgetLibrary/Common/VCamIcons/IconSettings.uasset" 4456
"../../Plugins/VirtualProduction/VirtualCamera/Content/WidgetLibrary/VCamTakesBrowser/enum/E_VCamAssetBrowserOptionMode.uasset" 4457
"../../Plugins/VirtualProduction/VirtualCamera/Content/WidgetLibrary/VCamTakesBrowser/tex/T_IconFilter.uasset" 4458
"../../Plugins/VirtualProduction/VirtualCamera/Content/WidgetLibrary/VCamTakesBrowser/tex/T_IconSearch.uasset" 4459
"../../Plugins/VirtualProduction/VirtualCamera/Content/WidgetLibrary/VCamTakesBrowser/widgets/VCamTakeFilterWidget.uasset" 4460
"../../Plugins/VirtualProduction/VirtualCamera/Content/WidgetLibrary/VCamTakesBrowser/enum/E_VCamAssetBrowserFilter.uasset" 4461
"../../Plugins/VirtualProduction/VirtualCamera/Content/WidgetLibrary/VCamTakesBrowser/widgets/VCamTake.uasset" 4462
"../../Plugins/VirtualProduction/VirtualCamera/Content/WidgetLibrary/VCamTakesBrowser/widgets/mat/M_ThumbnailMask.uasset" 4463
"../../Plugins/VirtualProduction/VirtualCamera/Content/WidgetLibrary/VCamTakesBrowser/widgets/mat/M_ThumbnailMask_AllCorners.uasset" 4464
"../../Plugins/VirtualProduction/VirtualCamera/Content/WidgetLibrary/VCamTeleport/Interfaces/VCamTeleportStyleInterface.uasset" 4465
"../../Plugins/VirtualProduction/VirtualCamera/Content/WidgetLibrary/Common/VCamIcons/CameraOrientationBG.uasset" 4466
"../../Plugins/VirtualProduction/VirtualCamera/Content/WidgetLibrary/Common/VCamIcons/CameraOrientationFG.uasset" 4467
"../../Plugins/VirtualProduction/VirtualCamera/Content/Common/Blueprints/VCamAim/Dependencies/LowPassFilter.uasset" 4468
"../../Plugins/FX/Niagara/Content/DefaultAssets/DefaultSpriteMaterial.uasset" 4469
"../../Plugins/VirtualProduction/VirtualCamera/Content/Common/Blueprints/VCamAim/Dependencies/Materials/MI_LaserHit.uasset" 4470
"../../Plugins/VirtualProduction/VirtualCamera/Content/Common/Blueprints/VCamAim/Dependencies/Materials/MI_LaserTube.uasset" 4471
"../../Plugins/FX/Niagara/Content/DynamicInputs/Helpers/SimulationPosition.uasset" 4472
"../../Plugins/FX/Niagara/Content/DynamicInputs/Multiply/Multiply_VectorByFloat.uasset" 4473
"../../Plugins/FX/Niagara/Content/Modules/Beams/BeamEmitterSetup.uasset" 4474
"../../Plugins/FX/Niagara/Content/Modules/Beams/BeamWidth.uasset" 4475
"../../Plugins/FX/Niagara/Content/Modules/Beams/SpawnBeam.uasset" 4476
"../../Plugins/FX/Niagara/Content/Modules/Emitter/EmitterState.uasset" 4477
"../../Plugins/FX/Niagara/Content/Modules/Emitter/SpawnBurst_Instantaneous.uasset" 4478
"../../Plugins/FX/Niagara/Content/Modules/Solvers/SolveForcesAndVelocity.uasset" 4479
"../../Plugins/FX/Niagara/Content/Modules/Spawn/Initialization/V2/InitializeParticle.uasset" 4480
"../../Plugins/FX/Niagara/Content/Modules/System/SystemState.uasset" 4481
"../../Plugins/FX/Niagara/Content/Modules/Update/Lifetime/ParticleState.uasset" 4482
"../../Plugins/FX/Niagara/Content/Enums/ENiagara_ColorInitializationMode.uasset" 4483
"../../Plugins/FX/Niagara/Content/Enums/ENiagara_EmitterStateOptions.uasset" 4484
"../../Plugins/FX/Niagara/Content/Enums/ENiagara_InfiniteLoopDuration.uasset" 4485
"../../Plugins/FX/Niagara/Content/Enums/ENiagara_LifetimeMode.uasset" 4486
"../../Plugins/FX/Niagara/Content/Enums/ENiagara_MassInitializationMode.uasset" 4487
"../../Plugins/FX/Niagara/Content/Enums/ENiagara_PositionInitializationMode.uasset" 4488
"../../Plugins/FX/Niagara/Content/Enums/ENiagara_SizeScaleMode.uasset" 4489
"../../Plugins/FX/Niagara/Content/Enums/ENiagara_SpriteRotationMode.uasset" 4490
"../../Plugins/FX/Niagara/Content/Enums/ENiagara_UVFlippingMode.uasset" 4491
"../../Plugins/FX/Niagara/Content/Enums/ENiagaraChannelCorrelation.uasset" 4492
"../../Plugins/FX/Niagara/Content/Enums/ENiagaraEmitterLifeCycleMode.uasset" 4493
"../../Plugins/FX/Niagara/Content/Enums/ENiagaraEmitterScalabilityMode_Limited.uasset" 4494
"../../Plugins/FX/Niagara/Content/Enums/ENiagaraInactiveMode.uasset" 4495
"../../Plugins/FX/Niagara/Content/Enums/ENiagaraRandomnessMode.uasset" 4496
"../../Plugins/FX/Niagara/Content/Enums/ENiagaraSystemInactiveMode.uasset" 4497
"../../Plugins/FX/Niagara/Content/Enums/Ribbons/ENiagara_UnsetDirectSet.uasset" 4498
"../../Plugins/FX/Niagara/Content/Enums/Ribbons/ENiagara_UnsetDirectSetRandom.uasset" 4499
"../../Plugins/VirtualProduction/VirtualCamera/Content/Common/Blueprints/VCamAim/Dependencies/Meshes/SM_LaserPointerHit.uasset" 4500
"../../Plugins/VirtualProduction/VirtualCamera/Content/Modifiers/TeleportModifier/Dependencies/M_TeleportUXBeam.uasset" 4501
"../../Plugins/VirtualProduction/VirtualCamera/Content/Modifiers/TeleportModifier/Dependencies/M_TeleportUXDisc.uasset" 4502
"../../Plugins/FX/Niagara/Content/DynamicInputs/UniformRange/V2/RandomRangeFloat.uasset" 4503
"../../Plugins/FX/Niagara/Content/DynamicInputs/ValueFromCurve/FloatFromCurve.uasset" 4504
"../../Plugins/FX/Niagara/Content/Modules/Beams/UpdateBeam.uasset" 4505
"../../Plugins/FX/Niagara/Content/Modules/Emitter/SpawnRate.uasset" 4506
"../../Plugins/FX/Niagara/Content/Modules/Spawn/Location/RotateAroundPoint.uasset" 4507
"../../Plugins/FX/Niagara/Content/Modules/Spawn/Location/V2/ShapeLocation.uasset" 4508
"../../Plugins/FX/Niagara/Content/Modules/Spawn/Velocity/AddVelocity.uasset" 4509
"../../Plugins/FX/Niagara/Content/Modules/Update/Color/Color.uasset" 4510
"../../Plugins/FX/Niagara/Content/Modules/Update/Color/ScaleColor.uasset" 4511
"../../Plugins/FX/Niagara/Content/Modules/Update/Forces/Drag.uasset" 4512
"../../Plugins/FX/Niagara/Content/Modules/Update/Forces/GravityForce.uasset" 4513
"../../Plugins/FX/Niagara/Content/Modules/Update/Size/ScaleSpriteSize.uasset" 4514
"../../Plugins/FX/Niagara/Content/Enums/Angles/ENiagara_AngleInput.uasset" 4515
"../../Plugins/FX/Niagara/Content/Enums/ENiagara_AttributeSamplingApplyOutput.uasset" 4516
"../../Plugins/FX/Niagara/Content/Enums/ENiagaraRandomnessEvaluation.uasset" 4517
"../../Plugins/FX/Niagara/Content/Enums/ENiagaraScaleColorMode.uasset" 4518
"../../Plugins/FX/Niagara/Content/Enums/ENiagaraShapeTorusMode.uasset" 4519
"../../Plugins/FX/Niagara/Content/Enums/ENiagaraSphereDistributionMode.uasset" 4520
"../../Plugins/FX/Niagara/Content/Enums/ENiagaraTorusDistributionMode.uasset" 4521
"../../Plugins/FX/Niagara/Content/Enums/Location/ENiagara_BoxPlaneMode.uasset" 4522
"../../Plugins/FX/Niagara/Content/Enums/Location/ENiagara_ConeMode.uasset" 4523
"../../Plugins/FX/Niagara/Content/Enums/Location/ENiagara_CylinderMode.uasset" 4524
"../../Plugins/FX/Niagara/Content/Enums/Location/ENiagara_LocationShapes.uasset" 4525
"../../Plugins/FX/Niagara/Content/Enums/Location/ENiagaraRingDiscMode.uasset" 4526
"../../Plugins/FX/Niagara/Content/Enums/SpriteRenderer/ENiagara_ScaleSpriteSize.uasset" 4527
"../../Plugins/FX/Niagara/Content/Enums/Transforms/ENiagara_OffsetMode.uasset" 4528
"../../Plugins/FX/Niagara/Content/Enums/Transforms/ENiagara_RotationMode.uasset" 4529
"../../Plugins/FX/Niagara/Content/Enums/Transforms/ENiagara_ScaleMode.uasset" 4530
"../../Plugins/FX/Niagara/Content/Enums/Transforms/ENiagara_TransformOrder.uasset" 4531
"../../Plugins/FX/Niagara/Content/Enums/Transforms/ENiagara_TransformType.uasset" 4532
"../../Plugins/FX/Niagara/Content/Enums/Utility/ENiagara_VelocityMode.uasset" 4533
"../../Plugins/VirtualProduction/VirtualCamera/Content/WidgetLibrary/Common/VCamIcons/IconClipPlane.uasset" 4534
"../../Plugins/VirtualProduction/VirtualCamera/Content/WidgetLibrary/Common/VCamIcons/IconFocusPlane.uasset" 4535
"../../Plugins/VirtualProduction/VirtualCamera/Content/WidgetLibrary/Common/VCamIcons/IconISO.uasset" 4536
"../../Plugins/VirtualProduction/VirtualCamera/Content/WidgetLibrary/Common/VCamIcons/IconTrackFocus.uasset" 4537
"../../Plugins/VirtualProduction/VirtualCamera/Content/WidgetLibrary/Common/VCamIcons/IconViewfinder.uasset" 4538
"../../Plugins/VirtualProduction/VirtualCamera/Content/WidgetLibrary/VCamGestureWidget/Dependencies/MI_GestureFeedback.uasset" 4539
"../../Plugins/VirtualProduction/VirtualCamera/Content/WidgetLibrary/VCamGestureWidget/Dependencies/MI_GestureFocus.uasset" 4540
"../../Plugins/VirtualProduction/VirtualCamera/Content/WidgetLibrary/BaseWidgets/BaseJoystick/BaseJoystick.uasset" 4541
"../../Plugins/VirtualProduction/VirtualCamera/Content/WidgetLibrary/VCamJoysticks/Dependencies/T_DollyJoystickInner.uasset" 4542
"../../Plugins/VirtualProduction/VirtualCamera/Content/WidgetLibrary/VCamJoysticks/Dependencies/T_DollyJoystickOuter.uasset" 4543
"../../Plugins/VirtualProduction/VirtualCamera/Content/WidgetLibrary/VCamJoysticks/Dependencies/Joysticks_CranePanDirection.uasset" 4544
"../../Plugins/VirtualProduction/VirtualCamera/Content/WidgetLibrary/VCamJoysticks/Dependencies/T_CraneJoystickInner.uasset" 4545
"../../Plugins/VirtualProduction/VirtualCamera/Content/WidgetLibrary/VCamJoysticks/Dependencies/T_CraneJoystickOuter.uasset" 4546
"../../Plugins/VirtualProduction/VirtualCamera/Content/WidgetLibrary/VCamJoysticks/Dependencies/T_PanJoystickInner.uasset" 4547
"../../Plugins/VirtualProduction/VirtualCamera/Content/WidgetLibrary/VCamComboButton/Dependencies/VCamComboButtonEntryDataStruct.uasset" 4548
"../../Plugins/VirtualProduction/VirtualCamera/Content/WidgetLibrary/VCamOptionMenu/Dependencies/VCamOptionMenuItemDataObject.uasset" 4549
"../../Plugins/VirtualProduction/VirtualCamera/Content/WidgetLibrary/VCamButton/Dependencies/T_VCamButton.uasset" 4550
"../../Plugins/VirtualProduction/VirtualCamera/Content/WidgetLibrary/VCamOptionMenu/Dependencies/VCamOptionMenuItem.uasset" 4551
"../../Plugins/VirtualProduction/VirtualCamera/Content/WidgetLibrary/VCamSlider/VCamSliderMarker.uasset" 4552
"../../Plugins/VirtualProduction/VirtualCamera/Content/WidgetLibrary/VCamTakesBrowser/struct/S_VCamTakeData.uasset" 4553
"../../../Engine/Content/Functions/Engine_MaterialFunctions03/Math/RemapValueRange.uasset" 4554
"../../Plugins/VirtualProduction/VirtualCamera/Content/WidgetLibrary/VCamTakesBrowser/widgets/VCamAssetEntry.uasset" 4555
"../../Plugins/VirtualProduction/VirtualCamera/Content/WidgetLibrary/Common/VCamIcons/IconUpdate.uasset" 4556
"../../Plugins/VirtualProduction/VirtualCamera/Content/WidgetLibrary/Common/VCamIcons/IconReject.uasset" 4557
"../../Plugins/VirtualProduction/VirtualCamera/Content/WidgetLibrary/VCamTakesBrowser/tex/T_IconAZdown.uasset" 4558
"../../Plugins/VirtualProduction/VirtualCamera/Content/WidgetLibrary/VCamTakesBrowser/tex/T_IconAZup.uasset" 4559
"../../Plugins/VirtualProduction/VirtualCamera/Content/WidgetLibrary/VCamTakesBrowser/tex/T_IconFavorite.uasset" 4560
"../../Plugins/VirtualProduction/VirtualCamera/Content/WidgetLibrary/VCamTakesBrowser/tex/T_IconRecent_Down.uasset" 4561
"../../Plugins/VirtualProduction/VirtualCamera/Content/WidgetLibrary/VCamTakesBrowser/tex/T_IconRecent_Up.uasset" 4562
"../../Plugins/VirtualProduction/VirtualCamera/Content/WidgetLibrary/VCamTakesBrowser/widgets/mat/M_Gradient.uasset" 4563
"../../Plugins/VirtualProduction/VirtualCamera/Content/WidgetLibrary/Common/VCamIcons/IconUndo.uasset" 4564
"../../Plugins/VirtualProduction/VirtualCamera/Content/WidgetLibrary/VCamTakesBrowser/tex/T_IconFavorite_Mini.uasset" 4565
"../../Plugins/VirtualProduction/VirtualCamera/Content/WidgetLibrary/BaseWidgets/BasicLabel/Structs/BasicLabelSettings.uasset" 4566
"../../Plugins/VirtualProduction/VirtualCamera/Content/WidgetLibrary/VCamSequencerTimeline/Materials/M_TimelineRoundedBox.uasset" 4567
"../../Plugins/VirtualProduction/VirtualCamera/Content/WidgetLibrary/Common/VCamIcons/BTNTakes.uasset" 4568
"../../Plugins/VirtualProduction/VirtualCamera/Content/WidgetLibrary/VCamTakesBrowser/tex/T_IconTag.uasset" 4569
"../../Plugins/VirtualProduction/VirtualCamera/Content/WidgetLibrary/Common/VCamIcons/IconContentDirty.uasset" 4570
"../../Plugins/VirtualProduction/VirtualCamera/Content/WidgetLibrary/VCamTakesBrowser/tex/T_IconRecordOpen.uasset" 4571
"../../Plugins/VirtualProduction/VirtualCamera/Content/WidgetLibrary/VCamTakesBrowser/tex/T_IconView.uasset" 4572
"../../../Engine/Content/Functions/Engine_MaterialFunctions02/SmoothStep.uasset" 4573
"../../Plugins/VirtualProduction/VirtualCamera/Content/WidgetLibrary/VCamTakesBrowser/widgets/mat/Radial.uasset" 4574
"../../Plugins/VirtualProduction/VirtualCamera/Content/WidgetLibrary/VCamTakesBrowser/widgets/mat/T_TakesBrowser_TakeThumbMask.uasset" 4575
"../../Plugins/VirtualProduction/VirtualCamera/Content/WidgetLibrary/VCamTeleport/Structs/VCamTeleportStyleSettings.uasset" 4576
"../../Plugins/VirtualProduction/VirtualCamera/Content/Common/Blueprints/VCamAim/Dependencies/Materials/M_LaserHit.uasset" 4577
"../../Plugins/VirtualProduction/VirtualCamera/Content/Common/Blueprints/VCamAim/Dependencies/Materials/M_LaserTube.uasset" 4578
"../../Plugins/FX/Niagara/Content/Functions/DirectionAndLengthSafe.uasset" 4579
"../../Plugins/FX/Niagara/Content/Functions/Localspace/TransformPosition.uasset" 4580
"../../Plugins/FX/Niagara/Content/Functions/Localspace/TransformVector.uasset" 4581
"../../Plugins/FX/Niagara/Content/Functions/NormalizedExecutionIndex.uasset" 4582
"../../Plugins/FX/Niagara/Content/Functions/Spline/FindPositionOnBezierSpline.uasset" 4583
"../../Plugins/FX/Niagara/Content/Functions/Emitter/EmitterChangeState.uasset" 4584
"../../Plugins/FX/Niagara/Content/Icons/Modules/T_Icon_Scalability_Emitter.uasset" 4585
"../../Plugins/FX/Niagara/Content/Icons/Modules/T_Icon_Scalability_System.uasset" 4586
"../../Plugins/FX/Niagara/Content/Functions/V2/CalculateRandomRangeFloat.uasset" 4587
"../../Plugins/FX/Niagara/Content/Functions/Drag/DragVelocity.uasset" 4588
"../../Plugins/FX/Niagara/Content/Functions/Math/CentimeterMeterConversion.uasset" 4589
"../../Plugins/FX/Niagara/Content/Functions/Rotation/MultiplyVectorWithQuaternion.uasset" 4590
"../../Plugins/FX/Niagara/Content/Modules/Solvers/ApplyRotationVector.uasset" 4591
"../../Plugins/FX/Niagara/Content/Icons/Modules/T_Icon_Solver_LimitAccel.uasset" 4592
"../../Plugins/FX/Niagara/Content/Icons/Modules/T_Icon_Solver_LimitSpeed.uasset" 4593
"../../Plugins/FX/Niagara/Content/Icons/Modules/T_Icon_Solver_RotationalSolve.uasset" 4594
"../../Plugins/FX/Niagara/Content/Functions/LinearColor/HueShiftLinearColor.uasset" 4595
"../../Plugins/FX/Niagara/Content/Functions/Localspace/SimulationPosition.uasset" 4596
"../../Plugins/FX/Niagara/Content/Functions/V2/CalculateRandomBool.uasset" 4597
"../../Plugins/FX/Niagara/Content/Functions/V2/CalculateRandomRange.uasset" 4598
"../../Plugins/FX/Niagara/Content/Functions/V2/CalculateRandomRangeInteger.uasset" 4599
"../../Plugins/FX/Niagara/Content/Functions/System/SystemChangeState.uasset" 4600
"../../Plugins/FX/Niagara/Content/Functions/Math/SaturateFloat.uasset" 4601
"../../Plugins/FX/Niagara/Content/Icons/Modules/T_Icon_Particle_InfiniteLife.uasset" 4602
"../../Plugins/VirtualProduction/VirtualCamera/Content/Common/Materials/MF_IgnoreExposure.uasset" 4603
"../../Plugins/FX/Niagara/Content/Functions/RandomRangeFloat.uasset" 4604
"../../Plugins/FX/Niagara/Content/Functions/DeriveThirdOrthogonalVector.uasset" 4605
"../../Plugins/FX/Niagara/Content/Functions/Math/CalculateRandomPointInConeSphereIntersection.uasset" 4606
"../../Plugins/FX/Niagara/Content/Functions/ParametricTorus.uasset" 4607
"../../Plugins/FX/Niagara/Content/Functions/ParametricTorusKnot.uasset" 4608
"../../Plugins/FX/Niagara/Content/Functions/PolarToCartesianCoordinates.uasset" 4609
"../../Plugins/FX/Niagara/Content/Functions/RandomPointInBox.uasset" 4610
"../../Plugins/FX/Niagara/Content/Functions/Rotation/AngleUnitConverter.uasset" 4611
"../../Plugins/FX/Niagara/Content/Functions/Rotation/RotateVector2D.uasset" 4612
"../../Plugins/FX/Niagara/Content/Functions/Rotation/TransformStack/TransformStack_Rotation.uasset" 4613
"../../Plugins/FX/Niagara/Content/Functions/SphericalToCartesianCoordinates.uasset" 4614
"../../Plugins/FX/Niagara/Content/Functions/V2/RemapRange.uasset" 4615
"../../Plugins/FX/Niagara/Content/Enums/ENiagaraExpansionMode.uasset" 4616
"../../Plugins/FX/Niagara/Content/Functions/Rotation/AxisAngleToQuaternion.uasset" 4617
"../../Plugins/FX/Niagara/Content/Functions/Rotation/FindQuatBetween.uasset" 4618
"../../Plugins/FX/Niagara/Content/Functions/Rotation/InvertQuaternion.uasset" 4619
"../../Plugins/FX/Niagara/Content/Functions/Rotation/MakeQuaternionFrom3BasisVectors.uasset" 4620
"../../Plugins/FX/Niagara/Content/Functions/Rotation/MultiplyQuaternion.uasset" 4621
"../../Plugins/FX/Niagara/Content/Functions/Rotation/XYZRotationToQuaternion.uasset" 4622
"../../Plugins/FX/Niagara/Content/Functions/V2/CalculateRandomUnitVector.uasset" 4623
"../../Plugins/FX/Niagara/Content/Functions/V2/DistanceBasedFalloff.uasset" 4624
"../../Plugins/VirtualProduction/VirtualCamera/Content/WidgetLibrary/VCamGestureWidget/Dependencies/M_GestureFeedback.uasset" 4625
"../../Plugins/VirtualProduction/VirtualCamera/Content/WidgetLibrary/VCamGestureWidget/Dependencies/M_GestureFocus.uasset" 4626
"../../Plugins/VirtualProduction/VirtualCamera/Content/WidgetLibrary/VCamTakesBrowser/widgets/VCamAssetEntryData.uasset" 4627
"../../Plugins/VirtualProduction/VirtualCamera/Content/WidgetLibrary/BaseWidgets/BasicLabel/Enums/EBasicLabelType.uasset" 4628
"../../../Engine/Content/Functions/Engine_MaterialFunctions01/Gradient/GeneratedRoundRect.uasset" 4629
"../../Plugins/FX/Niagara/Content/Functions/Localspace/TransformBase.uasset" 4630
"../../Plugins/FX/Niagara/Content/Functions/GetRandomInfo.uasset" 4631
"../../Plugins/FX/Niagara/Content/Functions/IsolateLongestVectorComponent.uasset" 4632
"../../Plugins/FX/Niagara/Content/Functions/Rotation/MatrixToQuaternion.uasset" 4633
"../../Plugins/FX/Niagara/Content/Functions/NormalizeDistanceRange.uasset" 4634
"../../../Engine/Content/EngineSounds/Submixes/MasterEQEffectPreset.uasset" 4635
"../../../Engine/Plugins/VirtualProduction/VirtualScouting/Content/UI/Icons/Redo.uasset" 4636
"../../../Engine/Content/EngineSounds/Submixes/MasterReverbSubmixDefault.uasset" 4637
"../../../Engine/Content/EngineSounds/Submixes/MasterSubmixDefault.uasset" 4638
"../../../Engine/Plugins/VirtualProduction/VirtualScouting/Content/UI/WBP_Settings.uasset" 4639
"/Engine/EngineSounds/Submixes/MasterEQEffectPreset" 4640
"../../../Engine/Plugins/VirtualProduction/VirtualScouting/Content/UI/Icons/IconSettings.uasset" 4641
"../../../Engine/Plugins/VirtualProduction/VirtualScouting/Content/UI/Icons/ContentBrowser.uasset" 4642
"../../../Engine/Plugins/VirtualProduction/VirtualScouting/Content/UI/Font/BodyText_Italic.uasset" 4643
"../../../Engine/Plugins/VirtualProduction/VirtualScouting/Content/Tools/Placement/UI/WBP_ContentBrowserEntryRow.uasset" 4644
"../../../Engine/Content/EngineSounds/Submixes/MasterEQSubmixDefault.uasset" 4645
"/VirtualScouting/UI/Icons/Redo" 4646
"../../../Engine/Plugins/VirtualProduction/VirtualScouting/Content/UI/Icons/Eject.uasset" 4647
"../../../Engine/Plugins/VirtualProduction/VirtualScouting/Content/UI/Icons/StaticMesh.uasset" 4648
"../../../Engine/Plugins/VirtualProduction/VirtualScouting/Content/UI/Icons/Blueprint.uasset" 4649
"../../../Engine/Plugins/VirtualProduction/VirtualScouting/Content/UI/Icons/SkeletalMesh.uasset" 4650
"../../../Engine/Plugins/VirtualProduction/VirtualScouting/Content/Tools/Placement/PlacementToolViewmodel_Resolver.uasset" 4651
"../../../Engine/Plugins/VirtualProduction/VirtualScouting/Content/Tools/Placement/UI/WBP_PlacementPalette.uasset" 4652
"../../../Engine/Content/EngineSounds/Submixes/MasterReverbEffectPreset.uasset" 4653
"../../../Engine/Plugins/VirtualProduction/VirtualScouting/Content/Tools/Placement/Input/IMC_PlaceActorToolLeft.uasset" 4654
"../../../Engine/Plugins/VirtualProduction/VirtualScouting/Content/UI/Icons/Preferences.uasset" 4655
"../../../Engine/Plugins/VirtualProduction/VirtualScouting/Content/Tools/Placement/Input/IMC_PlaceActorToolControlLeft.uasset" 4656
"../../../Engine/Plugins/VirtualProduction/VirtualScouting/Content/Tools/Placement/Input/IMC_PlaceActorTool.uasset" 4657
"../../../Engine/Plugins/VirtualProduction/VirtualScouting/Content/Tools/Placement/Input/IMC_PlaceActorToolControl.uasset" 4658
"../../../Engine/Plugins/VirtualProduction/VirtualScouting/Content/Tools/Placement/Input/IA_PlaceActorToggleMode.uasset" 4659
"../../../Engine/Plugins/VirtualProduction/VirtualScouting/Content/Tools/Placement/Input/IA_PlaceActorSpawn.uasset" 4660
"../../../Engine/Plugins/VirtualProduction/VirtualScouting/Content/Tools/Placement/Input/IA_PlaceActorRotate.uasset" 4661
"../../../Engine/Plugins/VirtualProduction/VirtualScouting/Content/Tools/Placement/EPlaceActorControlMode.uasset" 4662
"../../../Engine/Plugins/VirtualProduction/VirtualScouting/Content/Tools/Placement/Input/IA_PlaceActorPullPush.uasset" 4663
"../../../Engine/Plugins/VirtualProduction/VirtualScouting/Content/Tools/Placement/PlacementToolViewmodel.uasset" 4664
"../../../Engine/Plugins/VirtualProduction/VirtualScouting/Content/Tools/Placement/EPlaceActorState.uasset" 4665
"../../../Engine/Plugins/VirtualProduction/VirtualScouting/Content/Tools/Placement/EUA_PlacementToolActor.uasset" 4666
"../../../Engine/Plugins/VirtualProduction/VirtualScouting/Content/Tools/Placement/BP_PlacementTool.uasset" 4667
"../../../Engine/Plugins/VirtualProduction/VirtualScouting/Content/Tools/Lighting/Gaffer/Input/IMC_XRGafferLeft.uasset" 4668
"../../../Engine/Plugins/VirtualProduction/VirtualScouting/Content/Tools/Lighting/Gaffer/Input/IMC_XRGaffer.uasset" 4669
"/Engine/EngineSounds/Submixes/MasterReverbEffectPreset" 4670
"../../../Engine/Plugins/VirtualProduction/VirtualScouting/Content/Tools/Lighting/Gaffer/XRGafferTool_Viewmodel_Resolver.uasset" 4671
"/Engine/EngineSounds/Submixes/MasterEQSubmixDefault" 4672
"/VirtualScouting/UI/Icons/IconSettings" 4673
"/VirtualScouting/UI/Icons/Eject" 4674
"/VirtualScouting/UI/WBP_Settings" 4675
"../../Plugins/VirtualProduction/VirtualScouting/Content/Core/BPI_XRCreativeAvatar.uasset" 4676
"../../Plugins/VirtualProduction/VirtualScouting/Content/Core/MVVM/VScout_ViewModel.uasset" 4677
"../../Plugins/VirtualProduction/VirtualScouting/Content/Core/MVVM/VScout_ViewModelResolver.uasset" 4678
"../../Plugins/VirtualProduction/VirtualScouting/Content/UI/SubWidgets/WBP_Checkbox.uasset" 4679
"../../Plugins/VirtualProduction/VirtualScouting/Content/UI/SubWidgets/WBP_VScoutButton.uasset" 4680
"../../Plugins/VirtualProduction/VirtualScouting/Content/UI/Font/BodyText.uasset" 4681
"../../Plugins/VirtualProduction/VirtualScouting/Content/UI/Font/BodyText_Bold.uasset" 4682
"../../Plugins/VirtualProduction/VirtualScouting/Content/Core/Haptics/HFC_Bump.uasset" 4683
"../../Plugins/VirtualProduction/VirtualScouting/Content/UI/Icons/CheckBox.uasset" 4684
"../../Plugins/VirtualProduction/VirtualScouting/Content/UI/Icons/CheckBoxHovered.uasset" 4685
"../../Plugins/VirtualProduction/VirtualScouting/Content/UI/Icons/CheckBoxPressed.uasset" 4686
"../../Plugins/VirtualProduction/VirtualScouting/Content/UI/Icons/EmptyCheckBox.uasset" 4687
"../../Plugins/VirtualProduction/VirtualScouting/Content/UI/Icons/EmptyCheckBoxHovered.uasset" 4688
"../../Plugins/VirtualProduction/VirtualScouting/Content/UI/Icons/EmptyCheckBoxPressed.uasset" 4689
"../../Plugins/VirtualProduction/VirtualScouting/Content/UI/SubWidgets/BP_VScoutAssetData.uasset" 4690
"../../Plugins/VirtualProduction/VirtualScouting/Content/UI/SubWidgets/BP_VScoutButtonStyle.uasset" 4691
"../../Plugins/VirtualProduction/VirtualScouting/Content/UI/Font/Inter_Font.uasset" 4692
"../../Plugins/VirtualProduction/VirtualScouting/Content/Audio/SA_Hover.uasset" 4693
"../../Plugins/VirtualProduction/VirtualScouting/Content/Audio/SC_bleep.uasset" 4694
"../../Plugins/VirtualProduction/VirtualScouting/Content/Audio/SC_buttonPush.uasset" 4695
"../../Plugins/VirtualProduction/VirtualScouting/Content/UI/Font/Runtime/Inter-Black.uasset" 4696
"../../Plugins/VirtualProduction/VirtualScouting/Content/UI/Font/Runtime/Inter-Bold.uasset" 4697
"../../Plugins/VirtualProduction/VirtualScouting/Content/UI/Font/Runtime/Inter-BoldItalic.uasset" 4698
"../../Plugins/VirtualProduction/VirtualScouting/Content/UI/Font/Runtime/Inter-ExtraBold.uasset" 4699
"../../Plugins/VirtualProduction/VirtualScouting/Content/UI/Font/Runtime/Inter-ExtraBoldItalic.uasset" 4700
"../../Plugins/VirtualProduction/VirtualScouting/Content/UI/Font/Runtime/Inter-ExtraLight.uasset" 4701
"../../Plugins/VirtualProduction/VirtualScouting/Content/UI/Font/Runtime/Inter-ExtraLightItalic.uasset" 4702
"../../Plugins/VirtualProduction/VirtualScouting/Content/UI/Font/Runtime/Inter-Italic.uasset" 4703
"../../Plugins/VirtualProduction/VirtualScouting/Content/UI/Font/Runtime/Inter-Light.uasset" 4704
"../../Plugins/VirtualProduction/VirtualScouting/Content/UI/Font/Runtime/Inter-LightItalic.uasset" 4705
"../../Plugins/VirtualProduction/VirtualScouting/Content/UI/Font/Runtime/Inter-Medium.uasset" 4706
"../../Plugins/VirtualProduction/VirtualScouting/Content/UI/Font/Runtime/Inter-MediumItalic.uasset" 4707
"../../Plugins/VirtualProduction/VirtualScouting/Content/UI/Font/Runtime/Inter-Regular.uasset" 4708
"../../Plugins/VirtualProduction/VirtualScouting/Content/UI/Font/Runtime/Inter-SemiBold.uasset" 4709
"../../Plugins/VirtualProduction/VirtualScouting/Content/UI/Font/Runtime/Inter-SemiBoldItalic.uasset" 4710
"../../Plugins/VirtualProduction/VirtualScouting/Content/UI/Font/Runtime/Inter-Thin.uasset" 4711
"../../Plugins/VirtualProduction/VirtualScouting/Content/UI/Font/Runtime/Inter-ThinItalic.uasset" 4712
"../../Plugins/VirtualProduction/VirtualScouting/Content/Audio/SA_bleep.uasset" 4713
"../../Plugins/VirtualProduction/VirtualScouting/Content/Audio/6_buttonPush_1_.uasset" 4714
"../../Plugins/VirtualProduction/VirtualScouting/Content/Audio/SA_buttonPush.uasset" 4715
"/VirtualScouting/UI/Icons/ContentBrowser" 4716
"/VirtualScouting/UI/Font/BodyText_Italic" 4717
"/VirtualScouting/UI/Icons/StaticMesh" 4718
"/VirtualScouting/UI/Icons/SkeletalMesh" 4719
"/VirtualScouting/UI/Icons/Preferences" 4720
"/VirtualScouting/UI/Icons/Blueprint" 4721
"/VirtualScouting/Tools/Placement/Input/IMC_PlaceActorToolLeft" 4722
"../../Plugins/VirtualProduction/VirtualScouting/Content/Input/IA_BlockAction.uasset" 4723
"../../Plugins/VirtualProduction/VirtualScouting/Content/Tools/Lighting/Gaffer/Input/IA_Gaffer_BlockFlying.uasset" 4724
"/VirtualScouting/Tools/Placement/Input/IMC_PlaceActorTool" 4725
"/VirtualScouting/Tools/Placement/EPlaceActorControlMode" 4726
"/VirtualScouting/Tools/Placement/EPlaceActorState" 4727
"/VirtualScouting/Tools/Placement/PlacementToolViewmodel" 4728
"/VirtualScouting/Tools/Lighting/Gaffer/Input/IMC_XRGafferLeft" 4729
"../../Plugins/VirtualProduction/VirtualScouting/Content/Input/IA_ClickMenu.uasset" 4730
"../../Plugins/VirtualProduction/VirtualScouting/Content/Tools/Lighting/Gaffer/Input/IA_GafferManipulate.uasset" 4731
"../../Plugins/VirtualProduction/VirtualScouting/Content/Tools/Lighting/Gaffer/Input/IA_GafferToggleMode.uasset" 4732
"../../../Engine/Plugins/VirtualProduction/VirtualScouting/Content/UI/Icons/Solo.uasset" 4733
"../../../Engine/Plugins/VirtualProduction/VirtualScouting/Content/UI/Icons/RectLight.uasset" 4734
"../../../Engine/Plugins/VirtualProduction/VirtualScouting/Content/Tools/Lighting/Gaffer/WBP_LightListEntry.uasset" 4735
"../../../Engine/Plugins/VirtualProduction/VirtualScouting/Content/UI/Icons/LightList.uasset" 4736
"../../../Engine/Plugins/VirtualProduction/VirtualScouting/Content/Tools/Lighting/Gaffer/SM_RectLightBarnDoor.uasset" 4737
"../../../Engine/Plugins/VirtualProduction/VirtualScouting/Content/Tools/Lighting/Gaffer/Input/IMC_GafferLightControl_Left.uasset" 4738
"../../../Engine/Plugins/VirtualProduction/VirtualScouting/Content/Tools/Lighting/Gaffer/SM_RectLightBarnDoor_vert.uasset" 4739
"/VirtualScouting/Tools/Lighting/Gaffer/Input/IMC_XRGaffer" 4740
"../../../Engine/Plugins/VirtualProduction/VirtualScouting/Content/Tools/Lighting/Gaffer/WBP_XRGafferPalette.uasset" 4741
"../../../Engine/Plugins/VirtualProduction/VirtualScouting/Content/Tools/Lighting/Gaffer/MI_BasicLightFixture.uasset" 4742
"../../../Engine/Plugins/VirtualProduction/VirtualScouting/Content/Tools/Lighting/Gaffer/SM_BasicLightFixture.uasset" 4743
"../../../Engine/Plugins/VirtualProduction/VirtualScouting/Content/Tools/Lighting/Gaffer/SM_RectLightFrame.uasset" 4744
"../../../Engine/Plugins/VirtualProduction/VirtualScouting/Content/UI/Icons/SpotLight.uasset" 4745
"../../../Engine/Plugins/VirtualProduction/VirtualScouting/Content/Tools/Lighting/Gaffer/EGafferLightTypes.uasset" 4746
"../../../Engine/Plugins/VirtualProduction/VirtualScouting/Content/Tools/Lighting/Env/Input/IMC_EnvLighting_Left.uasset" 4747
"../../../Engine/Plugins/VirtualProduction/VirtualScouting/Content/Tools/Lighting/Gaffer/Input/IA_GafferPullPushLight.uasset" 4748
"../../../Engine/Plugins/VirtualProduction/VirtualScouting/Content/Tools/Lighting/Gaffer/Input/IMC_GafferLightControl.uasset" 4749
"../../../Engine/Plugins/VirtualProduction/VirtualScouting/Content/Tools/Lighting/Gaffer/EGafferLightControlMode.uasset" 4750
"/VirtualScouting/Tools/Placement/UI/WBP_ContentBrowserEntryRow" 4751
"../../../Engine/Plugins/VirtualProduction/VirtualScouting/Content/Tools/Lighting/Gaffer/BP_XRGaffer.uasset" 4752
"../../../Engine/Plugins/VirtualProduction/VirtualScouting/Content/Tools/Lighting/Gaffer/Curve_PushPullResponse.uasset" 4753
"../../../Engine/Plugins/VirtualProduction/VirtualScouting/Content/Tools/Lighting/NS_GafferVisualizer.uasset" 4754
"../../../Engine/Plugins/VirtualProduction/VirtualScouting/Content/Tools/Lighting/Gaffer/XRGafferTool_ViewModel.uasset" 4755
"../../../Engine/Plugins/VirtualProduction/VirtualScouting/Content/Tools/Lighting/Gaffer/EUA_XRGaffer.uasset" 4756
"../../Plugins/VirtualProduction/VirtualScouting/Content/UI/Font/SubHeaderText.uasset" 4757
"../../Plugins/VirtualProduction/VirtualScouting/Content/UI/Materials/MI_RoundedButton.uasset" 4758
"../../Plugins/VirtualProduction/VirtualScouting/Content/UI/Materials/M_RoundedButton.uasset" 4759
"../../../Engine/Content/Functions/Engine_MaterialFunctions01/ImageAdjustment/Contrast_Preserve_Color.uasset" 4760
"../../../Engine/Content/Functions/Engine_MaterialFunctions02/Utility/BreakOutFloat4Components.uasset" 4761
"../../../Engine/Content/Functions/UserInterface/GetUserInterfaceUV.uasset" 4762
"../../Plugins/VirtualProduction/VirtualScouting/Content/UI/Materials/MaterialFunctions/SDFs/MF_UI_SDF_Box.uasset" 4763
"../../Plugins/VirtualProduction/VirtualScouting/Content/UI/Materials/MaterialFunctions/Utilities/MF_UI_AspectRatio.uasset" 4764
"../../Plugins/VirtualProduction/VirtualScouting/Content/UI/Materials/MaterialFunctions/Utilities/MF_UI_WeightedCorners.uasset" 4765
"/VirtualScouting/Tools/Placement/PlacementToolViewmodel_Resolver" 4766
"/VirtualScouting/Tools/Placement/UI/WBP_PlacementPalette" 4767
"../../Plugins/VirtualProduction/VirtualScouting/Content/Audio/SC_Click_03.uasset" 4768
"../../Plugins/VirtualProduction/VirtualScouting/Content/UI/Icons/IconArrowDown.uasset" 4769
"../../Plugins/VirtualProduction/VirtualScouting/Content/UI/SubWidgets/WBP_VScoutButton_Horizontal.uasset" 4770
"../../Plugins/VirtualProduction/VirtualScouting/Content/Audio/SA_Cllick_02.uasset" 4771
"../../Plugins/VirtualProduction/VirtualScouting/Content/Audio/SA_Close.uasset" 4772
"../../Plugins/VirtualProduction/VirtualScouting/Content/Audio/SA_Hover_02.uasset" 4773
"../../../Engine/Content/EngineResources/AICON-Red.uasset" 4774
"../../Plugins/VirtualProduction/VirtualScouting/Content/UI/Icons/IconPlus.uasset" 4775
"/VirtualScouting/Tools/Placement/Input/IMC_PlaceActorToolControlLeft" 4776
"/VirtualScouting/Tools/Placement/Input/IMC_PlaceActorToolControl" 4777
"/VirtualScouting/UI/Icons/Solo" 4778
"../../../Engine/Plugins/VirtualProduction/VirtualScouting/Content/UI/Materials/M_ColorTempSlider.uasset" 4779
"../../../Engine/Plugins/VirtualProduction/VirtualScouting/Content/Tools/Lighting/Env/XREnvLightingTool_Viewmodel_Resolver.uasset" 4780
"../../../Engine/Plugins/VirtualProduction/VirtualScouting/Content/Tools/Lighting/Env/WBP_XREnvLightingPaletteTab.uasset" 4781
"../../../Engine/Plugins/VirtualProduction/VirtualScouting/Content/UI/Icons/Moon.uasset" 4782
"../../../Engine/Plugins/VirtualProduction/VirtualScouting/Content/Tools/Lighting/Env/Input/IMC_EnvLighting.uasset" 4783
"../../../Engine/Plugins/VirtualProduction/VirtualScouting/Content/Tools/Lighting/Env/Input/IA_EnvLightManipulate.uasset" 4784
"/VirtualScouting/Tools/Lighting/NS_GafferVisualizer" 4785
"../../../Engine/Plugins/VirtualProduction/VirtualScouting/Content/Tools/Lighting/Env/BP_EnvLightingTool.uasset" 4786
"../../../Engine/Plugins/VirtualProduction/VirtualScouting/Content/Tools/Lighting/Env/XREnvLightingTool_ViewModel.uasset" 4787
"../../Plugins/VirtualProduction/VirtualScouting/Content/Art/Common/DefaultRibbonMaterial_NoGradient.uasset" 4788
"../../Plugins/FX/Niagara/Content/DynamicInputs/Transforms/ConvertPositionToVector.uasset" 4789
"../../Plugins/FX/Niagara/Content/DynamicInputs/Transforms/Position/TransformPosition.uasset" 4790
"../../Plugins/FX/Niagara/Content/Enums/Transforms/ENiagara_LWCConvertPosToVec.uasset" 4791
"../../Plugins/VirtualProduction/VirtualScouting/Content/Art/Common/MF_IgnoreExposure.uasset" 4792
"../../Plugins/FX/Niagara/Content/Functions/Localspace/PositionToVector.uasset" 4793
"../../Plugins/FX/Niagara/Content/Functions/ChannelMasks/SelectV4Channel.uasset" 4794
"../../Plugins/FX/Niagara/Content/Enums/ENiagaraVector4_Channels.uasset" 4795
"/VirtualScouting/Tools/Lighting/Gaffer/XRGafferTool_Viewmodel_Resolver" 4796
"/VirtualScouting/Tools/Lighting/Gaffer/Curve_PushPullResponse" 4797
"/VirtualScouting/Tools/Lighting/Gaffer/SM_BasicLightFixture" 4798
"../../Plugins/VirtualProduction/VirtualScouting/Content/Art/Common/M_Basic.uasset" 4799
"/VirtualScouting/Tools/Lighting/Gaffer/SM_RectLightBarnDoor" 4800
"/VirtualScouting/Tools/Lighting/Gaffer/SM_RectLightBarnDoor_vert" 4801
"/VirtualScouting/Tools/Lighting/Gaffer/SM_RectLightFrame" 4802
"/VirtualScouting/Tools/Lighting/Gaffer/Input/IA_GafferPullPushLight" 4803
"/VirtualScouting/Tools/Lighting/Gaffer/Input/IMC_GafferLightControl" 4804
"/VirtualScouting/Tools/Lighting/Gaffer/Input/IMC_GafferLightControl_Left" 4805
"/VirtualScouting/Tools/Lighting/Gaffer/WBP_XRGafferPalette" 4806
"../../Plugins/VirtualProduction/VirtualScouting/Content/UI/SubWidgets/WBP_PropertySlider.uasset" 4807
"../../Plugins/VirtualProduction/VirtualScouting/Content/UI/SubWidgets/WBP_SliderColorChooser.uasset" 4808
"../../Plugins/VirtualProduction/VirtualScouting/Content/UI/Icons/Undo.uasset" 4809
"../../Plugins/VirtualProduction/VirtualScouting/Content/Input/IA_SummonMenu.uasset" 4810
"../../Plugins/VirtualProduction/VirtualScouting/Content/UI/Icons/EyeHidden.uasset" 4811
"../../Plugins/VirtualProduction/VirtualScouting/Content/UI/Icons/EyeVisible.uasset" 4812
"../../Plugins/VirtualProduction/VirtualScouting/Content/UI/Icons/IconTrash.uasset" 4813
"../../Plugins/VirtualProduction/VirtualScouting/Content/UI/Icons/SliderHandleHovered.uasset" 4814
"../../Plugins/VirtualProduction/VirtualScouting/Content/UI/Icons/SliderHandleNormal.uasset" 4815
"../../Plugins/VirtualProduction/VirtualScouting/Content/UI/Materials/Curve_Color.uasset" 4816
"../../Plugins/VirtualProduction/VirtualScouting/Content/UI/Materials/Curve_Saturation.uasset" 4817
"../../Plugins/VirtualProduction/VirtualScouting/Content/UI/Materials/Curve_Value.uasset" 4818
"../../Plugins/VirtualProduction/VirtualScouting/Content/UI/Materials/M_ColorSelection.uasset" 4819
"../../Plugins/VirtualProduction/VirtualScouting/Content/UI/Materials/M_HueSlider.uasset" 4820
"../../Plugins/VirtualProduction/VirtualScouting/Content/UI/Materials/M_SaturationSlider.uasset" 4821
"../../Plugins/VirtualProduction/VirtualScouting/Content/UI/Materials/M_ValueSlider.uasset" 4822
"../../Plugins/VirtualProduction/VirtualScouting/Content/UI/Materials/Curve_ColorTemperature.uasset" 4823
"../../Plugins/VirtualProduction/VirtualScouting/Content/UI/Materials/CA_Color.uasset" 4824
"/VirtualScouting/Tools/Placement/EUA_PlacementToolActor" 4825
"../../Plugins/VirtualProduction/VirtualScouting/Content/Core/BP_VScoutAvatar.uasset" 4826
"../../Plugins/VirtualProduction/VirtualScouting/Content/Tools/Grab/BP_GrabTool.uasset" 4827
"../../Plugins/VirtualProduction/VirtualScouting/Content/Art/PPOutline/PPI_ColorOutline.uasset" 4828
"../../Plugins/VirtualProduction/VirtualScouting/Content/Art/IndexKnuckle/ABP_ValveIndex.uasset" 4829
"../../Plugins/VirtualProduction/VirtualScouting/Content/Art/OculusTouch/ABP_OculusTouch.uasset" 4830
"../../Plugins/VirtualProduction/VirtualScouting/Content/Art/OculusTouch/BPI_ControllerAnimation.uasset" 4831
"../../Plugins/VirtualProduction/VirtualScouting/Content/Core/EUO_VirtualScouting.uasset" 4832
"../../Plugins/VirtualProduction/VirtualScouting/Content/Core/Gizmo/BPI_Gizmo.uasset" 4833
"../../Plugins/VirtualProduction/VirtualScouting/Content/Core/Gizmo/VScout_CombinedTransformGizmoActor.uasset" 4834
"../../Plugins/VirtualProduction/VirtualScouting/Content/Core/Movement/BP_XRC_MovementComponent.uasset" 4835
"../../Plugins/VirtualProduction/VirtualScouting/Content/Core/Movement/BPI_XRC_Movement.uasset" 4836
"../../Plugins/VirtualProduction/VirtualScouting/Content/Core/Movement/Scale/BP_ScaleTextWidget.uasset" 4837
"../../Plugins/VirtualProduction/VirtualScouting/Content/Tools/LineHelper/BP_LineHelper.uasset" 4838
"../../Plugins/VirtualProduction/VirtualScouting/Content/Tools/ToolTip/BP_ToolTipActor.uasset" 4839
"../../Plugins/VirtualProduction/VirtualScouting/Content/Input/Anim/IA_FaceButtonBottomPress_Left.uasset" 4840
"../../Plugins/VirtualProduction/VirtualScouting/Content/Input/Anim/IA_FaceButtonBottomPress_Right.uasset" 4841
"../../Plugins/VirtualProduction/VirtualScouting/Content/Input/Anim/IA_FaceButtonBottomTouch_Left.uasset" 4842
"../../Plugins/VirtualProduction/VirtualScouting/Content/Input/Anim/IA_FaceButtonBottomTouch_Right.uasset" 4843
"../../Plugins/VirtualProduction/VirtualScouting/Content/Input/Anim/IA_FaceButtonTopPress_Right.uasset" 4844
"../../Plugins/VirtualProduction/VirtualScouting/Content/Input/Anim/IA_FaceButtonTopPressLeft.uasset" 4845
"../../Plugins/VirtualProduction/VirtualScouting/Content/Input/Anim/IA_FaceButtonTopTouch_Left.uasset" 4846
"../../Plugins/VirtualProduction/VirtualScouting/Content/Input/Anim/IA_FaceButtonTopTouch_Right.uasset" 4847
"../../Plugins/VirtualProduction/VirtualScouting/Content/Input/Anim/IA_Grip_Left.uasset" 4848
"../../Plugins/VirtualProduction/VirtualScouting/Content/Input/Anim/IA_Grip_Right.uasset" 4849
"../../Plugins/VirtualProduction/VirtualScouting/Content/Input/Anim/IA_MenuPress_Left.uasset" 4850
"../../Plugins/VirtualProduction/VirtualScouting/Content/Input/Anim/IA_ThumbstickMove_Left.uasset" 4851
"../../Plugins/VirtualProduction/VirtualScouting/Content/Input/Anim/IA_ThumbstickMove_Right.uasset" 4852
"../../Plugins/VirtualProduction/VirtualScouting/Content/Input/Anim/IA_ThumbstickPress_Left.uasset" 4853
"../../Plugins/VirtualProduction/VirtualScouting/Content/Input/Anim/IA_ThumbstickPress_Right.uasset" 4854
"../../Plugins/VirtualProduction/VirtualScouting/Content/Input/Anim/IA_ThumbstickTouch_Left.uasset" 4855
"../../Plugins/VirtualProduction/VirtualScouting/Content/Input/Anim/IA_ThumbstickTouch_Right.uasset" 4856
"../../Plugins/VirtualProduction/VirtualScouting/Content/Input/Anim/IA_Trigger_Left.uasset" 4857
"../../Plugins/VirtualProduction/VirtualScouting/Content/Input/Anim/IA_Trigger_Right.uasset" 4858
"../../Plugins/VirtualProduction/VirtualScouting/Content/Input/IA_BlinkTurnLeft.uasset" 4859
"../../Plugins/VirtualProduction/VirtualScouting/Content/Input/IA_BlinkTurnRight.uasset" 4860
"../../Plugins/VirtualProduction/VirtualScouting/Content/Input/IA_DeselectAll.uasset" 4861
"../../Plugins/VirtualProduction/VirtualScouting/Content/Input/IA_DragLeft.uasset" 4862
"../../Plugins/VirtualProduction/VirtualScouting/Content/Input/IA_DragRight.uasset" 4863
"../../Plugins/VirtualProduction/VirtualScouting/Content/Input/IA_Fly.uasset" 4864
"../../Plugins/VirtualProduction/VirtualScouting/Content/Input/IA_FlySingleAxis.uasset" 4865
"../../Plugins/VirtualProduction/VirtualScouting/Content/Input/IA_LaserActivate.uasset" 4866
"../../Plugins/VirtualProduction/VirtualScouting/Content/Input/IA_LaserTrace.uasset" 4867
"../../Plugins/VirtualProduction/VirtualScouting/Content/Input/IA_ResetScaleLeft.uasset" 4868
"../../Plugins/VirtualProduction/VirtualScouting/Content/Input/IA_ResetScaleRight.uasset" 4869
"../../Plugins/VirtualProduction/VirtualScouting/Content/Input/IA_RotateAndScale.uasset" 4870
"../../Plugins/VirtualProduction/VirtualScouting/Content/Input/IA_SummonTutorial.uasset" 4871
"../../Plugins/VirtualProduction/VirtualScouting/Content/Input/IA_TeleportLeft.uasset" 4872
"../../Plugins/VirtualProduction/VirtualScouting/Content/Input/IA_TeleportRight.uasset" 4873
"../../Plugins/VirtualProduction/VirtualScouting/Content/Input/IA_TurnLeftRight.uasset" 4874
"../../Plugins/VirtualProduction/VirtualScouting/Content/Input/IMC_VScoutAnim.uasset" 4875
"../../Plugins/VirtualProduction/VirtualScouting/Content/Input/IMC_VScoutDefault.uasset" 4876
"../../Plugins/VirtualProduction/VirtualScouting/Content/Art/Common/M_Widget3DPassThrough_NoDepth.uasset" 4877
"../../Plugins/VirtualProduction/VirtualScouting/Content/Art/Common/MI_Console.uasset" 4878
"../../Plugins/VirtualProduction/VirtualScouting/Content/Art/Common/MI_MenuMeshTile.uasset" 4879
"../../Plugins/VirtualProduction/VirtualScouting/Content/Art/Common/MI_Widget3D_DefaultLit.uasset" 4880
"../../Plugins/VirtualProduction/VirtualScouting/Content/Art/VFX/NS_AimLaser.uasset" 4881
"../../Plugins/VirtualProduction/VirtualScouting/Content/Art/VFX/NS_MenuLaser.uasset" 4882
"../../Plugins/VirtualProduction/VirtualScouting/Content/Core/Movement/Scale/NS_ScaleBar.uasset" 4883
"../../Plugins/VirtualProduction/VirtualScouting/Content/Art/IndexKnuckle/SKM_ValveIndex.uasset" 4884
"../../Plugins/VirtualProduction/VirtualScouting/Content/Art/OculusTouch/SKM_OculusTouch.uasset" 4885
"../../Plugins/VirtualProduction/VirtualScouting/Content/Art/OculusTouch/SM_Pointer.uasset" 4886
"../../Plugins/VirtualProduction/VirtualScouting/Content/Audio/SA_Click.uasset" 4887
"../../Plugins/VirtualProduction/VirtualScouting/Content/Core/Movement/Scale/WBP_ScaleText.uasset" 4888
"../../Plugins/VirtualProduction/VirtualScouting/Content/Tools/Grab/BP_GrabToolActor.uasset" 4889
"../../Plugins/VirtualProduction/VirtualScouting/Content/Tools/Grab/GrabToolViewModel.uasset" 4890
"../../Plugins/VirtualProduction/VirtualScouting/Content/Tools/Grab/IMC_GrabTool.uasset" 4891
"../../Plugins/VirtualProduction/VirtualScouting/Content/Tools/Grab/IMC_GrabToolLeft.uasset" 4892
"../../Plugins/VirtualProduction/VirtualScouting/Content/Tools/Grab/WBP_GrabOptions.uasset" 4893
"../../Plugins/VirtualProduction/VirtualScouting/Content/Art/PPOutline/PP_ColorOutline.uasset" 4894
"../../Plugins/VirtualProduction/VirtualScouting/Content/Art/IndexKnuckle/CTR_ValveIndex.uasset" 4895
"../../Plugins/VirtualProduction/VirtualScouting/Content/Art/IndexKnuckle/SK_ValveIndex.uasset" 4896
"../../Plugins/VirtualProduction/VirtualScouting/Content/Art/OculusTouch/CTR_OculusTouch.uasset" 4897
"../../Plugins/VirtualProduction/VirtualScouting/Content/Art/OculusTouch/SK_OculusTouch.uasset" 4898
"../../Plugins/VirtualProduction/VirtualScouting/Content/Core/Gizmo/M_VScoutGizmo.uasset" 4899
"../../Plugins/VirtualProduction/VirtualScouting/Content/Art/Common/MI_DashedLineRibbonMaterial_NoGradient.uasset" 4900
"../../Plugins/VirtualProduction/VirtualScouting/Content/Art/Common/MI_DashedLineRibbonMaterial_NoGradient_DepthTest.uasset" 4901
"../../Plugins/VirtualProduction/VirtualScouting/Content/Core/Gizmo/MI_VScoutGizmo_AxisX.uasset" 4902
"../../Plugins/VirtualProduction/VirtualScouting/Content/Core/Gizmo/MI_VScoutGizmo_AxisY.uasset" 4903
"../../Plugins/VirtualProduction/VirtualScouting/Content/Core/Gizmo/MI_VScoutGizmo_AxisZ.uasset" 4904
"../../Plugins/VirtualProduction/VirtualScouting/Content/Core/Gizmo/MI_VScoutGizmo_DepthTest.uasset" 4905
"../../Plugins/VirtualProduction/VirtualScouting/Content/Core/Gizmo/NS_GizmoAxisVisualization.uasset" 4906
"../../Plugins/VirtualProduction/VirtualScouting/Content/Core/Gizmo/Meshes/SM_MultiAxisQuarter.uasset" 4907
"../../Plugins/VirtualProduction/VirtualScouting/Content/Core/Gizmo/Meshes/SM_RotationQuarterRound.uasset" 4908
"../../Plugins/VirtualProduction/VirtualScouting/Content/Core/Gizmo/Meshes/SM_TranslateArrow.uasset" 4909
"../../Plugins/VirtualProduction/VirtualScouting/Content/Core/Gizmo/Meshes/UniformScaleHandle.uasset" 4910
"../../Plugins/VirtualProduction/VirtualScouting/Content/Core/Movement/Teleporter/BP_XRC_Teleporter.uasset" 4911
"../../Plugins/VirtualProduction/VirtualScouting/Content/Core/Movement/Scale/Curve_DragScaleModifier.uasset" 4912
"../../Plugins/VirtualProduction/VirtualScouting/Content/Core/Movement/Teleporter/Curve_TeleoportLandingRotation.uasset" 4913
"../../Plugins/VirtualProduction/VirtualScouting/Content/Tools/LineHelper/NS_LineVisualizer.uasset" 4914
"../../Plugins/VirtualProduction/VirtualScouting/Content/Tools/ToolTip/BP_Tooltip.uasset" 4915
"../../Plugins/VirtualProduction/VirtualScouting/Content/Tools/ToolTip/OculusDisc.uasset" 4916
"../../Plugins/VirtualProduction/VirtualScouting/Content/Tools/ToolTip/OculusMap.uasset" 4917
"../../Plugins/VirtualProduction/VirtualScouting/Content/Tools/ToolTip/ValveDisc.uasset" 4918
"../../Plugins/VirtualProduction/VirtualScouting/Content/Tools/ToolTip/ValveMap.uasset" 4919
"../../Plugins/VirtualProduction/VirtualScouting/Content/Input/BP_AxisTrigger.uasset" 4920
"../../Plugins/VirtualProduction/VirtualScouting/Content/Input/BP_DoubleTapTrigger.uasset" 4921
"../../Plugins/VirtualProduction/VirtualScouting/Content/Input/IA_GizmoLocal.uasset" 4922
"../../../Engine/Content/Functions/Engine_MaterialFunctions01/ImageAdjustment/sRGBToLinear.uasset" 4923
"../../Plugins/VirtualProduction/VirtualScouting/Content/Art/Common/M_Solid.uasset" 4924
"../../Plugins/VirtualProduction/VirtualScouting/Content/Art/Common/M_Widget3D_DefaultLit.uasset" 4925
"../../Plugins/VirtualProduction/VirtualScouting/Content/Art/VFX/DefaultRibbonMaterial_NoGradient.uasset" 4926
"../../Plugins/VirtualProduction/VirtualScouting/Content/Art/VFX/MI_LaserHit.uasset" 4927
"../../Plugins/VirtualProduction/VirtualScouting/Content/Art/VFX/SM_LaserPointerHit.uasset" 4928
"../../Plugins/VirtualProduction/VirtualScouting/Content/Art/VFX/DefaultRibbonMaterial_NoGradient_NoDepth.uasset" 4929
"../../Plugins/FX/Niagara/Content/DynamicInputs/ValueFromCurve/ColorFromCurve.uasset" 4930
"../../Plugins/VirtualProduction/VirtualScouting/Content/Art/IndexKnuckle/MI_ValveIndex.uasset" 4931
"../../Plugins/VirtualProduction/VirtualScouting/Content/Art/IndexKnuckle/PA_ValveIndex.uasset" 4932
"../../Plugins/VirtualProduction/VirtualScouting/Content/Art/OculusTouch/MI_VRController.uasset" 4933
"../../Plugins/VirtualProduction/VirtualScouting/Content/Art/OculusTouch/PA_OculusTouch.uasset" 4934
"../../Plugins/VirtualProduction/VirtualScouting/Content/Art/Common/MI_Screen.uasset" 4935
"../../Plugins/VirtualProduction/VirtualScouting/Content/Tools/Grab/IA_GrabSwapCoordinate.uasset" 4936
"../../Plugins/VirtualProduction/VirtualScouting/Content/Tools/Grab/IA_GrabSwapGizmoMode.uasset" 4937
"../../Plugins/VirtualProduction/VirtualScouting/Content/Tools/Grab/EGizmoModes.uasset" 4938
"../../Plugins/VirtualProduction/VirtualScouting/Content/Tools/Grab/GrabToolViewmodel_Resolver.uasset" 4939
"../../Plugins/VirtualProduction/VirtualScouting/Content/UI/Icons/IconAxis.uasset" 4940
"../../Plugins/VirtualProduction/VirtualScouting/Content/UI/Icons/IconMovement.uasset" 4941
"../../Plugins/VirtualProduction/VirtualScouting/Content/UI/Icons/IconRotate.uasset" 4942
"../../Plugins/VirtualProduction/VirtualScouting/Content/UI/Icons/IconScale.uasset" 4943
"../../Plugins/VirtualProduction/VirtualScouting/Content/UI/Icons/IconTransform.uasset" 4944
"../../Plugins/VirtualProduction/VirtualScouting/Content/UI/Icons/IconWorld.uasset" 4945
"../../Plugins/VirtualProduction/VirtualScouting/Content/Art/Common/M_DashedLineRibbonMaterial_NoGradient.uasset" 4946
"../../Plugins/VirtualProduction/VirtualScouting/Content/Art/Common/M_DashedLineRibbonMaterial_NoGradient_DepthTest.uasset" 4947
"../../Plugins/VirtualProduction/VirtualScouting/Content/Core/Gizmo/M_VScoutGizmo_DepthTest.uasset" 4948
"../../Plugins/FX/Niagara/Content/DynamicInputs/Multiply/Multiply_Float.uasset" 4949
"../../Plugins/FX/Niagara/Content/DynamicInputs/Vectors/Position/AddVectorToPosition.uasset" 4950
"../../Plugins/VirtualProduction/VirtualScouting/Content/Core/Gizmo/Meshes/CustomCollision/SM_RotationQuarterRound_CustomCollision.uasset" 4951
"../../Plugins/VirtualProduction/VirtualScouting/Content/Core/Movement/Teleporter/SM_Controller.uasset" 4952
"../../Plugins/VirtualProduction/VirtualScouting/Content/Core/Movement/Teleporter/SM_GenericHMD.uasset" 4953
"../../Plugins/VirtualProduction/VirtualScouting/Content/Core/Movement/Teleporter/SM_TeleportDirectionMesh.uasset" 4954
"../../Plugins/VirtualProduction/VirtualScouting/Content/Art/Common/Ribbon_NoGradientNoDepth_DepthTest.uasset" 4955
"../../Plugins/VirtualProduction/VirtualScouting/Content/Art/VFX/DefaultRibbonMateral_NoDepth.uasset" 4956
"../../Plugins/VirtualProduction/VirtualScouting/Content/UI/SubWidgets/WBP_ToolTipBase.uasset" 4957
"../../Plugins/VirtualProduction/VirtualScouting/Content/Art/VFX/M_LaserHit.uasset" 4958
"../../Plugins/VirtualProduction/VirtualScouting/Content/Art/OculusTouch/M_VRController.uasset" 4959
"../../Plugins/VirtualProduction/VirtualScouting/Content/Art/IndexKnuckle/T_IndexKnuckle_DO.uasset" 4960
"../../Plugins/VirtualProduction/VirtualScouting/Content/Art/IndexKnuckle/T_IndexKnuckle_E.uasset" 4961
"../../Plugins/VirtualProduction/VirtualScouting/Content/Art/IndexKnuckle/T_IndexKnuckle_ID.uasset" 4962
"../../Plugins/VirtualProduction/VirtualScouting/Content/Art/IndexKnuckle/T_IndexKnuckle_MSR.uasset" 4963
"../../Plugins/VirtualProduction/VirtualScouting/Content/Art/IndexKnuckle/T_IndexKnuckle_N.uasset" 4964
"../../Plugins/VirtualProduction/VirtualScouting/Content/Art/OculusTouch/T_Oculus_noLoop_DO.uasset" 4965
"../../Plugins/VirtualProduction/VirtualScouting/Content/Art/OculusTouch/T_Oculus_noLoop_E.uasset" 4966
"../../Plugins/VirtualProduction/VirtualScouting/Content/Art/OculusTouch/T_Oculus_noLoop_ID.uasset" 4967
"../../Plugins/VirtualProduction/VirtualScouting/Content/Art/OculusTouch/T_Oculus_noLoop_MSR.uasset" 4968
"../../Plugins/VirtualProduction/VirtualScouting/Content/Art/OculusTouch/T_Oculus_noLoop_N.uasset" 4969
"../../Plugins/VirtualProduction/VirtualScouting/Content/Core/Movement/Teleporter/MI_TeleportLocation.uasset" 4970
"../../Plugins/VirtualProduction/VirtualScouting/Content/Art/Common/Ribbon_NoGradientNoDepth.uasset" 4971
"../../Plugins/VirtualProduction/VirtualScouting/Content/Core/Movement/Teleporter/M_TeleportLocation.uasset" 4972
"/VirtualScouting/Tools/Placement/BP_PlacementTool" 4973
"/VirtualScouting/Tools/Lighting/Gaffer/BP_XRGaffer" 4974
"../../../Engine/Plugins/VirtualProduction/VirtualScouting/Content/UI/Icons/IconFilm.uasset" 4975
"../../../Engine/Plugins/VirtualProduction/VirtualScouting/Content/UI/Icons/IconViewfinder.uasset" 4976
"../../../Engine/Plugins/VirtualProduction/VirtualScouting/Content/UI/Icons/IconArrowRight.uasset" 4977
"../../../Engine/Plugins/VirtualProduction/VirtualScouting/Content/UI/Icons/IconArrowLeft.uasset" 4978
"/VirtualScouting/Tools/Lighting/Env/BP_EnvLightingTool" 4979
"../../../Engine/Plugins/VirtualProduction/VirtualScouting/Content/Tools/Viewfinder/Input/IMC_Viewfinder.uasset" 4980
"../../../Engine/Plugins/VirtualProduction/VirtualScouting/Content/UI/Icons/IconMeasure.uasset" 4981
"../../../Engine/Plugins/VirtualProduction/VirtualScouting/Content/UI/SubWidgets/BP_VScoutButtonStyle_NonInteractable.uasset" 4982
"../../../Engine/Plugins/VirtualProduction/VirtualScouting/Content/UI/Icons/IconFlight.uasset" 4983
"../../../Engine/Plugins/VirtualProduction/VirtualScouting/Content/UI/Icons/IconCineCamera.uasset" 4984
"../../../Engine/Plugins/VirtualProduction/VirtualScouting/Content/UI/Icons/IconBookmarks.uasset" 4985
"../../../Engine/Plugins/VirtualProduction/VirtualScouting/Content/Tools/Viewfinder/Input/Menu/IA_ViewfinderMenu_BlockFlying.uasset" 4986
"../../../Engine/Plugins/VirtualProduction/VirtualScouting/Content/Tools/Viewfinder/WBP_ViewfinderCameraList.uasset" 4987
"../../../Engine/Plugins/VirtualProduction/VirtualScouting/Content/UI/Icons/Sun.uasset" 4988
"../../../Engine/Plugins/VirtualProduction/VirtualScouting/Content/Tools/Viewfinder/Input/Menu/IMC_Viewfinder_MenuControls.uasset" 4989
"../../../Engine/Plugins/VirtualProduction/VirtualScouting/Content/Tools/Viewfinder/Input/Menu/IA_ViewfinderMenu_Right.uasset" 4990
"../../../Engine/Plugins/VirtualProduction/VirtualScouting/Content/Tools/Viewfinder/WBP_ViewfinderPalette.uasset" 4991
"../../../Engine/Plugins/VirtualProduction/VirtualScouting/Content/Tools/Lighting/Env/BP_XREnvLighting.uasset" 4992
"../../../Engine/Plugins/VirtualProduction/VirtualScouting/Content/Tools/Viewfinder/Input/Menu/IA_ViewfinderMenu_UpDown.uasset" 4993
"../../../Engine/Plugins/VirtualProduction/VirtualScouting/Content/Tools/Viewfinder/Input/Menu/IMC_Viewfinder_MenuControlsLeft.uasset" 4994
"../../../Engine/Plugins/VirtualProduction/VirtualScouting/Content/Tools/Viewfinder/Input/IMC_ViewfinderLeftHanded.uasset" 4995
"../../../Engine/Plugins/VirtualProduction/VirtualScouting/Content/Tools/Viewfinder/WBP_CameraListRowEntry.uasset" 4996
"../../../Engine/Plugins/VirtualProduction/VirtualScouting/Content/UI/Icons/LightBulb.uasset" 4997
"../../../Engine/Plugins/VirtualProduction/VirtualScouting/Content/Tools/Viewfinder/Input/Menu/IA_ViewfinderMenu_Up.uasset" 4998
"/VirtualScouting/UI/Icons/Moon" 4999
"/VirtualScouting/Tools/Lighting/Env/XREnvLightingTool_Viewmodel_Resolver" 5000
"/VirtualScouting/UI/Icons/IconFilm" 5001
"/VirtualScouting/Tools/Lighting/Env/Input/IMC_EnvLighting" 5002
"/VirtualScouting/Tools/Lighting/Env/Input/IMC_EnvLighting_Left" 5003
"../../../Engine/Plugins/VirtualProduction/VirtualScouting/Content/Tools/Viewfinder/Input/Menu/IA_ViewfinderMenu_Down.uasset" 5004
"../../../Engine/Plugins/VirtualProduction/VirtualScouting/Content/Tools/Viewfinder/Materials/MI_ViewfinderBody.uasset" 5005
"../../../Engine/Plugins/VirtualProduction/VirtualScouting/Content/Tools/Viewfinder/Input/IA_SummonViewfinderMenu.uasset" 5006
"/VirtualScouting/Tools/Viewfinder/Input/Menu/IA_ViewfinderMenu_Up" 5007
"../../../Engine/Plugins/VirtualProduction/VirtualScouting/Content/Tools/Viewfinder/Input/IA_CarryCamera.uasset" 5008
"../../../Engine/Plugins/VirtualProduction/VirtualScouting/Content/Tools/Viewfinder/Input/IA_CreateCamera.uasset" 5009
"../../../Engine/Plugins/VirtualProduction/VirtualScouting/Content/Tools/Viewfinder/Input/Menu/IA_ViewfinderMenu_Left.uasset" 5010
"../../../Engine/Plugins/VirtualProduction/VirtualScouting/Content/Tools/Viewfinder/Input/IA_ToggleMonitor.uasset" 5011
"../../../Engine/Plugins/VirtualProduction/VirtualScouting/Content/Tools/Viewfinder/Meshes/SM_Viewfinder.uasset" 5012
"../../../Engine/Plugins/VirtualProduction/VirtualScouting/Content/Tools/Viewfinder/Input/IA_TakeScreenshot.uasset" 5013
"/VirtualScouting/Tools/Viewfinder/Input/Menu/IA_ViewfinderMenu_UpDown" 5014
"/VirtualScouting/Tools/Viewfinder/Input/Menu/IA_ViewfinderMenu_BlockFlying" 5015
"/VirtualScouting/Tools/Viewfinder/WBP_ViewfinderPalette" 5016
"../../Plugins/VirtualProduction/VirtualScouting/Content/Tools/Viewfinder/Viewfinder_Viewmodel_Resolver.uasset" 5017
"../../Plugins/VirtualProduction/VirtualScouting/Content/Tools/Viewfinder/ViewfinderTool_Viewmodel.uasset" 5018
"../../Plugins/VirtualProduction/VirtualScouting/Content/UI/Font/HeaderText.uasset" 5019
"../../Plugins/VirtualProduction/VirtualScouting/Content/UI/Font/TitleHeaderText.uasset" 5020
"../../Plugins/VirtualProduction/VirtualScouting/Content/Tools/Viewfinder/EViewfinderCameraControlProperty.uasset" 5021
"../../Plugins/VirtualProduction/VirtualScouting/Content/Tools/Viewfinder/EViewfinderFocusMethod.uasset" 5022
"../../Plugins/VirtualProduction/VirtualScouting/Content/Tools/Viewfinder/EViewfinderMonitorMode.uasset" 5023
"../../Plugins/VirtualProduction/VirtualScouting/Content/Tools/Viewfinder/BP_ScoutCamera.uasset" 5024
"../../Plugins/VirtualProduction/VirtualScouting/Content/UI/WBP_XRC_Palette.uasset" 5025
"../../Plugins/VirtualProduction/VirtualScouting/Content/Tools/Bookmark/BP_ScoutBookmarkComponent.uasset" 5026
"../../Plugins/VirtualProduction/VirtualScouting/Content/Art/Common/M_Widget3D_CameraFacing.uasset" 5027
"../../Plugins/VirtualProduction/VirtualScouting/Content/Tools/Viewfinder/Meshes/SM_CameraMesh.uasset" 5028
"../../Plugins/VirtualProduction/VirtualScouting/Content/Tools/Viewfinder/WBP_CameraLabel.uasset" 5029
"../../Plugins/VirtualProduction/VirtualScouting/Content/Core/DA_VirtualScouting_Default.uasset" 5030
"../../../Engine/Content/Functions/Engine_MaterialFunctions02/WorldPositionOffset/ComponentPivotLocation.uasset" 5031
"../../../Engine/Content/Functions/Engine_MaterialFunctions02/WorldPositionOffset/Sprite.uasset" 5032
"../../Plugins/VirtualProduction/VirtualScouting/Content/Tools/Viewfinder/Materials/M_Lenses.uasset" 5033
"../../Plugins/VirtualProduction/VirtualScouting/Content/Tools/Viewfinder/Materials/MI_CameraBody.uasset" 5034
"../../Plugins/VirtualProduction/VirtualScouting/Content/Tools/Viewfinder/Materials/MI_CameraRail.uasset" 5035
"../../Plugins/VirtualProduction/VirtualScouting/Content/Tools/Viewfinder/Materials/MI_MattBox.uasset" 5036
"../../Plugins/VirtualProduction/VirtualScouting/Content/UI/Font/HeaderText_Italic.uasset" 5037
"../../Plugins/VirtualProduction/VirtualScouting/Content/Tools/Bookmark/BP_BookmarkTool.uasset" 5038
"../../Plugins/VirtualProduction/VirtualScouting/Content/Tools/Draw/BP_DrawTool.uasset" 5039
"../../Plugins/VirtualProduction/VirtualScouting/Content/Tools/Measure/BP_MeasureTool.uasset" 5040
"../../Plugins/VirtualProduction/VirtualScouting/Content/Tools/Navigate/BP_NavigationTool.uasset" 5041
"../../Plugins/VirtualProduction/VirtualScouting/Content/Tools/Sequencer/BP_SequenceTool.uasset" 5042
"../../Plugins/VirtualProduction/VirtualScouting/Content/Tools/Viewfinder/BP_ViewfinderTool.uasset" 5043
"../../Plugins/VirtualProduction/VirtualScouting/Content/Input/IMC_LeftHandedVScout.uasset" 5044
"../../Plugins/VirtualProduction/VirtualScouting/Content/UI/Icons/Paint.uasset" 5045
"../../Plugins/VirtualProduction/VirtualScouting/Content/Tools/Bookmark/BookmarkTool_Viewmodel.uasset" 5046
"../../Plugins/VirtualProduction/VirtualScouting/Content/Tools/Bookmark/EUA_BookmarkTool.uasset" 5047
"../../Plugins/VirtualProduction/VirtualScouting/Content/Tools/Bookmark/Input/IMC_BookmarkTool.uasset" 5048
"../../Plugins/VirtualProduction/VirtualScouting/Content/Tools/Bookmark/Input/IMC_BookmarkToolLeft.uasset" 5049
"../../Plugins/VirtualProduction/VirtualScouting/Content/Tools/Bookmark/WBP_BookmarkPalette.uasset" 5050
"../../Plugins/VirtualProduction/VirtualScouting/Content/Tools/Draw/DrawTool_ViewModel.uasset" 5051
"../../Plugins/VirtualProduction/VirtualScouting/Content/Tools/Draw/EUA_DrawTool.uasset" 5052
"../../Plugins/VirtualProduction/VirtualScouting/Content/Tools/Draw/Input/IMC_DrawTool.uasset" 5053
"../../Plugins/VirtualProduction/VirtualScouting/Content/Tools/Draw/Input/IMC_DrawTool_Left.uasset" 5054
"../../Plugins/VirtualProduction/VirtualScouting/Content/Tools/Draw/WBP_DrawToolOptions.uasset" 5055
"../../Plugins/VirtualProduction/VirtualScouting/Content/Tools/Measure/EUA_MeasureTool.uasset" 5056
"../../Plugins/VirtualProduction/VirtualScouting/Content/Tools/Measure/MeasureTool_ViewModel.uasset" 5057
"../../Plugins/VirtualProduction/VirtualScouting/Content/Tools/Measure/IMC_MeasureTool.uasset" 5058
"../../Plugins/VirtualProduction/VirtualScouting/Content/Tools/Measure/IMC_MeasureToolLeft.uasset" 5059
"../../Plugins/VirtualProduction/VirtualScouting/Content/Tools/Measure/WBP_MeasureToolOptions.uasset" 5060
"../../Plugins/VirtualProduction/VirtualScouting/Content/Tools/Navigate/BP_NavigationToolActor.uasset" 5061
"../../Plugins/VirtualProduction/VirtualScouting/Content/Tools/Navigate/WBP_NavigatePalette.uasset" 5062
"../../Plugins/VirtualProduction/VirtualScouting/Content/Tools/Sequencer/BP_SequenceToolActor.uasset" 5063
"../../Plugins/VirtualProduction/VirtualScouting/Content/Tools/Sequencer/SequenceToolViewmodel.uasset" 5064
"../../Plugins/VirtualProduction/VirtualScouting/Content/Tools/Sequencer/Input/IMC_SequencerTool.uasset" 5065
"../../Plugins/VirtualProduction/VirtualScouting/Content/Tools/Sequencer/Input/IMC_SequencerToolLeft.uasset" 5066
"../../Plugins/VirtualProduction/VirtualScouting/Content/Tools/Sequencer/UI/WBP_SequencePalette.uasset" 5067
"../../Plugins/VirtualProduction/VirtualScouting/Content/Tools/Viewfinder/BP_ViewfinderActor.uasset" 5068
"../../Plugins/VirtualProduction/VirtualScouting/Content/Tools/Bookmark/Input/IA_CreateBookmark.uasset" 5069
"../../Plugins/VirtualProduction/VirtualScouting/Content/Tools/Bookmark/MI_BookmarkGhost.uasset" 5070
"../../Plugins/Experimental/VirtualProductionUtilities/Content/Bookmark/BookmarkVPMesh.uasset" 5071
"../../Plugins/VirtualProduction/VirtualScouting/Content/Tools/Bookmark/BookMarkTool_ViewmodelResolver.uasset" 5072
"../../Plugins/VirtualProduction/VirtualScouting/Content/Tools/Bookmark/WBP_BookmarkEntryRow.uasset" 5073
"../../Plugins/VirtualProduction/VirtualScouting/Content/Tools/Bookmark/WBP_UserEntryRow.uasset" 5074
"../../Plugins/VirtualProduction/VirtualScouting/Content/UI/Icons/IconLocation.uasset" 5075
"../../Plugins/VirtualProduction/VirtualScouting/Content/UI/Icons/IconUser.uasset" 5076
"../../Plugins/VirtualProduction/VirtualScouting/Content/Tools/Draw/E_DrawToolMode.uasset" 5077
"../../Plugins/VirtualProduction/VirtualScouting/Content/Tools/Draw/BP_DeleteIcon.uasset" 5078
"../../Plugins/VirtualProduction/VirtualScouting/Content/Tools/Draw/BP_DynamicMeshDrawing.uasset" 5079
"../../Plugins/VirtualProduction/VirtualScouting/Content/Tools/Draw/BP_SplineMeshDrawing.uasset" 5080
"../../Plugins/VirtualProduction/VirtualScouting/Content/Tools/Draw/Input/IA_Draw.uasset" 5081
"../../Plugins/VirtualProduction/VirtualScouting/Content/Tools/Draw/DrawTool_ViewModel_Resolver.uasset" 5082
"../../Plugins/VirtualProduction/VirtualScouting/Content/Tools/Measure/BP_Measurement.uasset" 5083
"../../Plugins/VirtualProduction/VirtualScouting/Content/Tools/Measure/IA_CreateMeasurement.uasset" 5084
"../../Plugins/VirtualProduction/VirtualScouting/Content/Art/Common/MI_Widget3D_UnLit.uasset" 5085
"../../Plugins/VirtualProduction/VirtualScouting/Content/Tools/Measure/EMeasureCreationType.uasset" 5086
"../../Plugins/VirtualProduction/VirtualScouting/Content/Tools/Measure/EMeasureType.uasset" 5087
"../../Plugins/VirtualProduction/VirtualScouting/Content/Tools/Measure/WBP_DistanceReadout.uasset" 5088
"../../Plugins/VirtualProduction/VirtualScouting/Content/Tools/Measure/MeasureTool_ViewModel_Resolver.uasset" 5089
"../../Plugins/VirtualProduction/VirtualScouting/Content/Tools/Measure/WBP_MeasurementList.uasset" 5090
"../../Plugins/VirtualProduction/VirtualScouting/Content/Tools/Sequencer/BP_SequenceControl.uasset" 5091
"../../Plugins/VirtualProduction/VirtualScouting/Content/Tools/Sequencer/BPI_SequencerControls.uasset" 5092
"../../Plugins/VirtualProduction/VirtualScouting/Content/Tools/Sequencer/EUC_SequenceControl.uasset" 5093
"../../Plugins/VirtualProduction/VirtualScouting/Content/Tools/Sequencer/Input/IA_GestureScrubSequence.uasset" 5094
"../../Plugins/VirtualProduction/VirtualScouting/Content/Tools/Sequencer/Input/IA_StartStopSequence.uasset" 5095
"../../Plugins/VirtualProduction/VirtualScouting/Content/Tools/Sequencer/Input/IA_StickScrubSequence.uasset" 5096
"../../Plugins/VirtualProduction/VirtualScouting/Content/Tools/Sequencer/Input/IA_ToggleSequenceConsole.uasset" 5097
"../../Plugins/VirtualProduction/VirtualScouting/Content/Tools/Sequencer/ESequenceUIType.uasset" 5098
"../../Plugins/VirtualProduction/VirtualScouting/Content/Tools/Sequencer/UI/WBP_SequenceConsole.uasset" 5099
"../../Plugins/VirtualProduction/VirtualScouting/Content/Tools/Sequencer/UI/WBP_SequenceHandHeld.uasset" 5100
"../../Plugins/VirtualProduction/VirtualScouting/Content/Tools/Sequencer/Input/IA_BlockFlying_Sequencer.uasset" 5101
"../../Plugins/VirtualProduction/VirtualScouting/Content/Tools/Sequencer/SequenceToolViewmodel_Resolver.uasset" 5102
"../../Plugins/VirtualProduction/VirtualScouting/Content/Tools/Sequencer/UI/WBP_SequenceEntryRow.uasset" 5103
"../../Plugins/VirtualProduction/VirtualScouting/Content/Tools/Viewfinder/BPI_ViewfinderEditor.uasset" 5104
"../../Plugins/VirtualProduction/VirtualScouting/Content/Tools/Viewfinder/EUC_ViewfinderEditor.uasset" 5105
"../../Plugins/VirtualProduction/VirtualScouting/Content/Tools/Viewfinder/Input/IA_CarryCamera.uasset" 5106
"../../Plugins/VirtualProduction/VirtualScouting/Content/Tools/Viewfinder/Input/IA_CreateCamera.uasset" 5107
"../../Plugins/VirtualProduction/VirtualScouting/Content/Tools/Viewfinder/Input/IA_SummonViewfinderMenu.uasset" 5108
"../../Plugins/VirtualProduction/VirtualScouting/Content/Tools/Viewfinder/Input/IA_TakeScreenshot.uasset" 5109
"../../Plugins/VirtualProduction/VirtualScouting/Content/Tools/Viewfinder/Input/IA_ToggleMonitor.uasset" 5110
"../../Plugins/VirtualProduction/VirtualScouting/Content/Tools/Viewfinder/Input/Menu/IA_ViewfinderMenu_Down.uasset" 5111
"../../Plugins/VirtualProduction/VirtualScouting/Content/Tools/Viewfinder/Input/Menu/IA_ViewfinderMenu_Left.uasset" 5112
"../../Plugins/VirtualProduction/VirtualScouting/Content/Tools/Viewfinder/Meshes/SM_Viewfinder.uasset" 5113
"../../Plugins/VirtualProduction/VirtualScouting/Content/Tools/Viewfinder/WBP_ViewfinderMonitor.uasset" 5114
"../../Plugins/Experimental/VirtualProductionUtilities/Content/Bookmark/MI_BookmarkVPNoUser.uasset" 5115
"../../Plugins/VirtualProduction/VirtualScouting/Content/Tools/Draw/WBP_DeleteIcon.uasset" 5116
"../../Plugins/VirtualProduction/VirtualScouting/Content/Tools/Draw/M_DrawingMaterial.uasset" 5117
"../../Plugins/VirtualProduction/VirtualScouting/Content/Tools/Draw/MI_DrawingMaterial.uasset" 5118
"../../Plugins/VirtualProduction/VirtualScouting/Content/Tools/Draw/SM_DrawCylinder.uasset" 5119
"../../Plugins/VirtualProduction/VirtualScouting/Content/Core/BPFL_VirtualScouting.uasset" 5120
"../../Plugins/VirtualProduction/VirtualScouting/Content/Art/Common/MI_BasicEmissive.uasset" 5121
"../../Plugins/VirtualProduction/VirtualScouting/Content/Art/Common/MI_Widget3D_CameraFacing_Offset.uasset" 5122
"../../Plugins/VirtualProduction/VirtualScouting/Content/Tools/Measure/NS_LineMeasure.uasset" 5123
"../../Plugins/VirtualProduction/VirtualScouting/Content/Tools/Measure/WBP_MeasureLabel.uasset" 5124
"../../Plugins/VirtualProduction/VirtualScouting/Content/Tools/Measure/WBP_MeasurementEntryRow.uasset" 5125
"../../Plugins/VirtualProduction/VirtualScouting/Content/UI/Font/SubHeaderText_Mono.uasset" 5126
"../../Plugins/VirtualProduction/VirtualScouting/Content/Tools/Sequencer/UI/WBP_SequenceTimeline.uasset" 5127
"../../Plugins/VirtualProduction/VirtualScouting/Content/UI/Icons/EndFrame.uasset" 5128
"../../Plugins/VirtualProduction/VirtualScouting/Content/UI/Icons/LoopEndFrame.uasset" 5129
"../../Plugins/VirtualProduction/VirtualScouting/Content/UI/Icons/LoopSelection.uasset" 5130
"../../Plugins/VirtualProduction/VirtualScouting/Content/UI/Icons/LoopSequence.uasset" 5131
"../../Plugins/VirtualProduction/VirtualScouting/Content/UI/Icons/LoopStartFrame.uasset" 5132
"../../Plugins/VirtualProduction/VirtualScouting/Content/UI/Icons/PlayControlsPlayForward.uasset" 5133
"../../Plugins/VirtualProduction/VirtualScouting/Content/UI/Icons/PlayControlsStop.uasset" 5134
"../../Plugins/VirtualProduction/VirtualScouting/Content/UI/Icons/Sequence.uasset" 5135
"../../Plugins/VirtualProduction/VirtualScouting/Content/UI/Icons/StartFrame.uasset" 5136
"../../Plugins/VirtualProduction/VirtualScouting/Content/UI/Font/BodyText_Bold_Mono.uasset" 5137
"../../Plugins/VirtualProduction/VirtualScouting/Content/UI/Font/BodyText_Mono.uasset" 5138
"../../Plugins/VirtualProduction/VirtualScouting/Content/Tools/Viewfinder/Materials/MI_ViewfinderBody.uasset" 5139
"../../Plugins/VirtualProduction/VirtualScouting/Content/UI/Font/ViewfinderHUDText.uasset" 5140
"../../Plugins/VirtualProduction/VirtualScouting/Content/UI/Font/ViewfinderHUDTextLabel.uasset" 5141
"../../Plugins/VirtualProduction/VirtualScouting/Content/Tools/Viewfinder/Materials/M_MonitorFeed.uasset" 5142
"../../Plugins/VirtualProduction/VirtualScouting/Content/Tools/Viewfinder/RT_Temp_Tex.uasset" 5143
"../../Plugins/VirtualProduction/VirtualScouting/Content/Tools/Viewfinder/WBP_ViewfinderCameraControl.uasset" 5144
"../../Plugins/VirtualProduction/VirtualScouting/Content/UI/Icons/CrossHair.uasset" 5145
"../../Plugins/Experimental/VirtualProductionUtilities/Content/Bookmark/M_BookmarkVP.uasset" 5146
"../../Plugins/VirtualProduction/VirtualScouting/Content/UI/Icons/IconXCircle.uasset" 5147
"../../Plugins/FX/Niagara/Content/Functions/Math/InterpolateOverTime_V3_.uasset" 5148
"../../Plugins/VirtualProduction/VirtualScouting/Content/UI/Font/MeaureText.uasset" 5149
"../../Plugins/VirtualProduction/VirtualScouting/Content/UI/Icons/PlayHead.uasset" 5150
"../../Plugins/VirtualProduction/VirtualScouting/Content/UI/SubWidgets/WBP_PropertySliderVertical.uasset" 5151
"../../Plugins/FX/Niagara/Content/Functions/Helpers/FN_FirstFrame_Numeric.uasset" 5152
"../../../Engine/Plugins/VirtualProduction/VirtualScouting/Content/Core/DA_VirtualScouting_Basic.uasset" 5153
"/VirtualScouting/Core/DA_VirtualScouting_Basic" 5154
"../../../Engine/Plugins/Interchange/Assets/Content/gltf/Textures/T_Anisotropy_Direction_Linear.uasset" 5155
"../../../Engine/Plugins/Interchange/Assets/Content/gltf/MaterialFunctions/MF_TransformUVs.uasset" 5156
"../../../Engine/Plugins/Interchange/Assets/Content/gltf/MaterialFunctions/MF_Occlusion.uasset" 5157
"../../../Engine/Plugins/Interchange/Assets/Content/gltf/MaterialFunctions/MF_Specular.uasset" 5158
"../../../Engine/Plugins/Interchange/Assets/Content/gltf/MaterialFunctions/MF_ScaleNormal.uasset" 5159
"../../../Engine/Plugins/Interchange/Assets/Content/gltf/MaterialFunctions/MF_Normals.uasset" 5160
"../../../Engine/Plugins/Interchange/Assets/Content/Functions/MF_IridescenceNoLUT.uasset" 5161
"../../../Engine/Plugins/Interchange/Assets/Content/gltf/MaterialFunctions/MF_MetallicRoughness.uasset" 5162
"../../../Engine/Plugins/Interchange/Assets/Content/gltf/MaterialFunctions/MF_Iridescence.uasset" 5163
"../../../Engine/Plugins/Interchange/Assets/Content/gltf/MaterialFunctions/MF_IOR.uasset" 5164
"../../../Engine/Plugins/Interchange/Assets/Content/gltf/MaterialFunctions/MF_RotateV2.uasset" 5165
"../../../Engine/Plugins/Interchange/Assets/Content/gltf/MaterialFunctions/MF_Emissive.uasset" 5166
"../../../Engine/Plugins/Interchange/Assets/Content/gltf/MaterialFunctions/MF_Clearcoat.uasset" 5167
"../../../Engine/Plugins/Interchange/Assets/Content/gltf/MaterialBodies/MF_ClearCoat_Body.uasset" 5168
"../../../Engine/Plugins/Interchange/Assets/Content/Utilities/New_LUT.uasset" 5169
"../../../Engine/Plugins/Interchange/Assets/Content/gltf/Textures/T_White_Linear.uasset" 5170
"../../../Engine/Plugins/Interchange/Assets/Content/Functions/MF_Iridescence.uasset" 5171
"../../../Engine/Plugins/Interchange/Assets/Content/gltf/Textures/T_Generic_N.uasset" 5172
"../../../Engine/Content/Functions/Engine_MaterialFunctions01/Texturing/FlattenNormal.uasset" 5173
"../../../Engine/Plugins/Interchange/Assets/Content/gltf/M_ClearCoat.uasset" 5174
"../../../Engine/Plugins/Interchange/Assets/Content/gltf/MaterialInstances/MI_ClearCoat_Opaque.uasset" 5175
"../../../Engine/Plugins/Interchange/Assets/Content/gltf/MaterialInstances/MI_ClearCoat_Blend.uasset" 5176
"../../../Engine/Plugins/Interchange/Assets/Content/gltf/MaterialInstances/MI_ClearCoat_Mask.uasset" 5177
"../../../Engine/Plugins/Interchange/Assets/Content/gltf/M_Default.uasset" 5178
"../../../Engine/Plugins/Interchange/Assets/Content/gltf/Textures/T_White_srgb.uasset" 5179
"../../../Engine/Plugins/Interchange/Assets/Content/gltf/MaterialFunctions/MF_SpecularAnisotropy.uasset" 5180
"../../../Engine/Plugins/Interchange/Assets/Content/gltf/MaterialInstances/MI_ClearCoat_Blend_DS.uasset" 5181
"../../../Engine/Plugins/Interchange/Assets/Content/gltf/MaterialInstances/MI_ClearCoat_Opaque_DS.uasset" 5182
"../../../Engine/Plugins/Interchange/Assets/Content/gltf/MaterialFunctions/MF_BaseColor.uasset" 5183
"../../../Engine/Plugins/Interchange/Assets/Content/gltf/MaterialBodies/MF_Default_Body.uasset" 5184
"../../../Engine/Plugins/Interchange/Assets/Content/gltf/MaterialInstances/MI_ClearCoat_Mask_DS.uasset" 5185
"../../../Engine/Plugins/Interchange/Assets/Content/gltf/MaterialFunctions/MF_RotateNormals_TS.uasset" 5186
"/InterchangeAssets/gltf/MaterialFunctions/MF_ScaleNormal" 5187
"/InterchangeAssets/gltf/Textures/T_Anisotropy_Direction_Linear" 5188
"../../../Engine/Plugins/Interchange/Assets/Content/gltf/MaterialInstances/MI_Default_Opaque.uasset" 5189
"../../../Engine/Plugins/Interchange/Assets/Content/gltf/MaterialInstances/MI_Default_Mask.uasset" 5190
"/InterchangeAssets/gltf/M_Default" 5191
"/InterchangeAssets/gltf/MaterialInstances/MI_ClearCoat_Blend_DS" 5192
"/InterchangeAssets/gltf/MaterialInstances/MI_ClearCoat_Mask_DS" 5193
"/InterchangeAssets/gltf/MaterialInstances/MI_ClearCoat_Opaque_DS" 5194
"/InterchangeAssets/gltf/MaterialInstances/MI_ClearCoat_Blend" 5195
"/InterchangeAssets/gltf/MaterialInstances/MI_ClearCoat_Mask" 5196
"/InterchangeAssets/gltf/MaterialInstances/MI_ClearCoat_Opaque" 5197
"/InterchangeAssets/gltf/MaterialInstances/MI_Default_Mask" 5198
"../../../Engine/Plugins/Interchange/Assets/Content/gltf/MaterialInstances/MI_Default_Opaque_DS.uasset" 5199
"../../../Engine/Plugins/Interchange/Assets/Content/gltf/MaterialInstances/MI_Default_Blend.uasset" 5200
"../../../Engine/Plugins/Interchange/Assets/Content/gltf/MaterialBodies/MF_Sheen_Body.uasset" 5201
"../../../Engine/Plugins/Interchange/Assets/Content/gltf/MaterialInstances/MI_Sheen_Mask.uasset" 5202
"../../../Engine/Plugins/Interchange/Assets/Content/gltf/M_Sheen.uasset" 5203
"/InterchangeAssets/gltf/MaterialInstances/MI_Default_Opaque" 5204
"../../../Engine/Plugins/Interchange/Assets/Content/gltf/MaterialInstances/MI_Default_Blend_DS.uasset" 5205
"../../../Engine/Plugins/Interchange/Assets/Content/gltf/MaterialInstances/MI_Sheen_Blend.uasset" 5206
"../../../Engine/Plugins/Interchange/Assets/Content/gltf/MaterialInstances/MI_Sheen_Mask_DS.uasset" 5207
"../../../Engine/Plugins/Interchange/Assets/Content/gltf/MaterialInstances/MI_Sheen_Blend_DS.uasset" 5208
"../../../Engine/Plugins/Interchange/Assets/Content/gltf/MaterialInstances/MI_Sheen_Opaque_DS.uasset" 5209
"../../../Engine/Plugins/Interchange/Assets/Content/gltf/MaterialFunctions/MF_Transmission.uasset" 5210
"../../../Engine/Plugins/Interchange/Assets/Content/gltf/MaterialInstances/MI_Sheen_Opaque.uasset" 5211
"../../../Engine/Plugins/Interchange/Assets/Content/gltf/MaterialBodies/MF_Transmission_Body.uasset" 5212
"../../../Engine/Plugins/Interchange/Assets/Content/gltf/MaterialInstances/MI_Default_Mask_DS.uasset" 5213
"../../../Engine/Plugins/Interchange/Assets/Content/gltf/M_Transmission.uasset" 5214
"/InterchangeAssets/gltf/MaterialInstances/MI_Default_Blend_DS" 5215
"../../../Engine/Plugins/Interchange/Assets/Content/gltf/MaterialFunctions/MF_Temporal_Blur.uasset" 5216
"../../../Engine/Plugins/Interchange/Assets/Content/gltf/MaterialFunctions/MF_Fresnel_DS.uasset" 5217
"../../../Engine/Plugins/Interchange/Assets/Content/gltf/MaterialInstances/MI_Transmission.uasset" 5218
"../../../Engine/Plugins/Interchange/Assets/Content/gltf/MaterialInstances/MI_Transmission_DS.uasset" 5219
"../../../Engine/Plugins/Interchange/Assets/Content/gltf/MaterialFunctions/MF_PerceivedBrightness.uasset" 5220
"../../../Engine/Plugins/Interchange/Assets/Content/gltf/MaterialFunctions/MF_SpecGlossToMetalRoughness.uasset" 5221
"../../../Engine/Content/Functions/Engine_MaterialFunctions02/Math/AddComponents.uasset" 5222
"../../../Engine/Plugins/Interchange/Assets/Content/gltf/MaterialFunctions/MF_MaxComponentValue.uasset" 5223
"../../../Engine/Plugins/Interchange/Assets/Content/gltf/MaterialFunctions/MF_DiffuseSpecGloss.uasset" 5224
"../../../Engine/Plugins/Interchange/Assets/Content/gltf/MaterialBodies/MF_SpecularGlossiness_Body.uasset" 5225
"/InterchangeAssets/gltf/MaterialInstances/MI_Default_Opaque_DS" 5226
"../../../Engine/Plugins/Interchange/Assets/Content/gltf/MaterialInstances/MI_SpecularGlossiness_Opaque.uasset" 5227
"../../../Engine/Plugins/Interchange/Assets/Content/gltf/MaterialFunctions/MF_Sheen.uasset" 5228
"../../../Engine/Plugins/Interchange/Assets/Content/gltf/M_SpecularGlossiness.uasset" 5229
"/InterchangeAssets/gltf/MaterialInstances/MI_Default_Blend" 5230
"/InterchangeAssets/gltf/MaterialInstances/MI_SpecularGlossiness_Opaque" 5231
"/InterchangeAssets/gltf/MaterialInstances/MI_Transmission_DS" 5232
"../../../Engine/Plugins/Interchange/Assets/Shaders/ThinFilmFunctions.usf" 5233
"/InterchangeAssets/gltf/MaterialInstances/MI_Transmission" 5234
"/InterchangeAssets/gltf/MaterialInstances/MI_Sheen_Blend_DS" 5235
"/InterchangeAssets/gltf/MaterialInstances/MI_Sheen_Mask_DS" 5236
"/InterchangeAssets/gltf/MaterialInstances/MI_Sheen_Opaque_DS" 5237
"/InterchangeAssets/gltf/MaterialInstances/MI_Sheen_Blend" 5238
"/InterchangeAssets/gltf/MaterialInstances/MI_Sheen_Mask" 5239
"/InterchangeAssets/gltf/MaterialInstances/MI_Sheen_Opaque" 5240
"/InterchangeAssets/gltf/MaterialInstances/MI_Default_Mask_DS" 5241
"../../../Engine/Plugins/Interchange/Assets/Content/gltf/MaterialInstances/MI_SpecularGlossiness_Mask.uasset" 5242
"../../../Engine/Plugins/Interchange/Assets/Content/gltf/MaterialInstances/MI_SpecularGlossiness_Blend_DS.uasset" 5243
"../../../Engine/Plugins/Interchange/Assets/Content/gltf/MaterialInstances/MI_SpecularGlossiness_Mask_DS.uasset" 5244
"D:/seisaku4/Content/seisaku/Owner/DefaultOwner_Anim.uasset" 5245
"D:/seisaku4/Content/seisaku/Owner/owner_Skeleton.uasset" 5246
"D:/seisaku4/Content/seisaku/Owner/owner.uasset" 5247
"D:/seisaku4/Content/seisaku/Texture/bowlmen.uasset" 5248
"D:/seisaku4/Content/seisaku/Texture/bowl2.uasset" 5249
"D:/seisaku4/Content/seisaku/Material/udonmen_Mat.uasset" 5250
"D:/seisaku4/Content/seisaku/Model/udon.uasset" 5251
"D:/seisaku4/Content/seisaku/Material/tyuubou_Mat.uasset" 5252
"D:/seisaku4/Content/seisaku/Owner/Owner_anim.uasset" 5253
"D:/seisaku4/Content/seisaku/Material/tyoumiryou_Mat.uasset" 5254
"D:/seisaku4/Content/seisaku/Material/desk_Mat.uasset" 5255
"D:/seisaku4/Content/seisaku/Material/wallwindow_Mat.uasset" 5256
"D:/seisaku4/Content/seisaku/Material/floor_Mat.uasset" 5257
"D:/seisaku4/Content/seisaku/Material/men_Mat.uasset" 5258
"D:/seisaku4/Content/seisaku/Material/chair_Mat.uasset" 5259
"D:/seisaku4/Content/seisaku/Material/bowl_Mat.uasset" 5260
"D:/seisaku4/Content/seisaku/Material/owner_Mat.uasset" 5261
"../../../Engine/Plugins/Interchange/Assets/Content/gltf/MaterialInstances/MI_SpecularGlossiness_Opaque_DS.uasset" 5262
"D:/seisaku4/Content/seisaku/Texture/tray.uasset" 5263
"D:/seisaku4/Content/seisaku/Texture/owner.uasset" 5264
"../../../Engine/Plugins/Interchange/Assets/Content/gltf/MaterialInstances/MI_SpecularGlossiness_Blend.uasset" 5265
"D:/seisaku4/Content/seisaku/Texture/wallwindow.uasset" 5266
"D:/seisaku4/Content/seisaku/Model/men2_Skeleton.uasset" 5267
"D:/seisaku4/Content/seisaku/Texture/table.uasset" 5268
"D:/seisaku4/Content/seisaku/Texture/yuka.uasset" 5269
"D:/seisaku4/Content/seisaku/Texture/men.uasset" 5270
"D:/seisaku4/Content/seisaku/Model/men2_PhysicsAsset.uasset" 5271
"D:/seisaku4/Content/seisaku/Model/shopfloor.uasset" 5272
"D:/seisaku4/Content/seisaku/Model/men2.uasset" 5273
"/Game/seisaku/Material/chair_Mat" 5274
"/Game/seisaku/Model/men2" 5275
"/Game/seisaku/Material/floor_Mat" 5276
"/Game/seisaku/Material/wallwindow_Mat" 5277
"/Game/seisaku/Material/desk_Mat" 5278
"/Game/seisaku/Material/tyoumiryou_Mat" 5279
"/Game/seisaku/Material/tyuubou_Mat" 5280
"/Game/seisaku/Model/udon" 5281
"/Game/seisaku/Owner/owner" 5282
"/Game/seisaku/Owner/Owner_anim" 5283
"/InterchangeAssets/gltf/MaterialInstances/MI_SpecularGlossiness_Blend_DS" 5284
"/InterchangeAssets/gltf/MaterialInstances/MI_SpecularGlossiness_Mask_DS" 5285
"/InterchangeAssets/gltf/MaterialInstances/MI_SpecularGlossiness_Opaque_DS" 5286
"/InterchangeAssets/gltf/MaterialInstances/MI_SpecularGlossiness_Blend" 5287
"/InterchangeAssets/gltf/MaterialInstances/MI_SpecularGlossiness_Mask" 5288
"/Game/seisaku/Model/shopfloor" 5289
"../../../Engine/Content/Tutorial/SubEditors/TutorialAssets/T_soft_smoke.uasset" 5290
"../../../Engine/Plugins/FX/Niagara/Content/VectorFields/Assets/TilingCurl64.uasset" 5291
"../../../Engine/Plugins/FX/Niagara/Content/VectorFields/Assets/TilingCurl16.uasset" 5292
"D:/seisaku4/Content/seisaku/Material/steam01_Mat.uasset" 5293
"../../../Engine/Plugins/FX/Niagara/Content/VectorFields/Assets/TilingCurl32.uasset" 5294
"../../../Engine/Plugins/FX/Niagara/Content/Modules/Update/Forces/V2/CurlNoiseForce.uasset" 5295
"../../../Engine/Plugins/FX/Niagara/Content/Functions/V2/ConeMask.uasset" 5296
"D:/seisaku4/Content/seisaku/efect/UdonSteam_NS.uasset" 5297
"../../../Engine/Plugins/FX/Niagara/Content/Enums/ENiagaraCurlNoiseQuality.uasset" 5298
"../../../Engine/Plugins/FX/Niagara/Content/Functions/FindAngleBetweenVectors.uasset" 5299
"../../../Engine/Content/OpenWorldTemplate/LandscapeMaterial/T_GridChecker_A.uasset" 5300
"../../../Engine/Content/OpenWorldTemplate/LandscapeMaterial/MF_ProcGrid.uasset" 5301
"../../../Engine/Content/Functions/Engine_MaterialFunctions03/Blends/Blend_Overlay.uasset" 5302
"../../../Engine/Content/Functions/Engine_MaterialFunctions01/ImageAdjustment/CheapContrast.uasset" 5303
"../../../Engine/Content/EngineMaterials/BlendFunc_DefBlend.uasset" 5304
"../../../Engine/Content/OpenWorldTemplate/LandscapeMaterial/MI_ProcGrid.uasset" 5305
"../../../Engine/Content/EngineSky/VolumetricClouds/VT_PerlinWorley_Balanced.uasset" 5306
"../../../Engine/Content/EngineSky/VolumetricClouds/T_Profile_08.uasset" 5307
"../../../Engine/Content/EngineSky/VolumetricClouds/T_CloudPattern.uasset" 5308
"../../../Engine/Content/OpenWorldTemplate/LandscapeMaterial/M_ProcGrid.uasset" 5309
"../../../Engine/Content/EngineMaterials/BlendFunc_DefBase.uasset" 5310
"../../../Engine/Content/Functions/Engine_MaterialFunctions01/Units/Km-to-Cm.uasset" 5311
"../../../Engine/Content/EngineSky/VolumetricClouds/VT_Lightning.uasset" 5312
"D:/seisaku4/Content/seisaku/BluePrint/GameMode_WBP2.uasset" 5313
"../../../Engine/Content/EngineSky/VolumetricClouds/m_SimpleVolumetricCloud_Inst.uasset" 5314
"../../../Engine/Content/Functions/Engine_MaterialFunctions02/Utility/MakeFloat4.uasset" 5315
"../../../Engine/Content/EngineSky/VolumetricClouds/T_CloudMask.uasset" 5316
"../../../Engine/Content/EngineSky/VolumetricClouds/m_SimpleVolumetricCloud.uasset" 5317
"D:/seisaku4/Content/seisaku/BluePrint/Camera.uasset" 5318
"D:/seisaku4/Content/seisaku/BluePrint/GameModeBase.uasset" 5319
"D:/seisaku4/Content/seisaku/BluePrint/GameMode_WBP.uasset" 5320
"D:/seisaku4/Content/seisaku/Model/chair.uasset" 5321
"/Engine/EngineSky/VolumetricClouds/m_SimpleVolumetricCloud_Inst" 5322
"/Engine/OpenWorldTemplate/LandscapeMaterial/MI_ProcGrid" 5323
"/Game/seisaku/BluePrint/Camera" 5324
"/Game/seisaku/BluePrint/GameModeBase" 5325
"/Game/seisaku/efect/UdonSteam_NS" 5326
"/Game/seisaku/BluePrint/GameMode_WBP" 5327
"/Game/seisaku/BluePrint/GameMode_WBP2" 5328
"/Game/seisaku/Model/chair" 5329
"../../../Engine/Content/MapTemplates/SM_Template_Map_Floor.uasset" 5330
"../../../Engine/Plugins/Interchange/Assets/Content/gltf/MaterialBodies/MF_Unlit_Body.uasset" 5331
"../../../Engine/Plugins/Interchange/Assets/Content/gltf/M_Unlit.uasset" 5332
"D:/seisaku4/Content/seisaku/BluePrint/GameMode_WBP1.uasset" 5333
"../../../Engine/Plugins/Interchange/Assets/Content/gltf/MaterialInstances/MI_Unlit_Opaque.uasset" 5334
"../../../Engine/Plugins/Interchange/Assets/Content/gltf/MaterialInstances/MI_Unlit_Mask.uasset" 5335
"D:/seisaku4/Content/seisaku/BluePrint/GameOver_WBP.uasset" 5336
"../../../Engine/Plugins/Interchange/Assets/Content/gltf/MaterialInstances/MI_Unlit_Blend.uasset" 5337
"../../../Engine/Content/EngineSky/M_SimpleSkyDome.uasset" 5338
"../../../Engine/Plugins/Interchange/Assets/Content/gltf/MaterialInstances/MI_Unlit_Mask_DS.uasset" 5339
"D:/seisaku4/Content/seisaku/Map/Main.umap" 5340
"../../../Engine/Plugins/Interchange/Assets/Content/gltf/MaterialInstances/MI_Unlit_Opaque_DS.uasset" 5341
"../../../Engine/Plugins/Interchange/Assets/Content/gltf/MaterialInstances/MI_Unlit_Blend_DS.uasset" 5342
"D:/seisaku4/Content/seisaku/Map/Untitled.umap" 5343
"D:/seisaku4/Content/seisaku/Map/GameOverMap.umap" 5344
"D:/seisaku4/Content/seisaku/Material/door.uasset" 5345
"D:/seisaku4/Content/seisaku/Model/door.uasset" 5346
"D:/seisaku4/Content/seisaku/anime/toobira.uasset" 5347
"D:/seisaku4/Content/seisaku/Map/start.umap" 5348
"D:/seisaku4/Content/seisaku/BluePrint/Title_WBP.uasset" 5349
"D:/seisaku4/Content/seisaku/Texture/CurryUdon_Okawari_Pressed.uasset" 5350
"D:/seisaku4/Content/seisaku/Texture/Gemini_Generated_Image_tyb4r5tyb4r5tyb4.uasset" 5351
"D:/seisaku4/Content/seisaku/Texture/Gemini_Generated_Image_p2wd2xp2wd2xp2wd.uasset" 5352
"D:/seisaku4/Content/seisaku/Texture/CurryUdon_Okaikei_Pressed.uasset" 5353
"D:/seisaku4/Content/seisaku/Texture/CurryUdon_Okaikei_Hovered.uasset" 5354
"D:/seisaku4/Content/seisaku/Texture/CurryUdon_Okaikei.uasset" 5355
"D:/seisaku4/Content/seisaku/Texture/door.uasset" 5356
"D:/seisaku4/Content/seisaku/Texture/CurryUdon_Okawari.uasset" 5357
"D:/seisaku4/Content/seisaku/Texture/CurryUdon_Nyuuten_Pressed.uasset" 5358
"D:/seisaku4/Content/seisaku/Texture/CurryUdon_Nyuuten_Hovered.uasset" 5359
"D:/seisaku4/Content/seisaku/Texture/CurryUdon_Okawari_Hovered.uasset" 5360
"D:/seisaku4/Content/seisaku/Texture/CurryUdon_Nyuuten.uasset" 5361
"/Game/seisaku/Map/start" 5362
"/InterchangeAssets/gltf/MaterialInstances/MI_Unlit_Blend_DS" 5363
"/InterchangeAssets/gltf/MaterialInstances/MI_Unlit_Mask_DS" 5364
"/InterchangeAssets/gltf/MaterialInstances/MI_Unlit_Opaque_DS" 5365
"/InterchangeAssets/gltf/MaterialInstances/MI_Unlit_Blend" 5366
"/InterchangeAssets/gltf/MaterialInstances/MI_Unlit_Mask" 5367
"/InterchangeAssets/gltf/MaterialInstances/MI_Unlit_Opaque" 5368
"/Game/seisaku/Map/GameOverMap" 5369
"/Game/seisaku/Map/Untitled" 5370
"/Game/seisaku/Map/Main" 5371
"/Engine/EditorResources/EmptyActor" 5372
"../../../Engine/Content/EditorResources/EmptyActor.uasset" 5373
"../../../Engine/Plugins/MovieScene/MovieRenderPipeline/Content/Blueprints/Graph/UI_MovieGraphImagePreview.uasset" 5374
"../../../Engine/Content/ArtTools/RenderToTexture/Textures/127grey.uasset" 5375
"../../../Engine/Plugins/MovieScene/MovieRenderPipeline/Content/Blueprints/UI_MovieGraphPipelineScreenOverlay.uasset" 5376
"../../../Engine/Plugins/MovieScene/MovieRenderPipeline/Content/Blueprints/UI_MovieRenderPipelineInfoTableRow.uasset" 5377
"../../../Engine/Plugins/MovieScene/MovieRenderPipeline/Content/Blueprints/Graph/T_MovieGraph_TransparencyBG.uasset" 5378
"../../../Engine/Plugins/MovieScene/MovieRenderPipeline/Content/Blueprints/M_MoviePipelineRenderPreview.uasset" 5379
"../../../Engine/Content/Functions/Substrate/MF_SchlickInternal.uasset" 5380
"../../../Engine/Plugins/Interchange/Assets/Content/Functions/MF_OrenNayerView.uasset" 5381
"../../../Engine/Plugins/Interchange/Assets/Content/Functions/MX_Transmission.uasset" 5382
"../../../Engine/Content/Functions/Engine_MaterialFunctions01/Volumetrics/BeersLaw.uasset" 5383
"../../../Engine/Plugins/Interchange/Assets/Content/Functions/MX_TransmissionSurface.uasset" 5384
"../../../Engine/Plugins/Interchange/Assets/Content/Functions/MX_StandardSurface.uasset" 5385
"D:/seisaku4/Content/seisaku/Model/bowl.uasset" 5386
"../../../Engine/Plugins/Interchange/Assets/Content/Functions/MX_OpenPBR_Translucent.uasset" 5387
"../../../Engine/Plugins/Experimental/VirtualProductionUtilities/Content/Materials/MF_IgnoreExposure.uasset" 5388
"../../../Engine/Content/Functions/Engine_MaterialFunctions02/Utility/CameraVectorWithWPOOptions.uasset" 5389
"../../../Engine/Content/Functions/Engine_MaterialFunctions02/Math/MakeVectorsOrthogonal.uasset" 5390
"../../../Engine/Content/Functions/Engine_MaterialFunctions02/Math/InverseTransformMatrix.uasset" 5391
"../../../Engine/Content/Functions/Engine_MaterialFunctions02/WorldPositionOffset/AlignMeshToTheCamera.uasset" 5392
"../../../Engine/Plugins/Experimental/VirtualProductionUtilities/Content/Bookmark/CameraFacingTextMaterial.uasset" 5393
"D:/seisaku4/Content/seisaku/Model/hand2.uasset" 5394
"D:/seisaku4/Content/seisaku/Model/hand3.uasset" 5395
"D:/seisaku4/Content/seisaku/Model/ceiling.uasset" 5396
"D:/seisaku4/Content/seisaku/Model/Entrancewall.uasset" 5397
"D:/seisaku4/Content/seisaku/Model/hand2_Skeleton.uasset" 5398
"D:/seisaku4/Content/seisaku/Model/men1.uasset" 5399
"/Game/seisaku/Model/bowl" 5400
"/InterchangeAssets/Functions/MX_OpenPBR_Translucent" 5401
"/MovieRenderPipeline/Blueprints/UI_MovieGraphPipelineScreenOverlay" 5402
"/VirtualProductionUtilities/Bookmark/CameraFacingTextMaterial" 5403
"/Game/seisaku/Model/Entrancewall" 5404
"/Game/seisaku/Model/men1" 5405
"/Game/seisaku/Model/hand3" 5406
"/Game/seisaku/Model/hand2" 5407
"/Game/seisaku/Model/ceiling" 5408
"../../../Engine/Content/EngineFonts/DroidSansMono.uasset" 5409
"../../../Engine/Plugins/MovieScene/MovieRenderPipeline/Content/Blueprints/UI_MovieRenderPipelineScreenOverlay.uasset" 5410
"../../../Engine/Plugins/MovieScene/MovieRenderPipeline/Content/Blueprints/Graph/DefaultGraphBurnIn.uasset" 5411
"../../../Engine/Content/EngineFonts/Faces/DroidSansMono.uasset" 5412
"../../../Engine/Plugins/Interchange/Assets/Content/Functions/MX_OpenPBR_Opaque.uasset" 5413
"../../../Engine/Plugins/MovieScene/MovieRenderPipeline/Content/Blueprints/DefaultBurnIn.uasset" 5414
"../../../Engine/Plugins/Animation/ControlRig/Content/Controls/ControlRig_Arrow2_1mm.uasset" 5415
"../../../Engine/Plugins/Animation/ControlRig/Content/Controls/ControlRig_Arrow2_3mm.uasset" 5416
"../../../Engine/Plugins/Animation/ControlRig/Content/Controls/ControlRig_Arrow4_1mm.uasset" 5417
"../../../Engine/Plugins/Animation/ControlRig/Content/Controls/ControlRig_Arrow4_solid.uasset" 5418
"../../../Engine/Plugins/Animation/ControlRig/Content/Controls/ControlRig_Sphere_solid.uasset" 5419
"../../../Engine/Plugins/Animation/ControlRig/Content/Controls/ControlRig_Arrow2_solid.uasset" 5420
"../../../Engine/Plugins/Animation/ControlRig/Content/Controls/ControlRig_Arrow4_3mm.uasset" 5421
"../../../Engine/Plugins/Animation/ControlRig/Content/Controls/ControlRig_Arrow_1mm.uasset" 5422
"/ControlRig/Controls/ControlRig_Arrow2_3mm" 5423
"../../../Engine/Plugins/Animation/ControlRig/Content/Controls/ControlRig_Box_solid.uasset" 5424
"../../../Engine/Plugins/Animation/ControlRig/Content/Controls/ControlRig_Circle_1mm.uasset" 5425
"../../../Engine/Plugins/Animation/ControlRig/Content/Controls/ControlRig_Circle_solid.uasset" 5426
"../../../Engine/Plugins/Animation/ControlRig/Content/Controls/ControlRig_Box_1mm.uasset" 5427
"../../../Engine/Plugins/Animation/ControlRig/Content/Controls/ControlRig_Arrow_3mm.uasset" 5428
"../../../Engine/Plugins/Animation/ControlRig/Content/Controls/ControlRig_Diamond_solid.uasset" 5429
"../../../Engine/Plugins/Animation/ControlRig/Content/Controls/ControlRig_Box_3mm.uasset" 5430
"../../../Engine/Plugins/Animation/ControlRig/Content/Controls/ControlRig_HalfCircle_solid.uasset" 5431
"../../../Engine/Plugins/Animation/ControlRig/Content/Controls/ControlRig_Diamond_3mm.uasset" 5432
"../../../Engine/Plugins/Animation/ControlRig/Content/Controls/ControlRig_Octagon_1mm.uasset" 5433
"../../../Engine/Plugins/Animation/ControlRig/Content/Controls/ControlRig_Hexagon_solid.uasset" 5434
"../../../Engine/Plugins/Animation/ControlRig/Content/Controls/ControlRig_Hexagon_1mm.uasset" 5435
"../../../Engine/Plugins/Animation/ControlRig/Content/Controls/ControlRig_Arrow_solid.uasset" 5436
"../../../Engine/Plugins/Animation/ControlRig/Content/Controls/ControlRig_HalfCircle_1mm.uasset" 5437
"../../../Engine/Plugins/Animation/ControlRig/Content/Controls/ControlRig_Circle_3mm.uasset" 5438
"../../../Engine/Plugins/Animation/ControlRig/Content/Controls/ControlRig_HalfCircle_3mm.uasset" 5439
"../../../Engine/Plugins/Animation/ControlRig/Content/Controls/ControlRig_Hexagon_3mm.uasset" 5440
"../../../Engine/Plugins/Animation/ControlRig/Content/Controls/ControlRig_Diamond_1mm.uasset" 5441
"/ControlRig/Controls/ControlRig_Arrow2_1mm" 5442
"/InterchangeAssets/Functions/MX_OpenPBR_Opaque" 5443
"/MovieRenderPipeline/Blueprints/Graph/DefaultGraphBurnIn" 5444
"/MovieRenderPipeline/Blueprints/DefaultBurnIn" 5445
"/MovieRenderPipeline/Blueprints/UI_MovieRenderPipelineScreenOverlay" 5446
"/ControlRig/Controls/ControlRig_Arrow4_solid" 5447
"../../../Engine/Plugins/Animation/ControlRig/Content/Controls/ControlRig_Octagon_3mm.uasset" 5448
"../../../Engine/Plugins/Animation/ControlRig/Content/Controls/ControlRig_Octagon_solid.uasset" 5449
"../../../Engine/Plugins/Animation/ControlRig/Content/Controls/ControlRig_Pyramid_1mm.uasset" 5450
"../../../Engine/Plugins/Animation/ControlRig/Content/Controls/ControlRig_Pyramid_solid.uasset" 5451
"/ControlRig/Controls/ControlRig_Octagon_1mm" 5452
"../../../Engine/Plugins/Animation/ControlRig/Content/Controls/ControlRig_Pyramid_3mm.uasset" 5453
"../../../Engine/Plugins/Animation/ControlRig/Content/Controls/ControlRig_QuarterCircle_1mm.uasset" 5454
"/ControlRig/Controls/ControlRig_Hexagon_solid" 5455
"/ControlRig/Controls/ControlRig_Hexagon_3mm" 5456
"/ControlRig/Controls/ControlRig_Hexagon_1mm" 5457
"/ControlRig/Controls/ControlRig_HalfCircle_solid" 5458
"/ControlRig/Controls/ControlRig_HalfCircle_3mm" 5459
"/ControlRig/Controls/ControlRig_Arrow4_3mm" 5460
"/ControlRig/Controls/ControlRig_Arrow4_1mm" 5461
"/ControlRig/Controls/ControlRig_Arrow2_solid" 5462
"/ControlRig/Controls/ControlRig_Sphere_solid" 5463
"/ControlRig/Controls/ControlRig_HalfCircle_1mm" 5464
"/ControlRig/Controls/ControlRig_Diamond_solid" 5465
"/ControlRig/Controls/ControlRig_Diamond_3mm" 5466
"/ControlRig/Controls/ControlRig_Diamond_1mm" 5467
"/ControlRig/Controls/ControlRig_Circle_solid" 5468
"/ControlRig/Controls/ControlRig_Circle_3mm" 5469
"/ControlRig/Controls/ControlRig_Circle_1mm" 5470
"/ControlRig/Controls/ControlRig_Box_solid" 5471
"/ControlRig/Controls/ControlRig_Box_3mm" 5472
"/ControlRig/Controls/ControlRig_Box_1mm" 5473
"/ControlRig/Controls/ControlRig_Arrow_solid" 5474
"/ControlRig/Controls/ControlRig_Arrow_3mm" 5475
"/ControlRig/Controls/ControlRig_Arrow_1mm" 5476
"../../../Engine/Plugins/Animation/ControlRig/Content/Controls/ControlRig_QuarterCircle_3mm.uasset" 5477
"../../../Engine/Plugins/Animation/ControlRig/Content/Controls/ControlRig_RoundedSquare_1mm.uasset" 5478
"../../../Engine/Plugins/Animation/ControlRig/Content/Controls/ControlRig_QuarterCircle_solid.uasset" 5479
"../../../Engine/Plugins/Animation/ControlRig/Content/Controls/ControlRig_RoundedSquare_3mm.uasset" 5480
"/ControlRig/Controls/ControlRig_QuarterCircle_1mm" 5481
"../../../Engine/Plugins/Animation/ControlRig/Content/Controls/ControlRig_Sphere_3mm.uasset" 5482
"../../../Engine/Plugins/Animation/ControlRig/Content/Controls/ControlRig_RoundedTriangle_solid.uasset" 5483
"../../../Engine/Plugins/Animation/ControlRig/Content/Controls/ControlRig_RoundedTriangle_3mm.uasset" 5484
"../../../Engine/Plugins/Animation/ControlRig/Content/Controls/ControlRig_Star4_solid.uasset" 5485
"../../../Engine/Plugins/Animation/ControlRig/Content/Controls/ControlRig_Star4_1mm.uasset" 5486
"../../../Engine/Plugins/Animation/ControlRig/Content/Controls/ControlRig_Sphere_1mm.uasset" 5487
"../../../Engine/Plugins/Animation/ControlRig/Content/Controls/ControlRig_RoundedSquare_solid.uasset" 5488
"../../../Engine/Plugins/Animation/ControlRig/Content/Controls/ControlRig_Star4_3mm.uasset" 5489
"../../../Engine/Plugins/Animation/ControlRig/Content/Controls/ControlRig_Triangle_1mm.uasset" 5490
"../../../Engine/Content/Maps/Entry_BuiltData.uasset" 5491
"../../../Engine/Plugins/Animation/ControlRig/Content/Controls/ControlRig_Wedge_3mm.uasset" 5492
"../../../Engine/Plugins/Animation/ControlRig/Content/Controls/ControlRig_Triangle_3mm.uasset" 5493
"../../../Engine/Plugins/Animation/ControlRig/Content/Controls/ControlRig_Triangle_solid.uasset" 5494
"../../../Engine/Plugins/Animation/ControlRig/Content/Controls/ControlRig_Square_1mm.uasset" 5495
"../../../Engine/Plugins/Animation/ControlRig/Content/Controls/ControlRig_RoundedTriangle_1mm.uasset" 5496
"../../../Engine/Plugins/Animation/ControlRig/Content/Controls/ControlRig_Square_3mm.uasset" 5497
"../../../Engine/Plugins/Animation/ControlRig/Content/Controls/ControlRig_Square_solid.uasset" 5498
"../../../Engine/Plugins/Animation/ControlRig/Content/Controls/ControlRig_Wedge_1mm.uasset" 5499
"../../../Engine/Plugins/Animation/ControlRig/Content/Controls/ControlRig_Wedge_solid.uasset" 5500
"../../../Engine/Content/Maps/Entry.umap" 5501
"/ControlRig/Controls/ControlRig_Pyramid_solid" 5502
"/ControlRig/Controls/ControlRig_Pyramid_3mm" 5503
"/ControlRig/Controls/ControlRig_Pyramid_1mm" 5504
"/ControlRig/Controls/ControlRig_Octagon_solid" 5505
"/ControlRig/Controls/ControlRig_Octagon_3mm" 5506
"/Engine/Maps/Entry_BuiltData" 5507
"/ControlRig/Controls/ControlRig_Wedge_solid" 5508
"/ControlRig/Controls/ControlRig_Wedge_3mm" 5509
"/ControlRig/Controls/ControlRig_Wedge_1mm" 5510
"/ControlRig/Controls/ControlRig_Triangle_solid" 5511
"/ControlRig/Controls/ControlRig_Triangle_3mm" 5512
"/ControlRig/Controls/ControlRig_Triangle_1mm" 5513
"/ControlRig/Controls/ControlRig_Star4_solid" 5514
"/ControlRig/Controls/ControlRig_Star4_3mm" 5515
"/ControlRig/Controls/ControlRig_Star4_1mm" 5516
"/Engine/Maps/Entry" 5517
"/ControlRig/Controls/ControlRig_Square_solid" 5518
"/ControlRig/Controls/ControlRig_Square_3mm" 5519
"/ControlRig/Controls/ControlRig_Square_1mm" 5520
"/ControlRig/Controls/ControlRig_Sphere_3mm" 5521
"/ControlRig/Controls/ControlRig_Sphere_1mm" 5522
"/ControlRig/Controls/ControlRig_RoundedTriangle_solid" 5523
"/ControlRig/Controls/ControlRig_RoundedTriangle_3mm" 5524
"/ControlRig/Controls/ControlRig_RoundedTriangle_1mm" 5525
"/ControlRig/Controls/ControlRig_RoundedSquare_solid" 5526
"/ControlRig/Controls/ControlRig_RoundedSquare_3mm" 5527
"/ControlRig/Controls/ControlRig_RoundedSquare_1mm" 5528
"/ControlRig/Controls/ControlRig_QuarterCircle_solid" 5529
"/ControlRig/Controls/ControlRig_QuarterCircle_3mm" 5530
"../../../Engine/Content/VREditor/LaserPointer/LaserPointerMaterial.uasset" 5531
"../../../Engine/Content/VREditor/LaserPointer/LaserPointerMaterialInst.uasset" 5532
"/Engine/VREditor/LaserPointer/LaserPointerMaterialInst" 5533
"../../../Engine/Plugins/MovieScene/MovieRenderPipeline/Content/Materials/MovieRenderQueue_WorldDepth.uasset" 5534
"../../../Engine/Plugins/VirtualProduction/CameraCalibrationCore/Content/Materials/M_DistortionPostProcess.uasset" 5535
"../../../Engine/Content/EditorMaterials/PreviewShadowIndicatorMaterial.uasset" 5536
"../../../Engine/Content/EditorMaterials/PreviewShadowIndicator.uasset" 5537
"../../../Engine/Content/EngineMaterials/Substrate/GLints/dict_16_192_64_0p5_0p02_0063_0014.uasset" 5538
"../../../Engine/Content/EngineMaterials/Substrate/GLints/dict_16_192_64_0p5_0p02_0063_0013.uasset" 5539
"../../../Engine/Content/EngineMaterials/Substrate/GLints/dict_16_192_64_0p5_0p02_0063_0015.uasset" 5540
"../../../Engine/Content/EngineMaterials/Substrate/GLints/dict_16_192_64_0p5_0p02_0063_0009.uasset" 5541
"../../../Engine/Content/EngineMaterials/Substrate/GLints/dict_16_192_64_0p5_0p02_0063_0005.uasset" 5542
"../../../Engine/Content/EngineMaterials/Substrate/GLints/dict_16_192_64_0p5_0p02_0063_0012.uasset" 5543
"../../../Engine/Content/EngineMaterials/Substrate/GLints/dict_16_192_64_0p5_0p02_0062_0014.uasset" 5544
"../../../Engine/Content/EngineMaterials/Substrate/GLints/dict_16_192_64_0p5_0p02_0063_0001.uasset" 5545
"../../../Engine/Content/EngineMaterials/Substrate/GLints/dict_16_192_64_0p5_0p02_0063_0006.uasset" 5546
"../../../Engine/Content/EngineMaterials/Substrate/GLints/dict_16_192_64_0p5_0p02_0063_0011.uasset" 5547
"../../../Engine/Content/EngineMaterials/Substrate/GLints/dict_16_192_64_0p5_0p02_0063_0000.uasset" 5548
"../../../Engine/Content/EngineMaterials/Substrate/GLints/dict_16_192_64_0p5_0p02_0063_0007.uasset" 5549
"../../../Engine/Content/EngineMaterials/Substrate/GLints/dict_16_192_64_0p5_0p02_0062_0013.uasset" 5550
"../../../Engine/Content/EngineMaterials/Substrate/GLints/dict_16_192_64_0p5_0p02_0063_0004.uasset" 5551
"../../../Engine/Content/EngineMaterials/Substrate/GLints/dict_16_192_64_0p5_0p02_0062_0010.uasset" 5552
"../../../Engine/Content/EngineMaterials/Substrate/GLints/dict_16_192_64_0p5_0p02_0062_0015.uasset" 5553
"../../../Engine/Content/EngineMaterials/Substrate/GLints/dict_16_192_64_0p5_0p02_0062_0012.uasset" 5554
"../../../Engine/Content/EngineMaterials/Substrate/GLints/dict_16_192_64_0p5_0p02_0063_0002.uasset" 5555
"../../../Engine/Content/EngineMaterials/Substrate/GLints/dict_16_192_64_0p5_0p02_0062_0009.uasset" 5556
"../../../Engine/Content/EngineMaterials/Substrate/GLints/dict_16_192_64_0p5_0p02_0063_0010.uasset" 5557
"../../../Engine/Content/EngineMaterials/Substrate/GLints/dict_16_192_64_0p5_0p02_0063_0003.uasset" 5558
"../../../Engine/Content/EngineMaterials/Substrate/GLints/dict_16_192_64_0p5_0p02_0063_0008.uasset" 5559
"../../../Engine/Content/EngineMaterials/Substrate/GLints/dict_16_192_64_0p5_0p02_0062_0008.uasset" 5560
"../../../Engine/Content/EngineMaterials/Substrate/GLints/dict_16_192_64_0p5_0p02_0062_0011.uasset" 5561
"../../../Engine/Content/EngineMaterials/Substrate/GLints/dict_16_192_64_0p5_0p02_0062_0006.uasset" 5562
"../../../Engine/Content/EngineMaterials/Substrate/GLints/dict_16_192_64_0p5_0p02_0062_0005.uasset" 5563
"../../../Engine/Content/EngineMaterials/Substrate/GLints/dict_16_192_64_0p5_0p02_0062_0007.uasset" 5564
"../../../Engine/Content/EngineMaterials/Substrate/GLints/dict_16_192_64_0p5_0p02_0062_0004.uasset" 5565
"/Engine/EngineMaterials/Substrate/GLints/dict_16_192_64_0p5_0p02_0062_0012" 5566
"/Engine/EngineMaterials/Substrate/GLints/dict_16_192_64_0p5_0p02_0062_0013" 5567
"/Engine/EngineMaterials/Substrate/GLints/dict_16_192_64_0p5_0p02_0062_0014" 5568
"/Engine/EngineMaterials/Substrate/GLints/dict_16_192_64_0p5_0p02_0062_0015" 5569
"/Engine/EngineMaterials/Substrate/GLints/dict_16_192_64_0p5_0p02_0063_0000" 5570
"/Engine/EngineMaterials/Substrate/GLints/dict_16_192_64_0p5_0p02_0063_0001" 5571
"/Engine/EngineMaterials/Substrate/GLints/dict_16_192_64_0p5_0p02_0063_0002" 5572
"/Engine/EngineMaterials/Substrate/GLints/dict_16_192_64_0p5_0p02_0063_0003" 5573
"/Engine/EngineMaterials/Substrate/GLints/dict_16_192_64_0p5_0p02_0063_0004" 5574
"/Engine/EngineMaterials/Substrate/GLints/dict_16_192_64_0p5_0p02_0062_0004" 5575
"/Engine/EngineMaterials/Substrate/GLints/dict_16_192_64_0p5_0p02_0062_0005" 5576
"/Engine/EngineMaterials/Substrate/GLints/dict_16_192_64_0p5_0p02_0063_0005" 5577
"/Engine/EngineMaterials/Substrate/GLints/dict_16_192_64_0p5_0p02_0063_0006" 5578
"/Engine/EngineMaterials/Substrate/GLints/dict_16_192_64_0p5_0p02_0062_0006" 5579
"/Engine/EngineMaterials/Substrate/GLints/dict_16_192_64_0p5_0p02_0062_0007" 5580
"/Engine/EngineMaterials/Substrate/GLints/dict_16_192_64_0p5_0p02_0062_0008" 5581
"/Engine/EngineMaterials/Substrate/GLints/dict_16_192_64_0p5_0p02_0062_0009" 5582
"/Engine/EngineMaterials/Substrate/GLints/dict_16_192_64_0p5_0p02_0062_0010" 5583
"/Engine/EngineMaterials/Substrate/GLints/dict_16_192_64_0p5_0p02_0063_0007" 5584
"/Engine/EngineMaterials/Substrate/GLints/dict_16_192_64_0p5_0p02_0063_0008" 5585
"/Engine/EngineMaterials/Substrate/GLints/dict_16_192_64_0p5_0p02_0063_0009" 5586
"/Engine/EngineMaterials/Substrate/GLints/dict_16_192_64_0p5_0p02_0063_0010" 5587
"/Engine/EngineMaterials/Substrate/GLints/dict_16_192_64_0p5_0p02_0063_0011" 5588
"/Engine/EngineMaterials/Substrate/GLints/dict_16_192_64_0p5_0p02_0063_0012" 5589
"/Engine/EngineMaterials/Substrate/GLints/dict_16_192_64_0p5_0p02_0063_0013" 5590
"/Engine/EngineMaterials/Substrate/GLints/dict_16_192_64_0p5_0p02_0063_0014" 5591
"/Engine/EngineMaterials/Substrate/GLints/dict_16_192_64_0p5_0p02_0063_0015" 5592
"/Engine/EditorMaterials/PreviewShadowIndicatorMaterial" 5593
"/CameraCalibrationCore/Materials/M_DistortionPostProcess" 5594
"/MovieRenderPipeline/Materials/MovieRenderQueue_WorldDepth" 5595
"/Engine/EngineMaterials/Substrate/GLints/dict_16_192_64_0p5_0p02_0062_0011" 5596
"../../../Engine/Content/EngineMaterials/Substrate/GLints/dict_16_192_64_0p5_0p02_0062_0001.uasset" 5597
"../../../Engine/Content/EngineMaterials/Substrate/GLints/dict_16_192_64_0p5_0p02_0061_0015.uasset" 5598
"../../../Engine/Content/EngineMaterials/Substrate/GLints/dict_16_192_64_0p5_0p02_0062_0000.uasset" 5599
"../../../Engine/Content/EngineMaterials/Substrate/GLints/dict_16_192_64_0p5_0p02_0061_0012.uasset" 5600
"/Engine/EngineMaterials/Substrate/GLints/dict_16_192_64_0p5_0p02_0062_0001" 5601
"../../../Engine/Content/EngineMaterials/Substrate/GLints/dict_16_192_64_0p5_0p02_0061_0014.uasset" 5602
"../../../Engine/Content/EngineMaterials/Substrate/GLints/dict_16_192_64_0p5_0p02_0061_0005.uasset" 5603
"../../../Engine/Content/EngineMaterials/Substrate/GLints/dict_16_192_64_0p5_0p02_0061_0011.uasset" 5604
"../../../Engine/Content/EngineMaterials/Substrate/GLints/dict_16_192_64_0p5_0p02_0061_0004.uasset" 5605
"../../../Engine/Content/EngineMaterials/Substrate/GLints/dict_16_192_64_0p5_0p02_0061_0003.uasset" 5606
"../../../Engine/Content/EngineMaterials/Substrate/GLints/dict_16_192_64_0p5_0p02_0061_0010.uasset" 5607
"../../../Engine/Content/EngineMaterials/Substrate/GLints/dict_16_192_64_0p5_0p02_0061_0009.uasset" 5608
"../../../Engine/Content/EngineMaterials/Substrate/GLints/dict_16_192_64_0p5_0p02_0061_0006.uasset" 5609
"../../../Engine/Content/EngineMaterials/Substrate/GLints/dict_16_192_64_0p5_0p02_0061_0000.uasset" 5610
"../../../Engine/Content/EngineMaterials/Substrate/GLints/dict_16_192_64_0p5_0p02_0062_0003.uasset" 5611
"../../../Engine/Content/EngineMaterials/Substrate/GLints/dict_16_192_64_0p5_0p02_0061_0008.uasset" 5612
"../../../Engine/Content/EngineMaterials/Substrate/GLints/dict_16_192_64_0p5_0p02_0061_0013.uasset" 5613
"../../../Engine/Content/EngineMaterials/Substrate/GLints/dict_16_192_64_0p5_0p02_0062_0002.uasset" 5614
"../../../Engine/Content/EngineMaterials/Substrate/GLints/dict_16_192_64_0p5_0p02_0060_0014.uasset" 5615
"../../../Engine/Content/EngineMaterials/Substrate/GLints/dict_16_192_64_0p5_0p02_0061_0001.uasset" 5616
"../../../Engine/Content/EngineMaterials/Substrate/GLints/dict_16_192_64_0p5_0p02_0060_0013.uasset" 5617
"../../../Engine/Content/EngineMaterials/Substrate/GLints/dict_16_192_64_0p5_0p02_0061_0007.uasset" 5618
"../../../Engine/Content/EngineMaterials/Substrate/GLints/dict_16_192_64_0p5_0p02_0060_0015.uasset" 5619
"/Engine/EngineMaterials/Substrate/GLints/dict_16_192_64_0p5_0p02_0060_0014" 5620
"../../../Engine/Content/EngineMaterials/Substrate/GLints/dict_16_192_64_0p5_0p02_0060_0012.uasset" 5621
"../../../Engine/Content/EngineMaterials/Substrate/GLints/dict_16_192_64_0p5_0p02_0061_0002.uasset" 5622
"../../../Engine/Content/EngineMaterials/Substrate/GLints/dict_16_192_64_0p5_0p02_0060_0008.uasset" 5623
"../../../Engine/Content/EngineMaterials/Substrate/GLints/dict_16_192_64_0p5_0p02_0060_0009.uasset" 5624
"../../../Engine/Content/EngineMaterials/Substrate/GLints/dict_16_192_64_0p5_0p02_0060_0011.uasset" 5625
"../../../Engine/Content/EngineMaterials/Substrate/GLints/dict_16_192_64_0p5_0p02_0060_0010.uasset" 5626
"../../../Engine/Content/EngineMaterials/Substrate/GLints/dict_16_192_64_0p5_0p02_0060_0006.uasset" 5627
"../../../Engine/Content/EngineMaterials/Substrate/GLints/dict_16_192_64_0p5_0p02_0060_0007.uasset" 5628
"/Engine/EngineMaterials/Substrate/GLints/dict_16_192_64_0p5_0p02_0061_0000" 5629
"../../../Engine/Content/EngineMaterials/Substrate/GLints/dict_16_192_64_0p5_0p02_0060_0005.uasset" 5630
"../../../Engine/Content/EngineMaterials/Substrate/GLints/dict_16_192_64_0p5_0p02_0060_0004.uasset" 5631
"../../../Engine/Content/EngineMaterials/Substrate/GLints/dict_16_192_64_0p5_0p02_0060_0003.uasset" 5632
"/Engine/EngineMaterials/Substrate/GLints/dict_16_192_64_0p5_0p02_0061_0001" 5633
"/Engine/EngineMaterials/Substrate/GLints/dict_16_192_64_0p5_0p02_0061_0003" 5634
"/Engine/EngineMaterials/Substrate/GLints/dict_16_192_64_0p5_0p02_0061_0004" 5635
"/Engine/EngineMaterials/Substrate/GLints/dict_16_192_64_0p5_0p02_0061_0005" 5636
"/Engine/EngineMaterials/Substrate/GLints/dict_16_192_64_0p5_0p02_0061_0006" 5637
"/Engine/EngineMaterials/Substrate/GLints/dict_16_192_64_0p5_0p02_0061_0008" 5638
"/Engine/EngineMaterials/Substrate/GLints/dict_16_192_64_0p5_0p02_0061_0009" 5639
"/Engine/EngineMaterials/Substrate/GLints/dict_16_192_64_0p5_0p02_0061_0010" 5640
"/Engine/EngineMaterials/Substrate/GLints/dict_16_192_64_0p5_0p02_0061_0011" 5641
"/Engine/EngineMaterials/Substrate/GLints/dict_16_192_64_0p5_0p02_0061_0012" 5642
"/Engine/EngineMaterials/Substrate/GLints/dict_16_192_64_0p5_0p02_0061_0013" 5643
"/Engine/EngineMaterials/Substrate/GLints/dict_16_192_64_0p5_0p02_0061_0014" 5644
"/Engine/EngineMaterials/Substrate/GLints/dict_16_192_64_0p5_0p02_0061_0015" 5645
"/Engine/EngineMaterials/Substrate/GLints/dict_16_192_64_0p5_0p02_0062_0000" 5646
"/Engine/EngineMaterials/Substrate/GLints/dict_16_192_64_0p5_0p02_0062_0002" 5647
"/Engine/EngineMaterials/Substrate/GLints/dict_16_192_64_0p5_0p02_0062_0003" 5648
"../../../Engine/Content/EngineMaterials/Substrate/GLints/dict_16_192_64_0p5_0p02_0060_0002.uasset" 5649
"../../../Engine/Content/EngineMaterials/Substrate/GLints/dict_16_192_64_0p5_0p02_0060_0001.uasset" 5650
"../../../Engine/Content/EngineMaterials/Substrate/GLints/dict_16_192_64_0p5_0p02_0059_0015.uasset" 5651
"/Engine/EngineMaterials/Substrate/GLints/dict_16_192_64_0p5_0p02_0060_0004" 5652
"../../../Engine/Content/EngineMaterials/Substrate/GLints/dict_16_192_64_0p5_0p02_0059_0010.uasset" 5653
"../../../Engine/Content/EngineMaterials/Substrate/GLints/dict_16_192_64_0p5_0p02_0059_0011.uasset" 5654
"../../../Engine/Content/EngineMaterials/Substrate/GLints/dict_16_192_64_0p5_0p02_0060_0000.uasset" 5655
"../../../Engine/Content/EngineMaterials/Substrate/GLints/dict_16_192_64_0p5_0p02_0059_0012.uasset" 5656
"../../../Engine/Content/EngineMaterials/Substrate/GLints/dict_16_192_64_0p5_0p02_0059_0009.uasset" 5657
"../../../Engine/Content/EngineMaterials/Substrate/GLints/dict_16_192_64_0p5_0p02_0059_0008.uasset" 5658
"../../../Engine/Content/EngineMaterials/Substrate/GLints/dict_16_192_64_0p5_0p02_0059_0014.uasset" 5659
"../../../Engine/Content/EngineMaterials/Substrate/GLints/dict_16_192_64_0p5_0p02_0059_0004.uasset" 5660
"../../../Engine/Content/EngineMaterials/Substrate/GLints/dict_16_192_64_0p5_0p02_0059_0003.uasset" 5661
"../../../Engine/Content/EngineMaterials/Substrate/GLints/dict_16_192_64_0p5_0p02_0059_0013.uasset" 5662
"../../../Engine/Content/EngineMaterials/Substrate/GLints/dict_16_192_64_0p5_0p02_0059_0006.uasset" 5663
"../../../Engine/Content/EngineMaterials/Substrate/GLints/dict_16_192_64_0p5_0p02_0059_0005.uasset" 5664
"../../../Engine/Content/EngineMaterials/Substrate/GLints/dict_16_192_64_0p5_0p02_0059_0002.uasset" 5665
"../../../Engine/Content/EngineMaterials/Substrate/GLints/dict_16_192_64_0p5_0p02_0059_0001.uasset" 5666
"/Engine/EngineMaterials/Substrate/GLints/dict_16_192_64_0p5_0p02_0060_0005" 5667
"../../../Engine/Content/EngineMaterials/Substrate/GLints/dict_16_192_64_0p5_0p02_0059_0007.uasset" 5668
"/Engine/EngineMaterials/Substrate/GLints/dict_16_192_64_0p5_0p02_0060_0006" 5669
"/Engine/EngineMaterials/Substrate/GLints/dict_16_192_64_0p5_0p02_0060_0007" 5670
"/Engine/EngineMaterials/Substrate/GLints/dict_16_192_64_0p5_0p02_0060_0008" 5671
"/Engine/EngineMaterials/Substrate/GLints/dict_16_192_64_0p5_0p02_0060_0009" 5672
"/Engine/EngineMaterials/Substrate/GLints/dict_16_192_64_0p5_0p02_0060_0010" 5673
"/Engine/EngineMaterials/Substrate/GLints/dict_16_192_64_0p5_0p02_0060_0011" 5674
"/Engine/EngineMaterials/Substrate/GLints/dict_16_192_64_0p5_0p02_0060_0012" 5675
"/Engine/EngineMaterials/Substrate/GLints/dict_16_192_64_0p5_0p02_0060_0013" 5676
"/Engine/EngineMaterials/Substrate/GLints/dict_16_192_64_0p5_0p02_0060_0015" 5677
"/Engine/EngineMaterials/Substrate/GLints/dict_16_192_64_0p5_0p02_0061_0002" 5678
"/Engine/EngineMaterials/Substrate/GLints/dict_16_192_64_0p5_0p02_0061_0007" 5679
"/Engine/EngineMaterials/Substrate/GLints/dict_16_192_64_0p5_0p02_0059_0015" 5680
"/Engine/EngineMaterials/Substrate/GLints/dict_16_192_64_0p5_0p02_0060_0003" 5681
"/Engine/EngineMaterials/Substrate/GLints/dict_16_192_64_0p5_0p02_0060_0001" 5682
"/Engine/EngineMaterials/Substrate/GLints/dict_16_192_64_0p5_0p02_0060_0002" 5683
"../../../Engine/Content/EngineMaterials/Substrate/GLints/dict_16_192_64_0p5_0p02_0058_0015.uasset" 5684
"../../../Engine/Content/EngineMaterials/Substrate/GLints/dict_16_192_64_0p5_0p02_0058_0010.uasset" 5685
"/Engine/EngineMaterials/Substrate/GLints/dict_16_192_64_0p5_0p02_0059_0001" 5686
"../../../Engine/Content/EngineMaterials/Substrate/GLints/dict_16_192_64_0p5_0p02_0058_0011.uasset" 5687
"../../../Engine/Content/EngineMaterials/Substrate/GLints/dict_16_192_64_0p5_0p02_0058_0013.uasset" 5688
"../../../Engine/Content/EngineMaterials/Substrate/GLints/dict_16_192_64_0p5_0p02_0058_0008.uasset" 5689
"../../../Engine/Content/EngineMaterials/Substrate/GLints/dict_16_192_64_0p5_0p02_0058_0012.uasset" 5690
"../../../Engine/Content/EngineMaterials/Substrate/GLints/dict_16_192_64_0p5_0p02_0058_0005.uasset" 5691
"../../../Engine/Content/EngineMaterials/Substrate/GLints/dict_16_192_64_0p5_0p02_0058_0003.uasset" 5692
"../../../Engine/Content/EngineMaterials/Substrate/GLints/dict_16_192_64_0p5_0p02_0058_0007.uasset" 5693
"../../../Engine/Content/EngineMaterials/Substrate/GLints/dict_16_192_64_0p5_0p02_0058_0014.uasset" 5694
"../../../Engine/Content/EngineMaterials/Substrate/GLints/dict_16_192_64_0p5_0p02_0058_0009.uasset" 5695
"../../../Engine/Content/EngineMaterials/Substrate/GLints/dict_16_192_64_0p5_0p02_0058_0004.uasset" 5696
"../../../Engine/Content/EngineMaterials/Substrate/GLints/dict_16_192_64_0p5_0p02_0058_0006.uasset" 5697
"../../../Engine/Content/EngineMaterials/Substrate/GLints/dict_16_192_64_0p5_0p02_0058_0000.uasset" 5698
"../../../Engine/Content/EngineMaterials/Substrate/GLints/dict_16_192_64_0p5_0p02_0059_0000.uasset" 5699
"../../../Engine/Content/EngineMaterials/Substrate/GLints/dict_16_192_64_0p5_0p02_0058_0002.uasset" 5700
"../../../Engine/Content/EngineMaterials/Substrate/GLints/dict_16_192_64_0p5_0p02_0058_0001.uasset" 5701
"/Engine/EngineMaterials/Substrate/GLints/dict_16_192_64_0p5_0p02_0059_0002" 5702
"/Engine/EngineMaterials/Substrate/GLints/dict_16_192_64_0p5_0p02_0059_0003" 5703
"/Engine/EngineMaterials/Substrate/GLints/dict_16_192_64_0p5_0p02_0059_0004" 5704
"/Engine/EngineMaterials/Substrate/GLints/dict_16_192_64_0p5_0p02_0059_0005" 5705
"/Engine/EngineMaterials/Substrate/GLints/dict_16_192_64_0p5_0p02_0059_0006" 5706
"/Engine/EngineMaterials/Substrate/GLints/dict_16_192_64_0p5_0p02_0059_0007" 5707
"/Engine/EngineMaterials/Substrate/GLints/dict_16_192_64_0p5_0p02_0059_0008" 5708
"/Engine/EngineMaterials/Substrate/GLints/dict_16_192_64_0p5_0p02_0059_0009" 5709
"/Engine/EngineMaterials/Substrate/GLints/dict_16_192_64_0p5_0p02_0059_0010" 5710
"/Engine/EngineMaterials/Substrate/GLints/dict_16_192_64_0p5_0p02_0059_0011" 5711
"/Engine/EngineMaterials/Substrate/GLints/dict_16_192_64_0p5_0p02_0059_0012" 5712
"/Engine/EngineMaterials/Substrate/GLints/dict_16_192_64_0p5_0p02_0059_0013" 5713
"/Engine/EngineMaterials/Substrate/GLints/dict_16_192_64_0p5_0p02_0059_0014" 5714
"/Engine/EngineMaterials/Substrate/GLints/dict_16_192_64_0p5_0p02_0060_0000" 5715
"../../../Engine/Content/EngineMaterials/Substrate/GLints/dict_16_192_64_0p5_0p02_0057_0015.uasset" 5716
"../../../Engine/Content/EngineMaterials/Substrate/GLints/dict_16_192_64_0p5_0p02_0057_0014.uasset" 5717
"../../../Engine/Content/EngineMaterials/Substrate/GLints/dict_16_192_64_0p5_0p02_0057_0013.uasset" 5718
"../../../Engine/Content/EngineMaterials/Substrate/GLints/dict_16_192_64_0p5_0p02_0057_0012.uasset" 5719
"../../../Engine/Content/EngineMaterials/Substrate/GLints/dict_16_192_64_0p5_0p02_0057_0011.uasset" 5720
"/Engine/EngineMaterials/Substrate/GLints/dict_16_192_64_0p5_0p02_0058_0000" 5721
"../../../Engine/Content/EngineMaterials/Substrate/GLints/dict_16_192_64_0p5_0p02_0057_0010.uasset" 5722
"../../../Engine/Content/EngineMaterials/Substrate/GLints/dict_16_192_64_0p5_0p02_0057_0007.uasset" 5723
"../../../Engine/Content/EngineMaterials/Substrate/GLints/dict_16_192_64_0p5_0p02_0057_0006.uasset" 5724
"../../../Engine/Content/EngineMaterials/Substrate/GLints/dict_16_192_64_0p5_0p02_0057_0003.uasset" 5725
"../../../Engine/Content/EngineMaterials/Substrate/GLints/dict_16_192_64_0p5_0p02_0057_0008.uasset" 5726
"../../../Engine/Content/EngineMaterials/Substrate/GLints/dict_16_192_64_0p5_0p02_0057_0001.uasset" 5727
"../../../Engine/Content/EngineMaterials/Substrate/GLints/dict_16_192_64_0p5_0p02_0057_0005.uasset" 5728
"../../../Engine/Content/EngineMaterials/Substrate/GLints/dict_16_192_64_0p5_0p02_0057_0002.uasset" 5729
"../../../Engine/Content/EngineMaterials/Substrate/GLints/dict_16_192_64_0p5_0p02_0057_0004.uasset" 5730
"../../../Engine/Content/EngineMaterials/Substrate/GLints/dict_16_192_64_0p5_0p02_0057_0009.uasset" 5731
"/Engine/EngineMaterials/Substrate/GLints/dict_16_192_64_0p5_0p02_0058_0001" 5732
"/Engine/EngineMaterials/Substrate/GLints/dict_16_192_64_0p5_0p02_0058_0002" 5733
"/Engine/EngineMaterials/Substrate/GLints/dict_16_192_64_0p5_0p02_0058_0003" 5734
"/Engine/EngineMaterials/Substrate/GLints/dict_16_192_64_0p5_0p02_0058_0004" 5735
"/Engine/EngineMaterials/Substrate/GLints/dict_16_192_64_0p5_0p02_0058_0005" 5736
"/Engine/EngineMaterials/Substrate/GLints/dict_16_192_64_0p5_0p02_0058_0006" 5737
"/Engine/EngineMaterials/Substrate/GLints/dict_16_192_64_0p5_0p02_0058_0007" 5738
"/Engine/EngineMaterials/Substrate/GLints/dict_16_192_64_0p5_0p02_0058_0008" 5739
"/Engine/EngineMaterials/Substrate/GLints/dict_16_192_64_0p5_0p02_0058_0009" 5740
"/Engine/EngineMaterials/Substrate/GLints/dict_16_192_64_0p5_0p02_0058_0010" 5741
"/Engine/EngineMaterials/Substrate/GLints/dict_16_192_64_0p5_0p02_0058_0011" 5742
"/Engine/EngineMaterials/Substrate/GLints/dict_16_192_64_0p5_0p02_0058_0012" 5743
"/Engine/EngineMaterials/Substrate/GLints/dict_16_192_64_0p5_0p02_0058_0013" 5744
"/Engine/EngineMaterials/Substrate/GLints/dict_16_192_64_0p5_0p02_0058_0014" 5745
"/Engine/EngineMaterials/Substrate/GLints/dict_16_192_64_0p5_0p02_0058_0015" 5746
"/Engine/EngineMaterials/Substrate/GLints/dict_16_192_64_0p5_0p02_0059_0000" 5747
"../../../Engine/Content/EngineMaterials/Substrate/GLints/dict_16_192_64_0p5_0p02_0056_0015.uasset" 5748
"../../../Engine/Content/EngineMaterials/Substrate/GLints/dict_16_192_64_0p5_0p02_0056_0012.uasset" 5749
"../../../Engine/Content/EngineMaterials/Substrate/GLints/dict_16_192_64_0p5_0p02_0057_0000.uasset" 5750
"/Engine/EngineMaterials/Substrate/GLints/dict_16_192_64_0p5_0p02_0057_0001" 5751
"../../../Engine/Content/EngineMaterials/Substrate/GLints/dict_16_192_64_0p5_0p02_0056_0014.uasset" 5752
"../../../Engine/Content/EngineMaterials/Substrate/GLints/dict_16_192_64_0p5_0p02_0056_0008.uasset" 5753
"../../../Engine/Content/EngineMaterials/Substrate/GLints/dict_16_192_64_0p5_0p02_0056_0006.uasset" 5754
"../../../Engine/Content/EngineMaterials/Substrate/GLints/dict_16_192_64_0p5_0p02_0056_0007.uasset" 5755
"/Engine/EngineMaterials/Substrate/GLints/dict_16_192_64_0p5_0p02_0057_0002" 5756
"/Engine/EngineMaterials/Substrate/GLints/dict_16_192_64_0p5_0p02_0057_0003" 5757
"../../../Engine/Content/EngineMaterials/Substrate/GLints/dict_16_192_64_0p5_0p02_0056_0005.uasset" 5758
"../../../Engine/Content/EngineMaterials/Substrate/GLints/dict_16_192_64_0p5_0p02_0056_0010.uasset" 5759
"../../../Engine/Content/EngineMaterials/Substrate/GLints/dict_16_192_64_0p5_0p02_0056_0001.uasset" 5760
"../../../Engine/Content/EngineMaterials/Substrate/GLints/dict_16_192_64_0p5_0p02_0056_0004.uasset" 5761
"../../../Engine/Content/EngineMaterials/Substrate/GLints/dict_16_192_64_0p5_0p02_0056_0009.uasset" 5762
"../../../Engine/Content/EngineMaterials/Substrate/GLints/dict_16_192_64_0p5_0p02_0056_0003.uasset" 5763
"../../../Engine/Content/EngineMaterials/Substrate/GLints/dict_16_192_64_0p5_0p02_0056_0013.uasset" 5764
"../../../Engine/Content/EngineMaterials/Substrate/GLints/dict_16_192_64_0p5_0p02_0056_0011.uasset" 5765
"/Engine/EngineMaterials/Substrate/GLints/dict_16_192_64_0p5_0p02_0057_0004" 5766
"../../../Engine/Content/EngineMaterials/Substrate/GLints/dict_16_192_64_0p5_0p02_0056_0000.uasset" 5767
"../../../Engine/Content/EngineMaterials/Substrate/GLints/dict_16_192_64_0p5_0p02_0056_0002.uasset" 5768
"/Engine/EngineMaterials/Substrate/GLints/dict_16_192_64_0p5_0p02_0057_0005" 5769
"/Engine/EngineMaterials/Substrate/GLints/dict_16_192_64_0p5_0p02_0057_0006" 5770
"/Engine/EngineMaterials/Substrate/GLints/dict_16_192_64_0p5_0p02_0057_0007" 5771
"/Engine/EngineMaterials/Substrate/GLints/dict_16_192_64_0p5_0p02_0057_0008" 5772
"/Engine/EngineMaterials/Substrate/GLints/dict_16_192_64_0p5_0p02_0057_0009" 5773
"/Engine/EngineMaterials/Substrate/GLints/dict_16_192_64_0p5_0p02_0057_0010" 5774
"/Engine/EngineMaterials/Substrate/GLints/dict_16_192_64_0p5_0p02_0057_0011" 5775
"/Engine/EngineMaterials/Substrate/GLints/dict_16_192_64_0p5_0p02_0057_0012" 5776
"/Engine/EngineMaterials/Substrate/GLints/dict_16_192_64_0p5_0p02_0057_0013" 5777
"/Engine/EngineMaterials/Substrate/GLints/dict_16_192_64_0p5_0p02_0057_0014" 5778
"/Engine/EngineMaterials/Substrate/GLints/dict_16_192_64_0p5_0p02_0057_0015" 5779
"/Engine/EngineMaterials/Substrate/GLints/dict_16_192_64_0p5_0p02_0056_0015" 5780
"../../../Engine/Content/EngineMaterials/Substrate/GLints/dict_16_192_64_0p5_0p02_0055_0015.uasset" 5781
"../../../Engine/Content/EngineMaterials/Substrate/GLints/dict_16_192_64_0p5_0p02_0055_0014.uasset" 5782
"../../../Engine/Content/EngineMaterials/Substrate/GLints/dict_16_192_64_0p5_0p02_0055_0012.uasset" 5783
"../../../Engine/Content/EngineMaterials/Substrate/GLints/dict_16_192_64_0p5_0p02_0055_0011.uasset" 5784
"../../../Engine/Content/EngineMaterials/Substrate/GLints/dict_16_192_64_0p5_0p02_0055_0010.uasset" 5785
"../../../Engine/Content/EngineMaterials/Substrate/GLints/dict_16_192_64_0p5_0p02_0055_0008.uasset" 5786
"../../../Engine/Content/EngineMaterials/Substrate/GLints/dict_16_192_64_0p5_0p02_0055_0009.uasset" 5787
"../../../Engine/Content/EngineMaterials/Substrate/GLints/dict_16_192_64_0p5_0p02_0055_0006.uasset" 5788
"/Engine/EngineMaterials/Substrate/GLints/dict_16_192_64_0p5_0p02_0056_0000" 5789
"../../../Engine/Content/EngineMaterials/Substrate/GLints/dict_16_192_64_0p5_0p02_0055_0004.uasset" 5790
"../../../Engine/Content/EngineMaterials/Substrate/GLints/dict_16_192_64_0p5_0p02_0055_0003.uasset" 5791
"../../../Engine/Content/EngineMaterials/Substrate/GLints/dict_16_192_64_0p5_0p02_0055_0001.uasset" 5792
"../../../Engine/Content/EngineMaterials/Substrate/GLints/dict_16_192_64_0p5_0p02_0055_0002.uasset" 5793
"../../../Engine/Content/EngineMaterials/Substrate/GLints/dict_16_192_64_0p5_0p02_0055_0000.uasset" 5794
"../../../Engine/Content/EngineMaterials/Substrate/GLints/dict_16_192_64_0p5_0p02_0055_0005.uasset" 5795
"../../../Engine/Content/EngineMaterials/Substrate/GLints/dict_16_192_64_0p5_0p02_0055_0007.uasset" 5796
"../../../Engine/Content/EngineMaterials/Substrate/GLints/dict_16_192_64_0p5_0p02_0055_0013.uasset" 5797
"/Engine/EngineMaterials/Substrate/GLints/dict_16_192_64_0p5_0p02_0056_0001" 5798
"/Engine/EngineMaterials/Substrate/GLints/dict_16_192_64_0p5_0p02_0056_0002" 5799
"/Engine/EngineMaterials/Substrate/GLints/dict_16_192_64_0p5_0p02_0056_0003" 5800
"/Engine/EngineMaterials/Substrate/GLints/dict_16_192_64_0p5_0p02_0056_0004" 5801
"/Engine/EngineMaterials/Substrate/GLints/dict_16_192_64_0p5_0p02_0056_0005" 5802
"/Engine/EngineMaterials/Substrate/GLints/dict_16_192_64_0p5_0p02_0056_0006" 5803
"/Engine/EngineMaterials/Substrate/GLints/dict_16_192_64_0p5_0p02_0056_0007" 5804
"/Engine/EngineMaterials/Substrate/GLints/dict_16_192_64_0p5_0p02_0056_0008" 5805
"/Engine/EngineMaterials/Substrate/GLints/dict_16_192_64_0p5_0p02_0056_0009" 5806
"/Engine/EngineMaterials/Substrate/GLints/dict_16_192_64_0p5_0p02_0056_0010" 5807
"/Engine/EngineMaterials/Substrate/GLints/dict_16_192_64_0p5_0p02_0056_0011" 5808
"/Engine/EngineMaterials/Substrate/GLints/dict_16_192_64_0p5_0p02_0056_0012" 5809
"/Engine/EngineMaterials/Substrate/GLints/dict_16_192_64_0p5_0p02_0056_0013" 5810
"/Engine/EngineMaterials/Substrate/GLints/dict_16_192_64_0p5_0p02_0055_0014" 5811
"/Engine/EngineMaterials/Substrate/GLints/dict_16_192_64_0p5_0p02_0056_0014" 5812
"/Engine/EngineMaterials/Substrate/GLints/dict_16_192_64_0p5_0p02_0055_0015" 5813
"/Engine/EngineMaterials/Substrate/GLints/dict_16_192_64_0p5_0p02_0057_0000" 5814
"../../../Engine/Content/EngineMaterials/Substrate/GLints/dict_16_192_64_0p5_0p02_0054_0015.uasset" 5815
"../../../Engine/Content/EngineMaterials/Substrate/GLints/dict_16_192_64_0p5_0p02_0054_0013.uasset" 5816
"../../../Engine/Content/EngineMaterials/Substrate/GLints/dict_16_192_64_0p5_0p02_0054_0014.uasset" 5817
"../../../Engine/Content/EngineMaterials/Substrate/GLints/dict_16_192_64_0p5_0p02_0054_0012.uasset" 5818
"../../../Engine/Content/EngineMaterials/Substrate/GLints/dict_16_192_64_0p5_0p02_0054_0011.uasset" 5819
"../../../Engine/Content/EngineMaterials/Substrate/GLints/dict_16_192_64_0p5_0p02_0054_0010.uasset" 5820
"../../../Engine/Content/EngineMaterials/Substrate/GLints/dict_16_192_64_0p5_0p02_0054_0009.uasset" 5821
"/Engine/EngineMaterials/Substrate/GLints/dict_16_192_64_0p5_0p02_0055_0000" 5822
"../../../Engine/Content/EngineMaterials/Substrate/GLints/dict_16_192_64_0p5_0p02_0054_0007.uasset" 5823
"../../../Engine/Content/EngineMaterials/Substrate/GLints/dict_16_192_64_0p5_0p02_0054_0005.uasset" 5824
"../../../Engine/Content/EngineMaterials/Substrate/GLints/dict_16_192_64_0p5_0p02_0054_0004.uasset" 5825
"../../../Engine/Content/EngineMaterials/Substrate/GLints/dict_16_192_64_0p5_0p02_0054_0002.uasset" 5826
"../../../Engine/Content/EngineMaterials/Substrate/GLints/dict_16_192_64_0p5_0p02_0054_0006.uasset" 5827
"../../../Engine/Content/EngineMaterials/Substrate/GLints/dict_16_192_64_0p5_0p02_0054_0000.uasset" 5828
"../../../Engine/Content/EngineMaterials/Substrate/GLints/dict_16_192_64_0p5_0p02_0053_0014.uasset" 5829
"../../../Engine/Content/EngineMaterials/Substrate/GLints/dict_16_192_64_0p5_0p02_0053_0015.uasset" 5830
"../../../Engine/Content/EngineMaterials/Substrate/GLints/dict_16_192_64_0p5_0p02_0054_0003.uasset" 5831
"../../../Engine/Content/EngineMaterials/Substrate/GLints/dict_16_192_64_0p5_0p02_0054_0008.uasset" 5832
"../../../Engine/Content/EngineMaterials/Substrate/GLints/dict_16_192_64_0p5_0p02_0054_0001.uasset" 5833
"/Engine/EngineMaterials/Substrate/GLints/dict_16_192_64_0p5_0p02_0055_0001" 5834
"/Engine/EngineMaterials/Substrate/GLints/dict_16_192_64_0p5_0p02_0055_0002" 5835
"/Engine/EngineMaterials/Substrate/GLints/dict_16_192_64_0p5_0p02_0055_0003" 5836
"/Engine/EngineMaterials/Substrate/GLints/dict_16_192_64_0p5_0p02_0055_0004" 5837
"/Engine/EngineMaterials/Substrate/GLints/dict_16_192_64_0p5_0p02_0055_0005" 5838
"/Engine/EngineMaterials/Substrate/GLints/dict_16_192_64_0p5_0p02_0055_0006" 5839
"/Engine/EngineMaterials/Substrate/GLints/dict_16_192_64_0p5_0p02_0055_0007" 5840
"/Engine/EngineMaterials/Substrate/GLints/dict_16_192_64_0p5_0p02_0055_0008" 5841
"/Engine/EngineMaterials/Substrate/GLints/dict_16_192_64_0p5_0p02_0055_0009" 5842
"/Engine/EngineMaterials/Substrate/GLints/dict_16_192_64_0p5_0p02_0055_0010" 5843
"/Engine/EngineMaterials/Substrate/GLints/dict_16_192_64_0p5_0p02_0055_0011" 5844
"/Engine/EngineMaterials/Substrate/GLints/dict_16_192_64_0p5_0p02_0055_0012" 5845
"/Engine/EngineMaterials/Substrate/GLints/dict_16_192_64_0p5_0p02_0055_0013" 5846
"/Engine/EngineMaterials/Substrate/GLints/dict_16_192_64_0p5_0p02_0054_0013" 5847
"/Engine/EngineMaterials/Substrate/GLints/dict_16_192_64_0p5_0p02_0054_0014" 5848
"/Engine/EngineMaterials/Substrate/GLints/dict_16_192_64_0p5_0p02_0054_0015" 5849
"../../../Engine/Content/EngineMaterials/Substrate/GLints/dict_16_192_64_0p5_0p02_0053_0011.uasset" 5850
"../../../Engine/Content/EngineMaterials/Substrate/GLints/dict_16_192_64_0p5_0p02_0053_0005.uasset" 5851
"../../../Engine/Content/EngineMaterials/Substrate/GLints/dict_16_192_64_0p5_0p02_0053_0004.uasset" 5852
"../../../Engine/Content/EngineMaterials/Substrate/GLints/dict_16_192_64_0p5_0p02_0053_0008.uasset" 5853
"/Engine/EngineMaterials/Substrate/GLints/dict_16_192_64_0p5_0p02_0053_0014" 5854
"../../../Engine/Content/EngineMaterials/Substrate/GLints/dict_16_192_64_0p5_0p02_0053_0010.uasset" 5855
"../../../Engine/Content/EngineMaterials/Substrate/GLints/dict_16_192_64_0p5_0p02_0053_0006.uasset" 5856
"../../../Engine/Content/EngineMaterials/Substrate/GLints/dict_16_192_64_0p5_0p02_0052_0015.uasset" 5857
"../../../Engine/Content/EngineMaterials/Substrate/GLints/dict_16_192_64_0p5_0p02_0053_0009.uasset" 5858
"../../../Engine/Content/EngineMaterials/Substrate/GLints/dict_16_192_64_0p5_0p02_0053_0000.uasset" 5859
"../../../Engine/Content/EngineMaterials/Substrate/GLints/dict_16_192_64_0p5_0p02_0053_0002.uasset" 5860
"../../../Engine/Content/EngineMaterials/Substrate/GLints/dict_16_192_64_0p5_0p02_0053_0003.uasset" 5861
"../../../Engine/Content/EngineMaterials/Substrate/GLints/dict_16_192_64_0p5_0p02_0053_0001.uasset" 5862
"../../../Engine/Content/EngineMaterials/Substrate/GLints/dict_16_192_64_0p5_0p02_0053_0013.uasset" 5863
"../../../Engine/Content/EngineMaterials/Substrate/GLints/dict_16_192_64_0p5_0p02_0053_0007.uasset" 5864
"../../../Engine/Content/EngineMaterials/Substrate/GLints/dict_16_192_64_0p5_0p02_0052_0013.uasset" 5865
"../../../Engine/Content/EngineMaterials/Substrate/GLints/dict_16_192_64_0p5_0p02_0052_0014.uasset" 5866
"../../../Engine/Content/EngineMaterials/Substrate/GLints/dict_16_192_64_0p5_0p02_0053_0012.uasset" 5867
"/Engine/EngineMaterials/Substrate/GLints/dict_16_192_64_0p5_0p02_0053_0015" 5868
"/Engine/EngineMaterials/Substrate/GLints/dict_16_192_64_0p5_0p02_0054_0000" 5869
"/Engine/EngineMaterials/Substrate/GLints/dict_16_192_64_0p5_0p02_0054_0001" 5870
"/Engine/EngineMaterials/Substrate/GLints/dict_16_192_64_0p5_0p02_0054_0002" 5871
"/Engine/EngineMaterials/Substrate/GLints/dict_16_192_64_0p5_0p02_0054_0003" 5872
"/Engine/EngineMaterials/Substrate/GLints/dict_16_192_64_0p5_0p02_0054_0004" 5873
"/Engine/EngineMaterials/Substrate/GLints/dict_16_192_64_0p5_0p02_0054_0005" 5874
"/Engine/EngineMaterials/Substrate/GLints/dict_16_192_64_0p5_0p02_0054_0006" 5875
"/Engine/EngineMaterials/Substrate/GLints/dict_16_192_64_0p5_0p02_0054_0007" 5876
"/Engine/EngineMaterials/Substrate/GLints/dict_16_192_64_0p5_0p02_0054_0008" 5877
"/Engine/EngineMaterials/Substrate/GLints/dict_16_192_64_0p5_0p02_0054_0009" 5878
"/Engine/EngineMaterials/Substrate/GLints/dict_16_192_64_0p5_0p02_0054_0010" 5879
"/Engine/EngineMaterials/Substrate/GLints/dict_16_192_64_0p5_0p02_0054_0011" 5880
"/Engine/EngineMaterials/Substrate/GLints/dict_16_192_64_0p5_0p02_0054_0012" 5881
"../../../Engine/Content/EngineMaterials/Substrate/GLints/dict_16_192_64_0p5_0p02_0052_0012.uasset" 5882
"../../../Engine/Content/EngineMaterials/Substrate/GLints/dict_16_192_64_0p5_0p02_0052_0010.uasset" 5883
"/Engine/EngineMaterials/Substrate/GLints/dict_16_192_64_0p5_0p02_0052_0013" 5884
"../../../Engine/Content/EngineMaterials/Substrate/GLints/dict_16_192_64_0p5_0p02_0052_0008.uasset" 5885
"../../../Engine/Content/EngineMaterials/Substrate/GLints/dict_16_192_64_0p5_0p02_0052_0006.uasset" 5886
"../../../Engine/Content/EngineMaterials/Substrate/GLints/dict_16_192_64_0p5_0p02_0052_0001.uasset" 5887
"../../../Engine/Content/EngineMaterials/Substrate/GLints/dict_16_192_64_0p5_0p02_0052_0000.uasset" 5888
"../../../Engine/Content/EngineMaterials/Substrate/GLints/dict_16_192_64_0p5_0p02_0052_0004.uasset" 5889
"../../../Engine/Content/EngineMaterials/Substrate/GLints/dict_16_192_64_0p5_0p02_0051_0014.uasset" 5890
"../../../Engine/Content/EngineMaterials/Substrate/GLints/dict_16_192_64_0p5_0p02_0052_0007.uasset" 5891
"../../../Engine/Content/EngineMaterials/Substrate/GLints/dict_16_192_64_0p5_0p02_0052_0005.uasset" 5892
"../../../Engine/Content/EngineMaterials/Substrate/GLints/dict_16_192_64_0p5_0p02_0052_0002.uasset" 5893
"../../../Engine/Content/EngineMaterials/Substrate/GLints/dict_16_192_64_0p5_0p02_0052_0009.uasset" 5894
"../../../Engine/Content/EngineMaterials/Substrate/GLints/dict_16_192_64_0p5_0p02_0052_0011.uasset" 5895
"../../../Engine/Content/EngineMaterials/Substrate/GLints/dict_16_192_64_0p5_0p02_0051_0015.uasset" 5896
"../../../Engine/Content/EngineMaterials/Substrate/GLints/dict_16_192_64_0p5_0p02_0052_0003.uasset" 5897
"/Engine/EngineMaterials/Substrate/GLints/dict_16_192_64_0p5_0p02_0052_0014" 5898
"/Engine/EngineMaterials/Substrate/GLints/dict_16_192_64_0p5_0p02_0052_0015" 5899
"/Engine/EngineMaterials/Substrate/GLints/dict_16_192_64_0p5_0p02_0053_0000" 5900
"/Engine/EngineMaterials/Substrate/GLints/dict_16_192_64_0p5_0p02_0053_0001" 5901
"/Engine/EngineMaterials/Substrate/GLints/dict_16_192_64_0p5_0p02_0053_0002" 5902
"/Engine/EngineMaterials/Substrate/GLints/dict_16_192_64_0p5_0p02_0053_0003" 5903
"/Engine/EngineMaterials/Substrate/GLints/dict_16_192_64_0p5_0p02_0053_0004" 5904
"/Engine/EngineMaterials/Substrate/GLints/dict_16_192_64_0p5_0p02_0053_0005" 5905
"/Engine/EngineMaterials/Substrate/GLints/dict_16_192_64_0p5_0p02_0053_0006" 5906
"/Engine/EngineMaterials/Substrate/GLints/dict_16_192_64_0p5_0p02_0053_0007" 5907
"/Engine/EngineMaterials/Substrate/GLints/dict_16_192_64_0p5_0p02_0053_0008" 5908
"/Engine/EngineMaterials/Substrate/GLints/dict_16_192_64_0p5_0p02_0053_0009" 5909
"/Engine/EngineMaterials/Substrate/GLints/dict_16_192_64_0p5_0p02_0053_0010" 5910
"/Engine/EngineMaterials/Substrate/GLints/dict_16_192_64_0p5_0p02_0052_0012" 5911
"/Engine/EngineMaterials/Substrate/GLints/dict_16_192_64_0p5_0p02_0053_0011" 5912
"/Engine/EngineMaterials/Substrate/GLints/dict_16_192_64_0p5_0p02_0053_0012" 5913
"/Engine/EngineMaterials/Substrate/GLints/dict_16_192_64_0p5_0p02_0053_0013" 5914
"../../../Engine/Content/EngineMaterials/Substrate/GLints/dict_16_192_64_0p5_0p02_0051_0012.uasset" 5915
"../../../Engine/Content/EngineMaterials/Substrate/GLints/dict_16_192_64_0p5_0p02_0051_0011.uasset" 5916
"../../../Engine/Content/EngineMaterials/Substrate/GLints/dict_16_192_64_0p5_0p02_0051_0013.uasset" 5917
"/Engine/EngineMaterials/Substrate/GLints/dict_16_192_64_0p5_0p02_0051_0014" 5918
"../../../Engine/Content/EngineMaterials/Substrate/GLints/dict_16_192_64_0p5_0p02_0051_0007.uasset" 5919
"../../../Engine/Content/EngineMaterials/Substrate/GLints/dict_16_192_64_0p5_0p02_0051_0008.uasset" 5920
"../../../Engine/Content/EngineMaterials/Substrate/GLints/dict_16_192_64_0p5_0p02_0051_0010.uasset" 5921
"../../../Engine/Content/EngineMaterials/Substrate/GLints/dict_16_192_64_0p5_0p02_0051_0006.uasset" 5922
"../../../Engine/Content/EngineMaterials/Substrate/GLints/dict_16_192_64_0p5_0p02_0051_0005.uasset" 5923
"../../../Engine/Content/EngineMaterials/Substrate/GLints/dict_16_192_64_0p5_0p02_0051_0004.uasset" 5924
"../../../Engine/Content/EngineMaterials/Substrate/GLints/dict_16_192_64_0p5_0p02_0051_0003.uasset" 5925
"../../../Engine/Content/EngineMaterials/Substrate/GLints/dict_16_192_64_0p5_0p02_0050_0013.uasset" 5926
"../../../Engine/Content/EngineMaterials/Substrate/GLints/dict_16_192_64_0p5_0p02_0050_0012.uasset" 5927
"../../../Engine/Content/EngineMaterials/Substrate/GLints/dict_16_192_64_0p5_0p02_0050_0015.uasset" 5928
"../../../Engine/Content/EngineMaterials/Substrate/GLints/dict_16_192_64_0p5_0p02_0050_0014.uasset" 5929
"../../../Engine/Content/EngineMaterials/Substrate/GLints/dict_16_192_64_0p5_0p02_0051_0002.uasset" 5930
"../../../Engine/Content/EngineMaterials/Substrate/GLints/dict_16_192_64_0p5_0p02_0051_0009.uasset" 5931
"/Engine/EngineMaterials/Substrate/GLints/dict_16_192_64_0p5_0p02_0051_0015" 5932
"../../../Engine/Content/EngineMaterials/Substrate/GLints/dict_16_192_64_0p5_0p02_0051_0000.uasset" 5933
"../../../Engine/Content/EngineMaterials/Substrate/GLints/dict_16_192_64_0p5_0p02_0051_0001.uasset" 5934
"/Engine/EngineMaterials/Substrate/GLints/dict_16_192_64_0p5_0p02_0052_0000" 5935
"/Engine/EngineMaterials/Substrate/GLints/dict_16_192_64_0p5_0p02_0052_0001" 5936
"/Engine/EngineMaterials/Substrate/GLints/dict_16_192_64_0p5_0p02_0052_0002" 5937
"/Engine/EngineMaterials/Substrate/GLints/dict_16_192_64_0p5_0p02_0052_0003" 5938
"/Engine/EngineMaterials/Substrate/GLints/dict_16_192_64_0p5_0p02_0052_0004" 5939
"/Engine/EngineMaterials/Substrate/GLints/dict_16_192_64_0p5_0p02_0052_0005" 5940
"/Engine/EngineMaterials/Substrate/GLints/dict_16_192_64_0p5_0p02_0052_0006" 5941
"/Engine/EngineMaterials/Substrate/GLints/dict_16_192_64_0p5_0p02_0052_0007" 5942
"/Engine/EngineMaterials/Substrate/GLints/dict_16_192_64_0p5_0p02_0052_0008" 5943
"/Engine/EngineMaterials/Substrate/GLints/dict_16_192_64_0p5_0p02_0052_0009" 5944
"/Engine/EngineMaterials/Substrate/GLints/dict_16_192_64_0p5_0p02_0052_0010" 5945
"/Engine/EngineMaterials/Substrate/GLints/dict_16_192_64_0p5_0p02_0052_0011" 5946
"../../../Engine/Content/EngineMaterials/Substrate/GLints/dict_16_192_64_0p5_0p02_0050_0011.uasset" 5947
"../../../Engine/Content/EngineMaterials/Substrate/GLints/dict_16_192_64_0p5_0p02_0050_0010.uasset" 5948
"../../../Engine/Content/EngineMaterials/Substrate/GLints/dict_16_192_64_0p5_0p02_0050_0008.uasset" 5949
"../../../Engine/Content/EngineMaterials/Substrate/GLints/dict_16_192_64_0p5_0p02_0050_0007.uasset" 5950
"../../../Engine/Content/EngineMaterials/Substrate/GLints/dict_16_192_64_0p5_0p02_0050_0005.uasset" 5951
"../../../Engine/Content/EngineMaterials/Substrate/GLints/dict_16_192_64_0p5_0p02_0050_0006.uasset" 5952
"/Engine/EngineMaterials/Substrate/GLints/dict_16_192_64_0p5_0p02_0050_0012" 5953
"../../../Engine/Content/EngineMaterials/Substrate/GLints/dict_16_192_64_0p5_0p02_0050_0004.uasset" 5954
"../../../Engine/Content/EngineMaterials/Substrate/GLints/dict_16_192_64_0p5_0p02_0050_0001.uasset" 5955
"/Engine/EngineMaterials/Substrate/GLints/dict_16_192_64_0p5_0p02_0050_0013" 5956
"../../../Engine/Content/EngineMaterials/Substrate/GLints/dict_16_192_64_0p5_0p02_0050_0000.uasset" 5957
"../../../Engine/Content/EngineMaterials/Substrate/GLints/dict_16_192_64_0p5_0p02_0049_0015.uasset" 5958
"../../../Engine/Content/EngineMaterials/Substrate/GLints/dict_16_192_64_0p5_0p02_0050_0003.uasset" 5959
"../../../Engine/Content/EngineMaterials/Substrate/GLints/dict_16_192_64_0p5_0p02_0050_0009.uasset" 5960
"../../../Engine/Content/EngineMaterials/Substrate/GLints/dict_16_192_64_0p5_0p02_0050_0002.uasset" 5961
"../../../Engine/Content/EngineMaterials/Substrate/GLints/dict_16_192_64_0p5_0p02_0049_0014.uasset" 5962
"/Engine/EngineMaterials/Substrate/GLints/dict_16_192_64_0p5_0p02_0050_0014" 5963
"/Engine/EngineMaterials/Substrate/GLints/dict_16_192_64_0p5_0p02_0050_0015" 5964
"/Engine/EngineMaterials/Substrate/GLints/dict_16_192_64_0p5_0p02_0051_0000" 5965
"/Engine/EngineMaterials/Substrate/GLints/dict_16_192_64_0p5_0p02_0051_0001" 5966
"/Engine/EngineMaterials/Substrate/GLints/dict_16_192_64_0p5_0p02_0051_0002" 5967
"/Engine/EngineMaterials/Substrate/GLints/dict_16_192_64_0p5_0p02_0051_0003" 5968
"/Engine/EngineMaterials/Substrate/GLints/dict_16_192_64_0p5_0p02_0051_0004" 5969
"/Engine/EngineMaterials/Substrate/GLints/dict_16_192_64_0p5_0p02_0051_0005" 5970
"/Engine/EngineMaterials/Substrate/GLints/dict_16_192_64_0p5_0p02_0051_0006" 5971
"/Engine/EngineMaterials/Substrate/GLints/dict_16_192_64_0p5_0p02_0051_0007" 5972
"/Engine/EngineMaterials/Substrate/GLints/dict_16_192_64_0p5_0p02_0051_0008" 5973
"/Engine/EngineMaterials/Substrate/GLints/dict_16_192_64_0p5_0p02_0051_0009" 5974
"/Engine/EngineMaterials/Substrate/GLints/dict_16_192_64_0p5_0p02_0050_0011" 5975
"/Engine/EngineMaterials/Substrate/GLints/dict_16_192_64_0p5_0p02_0051_0010" 5976
"/Engine/EngineMaterials/Substrate/GLints/dict_16_192_64_0p5_0p02_0051_0011" 5977
"/Engine/EngineMaterials/Substrate/GLints/dict_16_192_64_0p5_0p02_0051_0012" 5978
"/Engine/EngineMaterials/Substrate/GLints/dict_16_192_64_0p5_0p02_0051_0013" 5979
"../../../Engine/Content/EngineMaterials/Substrate/GLints/dict_16_192_64_0p5_0p02_0049_0007.uasset" 5980
"../../../Engine/Content/EngineMaterials/Substrate/GLints/dict_16_192_64_0p5_0p02_0049_0013.uasset" 5981
"../../../Engine/Content/EngineMaterials/Substrate/GLints/dict_16_192_64_0p5_0p02_0049_0008.uasset" 5982
"../../../Engine/Content/EngineMaterials/Substrate/GLints/dict_16_192_64_0p5_0p02_0049_0011.uasset" 5983
"../../../Engine/Content/EngineMaterials/Substrate/GLints/dict_16_192_64_0p5_0p02_0049_0009.uasset" 5984
"../../../Engine/Content/EngineMaterials/Substrate/GLints/dict_16_192_64_0p5_0p02_0049_0001.uasset" 5985
"../../../Engine/Content/EngineMaterials/Substrate/GLints/dict_16_192_64_0p5_0p02_0048_0013.uasset" 5986
"/Engine/EngineMaterials/Substrate/GLints/dict_16_192_64_0p5_0p02_0049_0014" 5987
"../../../Engine/Content/EngineMaterials/Substrate/GLints/dict_16_192_64_0p5_0p02_0048_0012.uasset" 5988
"../../../Engine/Content/EngineMaterials/Substrate/GLints/dict_16_192_64_0p5_0p02_0049_0002.uasset" 5989
"../../../Engine/Content/EngineMaterials/Substrate/GLints/dict_16_192_64_0p5_0p02_0049_0000.uasset" 5990
"../../../Engine/Content/EngineMaterials/Substrate/GLints/dict_16_192_64_0p5_0p02_0048_0015.uasset" 5991
"../../../Engine/Content/EngineMaterials/Substrate/GLints/dict_16_192_64_0p5_0p02_0048_0014.uasset" 5992
"../../../Engine/Content/EngineMaterials/Substrate/GLints/dict_16_192_64_0p5_0p02_0049_0010.uasset" 5993
"../../../Engine/Content/EngineMaterials/Substrate/GLints/dict_16_192_64_0p5_0p02_0049_0006.uasset" 5994
"../../../Engine/Content/EngineMaterials/Substrate/GLints/dict_16_192_64_0p5_0p02_0049_0004.uasset" 5995
"../../../Engine/Content/EngineMaterials/Substrate/GLints/dict_16_192_64_0p5_0p02_0049_0003.uasset" 5996
"../../../Engine/Content/EngineMaterials/Substrate/GLints/dict_16_192_64_0p5_0p02_0048_0011.uasset" 5997
"../../../Engine/Content/EngineMaterials/Substrate/GLints/dict_16_192_64_0p5_0p02_0049_0012.uasset" 5998
"../../../Engine/Content/EngineMaterials/Substrate/GLints/dict_16_192_64_0p5_0p02_0049_0005.uasset" 5999
"/Engine/EngineMaterials/Substrate/GLints/dict_16_192_64_0p5_0p02_0049_0015" 6000
"/Engine/EngineMaterials/Substrate/GLints/dict_16_192_64_0p5_0p02_0050_0000" 6001
"/Engine/EngineMaterials/Substrate/GLints/dict_16_192_64_0p5_0p02_0050_0001" 6002
"/Engine/EngineMaterials/Substrate/GLints/dict_16_192_64_0p5_0p02_0050_0002" 6003
"/Engine/EngineMaterials/Substrate/GLints/dict_16_192_64_0p5_0p02_0050_0003" 6004
"/Engine/EngineMaterials/Substrate/GLints/dict_16_192_64_0p5_0p02_0050_0004" 6005
"/Engine/EngineMaterials/Substrate/GLints/dict_16_192_64_0p5_0p02_0050_0005" 6006
"/Engine/EngineMaterials/Substrate/GLints/dict_16_192_64_0p5_0p02_0050_0006" 6007
"/Engine/EngineMaterials/Substrate/GLints/dict_16_192_64_0p5_0p02_0050_0007" 6008
"/Engine/EngineMaterials/Substrate/GLints/dict_16_192_64_0p5_0p02_0050_0008" 6009
"/Engine/EngineMaterials/Substrate/GLints/dict_16_192_64_0p5_0p02_0050_0009" 6010
"/Engine/EngineMaterials/Substrate/GLints/dict_16_192_64_0p5_0p02_0050_0010" 6011
"/Engine/EngineMaterials/Substrate/GLints/dict_16_192_64_0p5_0p02_0049_0007" 6012
"../../../Engine/Content/EngineMaterials/Substrate/GLints/dict_16_192_64_0p5_0p02_0048_0009.uasset" 6013
"../../../Engine/Content/EngineMaterials/Substrate/GLints/dict_16_192_64_0p5_0p02_0048_0007.uasset" 6014
"../../../Engine/Content/EngineMaterials/Substrate/GLints/dict_16_192_64_0p5_0p02_0048_0010.uasset" 6015
"../../../Engine/Content/EngineMaterials/Substrate/GLints/dict_16_192_64_0p5_0p02_0048_0006.uasset" 6016
"/Engine/EngineMaterials/Substrate/GLints/dict_16_192_64_0p5_0p02_0048_0011" 6017
"../../../Engine/Content/EngineMaterials/Substrate/GLints/dict_16_192_64_0p5_0p02_0048_0008.uasset" 6018
"../../../Engine/Content/EngineMaterials/Substrate/GLints/dict_16_192_64_0p5_0p02_0048_0004.uasset" 6019
"../../../Engine/Content/EngineMaterials/Substrate/GLints/dict_16_192_64_0p5_0p02_0048_0000.uasset" 6020
"../../../Engine/Content/EngineMaterials/Substrate/GLints/dict_16_192_64_0p5_0p02_0048_0002.uasset" 6021
"../../../Engine/Content/EngineMaterials/Substrate/GLints/dict_16_192_64_0p5_0p02_0048_0003.uasset" 6022
"../../../Engine/Content/EngineMaterials/Substrate/GLints/dict_16_192_64_0p5_0p02_0047_0013.uasset" 6023
"../../../Engine/Content/EngineMaterials/Substrate/GLints/dict_16_192_64_0p5_0p02_0048_0005.uasset" 6024
"../../../Engine/Content/EngineMaterials/Substrate/GLints/dict_16_192_64_0p5_0p02_0048_0001.uasset" 6025
"../../../Engine/Content/EngineMaterials/Substrate/GLints/dict_16_192_64_0p5_0p02_0047_0014.uasset" 6026
"../../../Engine/Content/EngineMaterials/Substrate/GLints/dict_16_192_64_0p5_0p02_0047_0015.uasset" 6027
"/Engine/EngineMaterials/Substrate/GLints/dict_16_192_64_0p5_0p02_0048_0012" 6028
"/Engine/EngineMaterials/Substrate/GLints/dict_16_192_64_0p5_0p02_0048_0013" 6029
"/Engine/EngineMaterials/Substrate/GLints/dict_16_192_64_0p5_0p02_0048_0014" 6030
"/Engine/EngineMaterials/Substrate/GLints/dict_16_192_64_0p5_0p02_0048_0015" 6031
"/Engine/EngineMaterials/Substrate/GLints/dict_16_192_64_0p5_0p02_0049_0000" 6032
"/Engine/EngineMaterials/Substrate/GLints/dict_16_192_64_0p5_0p02_0049_0001" 6033
"/Engine/EngineMaterials/Substrate/GLints/dict_16_192_64_0p5_0p02_0048_0009" 6034
"/Engine/EngineMaterials/Substrate/GLints/dict_16_192_64_0p5_0p02_0049_0002" 6035
"/Engine/EngineMaterials/Substrate/GLints/dict_16_192_64_0p5_0p02_0049_0003" 6036
"/Engine/EngineMaterials/Substrate/GLints/dict_16_192_64_0p5_0p02_0049_0004" 6037
"/Engine/EngineMaterials/Substrate/GLints/dict_16_192_64_0p5_0p02_0049_0005" 6038
"/Engine/EngineMaterials/Substrate/GLints/dict_16_192_64_0p5_0p02_0049_0006" 6039
"/Engine/EngineMaterials/Substrate/GLints/dict_16_192_64_0p5_0p02_0049_0008" 6040
"/Engine/EngineMaterials/Substrate/GLints/dict_16_192_64_0p5_0p02_0049_0009" 6041
"/Engine/EngineMaterials/Substrate/GLints/dict_16_192_64_0p5_0p02_0049_0010" 6042
"/Engine/EngineMaterials/Substrate/GLints/dict_16_192_64_0p5_0p02_0049_0011" 6043
"/Engine/EngineMaterials/Substrate/GLints/dict_16_192_64_0p5_0p02_0049_0012" 6044
"/Engine/EngineMaterials/Substrate/GLints/dict_16_192_64_0p5_0p02_0049_0013" 6045
"../../../Engine/Content/EngineMaterials/Substrate/GLints/dict_16_192_64_0p5_0p02_0047_0012.uasset" 6046
"../../../Engine/Content/EngineMaterials/Substrate/GLints/dict_16_192_64_0p5_0p02_0047_0010.uasset" 6047
"/Engine/EngineMaterials/Substrate/GLints/dict_16_192_64_0p5_0p02_0047_0013" 6048
"../../../Engine/Content/EngineMaterials/Substrate/GLints/dict_16_192_64_0p5_0p02_0047_0008.uasset" 6049
"../../../Engine/Content/EngineMaterials/Substrate/GLints/dict_16_192_64_0p5_0p02_0047_0009.uasset" 6050
"/Engine/EngineMaterials/Substrate/GLints/dict_16_192_64_0p5_0p02_0047_0014" 6051
"../../../Engine/Content/EngineMaterials/Substrate/GLints/dict_16_192_64_0p5_0p02_0047_0006.uasset" 6052
"../../../Engine/Content/EngineMaterials/Substrate/GLints/dict_16_192_64_0p5_0p02_0047_0003.uasset" 6053
"../../../Engine/Content/EngineMaterials/Substrate/GLints/dict_16_192_64_0p5_0p02_0047_0004.uasset" 6054
"../../../Engine/Content/EngineMaterials/Substrate/GLints/dict_16_192_64_0p5_0p02_0047_0001.uasset" 6055
"../../../Engine/Content/EngineMaterials/Substrate/GLints/dict_16_192_64_0p5_0p02_0047_0007.uasset" 6056
"../../../Engine/Content/EngineMaterials/Substrate/GLints/dict_16_192_64_0p5_0p02_0047_0011.uasset" 6057
"../../../Engine/Content/EngineMaterials/Substrate/GLints/dict_16_192_64_0p5_0p02_0047_0002.uasset" 6058
"../../../Engine/Content/EngineMaterials/Substrate/GLints/dict_16_192_64_0p5_0p02_0047_0000.uasset" 6059
"../../../Engine/Content/EngineMaterials/Substrate/GLints/dict_16_192_64_0p5_0p02_0046_0013.uasset" 6060
"../../../Engine/Content/EngineMaterials/Substrate/GLints/dict_16_192_64_0p5_0p02_0046_0015.uasset" 6061
"/Engine/EngineMaterials/Substrate/GLints/dict_16_192_64_0p5_0p02_0047_0015" 6062
"../../../Engine/Content/EngineMaterials/Substrate/GLints/dict_16_192_64_0p5_0p02_0046_0012.uasset" 6063
"../../../Engine/Content/EngineMaterials/Substrate/GLints/dict_16_192_64_0p5_0p02_0046_0011.uasset" 6064
"../../../Engine/Content/EngineMaterials/Substrate/GLints/dict_16_192_64_0p5_0p02_0046_0010.uasset" 6065
"../../../Engine/Content/EngineMaterials/Substrate/GLints/dict_16_192_64_0p5_0p02_0046_0014.uasset" 6066
"../../../Engine/Content/EngineMaterials/Substrate/GLints/dict_16_192_64_0p5_0p02_0047_0005.uasset" 6067
"/Engine/EngineMaterials/Substrate/GLints/dict_16_192_64_0p5_0p02_0048_0000" 6068
"/Engine/EngineMaterials/Substrate/GLints/dict_16_192_64_0p5_0p02_0048_0001" 6069
"/Engine/EngineMaterials/Substrate/GLints/dict_16_192_64_0p5_0p02_0048_0002" 6070
"/Engine/EngineMaterials/Substrate/GLints/dict_16_192_64_0p5_0p02_0048_0003" 6071
"/Engine/EngineMaterials/Substrate/GLints/dict_16_192_64_0p5_0p02_0048_0004" 6072
"/Engine/EngineMaterials/Substrate/GLints/dict_16_192_64_0p5_0p02_0048_0005" 6073
"/Engine/EngineMaterials/Substrate/GLints/dict_16_192_64_0p5_0p02_0048_0006" 6074
"/Engine/EngineMaterials/Substrate/GLints/dict_16_192_64_0p5_0p02_0048_0007" 6075
"/Engine/EngineMaterials/Substrate/GLints/dict_16_192_64_0p5_0p02_0048_0008" 6076
"/Engine/EngineMaterials/Substrate/GLints/dict_16_192_64_0p5_0p02_0048_0010" 6077
"/Engine/EngineMaterials/Substrate/GLints/dict_16_192_64_0p5_0p02_0047_0012" 6078
"../../../Engine/Content/EngineMaterials/Substrate/GLints/dict_16_192_64_0p5_0p02_0046_0009.uasset" 6079
"../../../Engine/Content/EngineMaterials/Substrate/GLints/dict_16_192_64_0p5_0p02_0046_0008.uasset" 6080
"/Engine/EngineMaterials/Substrate/GLints/dict_16_192_64_0p5_0p02_0046_0010" 6081
"../../../Engine/Content/EngineMaterials/Substrate/GLints/dict_16_192_64_0p5_0p02_0046_0007.uasset" 6082
"../../../Engine/Content/EngineMaterials/Substrate/GLints/dict_16_192_64_0p5_0p02_0046_0005.uasset" 6083
"../../../Engine/Content/EngineMaterials/Substrate/GLints/dict_16_192_64_0p5_0p02_0046_0006.uasset" 6084
"../../../Engine/Content/EngineMaterials/Substrate/GLints/dict_16_192_64_0p5_0p02_0046_0004.uasset" 6085
"../../../Engine/Content/EngineMaterials/Substrate/GLints/dict_16_192_64_0p5_0p02_0046_0002.uasset" 6086
"../../../Engine/Content/EngineMaterials/Substrate/GLints/dict_16_192_64_0p5_0p02_0046_0000.uasset" 6087
"../../../Engine/Content/EngineMaterials/Substrate/GLints/dict_16_192_64_0p5_0p02_0046_0001.uasset" 6088
"../../../Engine/Content/EngineMaterials/Substrate/GLints/dict_16_192_64_0p5_0p02_0045_0015.uasset" 6089
"../../../Engine/Content/EngineMaterials/Substrate/GLints/dict_16_192_64_0p5_0p02_0045_0014.uasset" 6090
"/Engine/EngineMaterials/Substrate/GLints/dict_16_192_64_0p5_0p02_0046_0011" 6091
"../../../Engine/Content/EngineMaterials/Substrate/GLints/dict_16_192_64_0p5_0p02_0045_0012.uasset" 6092
"../../../Engine/Content/EngineMaterials/Substrate/GLints/dict_16_192_64_0p5_0p02_0045_0013.uasset" 6093
"../../../Engine/Content/EngineMaterials/Substrate/GLints/dict_16_192_64_0p5_0p02_0046_0003.uasset" 6094
"/Engine/EngineMaterials/Substrate/GLints/dict_16_192_64_0p5_0p02_0046_0012" 6095
"/Engine/EngineMaterials/Substrate/GLints/dict_16_192_64_0p5_0p02_0046_0013" 6096
"/Engine/EngineMaterials/Substrate/GLints/dict_16_192_64_0p5_0p02_0046_0014" 6097
"/Engine/EngineMaterials/Substrate/GLints/dict_16_192_64_0p5_0p02_0046_0015" 6098
"/Engine/EngineMaterials/Substrate/GLints/dict_16_192_64_0p5_0p02_0047_0000" 6099
"/Engine/EngineMaterials/Substrate/GLints/dict_16_192_64_0p5_0p02_0047_0001" 6100
"/Engine/EngineMaterials/Substrate/GLints/dict_16_192_64_0p5_0p02_0047_0002" 6101
"/Engine/EngineMaterials/Substrate/GLints/dict_16_192_64_0p5_0p02_0047_0003" 6102
"/Engine/EngineMaterials/Substrate/GLints/dict_16_192_64_0p5_0p02_0047_0004" 6103
"/Engine/EngineMaterials/Substrate/GLints/dict_16_192_64_0p5_0p02_0047_0005" 6104
"/Engine/EngineMaterials/Substrate/GLints/dict_16_192_64_0p5_0p02_0047_0006" 6105
"/Engine/EngineMaterials/Substrate/GLints/dict_16_192_64_0p5_0p02_0046_0008" 6106
"/Engine/EngineMaterials/Substrate/GLints/dict_16_192_64_0p5_0p02_0047_0007" 6107
"/Engine/EngineMaterials/Substrate/GLints/dict_16_192_64_0p5_0p02_0047_0008" 6108
"/Engine/EngineMaterials/Substrate/GLints/dict_16_192_64_0p5_0p02_0047_0009" 6109
"/Engine/EngineMaterials/Substrate/GLints/dict_16_192_64_0p5_0p02_0047_0010" 6110
"/Engine/EngineMaterials/Substrate/GLints/dict_16_192_64_0p5_0p02_0047_0011" 6111
"/Engine/EngineMaterials/Substrate/GLints/dict_16_192_64_0p5_0p02_0046_0009" 6112
"../../../Engine/Content/EngineMaterials/Substrate/GLints/dict_16_192_64_0p5_0p02_0045_0009.uasset" 6113
"../../../Engine/Content/EngineMaterials/Substrate/GLints/dict_16_192_64_0p5_0p02_0045_0010.uasset" 6114
"../../../Engine/Content/EngineMaterials/Substrate/GLints/dict_16_192_64_0p5_0p02_0045_0006.uasset" 6115
"../../../Engine/Content/EngineMaterials/Substrate/GLints/dict_16_192_64_0p5_0p02_0045_0011.uasset" 6116
"../../../Engine/Content/EngineMaterials/Substrate/GLints/dict_16_192_64_0p5_0p02_0045_0007.uasset" 6117
"/Engine/EngineMaterials/Substrate/GLints/dict_16_192_64_0p5_0p02_0045_0012" 6118
"../../../Engine/Content/EngineMaterials/Substrate/GLints/dict_16_192_64_0p5_0p02_0045_0005.uasset" 6119
"../../../Engine/Content/EngineMaterials/Substrate/GLints/dict_16_192_64_0p5_0p02_0044_0014.uasset" 6120
"../../../Engine/Content/EngineMaterials/Substrate/GLints/dict_16_192_64_0p5_0p02_0045_0001.uasset" 6121
"../../../Engine/Content/EngineMaterials/Substrate/GLints/dict_16_192_64_0p5_0p02_0044_0012.uasset" 6122
"../../../Engine/Content/EngineMaterials/Substrate/GLints/dict_16_192_64_0p5_0p02_0045_0008.uasset" 6123
"../../../Engine/Content/EngineMaterials/Substrate/GLints/dict_16_192_64_0p5_0p02_0045_0004.uasset" 6124
"../../../Engine/Content/EngineMaterials/Substrate/GLints/dict_16_192_64_0p5_0p02_0045_0000.uasset" 6125
"../../../Engine/Content/EngineMaterials/Substrate/GLints/dict_16_192_64_0p5_0p02_0044_0013.uasset" 6126
"../../../Engine/Content/EngineMaterials/Substrate/GLints/dict_16_192_64_0p5_0p02_0044_0010.uasset" 6127
"../../../Engine/Content/EngineMaterials/Substrate/GLints/dict_16_192_64_0p5_0p02_0045_0003.uasset" 6128
"../../../Engine/Content/EngineMaterials/Substrate/GLints/dict_16_192_64_0p5_0p02_0045_0002.uasset" 6129
"../../../Engine/Content/EngineMaterials/Substrate/GLints/dict_16_192_64_0p5_0p02_0044_0008.uasset" 6130
"../../../Engine/Content/EngineMaterials/Substrate/GLints/dict_16_192_64_0p5_0p02_0044_0011.uasset" 6131
"../../../Engine/Content/EngineMaterials/Substrate/GLints/dict_16_192_64_0p5_0p02_0044_0015.uasset" 6132
"/Engine/EngineMaterials/Substrate/GLints/dict_16_192_64_0p5_0p02_0045_0013" 6133
"../../../Engine/Content/EngineMaterials/Substrate/GLints/dict_16_192_64_0p5_0p02_0044_0009.uasset" 6134
"/Engine/EngineMaterials/Substrate/GLints/dict_16_192_64_0p5_0p02_0045_0014" 6135
"/Engine/EngineMaterials/Substrate/GLints/dict_16_192_64_0p5_0p02_0045_0015" 6136
"/Engine/EngineMaterials/Substrate/GLints/dict_16_192_64_0p5_0p02_0046_0000" 6137
"/Engine/EngineMaterials/Substrate/GLints/dict_16_192_64_0p5_0p02_0046_0001" 6138
"/Engine/EngineMaterials/Substrate/GLints/dict_16_192_64_0p5_0p02_0046_0002" 6139
"/Engine/EngineMaterials/Substrate/GLints/dict_16_192_64_0p5_0p02_0046_0003" 6140
"/Engine/EngineMaterials/Substrate/GLints/dict_16_192_64_0p5_0p02_0046_0004" 6141
"/Engine/EngineMaterials/Substrate/GLints/dict_16_192_64_0p5_0p02_0046_0005" 6142
"/Engine/EngineMaterials/Substrate/GLints/dict_16_192_64_0p5_0p02_0046_0006" 6143
"/Engine/EngineMaterials/Substrate/GLints/dict_16_192_64_0p5_0p02_0046_0007" 6144
"/Engine/EngineMaterials/Substrate/GLints/dict_16_192_64_0p5_0p02_0045_0009" 6145
"../../../Engine/Content/EngineMaterials/Substrate/GLints/dict_16_192_64_0p5_0p02_0044_0005.uasset" 6146
"../../../Engine/Content/EngineMaterials/Substrate/GLints/dict_16_192_64_0p5_0p02_0044_0000.uasset" 6147
"../../../Engine/Content/EngineMaterials/Substrate/GLints/dict_16_192_64_0p5_0p02_0044_0004.uasset" 6148
"../../../Engine/Content/EngineMaterials/Substrate/GLints/dict_16_192_64_0p5_0p02_0044_0001.uasset" 6149
"../../../Engine/Content/EngineMaterials/Substrate/GLints/dict_16_192_64_0p5_0p02_0044_0006.uasset" 6150
"../../../Engine/Content/EngineMaterials/Substrate/GLints/dict_16_192_64_0p5_0p02_0044_0007.uasset" 6151
"/Engine/EngineMaterials/Substrate/GLints/dict_16_192_64_0p5_0p02_0044_0008" 6152
"../../../Engine/Content/EngineMaterials/Substrate/GLints/dict_16_192_64_0p5_0p02_0043_0015.uasset" 6153
"../../../Engine/Content/EngineMaterials/Substrate/GLints/dict_16_192_64_0p5_0p02_0043_0012.uasset" 6154
"../../../Engine/Content/EngineMaterials/Substrate/GLints/dict_16_192_64_0p5_0p02_0043_0014.uasset" 6155
"../../../Engine/Content/EngineMaterials/Substrate/GLints/dict_16_192_64_0p5_0p02_0044_0002.uasset" 6156
"../../../Engine/Content/EngineMaterials/Substrate/GLints/dict_16_192_64_0p5_0p02_0043_0011.uasset" 6157
"../../../Engine/Content/EngineMaterials/Substrate/GLints/dict_16_192_64_0p5_0p02_0044_0003.uasset" 6158
"../../../Engine/Content/EngineMaterials/Substrate/GLints/dict_16_192_64_0p5_0p02_0043_0013.uasset" 6159
"/Engine/EngineMaterials/Substrate/GLints/dict_16_192_64_0p5_0p02_0044_0009" 6160
"/Engine/EngineMaterials/Substrate/GLints/dict_16_192_64_0p5_0p02_0044_0010" 6161
"/Engine/EngineMaterials/Substrate/GLints/dict_16_192_64_0p5_0p02_0044_0011" 6162
"/Engine/EngineMaterials/Substrate/GLints/dict_16_192_64_0p5_0p02_0044_0012" 6163
"/Engine/EngineMaterials/Substrate/GLints/dict_16_192_64_0p5_0p02_0044_0013" 6164
"/Engine/EngineMaterials/Substrate/GLints/dict_16_192_64_0p5_0p02_0044_0014" 6165
"/Engine/EngineMaterials/Substrate/GLints/dict_16_192_64_0p5_0p02_0044_0015" 6166
"/Engine/EngineMaterials/Substrate/GLints/dict_16_192_64_0p5_0p02_0045_0000" 6167
"/Engine/EngineMaterials/Substrate/GLints/dict_16_192_64_0p5_0p02_0045_0001" 6168
"/Engine/EngineMaterials/Substrate/GLints/dict_16_192_64_0p5_0p02_0045_0002" 6169
"/Engine/EngineMaterials/Substrate/GLints/dict_16_192_64_0p5_0p02_0045_0003" 6170
"/Engine/EngineMaterials/Substrate/GLints/dict_16_192_64_0p5_0p02_0045_0004" 6171
"/Engine/EngineMaterials/Substrate/GLints/dict_16_192_64_0p5_0p02_0045_0005" 6172
"/Engine/EngineMaterials/Substrate/GLints/dict_16_192_64_0p5_0p02_0045_0006" 6173
"/Engine/EngineMaterials/Substrate/GLints/dict_16_192_64_0p5_0p02_0045_0007" 6174
"/Engine/EngineMaterials/Substrate/GLints/dict_16_192_64_0p5_0p02_0045_0008" 6175
"/Engine/EngineMaterials/Substrate/GLints/dict_16_192_64_0p5_0p02_0045_0010" 6176
"/Engine/EngineMaterials/Substrate/GLints/dict_16_192_64_0p5_0p02_0045_0011" 6177
"../../../Engine/Content/EngineMaterials/Substrate/GLints/dict_16_192_64_0p5_0p02_0043_0010.uasset" 6178
"../../../Engine/Content/EngineMaterials/Substrate/GLints/dict_16_192_64_0p5_0p02_0043_0008.uasset" 6179
"../../../Engine/Content/EngineMaterials/Substrate/GLints/dict_16_192_64_0p5_0p02_0043_0009.uasset" 6180
"../../../Engine/Content/EngineMaterials/Substrate/GLints/dict_16_192_64_0p5_0p02_0043_0006.uasset" 6181
"../../../Engine/Content/EngineMaterials/Substrate/GLints/dict_16_192_64_0p5_0p02_0043_0005.uasset" 6182
"../../../Engine/Content/EngineMaterials/Substrate/GLints/dict_16_192_64_0p5_0p02_0043_0004.uasset" 6183
"../../../Engine/Content/EngineMaterials/Substrate/GLints/dict_16_192_64_0p5_0p02_0043_0003.uasset" 6184
"../../../Engine/Content/EngineMaterials/Substrate/GLints/dict_16_192_64_0p5_0p02_0042_0015.uasset" 6185
"../../../Engine/Content/EngineMaterials/Substrate/GLints/dict_16_192_64_0p5_0p02_0042_0014.uasset" 6186
"../../../Engine/Content/EngineMaterials/Substrate/GLints/dict_16_192_64_0p5_0p02_0042_0012.uasset" 6187
"../../../Engine/Content/EngineMaterials/Substrate/GLints/dict_16_192_64_0p5_0p02_0042_0011.uasset" 6188
"../../../Engine/Content/EngineMaterials/Substrate/GLints/dict_16_192_64_0p5_0p02_0042_0013.uasset" 6189
"../../../Engine/Content/EngineMaterials/Substrate/GLints/dict_16_192_64_0p5_0p02_0042_0008.uasset" 6190
"../../../Engine/Content/EngineMaterials/Substrate/GLints/dict_16_192_64_0p5_0p02_0043_0002.uasset" 6191
"/Engine/EngineMaterials/Substrate/GLints/dict_16_192_64_0p5_0p02_0043_0011" 6192
"../../../Engine/Content/EngineMaterials/Substrate/GLints/dict_16_192_64_0p5_0p02_0042_0010.uasset" 6193
"../../../Engine/Content/EngineMaterials/Substrate/GLints/dict_16_192_64_0p5_0p02_0043_0000.uasset" 6194
"../../../Engine/Content/EngineMaterials/Substrate/GLints/dict_16_192_64_0p5_0p02_0042_0009.uasset" 6195
"../../../Engine/Content/EngineMaterials/Substrate/GLints/dict_16_192_64_0p5_0p02_0043_0001.uasset" 6196
"../../../Engine/Content/EngineMaterials/Substrate/GLints/dict_16_192_64_0p5_0p02_0043_0007.uasset" 6197
"/Engine/EngineMaterials/Substrate/GLints/dict_16_192_64_0p5_0p02_0043_0012" 6198
"/Engine/EngineMaterials/Substrate/GLints/dict_16_192_64_0p5_0p02_0043_0013" 6199
"/Engine/EngineMaterials/Substrate/GLints/dict_16_192_64_0p5_0p02_0043_0014" 6200
"/Engine/EngineMaterials/Substrate/GLints/dict_16_192_64_0p5_0p02_0043_0015" 6201
"/Engine/EngineMaterials/Substrate/GLints/dict_16_192_64_0p5_0p02_0044_0000" 6202
"/Engine/EngineMaterials/Substrate/GLints/dict_16_192_64_0p5_0p02_0044_0001" 6203
"/Engine/EngineMaterials/Substrate/GLints/dict_16_192_64_0p5_0p02_0044_0002" 6204
"/Engine/EngineMaterials/Substrate/GLints/dict_16_192_64_0p5_0p02_0044_0003" 6205
"/Engine/EngineMaterials/Substrate/GLints/dict_16_192_64_0p5_0p02_0044_0004" 6206
"/Engine/EngineMaterials/Substrate/GLints/dict_16_192_64_0p5_0p02_0044_0005" 6207
"/Engine/EngineMaterials/Substrate/GLints/dict_16_192_64_0p5_0p02_0044_0006" 6208
"/Engine/EngineMaterials/Substrate/GLints/dict_16_192_64_0p5_0p02_0043_0004" 6209
"/Engine/EngineMaterials/Substrate/GLints/dict_16_192_64_0p5_0p02_0043_0005" 6210
"/Engine/EngineMaterials/Substrate/GLints/dict_16_192_64_0p5_0p02_0043_0006" 6211
"/Engine/EngineMaterials/Substrate/GLints/dict_16_192_64_0p5_0p02_0043_0008" 6212
"/Engine/EngineMaterials/Substrate/GLints/dict_16_192_64_0p5_0p02_0044_0007" 6213
"/Engine/EngineMaterials/Substrate/GLints/dict_16_192_64_0p5_0p02_0043_0009" 6214
"/Engine/EngineMaterials/Substrate/GLints/dict_16_192_64_0p5_0p02_0043_0010" 6215
"../../../Engine/Content/EngineMaterials/Substrate/GLints/dict_16_192_64_0p5_0p02_0042_0005.uasset" 6216
"../../../Engine/Content/EngineMaterials/Substrate/GLints/dict_16_192_64_0p5_0p02_0042_0006.uasset" 6217
"../../../Engine/Content/EngineMaterials/Substrate/GLints/dict_16_192_64_0p5_0p02_0042_0004.uasset" 6218
"../../../Engine/Content/EngineMaterials/Substrate/GLints/dict_16_192_64_0p5_0p02_0042_0002.uasset" 6219
"/Engine/EngineMaterials/Substrate/GLints/dict_16_192_64_0p5_0p02_0042_0008" 6220
"../../../Engine/Content/EngineMaterials/Substrate/GLints/dict_16_192_64_0p5_0p02_0042_0000.uasset" 6221
"../../../Engine/Content/EngineMaterials/Substrate/GLints/dict_16_192_64_0p5_0p02_0042_0001.uasset" 6222
"../../../Engine/Content/EngineMaterials/Substrate/GLints/dict_16_192_64_0p5_0p02_0042_0003.uasset" 6223
"/Engine/EngineMaterials/Substrate/GLints/dict_16_192_64_0p5_0p02_0042_0009" 6224
"../../../Engine/Content/EngineMaterials/Substrate/GLints/dict_16_192_64_0p5_0p02_0041_0014.uasset" 6225
"../../../Engine/Content/EngineMaterials/Substrate/GLints/dict_16_192_64_0p5_0p02_0041_0013.uasset" 6226
"../../../Engine/Content/EngineMaterials/Substrate/GLints/dict_16_192_64_0p5_0p02_0041_0010.uasset" 6227
"../../../Engine/Content/EngineMaterials/Substrate/GLints/dict_16_192_64_0p5_0p02_0041_0011.uasset" 6228
"../../../Engine/Content/EngineMaterials/Substrate/GLints/dict_16_192_64_0p5_0p02_0041_0012.uasset" 6229
"../../../Engine/Content/EngineMaterials/Substrate/GLints/dict_16_192_64_0p5_0p02_0041_0008.uasset" 6230
"../../../Engine/Content/EngineMaterials/Substrate/GLints/dict_16_192_64_0p5_0p02_0041_0005.uasset" 6231
"../../../Engine/Content/EngineMaterials/Substrate/GLints/dict_16_192_64_0p5_0p02_0041_0006.uasset" 6232
"../../../Engine/Content/EngineMaterials/Substrate/GLints/dict_16_192_64_0p5_0p02_0041_0007.uasset" 6233
"../../../Engine/Content/EngineMaterials/Substrate/GLints/dict_16_192_64_0p5_0p02_0041_0015.uasset" 6234
"../../../Engine/Content/EngineMaterials/Substrate/GLints/dict_16_192_64_0p5_0p02_0041_0009.uasset" 6235
"../../../Engine/Content/EngineMaterials/Substrate/GLints/dict_16_192_64_0p5_0p02_0042_0007.uasset" 6236
"/Engine/EngineMaterials/Substrate/GLints/dict_16_192_64_0p5_0p02_0042_0010" 6237
"/Engine/EngineMaterials/Substrate/GLints/dict_16_192_64_0p5_0p02_0042_0011" 6238
"/Engine/EngineMaterials/Substrate/GLints/dict_16_192_64_0p5_0p02_0042_0012" 6239
"/Engine/EngineMaterials/Substrate/GLints/dict_16_192_64_0p5_0p02_0042_0013" 6240
"/Engine/EngineMaterials/Substrate/GLints/dict_16_192_64_0p5_0p02_0042_0014" 6241
"/Engine/EngineMaterials/Substrate/GLints/dict_16_192_64_0p5_0p02_0042_0015" 6242
"/Engine/EngineMaterials/Substrate/GLints/dict_16_192_64_0p5_0p02_0043_0000" 6243
"/Engine/EngineMaterials/Substrate/GLints/dict_16_192_64_0p5_0p02_0043_0001" 6244
"/Engine/EngineMaterials/Substrate/GLints/dict_16_192_64_0p5_0p02_0043_0002" 6245
"/Engine/EngineMaterials/Substrate/GLints/dict_16_192_64_0p5_0p02_0043_0003" 6246
"/Engine/EngineMaterials/Substrate/GLints/dict_16_192_64_0p5_0p02_0043_0007" 6247
"/Engine/EngineMaterials/Substrate/GLints/dict_16_192_64_0p5_0p02_0042_0005" 6248
"/Engine/EngineMaterials/Substrate/GLints/dict_16_192_64_0p5_0p02_0042_0006" 6249
"../../../Engine/Content/EngineMaterials/Substrate/GLints/dict_16_192_64_0p5_0p02_0041_0000.uasset" 6250
"../../../Engine/Content/EngineMaterials/Substrate/GLints/dict_16_192_64_0p5_0p02_0041_0003.uasset" 6251
"../../../Engine/Content/EngineMaterials/Substrate/GLints/dict_16_192_64_0p5_0p02_0041_0001.uasset" 6252
"../../../Engine/Content/EngineMaterials/Substrate/GLints/dict_16_192_64_0p5_0p02_0041_0002.uasset" 6253
"../../../Engine/Content/EngineMaterials/Substrate/GLints/dict_16_192_64_0p5_0p02_0040_0013.uasset" 6254
"../../../Engine/Content/EngineMaterials/Substrate/GLints/dict_16_192_64_0p5_0p02_0040_0012.uasset" 6255
"../../../Engine/Content/EngineMaterials/Substrate/GLints/dict_16_192_64_0p5_0p02_0040_0014.uasset" 6256
"../../../Engine/Content/EngineMaterials/Substrate/GLints/dict_16_192_64_0p5_0p02_0040_0011.uasset" 6257
"../../../Engine/Content/EngineMaterials/Substrate/GLints/dict_16_192_64_0p5_0p02_0040_0010.uasset" 6258
"../../../Engine/Content/EngineMaterials/Substrate/GLints/dict_16_192_64_0p5_0p02_0041_0004.uasset" 6259
"../../../Engine/Content/EngineMaterials/Substrate/GLints/dict_16_192_64_0p5_0p02_0040_0008.uasset" 6260
"../../../Engine/Content/EngineMaterials/Substrate/GLints/dict_16_192_64_0p5_0p02_0040_0015.uasset" 6261
"../../../Engine/Content/EngineMaterials/Substrate/GLints/dict_16_192_64_0p5_0p02_0040_0007.uasset" 6262
"../../../Engine/Content/EngineMaterials/Substrate/GLints/dict_16_192_64_0p5_0p02_0040_0009.uasset" 6263
"/Engine/EngineMaterials/Substrate/GLints/dict_16_192_64_0p5_0p02_0041_0005" 6264
"../../../Engine/Content/EngineMaterials/Substrate/GLints/dict_16_192_64_0p5_0p02_0040_0006.uasset" 6265
"/Engine/EngineMaterials/Substrate/GLints/dict_16_192_64_0p5_0p02_0041_0006" 6266
"/Engine/EngineMaterials/Substrate/GLints/dict_16_192_64_0p5_0p02_0041_0007" 6267
"/Engine/EngineMaterials/Substrate/GLints/dict_16_192_64_0p5_0p02_0041_0008" 6268
"/Engine/EngineMaterials/Substrate/GLints/dict_16_192_64_0p5_0p02_0041_0009" 6269
"/Engine/EngineMaterials/Substrate/GLints/dict_16_192_64_0p5_0p02_0041_0010" 6270
"/Engine/EngineMaterials/Substrate/GLints/dict_16_192_64_0p5_0p02_0041_0011" 6271
"/Engine/EngineMaterials/Substrate/GLints/dict_16_192_64_0p5_0p02_0041_0012" 6272
"/Engine/EngineMaterials/Substrate/GLints/dict_16_192_64_0p5_0p02_0041_0013" 6273
"/Engine/EngineMaterials/Substrate/GLints/dict_16_192_64_0p5_0p02_0041_0014" 6274
"/Engine/EngineMaterials/Substrate/GLints/dict_16_192_64_0p5_0p02_0041_0015" 6275
"/Engine/EngineMaterials/Substrate/GLints/dict_16_192_64_0p5_0p02_0042_0000" 6276
"/Engine/EngineMaterials/Substrate/GLints/dict_16_192_64_0p5_0p02_0040_0010" 6277
"/Engine/EngineMaterials/Substrate/GLints/dict_16_192_64_0p5_0p02_0040_0011" 6278
"/Engine/EngineMaterials/Substrate/GLints/dict_16_192_64_0p5_0p02_0040_0012" 6279
"/Engine/EngineMaterials/Substrate/GLints/dict_16_192_64_0p5_0p02_0040_0013" 6280
"/Engine/EngineMaterials/Substrate/GLints/dict_16_192_64_0p5_0p02_0040_0014" 6281
"/Engine/EngineMaterials/Substrate/GLints/dict_16_192_64_0p5_0p02_0041_0000" 6282
"/Engine/EngineMaterials/Substrate/GLints/dict_16_192_64_0p5_0p02_0041_0001" 6283
"/Engine/EngineMaterials/Substrate/GLints/dict_16_192_64_0p5_0p02_0042_0001" 6284
"/Engine/EngineMaterials/Substrate/GLints/dict_16_192_64_0p5_0p02_0042_0002" 6285
"/Engine/EngineMaterials/Substrate/GLints/dict_16_192_64_0p5_0p02_0042_0003" 6286
"/Engine/EngineMaterials/Substrate/GLints/dict_16_192_64_0p5_0p02_0041_0002" 6287
"/Engine/EngineMaterials/Substrate/GLints/dict_16_192_64_0p5_0p02_0042_0004" 6288
"/Engine/EngineMaterials/Substrate/GLints/dict_16_192_64_0p5_0p02_0041_0003" 6289
"/Engine/EngineMaterials/Substrate/GLints/dict_16_192_64_0p5_0p02_0041_0004" 6290
"/Engine/EngineMaterials/Substrate/GLints/dict_16_192_64_0p5_0p02_0042_0007" 6291
"../../../Engine/Content/EngineMaterials/Substrate/GLints/dict_16_192_64_0p5_0p02_0040_0004.uasset" 6292
"../../../Engine/Content/EngineMaterials/Substrate/GLints/dict_16_192_64_0p5_0p02_0040_0001.uasset" 6293
"../../../Engine/Content/EngineMaterials/Substrate/GLints/dict_16_192_64_0p5_0p02_0039_0012.uasset" 6294
"../../../Engine/Content/EngineMaterials/Substrate/GLints/dict_16_192_64_0p5_0p02_0039_0014.uasset" 6295
"../../../Engine/Content/EngineMaterials/Substrate/GLints/dict_16_192_64_0p5_0p02_0039_0015.uasset" 6296
"/Engine/EngineMaterials/Substrate/GLints/dict_16_192_64_0p5_0p02_0040_0006" 6297
"../../../Engine/Content/EngineMaterials/Substrate/GLints/dict_16_192_64_0p5_0p02_0040_0005.uasset" 6298
"../../../Engine/Content/EngineMaterials/Substrate/GLints/dict_16_192_64_0p5_0p02_0039_0013.uasset" 6299
"../../../Engine/Content/EngineMaterials/Substrate/GLints/dict_16_192_64_0p5_0p02_0039_0008.uasset" 6300
"../../../Engine/Content/EngineMaterials/Substrate/GLints/dict_16_192_64_0p5_0p02_0039_0010.uasset" 6301
"../../../Engine/Content/EngineMaterials/Substrate/GLints/dict_16_192_64_0p5_0p02_0039_0006.uasset" 6302
"/Engine/EngineMaterials/Substrate/GLints/dict_16_192_64_0p5_0p02_0040_0007" 6303
"../../../Engine/Content/EngineMaterials/Substrate/GLints/dict_16_192_64_0p5_0p02_0040_0003.uasset" 6304
"../../../Engine/Content/EngineMaterials/Substrate/GLints/dict_16_192_64_0p5_0p02_0039_0004.uasset" 6305
"../../../Engine/Content/EngineMaterials/Substrate/GLints/dict_16_192_64_0p5_0p02_0039_0005.uasset" 6306
"../../../Engine/Content/EngineMaterials/Substrate/GLints/dict_16_192_64_0p5_0p02_0039_0003.uasset" 6307
"../../../Engine/Content/EngineMaterials/Substrate/GLints/dict_16_192_64_0p5_0p02_0040_0002.uasset" 6308
"../../../Engine/Content/EngineMaterials/Substrate/GLints/dict_16_192_64_0p5_0p02_0039_0011.uasset" 6309
"../../../Engine/Content/EngineMaterials/Substrate/GLints/dict_16_192_64_0p5_0p02_0039_0001.uasset" 6310
"../../../Engine/Content/EngineMaterials/Substrate/GLints/dict_16_192_64_0p5_0p02_0039_0000.uasset" 6311
"../../../Engine/Content/EngineMaterials/Substrate/GLints/dict_16_192_64_0p5_0p02_0040_0000.uasset" 6312
"../../../Engine/Content/EngineMaterials/Substrate/GLints/dict_16_192_64_0p5_0p02_0038_0013.uasset" 6313
"../../../Engine/Content/EngineMaterials/Substrate/GLints/dict_16_192_64_0p5_0p02_0039_0002.uasset" 6314
"../../../Engine/Content/EngineMaterials/Substrate/GLints/dict_16_192_64_0p5_0p02_0038_0014.uasset" 6315
"../../../Engine/Content/EngineMaterials/Substrate/GLints/dict_16_192_64_0p5_0p02_0038_0012.uasset" 6316
"../../../Engine/Content/EngineMaterials/Substrate/GLints/dict_16_192_64_0p5_0p02_0038_0015.uasset" 6317
"../../../Engine/Content/EngineMaterials/Substrate/GLints/dict_16_192_64_0p5_0p02_0038_0011.uasset" 6318
"../../../Engine/Content/EngineMaterials/Substrate/GLints/dict_16_192_64_0p5_0p02_0039_0007.uasset" 6319
"../../../Engine/Content/EngineMaterials/Substrate/GLints/dict_16_192_64_0p5_0p02_0039_0009.uasset" 6320
"/Engine/EngineMaterials/Substrate/GLints/dict_16_192_64_0p5_0p02_0040_0008" 6321
"/Engine/EngineMaterials/Substrate/GLints/dict_16_192_64_0p5_0p02_0040_0009" 6322
"/Engine/EngineMaterials/Substrate/GLints/dict_16_192_64_0p5_0p02_0040_0015" 6323
"/Engine/EngineMaterials/Substrate/GLints/dict_16_192_64_0p5_0p02_0040_0001" 6324
"/Engine/EngineMaterials/Substrate/GLints/dict_16_192_64_0p5_0p02_0040_0004" 6325
"../../../Engine/Content/EngineMaterials/Substrate/GLints/dict_16_192_64_0p5_0p02_0038_0008.uasset" 6326
"../../../Engine/Content/EngineMaterials/Substrate/GLints/dict_16_192_64_0p5_0p02_0038_0009.uasset" 6327
"../../../Engine/Content/EngineMaterials/Substrate/GLints/dict_16_192_64_0p5_0p02_0038_0010.uasset" 6328
"../../../Engine/Content/EngineMaterials/Substrate/GLints/dict_16_192_64_0p5_0p02_0038_0007.uasset" 6329
"/Engine/EngineMaterials/Substrate/GLints/dict_16_192_64_0p5_0p02_0038_0011" 6330
"../../../Engine/Content/EngineMaterials/Substrate/GLints/dict_16_192_64_0p5_0p02_0038_0006.uasset" 6331
"../../../Engine/Content/EngineMaterials/Substrate/GLints/dict_16_192_64_0p5_0p02_0038_0005.uasset" 6332
"../../../Engine/Content/EngineMaterials/Substrate/GLints/dict_16_192_64_0p5_0p02_0038_0004.uasset" 6333
"/Engine/EngineMaterials/Substrate/GLints/dict_16_192_64_0p5_0p02_0038_0012" 6334
"/Engine/EngineMaterials/Substrate/GLints/dict_16_192_64_0p5_0p02_0038_0013" 6335
"/Engine/EngineMaterials/Substrate/GLints/dict_16_192_64_0p5_0p02_0038_0014" 6336
"/Engine/EngineMaterials/Substrate/GLints/dict_16_192_64_0p5_0p02_0038_0015" 6337
"/Engine/EngineMaterials/Substrate/GLints/dict_16_192_64_0p5_0p02_0039_0000" 6338
"/Engine/EngineMaterials/Substrate/GLints/dict_16_192_64_0p5_0p02_0039_0001" 6339
"/Engine/EngineMaterials/Substrate/GLints/dict_16_192_64_0p5_0p02_0039_0002" 6340
"/Engine/EngineMaterials/Substrate/GLints/dict_16_192_64_0p5_0p02_0039_0003" 6341
"/Engine/EngineMaterials/Substrate/GLints/dict_16_192_64_0p5_0p02_0039_0004" 6342
"/Engine/EngineMaterials/Substrate/GLints/dict_16_192_64_0p5_0p02_0039_0005" 6343
"/Engine/EngineMaterials/Substrate/GLints/dict_16_192_64_0p5_0p02_0039_0006" 6344
"/Engine/EngineMaterials/Substrate/GLints/dict_16_192_64_0p5_0p02_0039_0007" 6345
"/Engine/EngineMaterials/Substrate/GLints/dict_16_192_64_0p5_0p02_0039_0008" 6346
"/Engine/EngineMaterials/Substrate/GLints/dict_16_192_64_0p5_0p02_0039_0009" 6347
"/Engine/EngineMaterials/Substrate/GLints/dict_16_192_64_0p5_0p02_0039_0010" 6348
"/Engine/EngineMaterials/Substrate/GLints/dict_16_192_64_0p5_0p02_0039_0011" 6349
"/Engine/EngineMaterials/Substrate/GLints/dict_16_192_64_0p5_0p02_0039_0012" 6350
"/Engine/EngineMaterials/Substrate/GLints/dict_16_192_64_0p5_0p02_0039_0013" 6351
"/Engine/EngineMaterials/Substrate/GLints/dict_16_192_64_0p5_0p02_0039_0014" 6352
"/Engine/EngineMaterials/Substrate/GLints/dict_16_192_64_0p5_0p02_0039_0015" 6353
"/Engine/EngineMaterials/Substrate/GLints/dict_16_192_64_0p5_0p02_0040_0000" 6354
"/Engine/EngineMaterials/Substrate/GLints/dict_16_192_64_0p5_0p02_0040_0002" 6355
"/Engine/EngineMaterials/Substrate/GLints/dict_16_192_64_0p5_0p02_0040_0003" 6356
"/Engine/EngineMaterials/Substrate/GLints/dict_16_192_64_0p5_0p02_0040_0005" 6357
"../../../Engine/Content/EngineMaterials/Substrate/GLints/dict_16_192_64_0p5_0p02_0038_0003.uasset" 6358
"../../../Engine/Content/EngineMaterials/Substrate/GLints/dict_16_192_64_0p5_0p02_0038_0002.uasset" 6359
"../../../Engine/Content/EngineMaterials/Substrate/GLints/dict_16_192_64_0p5_0p02_0038_0001.uasset" 6360
"../../../Engine/Content/EngineMaterials/Substrate/GLints/dict_16_192_64_0p5_0p02_0038_0000.uasset" 6361
"../../../Engine/Content/EngineMaterials/Substrate/GLints/dict_16_192_64_0p5_0p02_0037_0014.uasset" 6362
"../../../Engine/Content/EngineMaterials/Substrate/GLints/dict_16_192_64_0p5_0p02_0037_0013.uasset" 6363
"../../../Engine/Content/EngineMaterials/Substrate/GLints/dict_16_192_64_0p5_0p02_0037_0015.uasset" 6364
"../../../Engine/Content/EngineMaterials/Substrate/GLints/dict_16_192_64_0p5_0p02_0037_0012.uasset" 6365
"../../../Engine/Content/EngineMaterials/Substrate/GLints/dict_16_192_64_0p5_0p02_0037_0011.uasset" 6366
"/Engine/EngineMaterials/Substrate/GLints/dict_16_192_64_0p5_0p02_0038_0004" 6367
"../../../Engine/Content/EngineMaterials/Substrate/GLints/dict_16_192_64_0p5_0p02_0037_0010.uasset" 6368
"../../../Engine/Content/EngineMaterials/Substrate/GLints/dict_16_192_64_0p5_0p02_0037_0007.uasset" 6369
"../../../Engine/Content/EngineMaterials/Substrate/GLints/dict_16_192_64_0p5_0p02_0037_0002.uasset" 6370
"../../../Engine/Content/EngineMaterials/Substrate/GLints/dict_16_192_64_0p5_0p02_0037_0003.uasset" 6371
"../../../Engine/Content/EngineMaterials/Substrate/GLints/dict_16_192_64_0p5_0p02_0037_0000.uasset" 6372
"../../../Engine/Content/EngineMaterials/Substrate/GLints/dict_16_192_64_0p5_0p02_0036_0014.uasset" 6373
"../../../Engine/Content/EngineMaterials/Substrate/GLints/dict_16_192_64_0p5_0p02_0036_0015.uasset" 6374
"../../../Engine/Content/EngineMaterials/Substrate/GLints/dict_16_192_64_0p5_0p02_0037_0009.uasset" 6375
"../../../Engine/Content/EngineMaterials/Substrate/GLints/dict_16_192_64_0p5_0p02_0036_0012.uasset" 6376
"../../../Engine/Content/EngineMaterials/Substrate/GLints/dict_16_192_64_0p5_0p02_0036_0011.uasset" 6377
"../../../Engine/Content/EngineMaterials/Substrate/GLints/dict_16_192_64_0p5_0p02_0036_0013.uasset" 6378
"../../../Engine/Content/EngineMaterials/Substrate/GLints/dict_16_192_64_0p5_0p02_0037_0004.uasset" 6379
"../../../Engine/Content/EngineMaterials/Substrate/GLints/dict_16_192_64_0p5_0p02_0037_0001.uasset" 6380
"../../../Engine/Content/EngineMaterials/Substrate/GLints/dict_16_192_64_0p5_0p02_0037_0008.uasset" 6381
"../../../Engine/Content/EngineMaterials/Substrate/GLints/dict_16_192_64_0p5_0p02_0037_0005.uasset" 6382
"/Engine/EngineMaterials/Substrate/GLints/dict_16_192_64_0p5_0p02_0038_0005" 6383
"../../../Engine/Content/EngineMaterials/Substrate/GLints/dict_16_192_64_0p5_0p02_0037_0006.uasset" 6384
"/Engine/EngineMaterials/Substrate/GLints/dict_16_192_64_0p5_0p02_0038_0006" 6385
"/Engine/EngineMaterials/Substrate/GLints/dict_16_192_64_0p5_0p02_0038_0007" 6386
"/Engine/EngineMaterials/Substrate/GLints/dict_16_192_64_0p5_0p02_0038_0008" 6387
"/Engine/EngineMaterials/Substrate/GLints/dict_16_192_64_0p5_0p02_0038_0009" 6388
"/Engine/EngineMaterials/Substrate/GLints/dict_16_192_64_0p5_0p02_0038_0001" 6389
"/Engine/EngineMaterials/Substrate/GLints/dict_16_192_64_0p5_0p02_0038_0002" 6390
"/Engine/EngineMaterials/Substrate/GLints/dict_16_192_64_0p5_0p02_0038_0010" 6391
"/Engine/EngineMaterials/Substrate/GLints/dict_16_192_64_0p5_0p02_0038_0003" 6392
"../../../Engine/Content/EngineMaterials/Substrate/GLints/dict_16_192_64_0p5_0p02_0036_0010.uasset" 6393
"../../../Engine/Content/EngineMaterials/Substrate/GLints/dict_16_192_64_0p5_0p02_0036_0008.uasset" 6394
"../../../Engine/Content/EngineMaterials/Substrate/GLints/dict_16_192_64_0p5_0p02_0036_0006.uasset" 6395
"../../../Engine/Content/EngineMaterials/Substrate/GLints/dict_16_192_64_0p5_0p02_0036_0005.uasset" 6396
"../../../Engine/Content/EngineMaterials/Substrate/GLints/dict_16_192_64_0p5_0p02_0036_0004.uasset" 6397
"../../../Engine/Content/EngineMaterials/Substrate/GLints/dict_16_192_64_0p5_0p02_0036_0007.uasset" 6398
"../../../Engine/Content/EngineMaterials/Substrate/GLints/dict_16_192_64_0p5_0p02_0036_0009.uasset" 6399
"../../../Engine/Content/EngineMaterials/Substrate/GLints/dict_16_192_64_0p5_0p02_0036_0003.uasset" 6400
"/Engine/EngineMaterials/Substrate/GLints/dict_16_192_64_0p5_0p02_0036_0011" 6401
"../../../Engine/Content/EngineMaterials/Substrate/GLints/dict_16_192_64_0p5_0p02_0036_0002.uasset" 6402
"../../../Engine/Content/EngineMaterials/Substrate/GLints/dict_16_192_64_0p5_0p02_0036_0001.uasset" 6403
"/Engine/EngineMaterials/Substrate/GLints/dict_16_192_64_0p5_0p02_0036_0012" 6404
"/Engine/EngineMaterials/Substrate/GLints/dict_16_192_64_0p5_0p02_0036_0013" 6405
"/Engine/EngineMaterials/Substrate/GLints/dict_16_192_64_0p5_0p02_0036_0014" 6406
"/Engine/EngineMaterials/Substrate/GLints/dict_16_192_64_0p5_0p02_0036_0015" 6407
"/Engine/EngineMaterials/Substrate/GLints/dict_16_192_64_0p5_0p02_0037_0000" 6408
"/Engine/EngineMaterials/Substrate/GLints/dict_16_192_64_0p5_0p02_0037_0001" 6409
"/Engine/EngineMaterials/Substrate/GLints/dict_16_192_64_0p5_0p02_0037_0002" 6410
"/Engine/EngineMaterials/Substrate/GLints/dict_16_192_64_0p5_0p02_0037_0003" 6411
"/Engine/EngineMaterials/Substrate/GLints/dict_16_192_64_0p5_0p02_0037_0004" 6412
"/Engine/EngineMaterials/Substrate/GLints/dict_16_192_64_0p5_0p02_0037_0005" 6413
"/Engine/EngineMaterials/Substrate/GLints/dict_16_192_64_0p5_0p02_0037_0006" 6414
"/Engine/EngineMaterials/Substrate/GLints/dict_16_192_64_0p5_0p02_0037_0007" 6415
"/Engine/EngineMaterials/Substrate/GLints/dict_16_192_64_0p5_0p02_0037_0008" 6416
"/Engine/EngineMaterials/Substrate/GLints/dict_16_192_64_0p5_0p02_0037_0009" 6417
"/Engine/EngineMaterials/Substrate/GLints/dict_16_192_64_0p5_0p02_0037_0010" 6418
"/Engine/EngineMaterials/Substrate/GLints/dict_16_192_64_0p5_0p02_0037_0011" 6419
"/Engine/EngineMaterials/Substrate/GLints/dict_16_192_64_0p5_0p02_0037_0012" 6420
"/Engine/EngineMaterials/Substrate/GLints/dict_16_192_64_0p5_0p02_0037_0013" 6421
"/Engine/EngineMaterials/Substrate/GLints/dict_16_192_64_0p5_0p02_0037_0014" 6422
"/Engine/EngineMaterials/Substrate/GLints/dict_16_192_64_0p5_0p02_0037_0015" 6423
"/Engine/EngineMaterials/Substrate/GLints/dict_16_192_64_0p5_0p02_0038_0000" 6424
"/Engine/EngineMaterials/Substrate/GLints/dict_16_192_64_0p5_0p02_0036_0006" 6425
"/Engine/EngineMaterials/Substrate/GLints/dict_16_192_64_0p5_0p02_0036_0008" 6426
"/Engine/EngineMaterials/Substrate/GLints/dict_16_192_64_0p5_0p02_0036_0010" 6427
"../../../Engine/Content/EngineMaterials/Substrate/GLints/dict_16_192_64_0p5_0p02_0035_0015.uasset" 6428
"../../../Engine/Content/EngineMaterials/Substrate/GLints/dict_16_192_64_0p5_0p02_0036_0000.uasset" 6429
"../../../Engine/Content/EngineMaterials/Substrate/GLints/dict_16_192_64_0p5_0p02_0035_0010.uasset" 6430
"/Engine/EngineMaterials/Substrate/GLints/dict_16_192_64_0p5_0p02_0036_0001" 6431
"../../../Engine/Content/EngineMaterials/Substrate/GLints/dict_16_192_64_0p5_0p02_0035_0012.uasset" 6432
"../../../Engine/Content/EngineMaterials/Substrate/GLints/dict_16_192_64_0p5_0p02_0035_0005.uasset" 6433
"../../../Engine/Content/EngineMaterials/Substrate/GLints/dict_16_192_64_0p5_0p02_0035_0009.uasset" 6434
"../../../Engine/Content/EngineMaterials/Substrate/GLints/dict_16_192_64_0p5_0p02_0035_0004.uasset" 6435
"../../../Engine/Content/EngineMaterials/Substrate/GLints/dict_16_192_64_0p5_0p02_0035_0003.uasset" 6436
"/Engine/EngineMaterials/Substrate/GLints/dict_16_192_64_0p5_0p02_0036_0002" 6437
"../../../Engine/Content/EngineMaterials/Substrate/GLints/dict_16_192_64_0p5_0p02_0035_0007.uasset" 6438
"../../../Engine/Content/EngineMaterials/Substrate/GLints/dict_16_192_64_0p5_0p02_0035_0001.uasset" 6439
"../../../Engine/Content/EngineMaterials/Substrate/GLints/dict_16_192_64_0p5_0p02_0035_0011.uasset" 6440
"../../../Engine/Content/EngineMaterials/Substrate/GLints/dict_16_192_64_0p5_0p02_0034_0011.uasset" 6441
"../../../Engine/Content/EngineMaterials/Substrate/GLints/dict_16_192_64_0p5_0p02_0035_0000.uasset" 6442
"../../../Engine/Content/EngineMaterials/Substrate/GLints/dict_16_192_64_0p5_0p02_0034_0014.uasset" 6443
"../../../Engine/Content/EngineMaterials/Substrate/GLints/dict_16_192_64_0p5_0p02_0034_0013.uasset" 6444
"../../../Engine/Content/EngineMaterials/Substrate/GLints/dict_16_192_64_0p5_0p02_0034_0012.uasset" 6445
"../../../Engine/Content/EngineMaterials/Substrate/GLints/dict_16_192_64_0p5_0p02_0034_0009.uasset" 6446
"../../../Engine/Content/EngineMaterials/Substrate/GLints/dict_16_192_64_0p5_0p02_0035_0014.uasset" 6447
"../../../Engine/Content/EngineMaterials/Substrate/GLints/dict_16_192_64_0p5_0p02_0034_0008.uasset" 6448
"../../../Engine/Content/EngineMaterials/Substrate/GLints/dict_16_192_64_0p5_0p02_0035_0008.uasset" 6449
"../../../Engine/Content/EngineMaterials/Substrate/GLints/dict_16_192_64_0p5_0p02_0034_0010.uasset" 6450
"../../../Engine/Content/EngineMaterials/Substrate/GLints/dict_16_192_64_0p5_0p02_0035_0013.uasset" 6451
"/Engine/EngineMaterials/Substrate/GLints/dict_16_192_64_0p5_0p02_0036_0003" 6452
"../../../Engine/Content/EngineMaterials/Substrate/GLints/dict_16_192_64_0p5_0p02_0035_0006.uasset" 6453
"../../../Engine/Content/EngineMaterials/Substrate/GLints/dict_16_192_64_0p5_0p02_0035_0002.uasset" 6454
"../../../Engine/Content/EngineMaterials/Substrate/GLints/dict_16_192_64_0p5_0p02_0034_0015.uasset" 6455
"/Engine/EngineMaterials/Substrate/GLints/dict_16_192_64_0p5_0p02_0036_0004" 6456
"/Engine/EngineMaterials/Substrate/GLints/dict_16_192_64_0p5_0p02_0036_0005" 6457
"/Engine/EngineMaterials/Substrate/GLints/dict_16_192_64_0p5_0p02_0036_0007" 6458
"/Engine/EngineMaterials/Substrate/GLints/dict_16_192_64_0p5_0p02_0036_0009" 6459
"../../../Engine/Content/EngineMaterials/Substrate/GLints/dict_16_192_64_0p5_0p02_0034_0007.uasset" 6460
"../../../Engine/Content/EngineMaterials/Substrate/GLints/dict_16_192_64_0p5_0p02_0034_0006.uasset" 6461
"../../../Engine/Content/EngineMaterials/Substrate/GLints/dict_16_192_64_0p5_0p02_0034_0005.uasset" 6462
"../../../Engine/Content/EngineMaterials/Substrate/GLints/dict_16_192_64_0p5_0p02_0034_0004.uasset" 6463
"/Engine/EngineMaterials/Substrate/GLints/dict_16_192_64_0p5_0p02_0034_0008" 6464
"../../../Engine/Content/EngineMaterials/Substrate/GLints/dict_16_192_64_0p5_0p02_0034_0003.uasset" 6465
"../../../Engine/Content/EngineMaterials/Substrate/GLints/dict_16_192_64_0p5_0p02_0034_0001.uasset" 6466
"../../../Engine/Content/EngineMaterials/Substrate/GLints/dict_16_192_64_0p5_0p02_0034_0002.uasset" 6467
"/Engine/EngineMaterials/Substrate/GLints/dict_16_192_64_0p5_0p02_0034_0009" 6468
"/Engine/EngineMaterials/Substrate/GLints/dict_16_192_64_0p5_0p02_0034_0010" 6469
"/Engine/EngineMaterials/Substrate/GLints/dict_16_192_64_0p5_0p02_0034_0011" 6470
"/Engine/EngineMaterials/Substrate/GLints/dict_16_192_64_0p5_0p02_0034_0012" 6471
"/Engine/EngineMaterials/Substrate/GLints/dict_16_192_64_0p5_0p02_0034_0013" 6472
"/Engine/EngineMaterials/Substrate/GLints/dict_16_192_64_0p5_0p02_0034_0014" 6473
"/Engine/EngineMaterials/Substrate/GLints/dict_16_192_64_0p5_0p02_0034_0015" 6474
"/Engine/EngineMaterials/Substrate/GLints/dict_16_192_64_0p5_0p02_0035_0000" 6475
"/Engine/EngineMaterials/Substrate/GLints/dict_16_192_64_0p5_0p02_0035_0001" 6476
"/Engine/EngineMaterials/Substrate/GLints/dict_16_192_64_0p5_0p02_0035_0002" 6477
"/Engine/EngineMaterials/Substrate/GLints/dict_16_192_64_0p5_0p02_0035_0003" 6478
"/Engine/EngineMaterials/Substrate/GLints/dict_16_192_64_0p5_0p02_0035_0004" 6479
"/Engine/EngineMaterials/Substrate/GLints/dict_16_192_64_0p5_0p02_0035_0005" 6480
"/Engine/EngineMaterials/Substrate/GLints/dict_16_192_64_0p5_0p02_0035_0006" 6481
"/Engine/EngineMaterials/Substrate/GLints/dict_16_192_64_0p5_0p02_0035_0007" 6482
"/Engine/EngineMaterials/Substrate/GLints/dict_16_192_64_0p5_0p02_0035_0008" 6483
"/Engine/EngineMaterials/Substrate/GLints/dict_16_192_64_0p5_0p02_0035_0009" 6484
"/Engine/EngineMaterials/Substrate/GLints/dict_16_192_64_0p5_0p02_0035_0010" 6485
"/Engine/EngineMaterials/Substrate/GLints/dict_16_192_64_0p5_0p02_0035_0011" 6486
"/Engine/EngineMaterials/Substrate/GLints/dict_16_192_64_0p5_0p02_0035_0012" 6487
"/Engine/EngineMaterials/Substrate/GLints/dict_16_192_64_0p5_0p02_0035_0013" 6488
"/Engine/EngineMaterials/Substrate/GLints/dict_16_192_64_0p5_0p02_0035_0014" 6489
"/Engine/EngineMaterials/Substrate/GLints/dict_16_192_64_0p5_0p02_0035_0015" 6490
"/Engine/EngineMaterials/Substrate/GLints/dict_16_192_64_0p5_0p02_0036_0000" 6491
"/Engine/EngineMaterials/Substrate/GLints/dict_16_192_64_0p5_0p02_0034_0001" 6492
"../../../Engine/Content/EngineMaterials/Substrate/GLints/dict_16_192_64_0p5_0p02_0033_0015.uasset" 6493
"../../../Engine/Content/EngineMaterials/Substrate/GLints/dict_16_192_64_0p5_0p02_0033_0014.uasset" 6494
"../../../Engine/Content/EngineMaterials/Substrate/GLints/dict_16_192_64_0p5_0p02_0034_0000.uasset" 6495
"../../../Engine/Content/EngineMaterials/Substrate/GLints/dict_16_192_64_0p5_0p02_0033_0012.uasset" 6496
"../../../Engine/Content/EngineMaterials/Substrate/GLints/dict_16_192_64_0p5_0p02_0033_0009.uasset" 6497
"../../../Engine/Content/EngineMaterials/Substrate/GLints/dict_16_192_64_0p5_0p02_0033_0008.uasset" 6498
"../../../Engine/Content/EngineMaterials/Substrate/GLints/dict_16_192_64_0p5_0p02_0033_0010.uasset" 6499
"../../../Engine/Content/EngineMaterials/Substrate/GLints/dict_16_192_64_0p5_0p02_0033_0007.uasset" 6500
"/Engine/EngineMaterials/Substrate/GLints/dict_16_192_64_0p5_0p02_0034_0002" 6501
"../../../Engine/Content/EngineMaterials/Substrate/GLints/dict_16_192_64_0p5_0p02_0033_0006.uasset" 6502
"../../../Engine/Content/EngineMaterials/Substrate/GLints/dict_16_192_64_0p5_0p02_0033_0013.uasset" 6503
"../../../Engine/Content/EngineMaterials/Substrate/GLints/dict_16_192_64_0p5_0p02_0033_0003.uasset" 6504
"../../../Engine/Content/EngineMaterials/Substrate/GLints/dict_16_192_64_0p5_0p02_0033_0001.uasset" 6505
"../../../Engine/Content/EngineMaterials/Substrate/GLints/dict_16_192_64_0p5_0p02_0033_0005.uasset" 6506
"../../../Engine/Content/EngineMaterials/Substrate/GLints/dict_16_192_64_0p5_0p02_0033_0004.uasset" 6507
"../../../Engine/Content/EngineMaterials/Substrate/GLints/dict_16_192_64_0p5_0p02_0033_0000.uasset" 6508
"/Engine/EngineMaterials/Substrate/GLints/dict_16_192_64_0p5_0p02_0034_0003" 6509
"../../../Engine/Content/EngineMaterials/Substrate/GLints/dict_16_192_64_0p5_0p02_0033_0011.uasset" 6510
"../../../Engine/Content/EngineMaterials/Substrate/GLints/dict_16_192_64_0p5_0p02_0033_0002.uasset" 6511
"../../../Engine/Content/EngineMaterials/Substrate/GLints/dict_16_192_64_0p5_0p02_0032_0015.uasset" 6512
"../../../Engine/Content/EngineMaterials/Substrate/GLints/dict_16_192_64_0p5_0p02_0032_0014.uasset" 6513
"../../../Engine/Content/EngineMaterials/Substrate/GLints/dict_16_192_64_0p5_0p02_0032_0012.uasset" 6514
"../../../Engine/Content/EngineMaterials/Substrate/GLints/dict_16_192_64_0p5_0p02_0032_0013.uasset" 6515
"../../../Engine/Content/EngineMaterials/Substrate/GLints/dict_16_192_64_0p5_0p02_0032_0011.uasset" 6516
"../../../Engine/Content/EngineMaterials/Substrate/GLints/dict_16_192_64_0p5_0p02_0032_0009.uasset" 6517
"../../../Engine/Content/EngineMaterials/Substrate/GLints/dict_16_192_64_0p5_0p02_0032_0010.uasset" 6518
"../../../Engine/Content/EngineMaterials/Substrate/GLints/dict_16_192_64_0p5_0p02_0032_0008.uasset" 6519
"/Engine/EngineMaterials/Substrate/GLints/dict_16_192_64_0p5_0p02_0034_0004" 6520
"/Engine/EngineMaterials/Substrate/GLints/dict_16_192_64_0p5_0p02_0034_0005" 6521
"/Engine/EngineMaterials/Substrate/GLints/dict_16_192_64_0p5_0p02_0034_0006" 6522
"/Engine/EngineMaterials/Substrate/GLints/dict_16_192_64_0p5_0p02_0034_0007" 6523
"../../../Engine/Content/EngineMaterials/Substrate/GLints/dict_16_192_64_0p5_0p02_0032_0006.uasset" 6524
"../../../Engine/Content/EngineMaterials/Substrate/GLints/dict_16_192_64_0p5_0p02_0032_0007.uasset" 6525
"../../../Engine/Content/EngineMaterials/Substrate/GLints/dict_16_192_64_0p5_0p02_0032_0005.uasset" 6526
"../../../Engine/Content/EngineMaterials/Substrate/GLints/dict_16_192_64_0p5_0p02_0032_0004.uasset" 6527
"../../../Engine/Content/EngineMaterials/Substrate/GLints/dict_16_192_64_0p5_0p02_0032_0002.uasset" 6528
"/Engine/EngineMaterials/Substrate/GLints/dict_16_192_64_0p5_0p02_0032_0008" 6529
"../../../Engine/Content/EngineMaterials/Substrate/GLints/dict_16_192_64_0p5_0p02_0032_0001.uasset" 6530
"../../../Engine/Content/EngineMaterials/Substrate/GLints/dict_16_192_64_0p5_0p02_0032_0003.uasset" 6531
"/Engine/EngineMaterials/Substrate/GLints/dict_16_192_64_0p5_0p02_0032_0009" 6532
"/Engine/EngineMaterials/Substrate/GLints/dict_16_192_64_0p5_0p02_0032_0010" 6533
"/Engine/EngineMaterials/Substrate/GLints/dict_16_192_64_0p5_0p02_0032_0011" 6534
"/Engine/EngineMaterials/Substrate/GLints/dict_16_192_64_0p5_0p02_0032_0012" 6535
"/Engine/EngineMaterials/Substrate/GLints/dict_16_192_64_0p5_0p02_0032_0013" 6536
"/Engine/EngineMaterials/Substrate/GLints/dict_16_192_64_0p5_0p02_0032_0014" 6537
"/Engine/EngineMaterials/Substrate/GLints/dict_16_192_64_0p5_0p02_0032_0015" 6538
"/Engine/EngineMaterials/Substrate/GLints/dict_16_192_64_0p5_0p02_0033_0000" 6539
"/Engine/EngineMaterials/Substrate/GLints/dict_16_192_64_0p5_0p02_0033_0001" 6540
"/Engine/EngineMaterials/Substrate/GLints/dict_16_192_64_0p5_0p02_0033_0002" 6541
"/Engine/EngineMaterials/Substrate/GLints/dict_16_192_64_0p5_0p02_0033_0003" 6542
"/Engine/EngineMaterials/Substrate/GLints/dict_16_192_64_0p5_0p02_0033_0004" 6543
"/Engine/EngineMaterials/Substrate/GLints/dict_16_192_64_0p5_0p02_0033_0005" 6544
"/Engine/EngineMaterials/Substrate/GLints/dict_16_192_64_0p5_0p02_0033_0006" 6545
"/Engine/EngineMaterials/Substrate/GLints/dict_16_192_64_0p5_0p02_0033_0007" 6546
"/Engine/EngineMaterials/Substrate/GLints/dict_16_192_64_0p5_0p02_0033_0008" 6547
"/Engine/EngineMaterials/Substrate/GLints/dict_16_192_64_0p5_0p02_0033_0009" 6548
"/Engine/EngineMaterials/Substrate/GLints/dict_16_192_64_0p5_0p02_0033_0010" 6549
"/Engine/EngineMaterials/Substrate/GLints/dict_16_192_64_0p5_0p02_0033_0011" 6550
"/Engine/EngineMaterials/Substrate/GLints/dict_16_192_64_0p5_0p02_0033_0012" 6551
"/Engine/EngineMaterials/Substrate/GLints/dict_16_192_64_0p5_0p02_0033_0013" 6552
"/Engine/EngineMaterials/Substrate/GLints/dict_16_192_64_0p5_0p02_0033_0014" 6553
"/Engine/EngineMaterials/Substrate/GLints/dict_16_192_64_0p5_0p02_0032_0006" 6554
"/Engine/EngineMaterials/Substrate/GLints/dict_16_192_64_0p5_0p02_0033_0015" 6555
"/Engine/EngineMaterials/Substrate/GLints/dict_16_192_64_0p5_0p02_0032_0007" 6556
"/Engine/EngineMaterials/Substrate/GLints/dict_16_192_64_0p5_0p02_0034_0000" 6557
"../../../Engine/Content/EngineMaterials/Substrate/GLints/dict_16_192_64_0p5_0p02_0031_0015.uasset" 6558
"../../../Engine/Content/EngineMaterials/Substrate/GLints/dict_16_192_64_0p5_0p02_0031_0010.uasset" 6559
"../../../Engine/Content/EngineMaterials/Substrate/GLints/dict_16_192_64_0p5_0p02_0031_0008.uasset" 6560
"../../../Engine/Content/EngineMaterials/Substrate/GLints/dict_16_192_64_0p5_0p02_0031_0005.uasset" 6561
"/Engine/EngineMaterials/Substrate/GLints/dict_16_192_64_0p5_0p02_0032_0001" 6562
"../../../Engine/Content/EngineMaterials/Substrate/GLints/dict_16_192_64_0p5_0p02_0031_0002.uasset" 6563
"../../../Engine/Content/EngineMaterials/Substrate/GLints/dict_16_192_64_0p5_0p02_0031_0004.uasset" 6564
"../../../Engine/Content/EngineMaterials/Substrate/GLints/dict_16_192_64_0p5_0p02_0031_0014.uasset" 6565
"../../../Engine/Content/EngineMaterials/Substrate/GLints/dict_16_192_64_0p5_0p02_0030_0015.uasset" 6566
"../../../Engine/Content/EngineMaterials/Substrate/GLints/dict_16_192_64_0p5_0p02_0031_0006.uasset" 6567
"../../../Engine/Content/EngineMaterials/Substrate/GLints/dict_16_192_64_0p5_0p02_0030_0012.uasset" 6568
"../../../Engine/Content/EngineMaterials/Substrate/GLints/dict_16_192_64_0p5_0p02_0031_0009.uasset" 6569
"../../../Engine/Content/EngineMaterials/Substrate/GLints/dict_16_192_64_0p5_0p02_0031_0001.uasset" 6570
"../../../Engine/Content/EngineMaterials/Substrate/GLints/dict_16_192_64_0p5_0p02_0030_0011.uasset" 6571
"../../../Engine/Content/EngineMaterials/Substrate/GLints/dict_16_192_64_0p5_0p02_0030_0010.uasset" 6572
"../../../Engine/Content/EngineMaterials/Substrate/GLints/dict_16_192_64_0p5_0p02_0030_0009.uasset" 6573
"../../../Engine/Content/EngineMaterials/Substrate/GLints/dict_16_192_64_0p5_0p02_0031_0011.uasset" 6574
"../../../Engine/Content/EngineMaterials/Substrate/GLints/dict_16_192_64_0p5_0p02_0030_0007.uasset" 6575
"../../../Engine/Content/EngineMaterials/Substrate/GLints/dict_16_192_64_0p5_0p02_0031_0013.uasset" 6576
"../../../Engine/Content/EngineMaterials/Substrate/GLints/dict_16_192_64_0p5_0p02_0032_0000.uasset" 6577
"../../../Engine/Content/EngineMaterials/Substrate/GLints/dict_16_192_64_0p5_0p02_0030_0013.uasset" 6578
"../../../Engine/Content/EngineMaterials/Substrate/GLints/dict_16_192_64_0p5_0p02_0030_0006.uasset" 6579
"../../../Engine/Content/EngineMaterials/Substrate/GLints/dict_16_192_64_0p5_0p02_0031_0012.uasset" 6580
"../../../Engine/Content/EngineMaterials/Substrate/GLints/dict_16_192_64_0p5_0p02_0031_0003.uasset" 6581
"../../../Engine/Content/EngineMaterials/Substrate/GLints/dict_16_192_64_0p5_0p02_0031_0000.uasset" 6582
"../../../Engine/Content/EngineMaterials/Substrate/GLints/dict_16_192_64_0p5_0p02_0031_0007.uasset" 6583
"/Engine/EngineMaterials/Substrate/GLints/dict_16_192_64_0p5_0p02_0032_0002" 6584
"../../../Engine/Content/EngineMaterials/Substrate/GLints/dict_16_192_64_0p5_0p02_0030_0014.uasset" 6585
"../../../Engine/Content/EngineMaterials/Substrate/GLints/dict_16_192_64_0p5_0p02_0030_0008.uasset" 6586
"/Engine/EngineMaterials/Substrate/GLints/dict_16_192_64_0p5_0p02_0032_0003" 6587
"/Engine/EngineMaterials/Substrate/GLints/dict_16_192_64_0p5_0p02_0032_0004" 6588
"/Engine/EngineMaterials/Substrate/GLints/dict_16_192_64_0p5_0p02_0032_0005" 6589
"/Engine/EngineMaterials/Substrate/GLints/dict_16_192_64_0p5_0p02_0031_0015" 6590
"../../../Engine/Content/EngineMaterials/Substrate/GLints/dict_16_192_64_0p5_0p02_0030_0005.uasset" 6591
"../../../Engine/Content/EngineMaterials/Substrate/GLints/dict_16_192_64_0p5_0p02_0030_0003.uasset" 6592
"../../../Engine/Content/EngineMaterials/Substrate/GLints/dict_16_192_64_0p5_0p02_0030_0004.uasset" 6593
"../../../Engine/Content/EngineMaterials/Substrate/GLints/dict_16_192_64_0p5_0p02_0030_0002.uasset" 6594
"/Engine/EngineMaterials/Substrate/GLints/dict_16_192_64_0p5_0p02_0030_0006" 6595
"../../../Engine/Content/EngineMaterials/Substrate/GLints/dict_16_192_64_0p5_0p02_0030_0001.uasset" 6596
"../../../Engine/Content/EngineMaterials/Substrate/GLints/dict_16_192_64_0p5_0p02_0030_0000.uasset" 6597
"/Engine/EngineMaterials/Substrate/GLints/dict_16_192_64_0p5_0p02_0030_0007" 6598
"/Engine/EngineMaterials/Substrate/GLints/dict_16_192_64_0p5_0p02_0030_0008" 6599
"/Engine/EngineMaterials/Substrate/GLints/dict_16_192_64_0p5_0p02_0030_0009" 6600
"/Engine/EngineMaterials/Substrate/GLints/dict_16_192_64_0p5_0p02_0030_0010" 6601
"/Engine/EngineMaterials/Substrate/GLints/dict_16_192_64_0p5_0p02_0030_0011" 6602
"/Engine/EngineMaterials/Substrate/GLints/dict_16_192_64_0p5_0p02_0030_0012" 6603
"/Engine/EngineMaterials/Substrate/GLints/dict_16_192_64_0p5_0p02_0030_0013" 6604
"/Engine/EngineMaterials/Substrate/GLints/dict_16_192_64_0p5_0p02_0030_0014" 6605
"/Engine/EngineMaterials/Substrate/GLints/dict_16_192_64_0p5_0p02_0030_0015" 6606
"/Engine/EngineMaterials/Substrate/GLints/dict_16_192_64_0p5_0p02_0031_0000" 6607
"/Engine/EngineMaterials/Substrate/GLints/dict_16_192_64_0p5_0p02_0031_0001" 6608
"/Engine/EngineMaterials/Substrate/GLints/dict_16_192_64_0p5_0p02_0031_0002" 6609
"/Engine/EngineMaterials/Substrate/GLints/dict_16_192_64_0p5_0p02_0031_0003" 6610
"/Engine/EngineMaterials/Substrate/GLints/dict_16_192_64_0p5_0p02_0031_0004" 6611
"/Engine/EngineMaterials/Substrate/GLints/dict_16_192_64_0p5_0p02_0031_0005" 6612
"/Engine/EngineMaterials/Substrate/GLints/dict_16_192_64_0p5_0p02_0031_0006" 6613
"/Engine/EngineMaterials/Substrate/GLints/dict_16_192_64_0p5_0p02_0031_0007" 6614
"/Engine/EngineMaterials/Substrate/GLints/dict_16_192_64_0p5_0p02_0031_0008" 6615
"/Engine/EngineMaterials/Substrate/GLints/dict_16_192_64_0p5_0p02_0031_0009" 6616
"/Engine/EngineMaterials/Substrate/GLints/dict_16_192_64_0p5_0p02_0031_0010" 6617
"/Engine/EngineMaterials/Substrate/GLints/dict_16_192_64_0p5_0p02_0031_0011" 6618
"/Engine/EngineMaterials/Substrate/GLints/dict_16_192_64_0p5_0p02_0031_0012" 6619
"/Engine/EngineMaterials/Substrate/GLints/dict_16_192_64_0p5_0p02_0031_0013" 6620
"/Engine/EngineMaterials/Substrate/GLints/dict_16_192_64_0p5_0p02_0031_0014" 6621
"/Engine/EngineMaterials/Substrate/GLints/dict_16_192_64_0p5_0p02_0032_0000" 6622
"../../../Engine/Content/EngineMaterials/Substrate/GLints/dict_16_192_64_0p5_0p02_0029_0013.uasset" 6623
"../../../Engine/Content/EngineMaterials/Substrate/GLints/dict_16_192_64_0p5_0p02_0029_0015.uasset" 6624
"../../../Engine/Content/EngineMaterials/Substrate/GLints/dict_16_192_64_0p5_0p02_0029_0009.uasset" 6625
"../../../Engine/Content/EngineMaterials/Substrate/GLints/dict_16_192_64_0p5_0p02_0029_0010.uasset" 6626
"../../../Engine/Content/EngineMaterials/Substrate/GLints/dict_16_192_64_0p5_0p02_0029_0007.uasset" 6627
"../../../Engine/Content/EngineMaterials/Substrate/GLints/dict_16_192_64_0p5_0p02_0029_0006.uasset" 6628
"../../../Engine/Content/EngineMaterials/Substrate/GLints/dict_16_192_64_0p5_0p02_0029_0002.uasset" 6629
"../../../Engine/Content/EngineMaterials/Substrate/GLints/dict_16_192_64_0p5_0p02_0029_0011.uasset" 6630
"/Engine/EngineMaterials/Substrate/GLints/dict_16_192_64_0p5_0p02_0030_0000" 6631
"../../../Engine/Content/EngineMaterials/Substrate/GLints/dict_16_192_64_0p5_0p02_0028_0015.uasset" 6632
"../../../Engine/Content/EngineMaterials/Substrate/GLints/dict_16_192_64_0p5_0p02_0028_0014.uasset" 6633
"../../../Engine/Content/EngineMaterials/Substrate/GLints/dict_16_192_64_0p5_0p02_0028_0013.uasset" 6634
"../../../Engine/Content/EngineMaterials/Substrate/GLints/dict_16_192_64_0p5_0p02_0029_0003.uasset" 6635
"../../../Engine/Content/EngineMaterials/Substrate/GLints/dict_16_192_64_0p5_0p02_0028_0009.uasset" 6636
"../../../Engine/Content/EngineMaterials/Substrate/GLints/dict_16_192_64_0p5_0p02_0029_0001.uasset" 6637
"../../../Engine/Content/EngineMaterials/Substrate/GLints/dict_16_192_64_0p5_0p02_0028_0012.uasset" 6638
"../../../Engine/Content/EngineMaterials/Substrate/GLints/dict_16_192_64_0p5_0p02_0028_0006.uasset" 6639
"../../../Engine/Content/EngineMaterials/Substrate/GLints/dict_16_192_64_0p5_0p02_0029_0014.uasset" 6640
"../../../Engine/Content/EngineMaterials/Substrate/GLints/dict_16_192_64_0p5_0p02_0029_0012.uasset" 6641
"../../../Engine/Content/EngineMaterials/Substrate/GLints/dict_16_192_64_0p5_0p02_0028_0010.uasset" 6642
"../../../Engine/Content/EngineMaterials/Substrate/GLints/dict_16_192_64_0p5_0p02_0028_0008.uasset" 6643
"../../../Engine/Content/EngineMaterials/Substrate/GLints/dict_16_192_64_0p5_0p02_0029_0004.uasset" 6644
"../../../Engine/Content/EngineMaterials/Substrate/GLints/dict_16_192_64_0p5_0p02_0029_0000.uasset" 6645
"../../../Engine/Content/EngineMaterials/Substrate/GLints/dict_16_192_64_0p5_0p02_0029_0008.uasset" 6646
"/Engine/EngineMaterials/Substrate/GLints/dict_16_192_64_0p5_0p02_0030_0001" 6647
"../../../Engine/Content/EngineMaterials/Substrate/GLints/dict_16_192_64_0p5_0p02_0028_0007.uasset" 6648
"../../../Engine/Content/EngineMaterials/Substrate/GLints/dict_16_192_64_0p5_0p02_0029_0005.uasset" 6649
"../../../Engine/Content/EngineMaterials/Substrate/GLints/dict_16_192_64_0p5_0p02_0028_0011.uasset" 6650
"/Engine/EngineMaterials/Substrate/GLints/dict_16_192_64_0p5_0p02_0030_0002" 6651
"/Engine/EngineMaterials/Substrate/GLints/dict_16_192_64_0p5_0p02_0030_0003" 6652
"/Engine/EngineMaterials/Substrate/GLints/dict_16_192_64_0p5_0p02_0030_0004" 6653
"/Engine/EngineMaterials/Substrate/GLints/dict_16_192_64_0p5_0p02_0029_0009" 6654
"/Engine/EngineMaterials/Substrate/GLints/dict_16_192_64_0p5_0p02_0029_0013" 6655
"/Engine/EngineMaterials/Substrate/GLints/dict_16_192_64_0p5_0p02_0030_0005" 6656
"/Engine/EngineMaterials/Substrate/GLints/dict_16_192_64_0p5_0p02_0029_0015" 6657
"../../../Engine/Content/EngineMaterials/Substrate/GLints/dict_16_192_64_0p5_0p02_0028_0004.uasset" 6658
"../../../Engine/Content/EngineMaterials/Substrate/GLints/dict_16_192_64_0p5_0p02_0028_0005.uasset" 6659
"../../../Engine/Content/EngineMaterials/Substrate/GLints/dict_16_192_64_0p5_0p02_0028_0000.uasset" 6660
"../../../Engine/Content/EngineMaterials/Substrate/GLints/dict_16_192_64_0p5_0p02_0028_0003.uasset" 6661
"/Engine/EngineMaterials/Substrate/GLints/dict_16_192_64_0p5_0p02_0028_0006" 6662
"../../../Engine/Content/EngineMaterials/Substrate/GLints/dict_16_192_64_0p5_0p02_0028_0001.uasset" 6663
"../../../Engine/Content/EngineMaterials/Substrate/GLints/dict_16_192_64_0p5_0p02_0027_0014.uasset" 6664
"../../../Engine/Content/EngineMaterials/Substrate/GLints/dict_16_192_64_0p5_0p02_0027_0015.uasset" 6665
"../../../Engine/Content/EngineMaterials/Substrate/GLints/dict_16_192_64_0p5_0p02_0028_0002.uasset" 6666
"../../../Engine/Content/EngineMaterials/Substrate/GLints/dict_16_192_64_0p5_0p02_0027_0013.uasset" 6667
"/Engine/EngineMaterials/Substrate/GLints/dict_16_192_64_0p5_0p02_0028_0007" 6668
"/Engine/EngineMaterials/Substrate/GLints/dict_16_192_64_0p5_0p02_0028_0008" 6669
"/Engine/EngineMaterials/Substrate/GLints/dict_16_192_64_0p5_0p02_0028_0009" 6670
"/Engine/EngineMaterials/Substrate/GLints/dict_16_192_64_0p5_0p02_0028_0010" 6671
"/Engine/EngineMaterials/Substrate/GLints/dict_16_192_64_0p5_0p02_0028_0011" 6672
"/Engine/EngineMaterials/Substrate/GLints/dict_16_192_64_0p5_0p02_0028_0012" 6673
"/Engine/EngineMaterials/Substrate/GLints/dict_16_192_64_0p5_0p02_0028_0013" 6674
"/Engine/EngineMaterials/Substrate/GLints/dict_16_192_64_0p5_0p02_0028_0014" 6675
"/Engine/EngineMaterials/Substrate/GLints/dict_16_192_64_0p5_0p02_0028_0015" 6676
"/Engine/EngineMaterials/Substrate/GLints/dict_16_192_64_0p5_0p02_0029_0000" 6677
"/Engine/EngineMaterials/Substrate/GLints/dict_16_192_64_0p5_0p02_0029_0001" 6678
"/Engine/EngineMaterials/Substrate/GLints/dict_16_192_64_0p5_0p02_0029_0002" 6679
"/Engine/EngineMaterials/Substrate/GLints/dict_16_192_64_0p5_0p02_0029_0003" 6680
"/Engine/EngineMaterials/Substrate/GLints/dict_16_192_64_0p5_0p02_0029_0004" 6681
"/Engine/EngineMaterials/Substrate/GLints/dict_16_192_64_0p5_0p02_0029_0005" 6682
"/Engine/EngineMaterials/Substrate/GLints/dict_16_192_64_0p5_0p02_0029_0006" 6683
"/Engine/EngineMaterials/Substrate/GLints/dict_16_192_64_0p5_0p02_0029_0007" 6684
"/Engine/EngineMaterials/Substrate/GLints/dict_16_192_64_0p5_0p02_0029_0008" 6685
"/Engine/EngineMaterials/Substrate/GLints/dict_16_192_64_0p5_0p02_0029_0010" 6686
"/Engine/EngineMaterials/Substrate/GLints/dict_16_192_64_0p5_0p02_0029_0011" 6687
"/Engine/EngineMaterials/Substrate/GLints/dict_16_192_64_0p5_0p02_0029_0012" 6688
"/Engine/EngineMaterials/Substrate/GLints/dict_16_192_64_0p5_0p02_0029_0014" 6689
"/Engine/EngineMaterials/Substrate/GLints/dict_16_192_64_0p5_0p02_0028_0004" 6690
"/Engine/EngineMaterials/Substrate/GLints/dict_16_192_64_0p5_0p02_0028_0005" 6691
"../../../Engine/Content/EngineMaterials/Substrate/GLints/dict_16_192_64_0p5_0p02_0027_0012.uasset" 6692
"../../../Engine/Content/EngineMaterials/Substrate/GLints/dict_16_192_64_0p5_0p02_0027_0010.uasset" 6693
"../../../Engine/Content/EngineMaterials/Substrate/GLints/dict_16_192_64_0p5_0p02_0027_0007.uasset" 6694
"../../../Engine/Content/EngineMaterials/Substrate/GLints/dict_16_192_64_0p5_0p02_0027_0008.uasset" 6695
"../../../Engine/Content/EngineMaterials/Substrate/GLints/dict_16_192_64_0p5_0p02_0027_0009.uasset" 6696
"/Engine/EngineMaterials/Substrate/GLints/dict_16_192_64_0p5_0p02_0027_0013" 6697
"../../../Engine/Content/EngineMaterials/Substrate/GLints/dict_16_192_64_0p5_0p02_0027_0004.uasset" 6698
"../../../Engine/Content/EngineMaterials/Substrate/GLints/dict_16_192_64_0p5_0p02_0027_0003.uasset" 6699
"../../../Engine/Content/EngineMaterials/Substrate/GLints/dict_16_192_64_0p5_0p02_0026_0014.uasset" 6700
"../../../Engine/Content/EngineMaterials/Substrate/GLints/dict_16_192_64_0p5_0p02_0026_0013.uasset" 6701
"../../../Engine/Content/EngineMaterials/Substrate/GLints/dict_16_192_64_0p5_0p02_0026_0012.uasset" 6702
"../../../Engine/Content/EngineMaterials/Substrate/GLints/dict_16_192_64_0p5_0p02_0027_0006.uasset" 6703
"../../../Engine/Content/EngineMaterials/Substrate/GLints/dict_16_192_64_0p5_0p02_0026_0011.uasset" 6704
"../../../Engine/Content/EngineMaterials/Substrate/GLints/dict_16_192_64_0p5_0p02_0026_0007.uasset" 6705
"../../../Engine/Content/EngineMaterials/Substrate/GLints/dict_16_192_64_0p5_0p02_0026_0008.uasset" 6706
"../../../Engine/Content/EngineMaterials/Substrate/GLints/dict_16_192_64_0p5_0p02_0026_0009.uasset" 6707
"../../../Engine/Content/EngineMaterials/Substrate/GLints/dict_16_192_64_0p5_0p02_0026_0006.uasset" 6708
"../../../Engine/Content/EngineMaterials/Substrate/GLints/dict_16_192_64_0p5_0p02_0026_0010.uasset" 6709
"../../../Engine/Content/EngineMaterials/Substrate/GLints/dict_16_192_64_0p5_0p02_0027_0011.uasset" 6710
"../../../Engine/Content/EngineMaterials/Substrate/GLints/dict_16_192_64_0p5_0p02_0027_0002.uasset" 6711
"../../../Engine/Content/EngineMaterials/Substrate/GLints/dict_16_192_64_0p5_0p02_0026_0005.uasset" 6712
"../../../Engine/Content/EngineMaterials/Substrate/GLints/dict_16_192_64_0p5_0p02_0027_0005.uasset" 6713
"../../../Engine/Content/EngineMaterials/Substrate/GLints/dict_16_192_64_0p5_0p02_0026_0015.uasset" 6714
"/Engine/EngineMaterials/Substrate/GLints/dict_16_192_64_0p5_0p02_0027_0014" 6715
"../../../Engine/Content/EngineMaterials/Substrate/GLints/dict_16_192_64_0p5_0p02_0027_0000.uasset" 6716
"../../../Engine/Content/EngineMaterials/Substrate/GLints/dict_16_192_64_0p5_0p02_0026_0004.uasset" 6717
"../../../Engine/Content/EngineMaterials/Substrate/GLints/dict_16_192_64_0p5_0p02_0027_0001.uasset" 6718
"/Engine/EngineMaterials/Substrate/GLints/dict_16_192_64_0p5_0p02_0027_0015" 6719
"/Engine/EngineMaterials/Substrate/GLints/dict_16_192_64_0p5_0p02_0028_0000" 6720
"/Engine/EngineMaterials/Substrate/GLints/dict_16_192_64_0p5_0p02_0028_0001" 6721
"/Engine/EngineMaterials/Substrate/GLints/dict_16_192_64_0p5_0p02_0028_0002" 6722
"/Engine/EngineMaterials/Substrate/GLints/dict_16_192_64_0p5_0p02_0028_0003" 6723
"/Engine/EngineMaterials/Substrate/GLints/dict_16_192_64_0p5_0p02_0027_0012" 6724
"../../../Engine/Content/EngineMaterials/Substrate/GLints/dict_16_192_64_0p5_0p02_0026_0003.uasset" 6725
"../../../Engine/Content/EngineMaterials/Substrate/GLints/dict_16_192_64_0p5_0p02_0026_0002.uasset" 6726
"../../../Engine/Content/EngineMaterials/Substrate/GLints/dict_16_192_64_0p5_0p02_0026_0000.uasset" 6727
"../../../Engine/Content/EngineMaterials/Substrate/GLints/dict_16_192_64_0p5_0p02_0026_0001.uasset" 6728
"/Engine/EngineMaterials/Substrate/GLints/dict_16_192_64_0p5_0p02_0026_0004" 6729
"../../../Engine/Content/EngineMaterials/Substrate/GLints/dict_16_192_64_0p5_0p02_0025_0014.uasset" 6730
"../../../Engine/Content/EngineMaterials/Substrate/GLints/dict_16_192_64_0p5_0p02_0025_0015.uasset" 6731
"../../../Engine/Content/EngineMaterials/Substrate/GLints/dict_16_192_64_0p5_0p02_0025_0012.uasset" 6732
"../../../Engine/Content/EngineMaterials/Substrate/GLints/dict_16_192_64_0p5_0p02_0025_0013.uasset" 6733
"/Engine/EngineMaterials/Substrate/GLints/dict_16_192_64_0p5_0p02_0026_0005" 6734
"/Engine/EngineMaterials/Substrate/GLints/dict_16_192_64_0p5_0p02_0026_0006" 6735
"/Engine/EngineMaterials/Substrate/GLints/dict_16_192_64_0p5_0p02_0026_0007" 6736
"/Engine/EngineMaterials/Substrate/GLints/dict_16_192_64_0p5_0p02_0026_0008" 6737
"/Engine/EngineMaterials/Substrate/GLints/dict_16_192_64_0p5_0p02_0026_0009" 6738
"/Engine/EngineMaterials/Substrate/GLints/dict_16_192_64_0p5_0p02_0026_0010" 6739
"/Engine/EngineMaterials/Substrate/GLints/dict_16_192_64_0p5_0p02_0026_0011" 6740
"/Engine/EngineMaterials/Substrate/GLints/dict_16_192_64_0p5_0p02_0026_0012" 6741
"/Engine/EngineMaterials/Substrate/GLints/dict_16_192_64_0p5_0p02_0026_0013" 6742
"/Engine/EngineMaterials/Substrate/GLints/dict_16_192_64_0p5_0p02_0026_0014" 6743
"/Engine/EngineMaterials/Substrate/GLints/dict_16_192_64_0p5_0p02_0026_0015" 6744
"/Engine/EngineMaterials/Substrate/GLints/dict_16_192_64_0p5_0p02_0027_0000" 6745
"/Engine/EngineMaterials/Substrate/GLints/dict_16_192_64_0p5_0p02_0027_0001" 6746
"/Engine/EngineMaterials/Substrate/GLints/dict_16_192_64_0p5_0p02_0027_0002" 6747
"/Engine/EngineMaterials/Substrate/GLints/dict_16_192_64_0p5_0p02_0027_0003" 6748
"/Engine/EngineMaterials/Substrate/GLints/dict_16_192_64_0p5_0p02_0027_0004" 6749
"/Engine/EngineMaterials/Substrate/GLints/dict_16_192_64_0p5_0p02_0027_0005" 6750
"/Engine/EngineMaterials/Substrate/GLints/dict_16_192_64_0p5_0p02_0027_0006" 6751
"/Engine/EngineMaterials/Substrate/GLints/dict_16_192_64_0p5_0p02_0027_0007" 6752
"/Engine/EngineMaterials/Substrate/GLints/dict_16_192_64_0p5_0p02_0027_0008" 6753
"/Engine/EngineMaterials/Substrate/GLints/dict_16_192_64_0p5_0p02_0027_0009" 6754
"/Engine/EngineMaterials/Substrate/GLints/dict_16_192_64_0p5_0p02_0027_0010" 6755
"/Engine/EngineMaterials/Substrate/GLints/dict_16_192_64_0p5_0p02_0027_0011" 6756
"../../../Engine/Content/EngineMaterials/Substrate/GLints/dict_16_192_64_0p5_0p02_0025_0009.uasset" 6757
"../../../Engine/Content/EngineMaterials/Substrate/GLints/dict_16_192_64_0p5_0p02_0025_0007.uasset" 6758
"../../../Engine/Content/EngineMaterials/Substrate/GLints/dict_16_192_64_0p5_0p02_0025_0006.uasset" 6759
"../../../Engine/Content/EngineMaterials/Substrate/GLints/dict_16_192_64_0p5_0p02_0025_0004.uasset" 6760
"../../../Engine/Content/EngineMaterials/Substrate/GLints/dict_16_192_64_0p5_0p02_0025_0001.uasset" 6761
"/Engine/EngineMaterials/Substrate/GLints/dict_16_192_64_0p5_0p02_0025_0012" 6762
"../../../Engine/Content/EngineMaterials/Substrate/GLints/dict_16_192_64_0p5_0p02_0024_0015.uasset" 6763
"../../../Engine/Content/EngineMaterials/Substrate/GLints/dict_16_192_64_0p5_0p02_0025_0005.uasset" 6764
"../../../Engine/Content/EngineMaterials/Substrate/GLints/dict_16_192_64_0p5_0p02_0024_0013.uasset" 6765
"../../../Engine/Content/EngineMaterials/Substrate/GLints/dict_16_192_64_0p5_0p02_0024_0011.uasset" 6766
"../../../Engine/Content/EngineMaterials/Substrate/GLints/dict_16_192_64_0p5_0p02_0025_0003.uasset" 6767
"../../../Engine/Content/EngineMaterials/Substrate/GLints/dict_16_192_64_0p5_0p02_0025_0011.uasset" 6768
"../../../Engine/Content/EngineMaterials/Substrate/GLints/dict_16_192_64_0p5_0p02_0025_0000.uasset" 6769
"../../../Engine/Content/EngineMaterials/Substrate/GLints/dict_16_192_64_0p5_0p02_0024_0012.uasset" 6770
"../../../Engine/Content/EngineMaterials/Substrate/GLints/dict_16_192_64_0p5_0p02_0025_0002.uasset" 6771
"../../../Engine/Content/EngineMaterials/Substrate/GLints/dict_16_192_64_0p5_0p02_0024_0007.uasset" 6772
"/Engine/EngineMaterials/Substrate/GLints/dict_16_192_64_0p5_0p02_0025_0013" 6773
"../../../Engine/Content/EngineMaterials/Substrate/GLints/dict_16_192_64_0p5_0p02_0024_0008.uasset" 6774
"../../../Engine/Content/EngineMaterials/Substrate/GLints/dict_16_192_64_0p5_0p02_0024_0010.uasset" 6775
"../../../Engine/Content/EngineMaterials/Substrate/GLints/dict_16_192_64_0p5_0p02_0024_0006.uasset" 6776
"../../../Engine/Content/EngineMaterials/Substrate/GLints/dict_16_192_64_0p5_0p02_0025_0010.uasset" 6777
"../../../Engine/Content/EngineMaterials/Substrate/GLints/dict_16_192_64_0p5_0p02_0024_0009.uasset" 6778
"../../../Engine/Content/EngineMaterials/Substrate/GLints/dict_16_192_64_0p5_0p02_0024_0005.uasset" 6779
"../../../Engine/Content/EngineMaterials/Substrate/GLints/dict_16_192_64_0p5_0p02_0025_0008.uasset" 6780
"../../../Engine/Content/EngineMaterials/Substrate/GLints/dict_16_192_64_0p5_0p02_0024_0004.uasset" 6781
"/Engine/EngineMaterials/Substrate/GLints/dict_16_192_64_0p5_0p02_0025_0014" 6782
"../../../Engine/Content/EngineMaterials/Substrate/GLints/dict_16_192_64_0p5_0p02_0024_0014.uasset" 6783
"/Engine/EngineMaterials/Substrate/GLints/dict_16_192_64_0p5_0p02_0025_0015" 6784
"/Engine/EngineMaterials/Substrate/GLints/dict_16_192_64_0p5_0p02_0026_0000" 6785
"/Engine/EngineMaterials/Substrate/GLints/dict_16_192_64_0p5_0p02_0026_0001" 6786
"/Engine/EngineMaterials/Substrate/GLints/dict_16_192_64_0p5_0p02_0025_0009" 6787
"/Engine/EngineMaterials/Substrate/GLints/dict_16_192_64_0p5_0p02_0026_0002" 6788
"/Engine/EngineMaterials/Substrate/GLints/dict_16_192_64_0p5_0p02_0026_0003" 6789
"../../../Engine/Content/EngineMaterials/Substrate/GLints/dict_16_192_64_0p5_0p02_0024_0003.uasset" 6790
"../../../Engine/Content/EngineMaterials/Substrate/GLints/dict_16_192_64_0p5_0p02_0024_0001.uasset" 6791
"../../../Engine/Content/EngineMaterials/Substrate/GLints/dict_16_192_64_0p5_0p02_0023_0015.uasset" 6792
"/Engine/EngineMaterials/Substrate/GLints/dict_16_192_64_0p5_0p02_0024_0004" 6793
"../../../Engine/Content/EngineMaterials/Substrate/GLints/dict_16_192_64_0p5_0p02_0023_0014.uasset" 6794
"../../../Engine/Content/EngineMaterials/Substrate/GLints/dict_16_192_64_0p5_0p02_0023_0012.uasset" 6795
"../../../Engine/Content/EngineMaterials/Substrate/GLints/dict_16_192_64_0p5_0p02_0024_0000.uasset" 6796
"../../../Engine/Content/EngineMaterials/Substrate/GLints/dict_16_192_64_0p5_0p02_0023_0013.uasset" 6797
"../../../Engine/Content/EngineMaterials/Substrate/GLints/dict_16_192_64_0p5_0p02_0023_0011.uasset" 6798
"/Engine/EngineMaterials/Substrate/GLints/dict_16_192_64_0p5_0p02_0024_0005" 6799
"../../../Engine/Content/EngineMaterials/Substrate/GLints/dict_16_192_64_0p5_0p02_0024_0002.uasset" 6800
"/Engine/EngineMaterials/Substrate/GLints/dict_16_192_64_0p5_0p02_0024_0006" 6801
"/Engine/EngineMaterials/Substrate/GLints/dict_16_192_64_0p5_0p02_0024_0007" 6802
"/Engine/EngineMaterials/Substrate/GLints/dict_16_192_64_0p5_0p02_0024_0008" 6803
"/Engine/EngineMaterials/Substrate/GLints/dict_16_192_64_0p5_0p02_0024_0009" 6804
"/Engine/EngineMaterials/Substrate/GLints/dict_16_192_64_0p5_0p02_0024_0010" 6805
"/Engine/EngineMaterials/Substrate/GLints/dict_16_192_64_0p5_0p02_0024_0011" 6806
"/Engine/EngineMaterials/Substrate/GLints/dict_16_192_64_0p5_0p02_0024_0012" 6807
"/Engine/EngineMaterials/Substrate/GLints/dict_16_192_64_0p5_0p02_0024_0013" 6808
"/Engine/EngineMaterials/Substrate/GLints/dict_16_192_64_0p5_0p02_0024_0014" 6809
"/Engine/EngineMaterials/Substrate/GLints/dict_16_192_64_0p5_0p02_0024_0015" 6810
"/Engine/EngineMaterials/Substrate/GLints/dict_16_192_64_0p5_0p02_0025_0000" 6811
"/Engine/EngineMaterials/Substrate/GLints/dict_16_192_64_0p5_0p02_0025_0001" 6812
"/Engine/EngineMaterials/Substrate/GLints/dict_16_192_64_0p5_0p02_0025_0002" 6813
"/Engine/EngineMaterials/Substrate/GLints/dict_16_192_64_0p5_0p02_0025_0003" 6814
"/Engine/EngineMaterials/Substrate/GLints/dict_16_192_64_0p5_0p02_0025_0004" 6815
"/Engine/EngineMaterials/Substrate/GLints/dict_16_192_64_0p5_0p02_0025_0005" 6816
"/Engine/EngineMaterials/Substrate/GLints/dict_16_192_64_0p5_0p02_0025_0006" 6817
"/Engine/EngineMaterials/Substrate/GLints/dict_16_192_64_0p5_0p02_0025_0007" 6818
"/Engine/EngineMaterials/Substrate/GLints/dict_16_192_64_0p5_0p02_0025_0008" 6819
"/Engine/EngineMaterials/Substrate/GLints/dict_16_192_64_0p5_0p02_0025_0010" 6820
"/Engine/EngineMaterials/Substrate/GLints/dict_16_192_64_0p5_0p02_0025_0011" 6821
"/Engine/EngineMaterials/Substrate/GLints/dict_16_192_64_0p5_0p02_0024_0003" 6822
"../../../Engine/Content/EngineMaterials/Substrate/GLints/dict_16_192_64_0p5_0p02_0023_0009.uasset" 6823
"../../../Engine/Content/EngineMaterials/Substrate/GLints/dict_16_192_64_0p5_0p02_0023_0006.uasset" 6824
"../../../Engine/Content/EngineMaterials/Substrate/GLints/dict_16_192_64_0p5_0p02_0023_0004.uasset" 6825
"../../../Engine/Content/EngineMaterials/Substrate/GLints/dict_16_192_64_0p5_0p02_0022_0013.uasset" 6826
"../../../Engine/Content/EngineMaterials/Substrate/GLints/dict_16_192_64_0p5_0p02_0023_0008.uasset" 6827
"../../../Engine/Content/EngineMaterials/Substrate/GLints/dict_16_192_64_0p5_0p02_0022_0010.uasset" 6828
"../../../Engine/Content/EngineMaterials/Substrate/GLints/dict_16_192_64_0p5_0p02_0023_0010.uasset" 6829
"/Engine/EngineMaterials/Substrate/GLints/dict_16_192_64_0p5_0p02_0023_0011" 6830
"../../../Engine/Content/EngineMaterials/Substrate/GLints/dict_16_192_64_0p5_0p02_0023_0000.uasset" 6831
"../../../Engine/Content/EngineMaterials/Substrate/GLints/dict_16_192_64_0p5_0p02_0022_0009.uasset" 6832
"../../../Engine/Content/EngineMaterials/Substrate/GLints/dict_16_192_64_0p5_0p02_0023_0001.uasset" 6833
"../../../Engine/Content/EngineMaterials/Substrate/GLints/dict_16_192_64_0p5_0p02_0022_0014.uasset" 6834
"../../../Engine/Content/EngineMaterials/Substrate/GLints/dict_16_192_64_0p5_0p02_0022_0012.uasset" 6835
"../../../Engine/Content/EngineMaterials/Substrate/GLints/dict_16_192_64_0p5_0p02_0022_0006.uasset" 6836
"../../../Engine/Content/EngineMaterials/Substrate/GLints/dict_16_192_64_0p5_0p02_0023_0005.uasset" 6837
"../../../Engine/Content/EngineMaterials/Substrate/GLints/dict_16_192_64_0p5_0p02_0022_0011.uasset" 6838
"../../../Engine/Content/EngineMaterials/Substrate/GLints/dict_16_192_64_0p5_0p02_0022_0015.uasset" 6839
"../../../Engine/Content/EngineMaterials/Substrate/GLints/dict_16_192_64_0p5_0p02_0023_0007.uasset" 6840
"../../../Engine/Content/EngineMaterials/Substrate/GLints/dict_16_192_64_0p5_0p02_0023_0003.uasset" 6841
"../../../Engine/Content/EngineMaterials/Substrate/GLints/dict_16_192_64_0p5_0p02_0023_0002.uasset" 6842
"../../../Engine/Content/EngineMaterials/Substrate/GLints/dict_16_192_64_0p5_0p02_0022_0007.uasset" 6843
"../../../Engine/Content/EngineMaterials/Substrate/GLints/dict_16_192_64_0p5_0p02_0022_0003.uasset" 6844
"../../../Engine/Content/EngineMaterials/Substrate/GLints/dict_16_192_64_0p5_0p02_0022_0004.uasset" 6845
"../../../Engine/Content/EngineMaterials/Substrate/GLints/dict_16_192_64_0p5_0p02_0022_0005.uasset" 6846
"../../../Engine/Content/EngineMaterials/Substrate/GLints/dict_16_192_64_0p5_0p02_0022_0008.uasset" 6847
"/Engine/EngineMaterials/Substrate/GLints/dict_16_192_64_0p5_0p02_0023_0012" 6848
"/Engine/EngineMaterials/Substrate/GLints/dict_16_192_64_0p5_0p02_0023_0013" 6849
"/Engine/EngineMaterials/Substrate/GLints/dict_16_192_64_0p5_0p02_0023_0014" 6850
"/Engine/EngineMaterials/Substrate/GLints/dict_16_192_64_0p5_0p02_0023_0015" 6851
"/Engine/EngineMaterials/Substrate/GLints/dict_16_192_64_0p5_0p02_0024_0000" 6852
"/Engine/EngineMaterials/Substrate/GLints/dict_16_192_64_0p5_0p02_0024_0001" 6853
"/Engine/EngineMaterials/Substrate/GLints/dict_16_192_64_0p5_0p02_0024_0002" 6854
"/Engine/EngineMaterials/Substrate/GLints/dict_16_192_64_0p5_0p02_0023_0009" 6855
"../../../Engine/Content/EngineMaterials/Substrate/GLints/dict_16_192_64_0p5_0p02_0022_0001.uasset" 6856
"/Engine/EngineMaterials/Substrate/GLints/dict_16_192_64_0p5_0p02_0022_0003" 6857
"../../../Engine/Content/EngineMaterials/Substrate/GLints/dict_16_192_64_0p5_0p02_0021_0010.uasset" 6858
"../../../Engine/Content/EngineMaterials/Substrate/GLints/dict_16_192_64_0p5_0p02_0021_0014.uasset" 6859
"../../../Engine/Content/EngineMaterials/Substrate/GLints/dict_16_192_64_0p5_0p02_0021_0012.uasset" 6860
"../../../Engine/Content/EngineMaterials/Substrate/GLints/dict_16_192_64_0p5_0p02_0021_0015.uasset" 6861
"../../../Engine/Content/EngineMaterials/Substrate/GLints/dict_16_192_64_0p5_0p02_0022_0002.uasset" 6862
"../../../Engine/Content/EngineMaterials/Substrate/GLints/dict_16_192_64_0p5_0p02_0022_0000.uasset" 6863
"../../../Engine/Content/EngineMaterials/Substrate/GLints/dict_16_192_64_0p5_0p02_0021_0011.uasset" 6864
"../../../Engine/Content/EngineMaterials/Substrate/GLints/dict_16_192_64_0p5_0p02_0021_0013.uasset" 6865
"/Engine/EngineMaterials/Substrate/GLints/dict_16_192_64_0p5_0p02_0022_0004" 6866
"/Engine/EngineMaterials/Substrate/GLints/dict_16_192_64_0p5_0p02_0022_0005" 6867
"/Engine/EngineMaterials/Substrate/GLints/dict_16_192_64_0p5_0p02_0022_0006" 6868
"/Engine/EngineMaterials/Substrate/GLints/dict_16_192_64_0p5_0p02_0022_0007" 6869
"/Engine/EngineMaterials/Substrate/GLints/dict_16_192_64_0p5_0p02_0022_0008" 6870
"/Engine/EngineMaterials/Substrate/GLints/dict_16_192_64_0p5_0p02_0022_0009" 6871
"/Engine/EngineMaterials/Substrate/GLints/dict_16_192_64_0p5_0p02_0022_0010" 6872
"/Engine/EngineMaterials/Substrate/GLints/dict_16_192_64_0p5_0p02_0022_0011" 6873
"/Engine/EngineMaterials/Substrate/GLints/dict_16_192_64_0p5_0p02_0022_0012" 6874
"/Engine/EngineMaterials/Substrate/GLints/dict_16_192_64_0p5_0p02_0022_0013" 6875
"/Engine/EngineMaterials/Substrate/GLints/dict_16_192_64_0p5_0p02_0022_0014" 6876
"/Engine/EngineMaterials/Substrate/GLints/dict_16_192_64_0p5_0p02_0022_0015" 6877
"/Engine/EngineMaterials/Substrate/GLints/dict_16_192_64_0p5_0p02_0023_0000" 6878
"/Engine/EngineMaterials/Substrate/GLints/dict_16_192_64_0p5_0p02_0023_0001" 6879
"/Engine/EngineMaterials/Substrate/GLints/dict_16_192_64_0p5_0p02_0023_0002" 6880
"/Engine/EngineMaterials/Substrate/GLints/dict_16_192_64_0p5_0p02_0023_0003" 6881
"/Engine/EngineMaterials/Substrate/GLints/dict_16_192_64_0p5_0p02_0023_0004" 6882
"/Engine/EngineMaterials/Substrate/GLints/dict_16_192_64_0p5_0p02_0023_0005" 6883
"/Engine/EngineMaterials/Substrate/GLints/dict_16_192_64_0p5_0p02_0023_0006" 6884
"/Engine/EngineMaterials/Substrate/GLints/dict_16_192_64_0p5_0p02_0023_0007" 6885
"/Engine/EngineMaterials/Substrate/GLints/dict_16_192_64_0p5_0p02_0023_0008" 6886
"/Engine/EngineMaterials/Substrate/GLints/dict_16_192_64_0p5_0p02_0023_0010" 6887
"../../../Engine/Content/EngineMaterials/Substrate/GLints/dict_16_192_64_0p5_0p02_0021_0008.uasset" 6888
"/Engine/EngineMaterials/Substrate/GLints/dict_16_192_64_0p5_0p02_0021_0010" 6889
"../../../Engine/Content/EngineMaterials/Substrate/GLints/dict_16_192_64_0p5_0p02_0021_0004.uasset" 6890
"../../../Engine/Content/EngineMaterials/Substrate/GLints/dict_16_192_64_0p5_0p02_0021_0006.uasset" 6891
"../../../Engine/Content/EngineMaterials/Substrate/GLints/dict_16_192_64_0p5_0p02_0021_0002.uasset" 6892
"../../../Engine/Content/EngineMaterials/Substrate/GLints/dict_16_192_64_0p5_0p02_0021_0005.uasset" 6893
"../../../Engine/Content/EngineMaterials/Substrate/GLints/dict_16_192_64_0p5_0p02_0020_0008.uasset" 6894
"../../../Engine/Content/EngineMaterials/Substrate/GLints/dict_16_192_64_0p5_0p02_0021_0003.uasset" 6895
"../../../Engine/Content/EngineMaterials/Substrate/GLints/dict_16_192_64_0p5_0p02_0020_0015.uasset" 6896
"../../../Engine/Content/EngineMaterials/Substrate/GLints/dict_16_192_64_0p5_0p02_0020_0011.uasset" 6897
"../../../Engine/Content/EngineMaterials/Substrate/GLints/dict_16_192_64_0p5_0p02_0021_0000.uasset" 6898
"/Engine/EngineMaterials/Substrate/GLints/dict_16_192_64_0p5_0p02_0021_0011" 6899
"../../../Engine/Content/EngineMaterials/Substrate/GLints/dict_16_192_64_0p5_0p02_0020_0012.uasset" 6900
"../../../Engine/Content/EngineMaterials/Substrate/GLints/dict_16_192_64_0p5_0p02_0020_0014.uasset" 6901
"../../../Engine/Content/EngineMaterials/Substrate/GLints/dict_16_192_64_0p5_0p02_0021_0001.uasset" 6902
"/Engine/EngineMaterials/Substrate/GLints/dict_16_192_64_0p5_0p02_0021_0012" 6903
"../../../Engine/Content/EngineMaterials/Substrate/GLints/dict_16_192_64_0p5_0p02_0020_0006.uasset" 6904
"../../../Engine/Content/EngineMaterials/Substrate/GLints/dict_16_192_64_0p5_0p02_0020_0010.uasset" 6905
"../../../Engine/Content/EngineMaterials/Substrate/GLints/dict_16_192_64_0p5_0p02_0021_0009.uasset" 6906
"../../../Engine/Content/EngineMaterials/Substrate/GLints/dict_16_192_64_0p5_0p02_0021_0007.uasset" 6907
"../../../Engine/Content/EngineMaterials/Substrate/GLints/dict_16_192_64_0p5_0p02_0020_0013.uasset" 6908
"../../../Engine/Content/EngineMaterials/Substrate/GLints/dict_16_192_64_0p5_0p02_0020_0005.uasset" 6909
"../../../Engine/Content/EngineMaterials/Substrate/GLints/dict_16_192_64_0p5_0p02_0020_0009.uasset" 6910
"../../../Engine/Content/EngineMaterials/Substrate/GLints/dict_16_192_64_0p5_0p02_0020_0003.uasset" 6911
"../../../Engine/Content/EngineMaterials/Substrate/GLints/dict_16_192_64_0p5_0p02_0020_0004.uasset" 6912
"../../../Engine/Content/EngineMaterials/Substrate/GLints/dict_16_192_64_0p5_0p02_0020_0007.uasset" 6913
"/Engine/EngineMaterials/Substrate/GLints/dict_16_192_64_0p5_0p02_0021_0013" 6914
"/Engine/EngineMaterials/Substrate/GLints/dict_16_192_64_0p5_0p02_0021_0014" 6915
"/Engine/EngineMaterials/Substrate/GLints/dict_16_192_64_0p5_0p02_0021_0015" 6916
"/Engine/EngineMaterials/Substrate/GLints/dict_16_192_64_0p5_0p02_0022_0000" 6917
"/Engine/EngineMaterials/Substrate/GLints/dict_16_192_64_0p5_0p02_0022_0001" 6918
"/Engine/EngineMaterials/Substrate/GLints/dict_16_192_64_0p5_0p02_0022_0002" 6919
"../../../Engine/Content/EngineMaterials/Substrate/GLints/dict_16_192_64_0p5_0p02_0020_0001.uasset" 6920
"../../../Engine/Content/EngineMaterials/Substrate/GLints/dict_16_192_64_0p5_0p02_0020_0000.uasset" 6921
"../../../Engine/Content/EngineMaterials/Substrate/GLints/dict_16_192_64_0p5_0p02_0020_0002.uasset" 6922
"/Engine/EngineMaterials/Substrate/GLints/dict_16_192_64_0p5_0p02_0020_0003" 6923
"../../../Engine/Content/EngineMaterials/Substrate/GLints/dict_16_192_64_0p5_0p02_0019_0015.uasset" 6924
"../../../Engine/Content/EngineMaterials/Substrate/GLints/dict_16_192_64_0p5_0p02_0019_0013.uasset" 6925
"../../../Engine/Content/EngineMaterials/Substrate/GLints/dict_16_192_64_0p5_0p02_0019_0010.uasset" 6926
"../../../Engine/Content/EngineMaterials/Substrate/GLints/dict_16_192_64_0p5_0p02_0019_0014.uasset" 6927
"../../../Engine/Content/EngineMaterials/Substrate/GLints/dict_16_192_64_0p5_0p02_0019_0012.uasset" 6928
"../../../Engine/Content/EngineMaterials/Substrate/GLints/dict_16_192_64_0p5_0p02_0019_0011.uasset" 6929
"/Engine/EngineMaterials/Substrate/GLints/dict_16_192_64_0p5_0p02_0020_0004" 6930
"/Engine/EngineMaterials/Substrate/GLints/dict_16_192_64_0p5_0p02_0020_0005" 6931
"/Engine/EngineMaterials/Substrate/GLints/dict_16_192_64_0p5_0p02_0020_0006" 6932
"/Engine/EngineMaterials/Substrate/GLints/dict_16_192_64_0p5_0p02_0020_0007" 6933
"/Engine/EngineMaterials/Substrate/GLints/dict_16_192_64_0p5_0p02_0020_0008" 6934
"/Engine/EngineMaterials/Substrate/GLints/dict_16_192_64_0p5_0p02_0020_0009" 6935
"/Engine/EngineMaterials/Substrate/GLints/dict_16_192_64_0p5_0p02_0020_0010" 6936
"/Engine/EngineMaterials/Substrate/GLints/dict_16_192_64_0p5_0p02_0020_0011" 6937
"/Engine/EngineMaterials/Substrate/GLints/dict_16_192_64_0p5_0p02_0020_0012" 6938
"/Engine/EngineMaterials/Substrate/GLints/dict_16_192_64_0p5_0p02_0020_0013" 6939
"/Engine/EngineMaterials/Substrate/GLints/dict_16_192_64_0p5_0p02_0020_0014" 6940
"/Engine/EngineMaterials/Substrate/GLints/dict_16_192_64_0p5_0p02_0020_0015" 6941
"/Engine/EngineMaterials/Substrate/GLints/dict_16_192_64_0p5_0p02_0021_0000" 6942
"/Engine/EngineMaterials/Substrate/GLints/dict_16_192_64_0p5_0p02_0021_0001" 6943
"/Engine/EngineMaterials/Substrate/GLints/dict_16_192_64_0p5_0p02_0021_0002" 6944
"/Engine/EngineMaterials/Substrate/GLints/dict_16_192_64_0p5_0p02_0021_0003" 6945
"/Engine/EngineMaterials/Substrate/GLints/dict_16_192_64_0p5_0p02_0021_0004" 6946
"/Engine/EngineMaterials/Substrate/GLints/dict_16_192_64_0p5_0p02_0021_0005" 6947
"/Engine/EngineMaterials/Substrate/GLints/dict_16_192_64_0p5_0p02_0021_0006" 6948
"/Engine/EngineMaterials/Substrate/GLints/dict_16_192_64_0p5_0p02_0021_0007" 6949
"/Engine/EngineMaterials/Substrate/GLints/dict_16_192_64_0p5_0p02_0020_0000" 6950
"/Engine/EngineMaterials/Substrate/GLints/dict_16_192_64_0p5_0p02_0020_0001" 6951
"/Engine/EngineMaterials/Substrate/GLints/dict_16_192_64_0p5_0p02_0021_0008" 6952
"/Engine/EngineMaterials/Substrate/GLints/dict_16_192_64_0p5_0p02_0021_0009" 6953
"../../../Engine/Content/EngineMaterials/Substrate/GLints/dict_16_192_64_0p5_0p02_0019_0008.uasset" 6954
"../../../Engine/Content/EngineMaterials/Substrate/GLints/dict_16_192_64_0p5_0p02_0019_0007.uasset" 6955
"../../../Engine/Content/EngineMaterials/Substrate/GLints/dict_16_192_64_0p5_0p02_0019_0006.uasset" 6956
"../../../Engine/Content/EngineMaterials/Substrate/GLints/dict_16_192_64_0p5_0p02_0019_0002.uasset" 6957
"/Engine/EngineMaterials/Substrate/GLints/dict_16_192_64_0p5_0p02_0019_0010" 6958
"../../../Engine/Content/EngineMaterials/Substrate/GLints/dict_16_192_64_0p5_0p02_0019_0003.uasset" 6959
"../../../Engine/Content/EngineMaterials/Substrate/GLints/dict_16_192_64_0p5_0p02_0019_0000.uasset" 6960
"../../../Engine/Content/EngineMaterials/Substrate/GLints/dict_16_192_64_0p5_0p02_0019_0004.uasset" 6961
"../../../Engine/Content/EngineMaterials/Substrate/GLints/dict_16_192_64_0p5_0p02_0018_0010.uasset" 6962
"../../../Engine/Content/EngineMaterials/Substrate/GLints/dict_16_192_64_0p5_0p02_0018_0014.uasset" 6963
"../../../Engine/Content/EngineMaterials/Substrate/GLints/dict_16_192_64_0p5_0p02_0018_0007.uasset" 6964
"../../../Engine/Content/EngineMaterials/Substrate/GLints/dict_16_192_64_0p5_0p02_0018_0011.uasset" 6965
"../../../Engine/Content/EngineMaterials/Substrate/GLints/dict_16_192_64_0p5_0p02_0018_0008.uasset" 6966
"../../../Engine/Content/EngineMaterials/Substrate/GLints/dict_16_192_64_0p5_0p02_0018_0006.uasset" 6967
"../../../Engine/Content/EngineMaterials/Substrate/GLints/dict_16_192_64_0p5_0p02_0019_0009.uasset" 6968
"../../../Engine/Content/EngineMaterials/Substrate/GLints/dict_16_192_64_0p5_0p02_0019_0005.uasset" 6969
"/Engine/EngineMaterials/Substrate/GLints/dict_16_192_64_0p5_0p02_0019_0011" 6970
"../../../Engine/Content/EngineMaterials/Substrate/GLints/dict_16_192_64_0p5_0p02_0018_0004.uasset" 6971
"../../../Engine/Content/EngineMaterials/Substrate/GLints/dict_16_192_64_0p5_0p02_0018_0003.uasset" 6972
"../../../Engine/Content/EngineMaterials/Substrate/GLints/dict_16_192_64_0p5_0p02_0018_0005.uasset" 6973
"../../../Engine/Content/EngineMaterials/Substrate/GLints/dict_16_192_64_0p5_0p02_0018_0009.uasset" 6974
"../../../Engine/Content/EngineMaterials/Substrate/GLints/dict_16_192_64_0p5_0p02_0018_0001.uasset" 6975
"../../../Engine/Content/EngineMaterials/Substrate/GLints/dict_16_192_64_0p5_0p02_0018_0013.uasset" 6976
"../../../Engine/Content/EngineMaterials/Substrate/GLints/dict_16_192_64_0p5_0p02_0019_0001.uasset" 6977
"../../../Engine/Content/EngineMaterials/Substrate/GLints/dict_16_192_64_0p5_0p02_0018_0002.uasset" 6978
"/Engine/EngineMaterials/Substrate/GLints/dict_16_192_64_0p5_0p02_0019_0012" 6979
"../../../Engine/Content/EngineMaterials/Substrate/GLints/dict_16_192_64_0p5_0p02_0018_0012.uasset" 6980
"../../../Engine/Content/EngineMaterials/Substrate/GLints/dict_16_192_64_0p5_0p02_0018_0015.uasset" 6981
"/Engine/EngineMaterials/Substrate/GLints/dict_16_192_64_0p5_0p02_0019_0013" 6982
"/Engine/EngineMaterials/Substrate/GLints/dict_16_192_64_0p5_0p02_0019_0014" 6983
"/Engine/EngineMaterials/Substrate/GLints/dict_16_192_64_0p5_0p02_0019_0015" 6984
"/Engine/EngineMaterials/Substrate/GLints/dict_16_192_64_0p5_0p02_0020_0002" 6985
"../../../Engine/Content/EngineMaterials/Substrate/GLints/dict_16_192_64_0p5_0p02_0018_0000.uasset" 6986
"../../../Engine/Content/EngineMaterials/Substrate/GLints/dict_16_192_64_0p5_0p02_0017_0013.uasset" 6987
"../../../Engine/Content/EngineMaterials/Substrate/GLints/dict_16_192_64_0p5_0p02_0017_0014.uasset" 6988
"../../../Engine/Content/EngineMaterials/Substrate/GLints/dict_16_192_64_0p5_0p02_0017_0012.uasset" 6989
"/Engine/EngineMaterials/Substrate/GLints/dict_16_192_64_0p5_0p02_0018_0001" 6990
"../../../Engine/Content/EngineMaterials/Substrate/GLints/dict_16_192_64_0p5_0p02_0017_0015.uasset" 6991
"../../../Engine/Content/EngineMaterials/Substrate/GLints/dict_16_192_64_0p5_0p02_0017_0011.uasset" 6992
"../../../Engine/Content/EngineMaterials/Substrate/GLints/dict_16_192_64_0p5_0p02_0017_0010.uasset" 6993
"/Engine/EngineMaterials/Substrate/GLints/dict_16_192_64_0p5_0p02_0018_0002" 6994
"/Engine/EngineMaterials/Substrate/GLints/dict_16_192_64_0p5_0p02_0018_0003" 6995
"/Engine/EngineMaterials/Substrate/GLints/dict_16_192_64_0p5_0p02_0018_0004" 6996
"/Engine/EngineMaterials/Substrate/GLints/dict_16_192_64_0p5_0p02_0018_0005" 6997
"/Engine/EngineMaterials/Substrate/GLints/dict_16_192_64_0p5_0p02_0018_0006" 6998
"/Engine/EngineMaterials/Substrate/GLints/dict_16_192_64_0p5_0p02_0018_0007" 6999
"/Engine/EngineMaterials/Substrate/GLints/dict_16_192_64_0p5_0p02_0018_0008" 7000
"/Engine/EngineMaterials/Substrate/GLints/dict_16_192_64_0p5_0p02_0018_0009" 7001
"/Engine/EngineMaterials/Substrate/GLints/dict_16_192_64_0p5_0p02_0018_0010" 7002
"/Engine/EngineMaterials/Substrate/GLints/dict_16_192_64_0p5_0p02_0018_0011" 7003
"/Engine/EngineMaterials/Substrate/GLints/dict_16_192_64_0p5_0p02_0018_0012" 7004
"/Engine/EngineMaterials/Substrate/GLints/dict_16_192_64_0p5_0p02_0018_0013" 7005
"/Engine/EngineMaterials/Substrate/GLints/dict_16_192_64_0p5_0p02_0018_0014" 7006
"/Engine/EngineMaterials/Substrate/GLints/dict_16_192_64_0p5_0p02_0018_0015" 7007
"/Engine/EngineMaterials/Substrate/GLints/dict_16_192_64_0p5_0p02_0019_0000" 7008
"/Engine/EngineMaterials/Substrate/GLints/dict_16_192_64_0p5_0p02_0019_0001" 7009
"/Engine/EngineMaterials/Substrate/GLints/dict_16_192_64_0p5_0p02_0019_0002" 7010
"/Engine/EngineMaterials/Substrate/GLints/dict_16_192_64_0p5_0p02_0019_0003" 7011
"/Engine/EngineMaterials/Substrate/GLints/dict_16_192_64_0p5_0p02_0019_0004" 7012
"/Engine/EngineMaterials/Substrate/GLints/dict_16_192_64_0p5_0p02_0019_0005" 7013
"/Engine/EngineMaterials/Substrate/GLints/dict_16_192_64_0p5_0p02_0019_0006" 7014
"/Engine/EngineMaterials/Substrate/GLints/dict_16_192_64_0p5_0p02_0019_0007" 7015
"/Engine/EngineMaterials/Substrate/GLints/dict_16_192_64_0p5_0p02_0019_0008" 7016
"/Engine/EngineMaterials/Substrate/GLints/dict_16_192_64_0p5_0p02_0018_0000" 7017
"/Engine/EngineMaterials/Substrate/GLints/dict_16_192_64_0p5_0p02_0019_0009" 7018
"../../../Engine/Content/EngineMaterials/Substrate/GLints/dict_16_192_64_0p5_0p02_0017_0009.uasset" 7019
"../../../Engine/Content/EngineMaterials/Substrate/GLints/dict_16_192_64_0p5_0p02_0017_0004.uasset" 7020
"../../../Engine/Content/EngineMaterials/Substrate/GLints/dict_16_192_64_0p5_0p02_0017_0002.uasset" 7021
"../../../Engine/Content/EngineMaterials/Substrate/GLints/dict_16_192_64_0p5_0p02_0016_0014.uasset" 7022
"/Engine/EngineMaterials/Substrate/GLints/dict_16_192_64_0p5_0p02_0017_0010" 7023
"../../../Engine/Content/EngineMaterials/Substrate/GLints/dict_16_192_64_0p5_0p02_0017_0003.uasset" 7024
"../../../Engine/Content/EngineMaterials/Substrate/GLints/dict_16_192_64_0p5_0p02_0016_0015.uasset" 7025
"../../../Engine/Content/EngineMaterials/Substrate/GLints/dict_16_192_64_0p5_0p02_0017_0000.uasset" 7026
"../../../Engine/Content/EngineMaterials/Substrate/GLints/dict_16_192_64_0p5_0p02_0016_0012.uasset" 7027
"/Engine/EngineMaterials/Substrate/GLints/dict_16_192_64_0p5_0p02_0017_0011" 7028
"../../../Engine/Content/EngineMaterials/Substrate/GLints/dict_16_192_64_0p5_0p02_0016_0008.uasset" 7029
"../../../Engine/Content/EngineMaterials/Substrate/GLints/dict_16_192_64_0p5_0p02_0016_0010.uasset" 7030
"../../../Engine/Content/EngineMaterials/Substrate/GLints/dict_16_192_64_0p5_0p02_0016_0007.uasset" 7031
"../../../Engine/Content/EngineMaterials/Substrate/GLints/dict_16_192_64_0p5_0p02_0016_0011.uasset" 7032
"../../../Engine/Content/EngineMaterials/Substrate/GLints/dict_16_192_64_0p5_0p02_0016_0009.uasset" 7033
"../../../Engine/Content/EngineMaterials/Substrate/GLints/dict_16_192_64_0p5_0p02_0016_0013.uasset" 7034
"../../../Engine/Content/EngineMaterials/Substrate/GLints/dict_16_192_64_0p5_0p02_0016_0005.uasset" 7035
"../../../Engine/Content/EngineMaterials/Substrate/GLints/dict_16_192_64_0p5_0p02_0016_0006.uasset" 7036
"../../../Engine/Content/EngineMaterials/Substrate/GLints/dict_16_192_64_0p5_0p02_0016_0004.uasset" 7037
"../../../Engine/Content/EngineMaterials/Substrate/GLints/dict_16_192_64_0p5_0p02_0017_0006.uasset" 7038
"../../../Engine/Content/EngineMaterials/Substrate/GLints/dict_16_192_64_0p5_0p02_0016_0002.uasset" 7039
"../../../Engine/Content/EngineMaterials/Substrate/GLints/dict_16_192_64_0p5_0p02_0016_0001.uasset" 7040
"../../../Engine/Content/EngineMaterials/Substrate/GLints/dict_16_192_64_0p5_0p02_0016_0003.uasset" 7041
"../../../Engine/Content/EngineMaterials/Substrate/GLints/dict_16_192_64_0p5_0p02_0017_0007.uasset" 7042
"/Engine/EngineMaterials/Substrate/GLints/dict_16_192_64_0p5_0p02_0017_0012" 7043
"../../../Engine/Content/EngineMaterials/Substrate/GLints/dict_16_192_64_0p5_0p02_0017_0005.uasset" 7044
"../../../Engine/Content/EngineMaterials/Substrate/GLints/dict_16_192_64_0p5_0p02_0017_0001.uasset" 7045
"../../../Engine/Content/EngineMaterials/Substrate/GLints/dict_16_192_64_0p5_0p02_0017_0008.uasset" 7046
"../../../Engine/Content/EngineMaterials/Substrate/GLints/dict_16_192_64_0p5_0p02_0016_0000.uasset" 7047
"/Engine/EngineMaterials/Substrate/GLints/dict_16_192_64_0p5_0p02_0017_0013" 7048
"/Engine/EngineMaterials/Substrate/GLints/dict_16_192_64_0p5_0p02_0017_0014" 7049
"/Engine/EngineMaterials/Substrate/GLints/dict_16_192_64_0p5_0p02_0017_0015" 7050
"../../../Engine/Content/EngineMaterials/Substrate/GLints/dict_16_192_64_0p5_0p02_0015_0015.uasset" 7051
"/Engine/EngineMaterials/Substrate/GLints/dict_16_192_64_0p5_0p02_0016_0000" 7052
"../../../Engine/Content/EngineMaterials/Substrate/GLints/dict_16_192_64_0p5_0p02_0015_0012.uasset" 7053
"../../../Engine/Content/EngineMaterials/Substrate/GLints/dict_16_192_64_0p5_0p02_0015_0014.uasset" 7054
"../../../Engine/Content/EngineMaterials/Substrate/GLints/dict_16_192_64_0p5_0p02_0015_0013.uasset" 7055
"../../../Engine/Content/EngineMaterials/Substrate/GLints/dict_16_192_64_0p5_0p02_0015_0010.uasset" 7056
"../../../Engine/Content/EngineMaterials/Substrate/GLints/dict_16_192_64_0p5_0p02_0015_0011.uasset" 7057
"/Engine/EngineMaterials/Substrate/GLints/dict_16_192_64_0p5_0p02_0016_0001" 7058
"/Engine/EngineMaterials/Substrate/GLints/dict_16_192_64_0p5_0p02_0016_0002" 7059
"/Engine/EngineMaterials/Substrate/GLints/dict_16_192_64_0p5_0p02_0016_0003" 7060
"/Engine/EngineMaterials/Substrate/GLints/dict_16_192_64_0p5_0p02_0016_0004" 7061
"/Engine/EngineMaterials/Substrate/GLints/dict_16_192_64_0p5_0p02_0016_0005" 7062
"/Engine/EngineMaterials/Substrate/GLints/dict_16_192_64_0p5_0p02_0016_0006" 7063
"/Engine/EngineMaterials/Substrate/GLints/dict_16_192_64_0p5_0p02_0016_0007" 7064
"/Engine/EngineMaterials/Substrate/GLints/dict_16_192_64_0p5_0p02_0016_0008" 7065
"/Engine/EngineMaterials/Substrate/GLints/dict_16_192_64_0p5_0p02_0016_0009" 7066
"/Engine/EngineMaterials/Substrate/GLints/dict_16_192_64_0p5_0p02_0016_0010" 7067
"/Engine/EngineMaterials/Substrate/GLints/dict_16_192_64_0p5_0p02_0016_0011" 7068
"/Engine/EngineMaterials/Substrate/GLints/dict_16_192_64_0p5_0p02_0016_0012" 7069
"/Engine/EngineMaterials/Substrate/GLints/dict_16_192_64_0p5_0p02_0016_0013" 7070
"/Engine/EngineMaterials/Substrate/GLints/dict_16_192_64_0p5_0p02_0016_0014" 7071
"/Engine/EngineMaterials/Substrate/GLints/dict_16_192_64_0p5_0p02_0016_0015" 7072
"/Engine/EngineMaterials/Substrate/GLints/dict_16_192_64_0p5_0p02_0017_0000" 7073
"/Engine/EngineMaterials/Substrate/GLints/dict_16_192_64_0p5_0p02_0017_0001" 7074
"/Engine/EngineMaterials/Substrate/GLints/dict_16_192_64_0p5_0p02_0017_0002" 7075
"/Engine/EngineMaterials/Substrate/GLints/dict_16_192_64_0p5_0p02_0017_0003" 7076
"/Engine/EngineMaterials/Substrate/GLints/dict_16_192_64_0p5_0p02_0017_0004" 7077
"/Engine/EngineMaterials/Substrate/GLints/dict_16_192_64_0p5_0p02_0017_0005" 7078
"/Engine/EngineMaterials/Substrate/GLints/dict_16_192_64_0p5_0p02_0017_0006" 7079
"/Engine/EngineMaterials/Substrate/GLints/dict_16_192_64_0p5_0p02_0017_0007" 7080
"/Engine/EngineMaterials/Substrate/GLints/dict_16_192_64_0p5_0p02_0017_0008" 7081
"/Engine/EngineMaterials/Substrate/GLints/dict_16_192_64_0p5_0p02_0017_0009" 7082
"../../../Engine/Content/EngineMaterials/Substrate/GLints/dict_16_192_64_0p5_0p02_0015_0008.uasset" 7083
"/Engine/EngineMaterials/Substrate/GLints/dict_16_192_64_0p5_0p02_0015_0010" 7084
"../../../Engine/Content/EngineMaterials/Substrate/GLints/dict_16_192_64_0p5_0p02_0015_0009.uasset" 7085
"../../../Engine/Content/EngineMaterials/Substrate/GLints/dict_16_192_64_0p5_0p02_0015_0005.uasset" 7086
"../../../Engine/Content/EngineMaterials/Substrate/GLints/dict_16_192_64_0p5_0p02_0015_0003.uasset" 7087
"../../../Engine/Content/EngineMaterials/Substrate/GLints/dict_16_192_64_0p5_0p02_0014_0014.uasset" 7088
"../../../Engine/Content/EngineMaterials/Substrate/GLints/dict_16_192_64_0p5_0p02_0015_0007.uasset" 7089
"../../../Engine/Content/EngineMaterials/Substrate/GLints/dict_16_192_64_0p5_0p02_0015_0006.uasset" 7090
"/Engine/EngineMaterials/Substrate/GLints/dict_16_192_64_0p5_0p02_0015_0011" 7091
"../../../Engine/Content/EngineMaterials/Substrate/GLints/dict_16_192_64_0p5_0p02_0014_0013.uasset" 7092
"../../../Engine/Content/EngineMaterials/Substrate/GLints/dict_16_192_64_0p5_0p02_0014_0012.uasset" 7093
"../../../Engine/Content/EngineMaterials/Substrate/GLints/dict_16_192_64_0p5_0p02_0015_0002.uasset" 7094
"../../../Engine/Content/EngineMaterials/Substrate/GLints/dict_16_192_64_0p5_0p02_0014_0009.uasset" 7095
"../../../Engine/Content/EngineMaterials/Substrate/GLints/dict_16_192_64_0p5_0p02_0015_0004.uasset" 7096
"../../../Engine/Content/EngineMaterials/Substrate/GLints/dict_16_192_64_0p5_0p02_0014_0015.uasset" 7097
"../../../Engine/Content/EngineMaterials/Substrate/GLints/dict_16_192_64_0p5_0p02_0014_0008.uasset" 7098
"../../../Engine/Content/EngineMaterials/Substrate/GLints/dict_16_192_64_0p5_0p02_0015_0001.uasset" 7099
"../../../Engine/Content/EngineMaterials/Substrate/GLints/dict_16_192_64_0p5_0p02_0014_0006.uasset" 7100
"../../../Engine/Content/EngineMaterials/Substrate/GLints/dict_16_192_64_0p5_0p02_0014_0010.uasset" 7101
"/Engine/EngineMaterials/Substrate/GLints/dict_16_192_64_0p5_0p02_0015_0012" 7102
"../../../Engine/Content/EngineMaterials/Substrate/GLints/dict_16_192_64_0p5_0p02_0014_0011.uasset" 7103
"../../../Engine/Content/EngineMaterials/Substrate/GLints/dict_16_192_64_0p5_0p02_0014_0004.uasset" 7104
"../../../Engine/Content/EngineMaterials/Substrate/GLints/dict_16_192_64_0p5_0p02_0015_0000.uasset" 7105
"../../../Engine/Content/EngineMaterials/Substrate/GLints/dict_16_192_64_0p5_0p02_0014_0007.uasset" 7106
"../../../Engine/Content/EngineMaterials/Substrate/GLints/dict_16_192_64_0p5_0p02_0014_0003.uasset" 7107
"../../../Engine/Content/EngineMaterials/Substrate/GLints/dict_16_192_64_0p5_0p02_0014_0005.uasset" 7108
"/Engine/EngineMaterials/Substrate/GLints/dict_16_192_64_0p5_0p02_0015_0013" 7109
"../../../Engine/Content/EngineMaterials/Substrate/GLints/dict_16_192_64_0p5_0p02_0014_0000.uasset" 7110
"../../../Engine/Content/EngineMaterials/Substrate/GLints/dict_16_192_64_0p5_0p02_0014_0001.uasset" 7111
"../../../Engine/Content/EngineMaterials/Substrate/GLints/dict_16_192_64_0p5_0p02_0014_0002.uasset" 7112
"/Engine/EngineMaterials/Substrate/GLints/dict_16_192_64_0p5_0p02_0015_0014" 7113
"/Engine/EngineMaterials/Substrate/GLints/dict_16_192_64_0p5_0p02_0015_0015" 7114
"../../../Engine/Content/EngineMaterials/Substrate/GLints/dict_16_192_64_0p5_0p02_0013_0015.uasset" 7115
"../../../Engine/Content/EngineMaterials/Substrate/GLints/dict_16_192_64_0p5_0p02_0013_0013.uasset" 7116
"../../../Engine/Content/EngineMaterials/Substrate/GLints/dict_16_192_64_0p5_0p02_0013_0012.uasset" 7117
"../../../Engine/Content/EngineMaterials/Substrate/GLints/dict_16_192_64_0p5_0p02_0013_0011.uasset" 7118
"/Engine/EngineMaterials/Substrate/GLints/dict_16_192_64_0p5_0p02_0014_0000" 7119
"../../../Engine/Content/EngineMaterials/Substrate/GLints/dict_16_192_64_0p5_0p02_0013_0010.uasset" 7120
"../../../Engine/Content/EngineMaterials/Substrate/GLints/dict_16_192_64_0p5_0p02_0013_0014.uasset" 7121
"/Engine/EngineMaterials/Substrate/GLints/dict_16_192_64_0p5_0p02_0014_0001" 7122
"/Engine/EngineMaterials/Substrate/GLints/dict_16_192_64_0p5_0p02_0014_0002" 7123
"/Engine/EngineMaterials/Substrate/GLints/dict_16_192_64_0p5_0p02_0014_0003" 7124
"/Engine/EngineMaterials/Substrate/GLints/dict_16_192_64_0p5_0p02_0014_0004" 7125
"/Engine/EngineMaterials/Substrate/GLints/dict_16_192_64_0p5_0p02_0014_0005" 7126
"/Engine/EngineMaterials/Substrate/GLints/dict_16_192_64_0p5_0p02_0014_0006" 7127
"/Engine/EngineMaterials/Substrate/GLints/dict_16_192_64_0p5_0p02_0014_0007" 7128
"/Engine/EngineMaterials/Substrate/GLints/dict_16_192_64_0p5_0p02_0014_0008" 7129
"/Engine/EngineMaterials/Substrate/GLints/dict_16_192_64_0p5_0p02_0014_0009" 7130
"/Engine/EngineMaterials/Substrate/GLints/dict_16_192_64_0p5_0p02_0014_0010" 7131
"/Engine/EngineMaterials/Substrate/GLints/dict_16_192_64_0p5_0p02_0014_0011" 7132
"/Engine/EngineMaterials/Substrate/GLints/dict_16_192_64_0p5_0p02_0014_0012" 7133
"/Engine/EngineMaterials/Substrate/GLints/dict_16_192_64_0p5_0p02_0014_0013" 7134
"/Engine/EngineMaterials/Substrate/GLints/dict_16_192_64_0p5_0p02_0014_0014" 7135
"/Engine/EngineMaterials/Substrate/GLints/dict_16_192_64_0p5_0p02_0014_0015" 7136
"/Engine/EngineMaterials/Substrate/GLints/dict_16_192_64_0p5_0p02_0015_0000" 7137
"/Engine/EngineMaterials/Substrate/GLints/dict_16_192_64_0p5_0p02_0015_0001" 7138
"/Engine/EngineMaterials/Substrate/GLints/dict_16_192_64_0p5_0p02_0015_0002" 7139
"/Engine/EngineMaterials/Substrate/GLints/dict_16_192_64_0p5_0p02_0015_0003" 7140
"/Engine/EngineMaterials/Substrate/GLints/dict_16_192_64_0p5_0p02_0015_0004" 7141
"/Engine/EngineMaterials/Substrate/GLints/dict_16_192_64_0p5_0p02_0015_0005" 7142
"/Engine/EngineMaterials/Substrate/GLints/dict_16_192_64_0p5_0p02_0015_0006" 7143
"/Engine/EngineMaterials/Substrate/GLints/dict_16_192_64_0p5_0p02_0015_0007" 7144
"/Engine/EngineMaterials/Substrate/GLints/dict_16_192_64_0p5_0p02_0015_0008" 7145
"/Engine/EngineMaterials/Substrate/GLints/dict_16_192_64_0p5_0p02_0015_0009" 7146
"../../../Engine/Content/EngineMaterials/Substrate/GLints/dict_16_192_64_0p5_0p02_0013_0008.uasset" 7147
"../../../Engine/Content/EngineMaterials/Substrate/GLints/dict_16_192_64_0p5_0p02_0013_0009.uasset" 7148
"../../../Engine/Content/EngineMaterials/Substrate/GLints/dict_16_192_64_0p5_0p02_0013_0006.uasset" 7149
"../../../Engine/Content/EngineMaterials/Substrate/GLints/dict_16_192_64_0p5_0p02_0013_0007.uasset" 7150
"../../../Engine/Content/EngineMaterials/Substrate/GLints/dict_16_192_64_0p5_0p02_0013_0005.uasset" 7151
"../../../Engine/Content/EngineMaterials/Substrate/GLints/dict_16_192_64_0p5_0p02_0013_0004.uasset" 7152
"../../../Engine/Content/EngineMaterials/Substrate/GLints/dict_16_192_64_0p5_0p02_0013_0002.uasset" 7153
"../../../Engine/Content/EngineMaterials/Substrate/GLints/dict_16_192_64_0p5_0p02_0013_0001.uasset" 7154
"/Engine/EngineMaterials/Substrate/GLints/dict_16_192_64_0p5_0p02_0013_0010" 7155
"../../../Engine/Content/EngineMaterials/Substrate/GLints/dict_16_192_64_0p5_0p02_0013_0000.uasset" 7156
"../../../Engine/Content/EngineMaterials/Substrate/GLints/dict_16_192_64_0p5_0p02_0013_0003.uasset" 7157
"../../../Engine/Content/EngineMaterials/Substrate/GLints/dict_16_192_64_0p5_0p02_0012_0010.uasset" 7158
"../../../Engine/Content/EngineMaterials/Substrate/GLints/dict_16_192_64_0p5_0p02_0012_0012.uasset" 7159
"../../../Engine/Content/EngineMaterials/Substrate/GLints/dict_16_192_64_0p5_0p02_0012_0011.uasset" 7160
"../../../Engine/Content/EngineMaterials/Substrate/GLints/dict_16_192_64_0p5_0p02_0012_0009.uasset" 7161
"../../../Engine/Content/EngineMaterials/Substrate/GLints/dict_16_192_64_0p5_0p02_0012_0008.uasset" 7162
"../../../Engine/Content/EngineMaterials/Substrate/GLints/dict_16_192_64_0p5_0p02_0012_0015.uasset" 7163
"../../../Engine/Content/EngineMaterials/Substrate/GLints/dict_16_192_64_0p5_0p02_0012_0006.uasset" 7164
"../../../Engine/Content/EngineMaterials/Substrate/GLints/dict_16_192_64_0p5_0p02_0012_0007.uasset" 7165
"/Engine/EngineMaterials/Substrate/GLints/dict_16_192_64_0p5_0p02_0013_0011" 7166
"../../../Engine/Content/EngineMaterials/Substrate/GLints/dict_16_192_64_0p5_0p02_0012_0003.uasset" 7167
"../../../Engine/Content/EngineMaterials/Substrate/GLints/dict_16_192_64_0p5_0p02_0012_0004.uasset" 7168
"../../../Engine/Content/EngineMaterials/Substrate/GLints/dict_16_192_64_0p5_0p02_0012_0002.uasset" 7169
"../../../Engine/Content/EngineMaterials/Substrate/GLints/dict_16_192_64_0p5_0p02_0012_0013.uasset" 7170
"../../../Engine/Content/EngineMaterials/Substrate/GLints/dict_16_192_64_0p5_0p02_0012_0000.uasset" 7171
"../../../Engine/Content/EngineMaterials/Substrate/GLints/dict_16_192_64_0p5_0p02_0012_0014.uasset" 7172
"../../../Engine/Content/EngineMaterials/Substrate/GLints/dict_16_192_64_0p5_0p02_0012_0005.uasset" 7173
"../../../Engine/Content/EngineMaterials/Substrate/GLints/dict_16_192_64_0p5_0p02_0012_0001.uasset" 7174
"/Engine/EngineMaterials/Substrate/GLints/dict_16_192_64_0p5_0p02_0013_0012" 7175
"/Engine/EngineMaterials/Substrate/GLints/dict_16_192_64_0p5_0p02_0013_0013" 7176
"/Engine/EngineMaterials/Substrate/GLints/dict_16_192_64_0p5_0p02_0013_0014" 7177
"/Engine/EngineMaterials/Substrate/GLints/dict_16_192_64_0p5_0p02_0013_0015" 7178
"/Engine/EngineMaterials/Substrate/GLints/dict_16_192_64_0p5_0p02_0013_0006" 7179
"/Engine/EngineMaterials/Substrate/GLints/dict_16_192_64_0p5_0p02_0013_0008" 7180
"/Engine/EngineMaterials/Substrate/GLints/dict_16_192_64_0p5_0p02_0013_0009" 7181
"../../../Engine/Content/EngineMaterials/Substrate/GLints/dict_16_192_64_0p5_0p02_0011_0013.uasset" 7182
"../../../Engine/Content/EngineMaterials/Substrate/GLints/dict_16_192_64_0p5_0p02_0011_0014.uasset" 7183
"../../../Engine/Content/EngineMaterials/Substrate/GLints/dict_16_192_64_0p5_0p02_0011_0012.uasset" 7184
"../../../Engine/Content/EngineMaterials/Substrate/GLints/dict_16_192_64_0p5_0p02_0011_0015.uasset" 7185
"../../../Engine/Content/EngineMaterials/Substrate/GLints/dict_16_192_64_0p5_0p02_0011_0011.uasset" 7186
"../../../Engine/Content/EngineMaterials/Substrate/GLints/dict_16_192_64_0p5_0p02_0011_0010.uasset" 7187
"/Engine/EngineMaterials/Substrate/GLints/dict_16_192_64_0p5_0p02_0012_0000" 7188
"../../../Engine/Content/EngineMaterials/Substrate/GLints/dict_16_192_64_0p5_0p02_0011_0009.uasset" 7189
"../../../Engine/Content/EngineMaterials/Substrate/GLints/dict_16_192_64_0p5_0p02_0011_0007.uasset" 7190
"../../../Engine/Content/EngineMaterials/Substrate/GLints/dict_16_192_64_0p5_0p02_0011_0008.uasset" 7191
"/Engine/EngineMaterials/Substrate/GLints/dict_16_192_64_0p5_0p02_0012_0001" 7192
"/Engine/EngineMaterials/Substrate/GLints/dict_16_192_64_0p5_0p02_0012_0002" 7193
"/Engine/EngineMaterials/Substrate/GLints/dict_16_192_64_0p5_0p02_0012_0003" 7194
"/Engine/EngineMaterials/Substrate/GLints/dict_16_192_64_0p5_0p02_0012_0004" 7195
"/Engine/EngineMaterials/Substrate/GLints/dict_16_192_64_0p5_0p02_0012_0005" 7196
"/Engine/EngineMaterials/Substrate/GLints/dict_16_192_64_0p5_0p02_0012_0006" 7197
"/Engine/EngineMaterials/Substrate/GLints/dict_16_192_64_0p5_0p02_0012_0007" 7198
"/Engine/EngineMaterials/Substrate/GLints/dict_16_192_64_0p5_0p02_0012_0008" 7199
"/Engine/EngineMaterials/Substrate/GLints/dict_16_192_64_0p5_0p02_0012_0009" 7200
"/Engine/EngineMaterials/Substrate/GLints/dict_16_192_64_0p5_0p02_0012_0010" 7201
"/Engine/EngineMaterials/Substrate/GLints/dict_16_192_64_0p5_0p02_0012_0011" 7202
"/Engine/EngineMaterials/Substrate/GLints/dict_16_192_64_0p5_0p02_0012_0012" 7203
"/Engine/EngineMaterials/Substrate/GLints/dict_16_192_64_0p5_0p02_0012_0013" 7204
"/Engine/EngineMaterials/Substrate/GLints/dict_16_192_64_0p5_0p02_0012_0014" 7205
"/Engine/EngineMaterials/Substrate/GLints/dict_16_192_64_0p5_0p02_0012_0015" 7206
"/Engine/EngineMaterials/Substrate/GLints/dict_16_192_64_0p5_0p02_0013_0000" 7207
"/Engine/EngineMaterials/Substrate/GLints/dict_16_192_64_0p5_0p02_0013_0001" 7208
"/Engine/EngineMaterials/Substrate/GLints/dict_16_192_64_0p5_0p02_0013_0002" 7209
"/Engine/EngineMaterials/Substrate/GLints/dict_16_192_64_0p5_0p02_0011_0012" 7210
"/Engine/EngineMaterials/Substrate/GLints/dict_16_192_64_0p5_0p02_0013_0003" 7211
"/Engine/EngineMaterials/Substrate/GLints/dict_16_192_64_0p5_0p02_0013_0004" 7212
"/Engine/EngineMaterials/Substrate/GLints/dict_16_192_64_0p5_0p02_0013_0005" 7213
"/Engine/EngineMaterials/Substrate/GLints/dict_16_192_64_0p5_0p02_0011_0013" 7214
"/Engine/EngineMaterials/Substrate/GLints/dict_16_192_64_0p5_0p02_0013_0007" 7215
"/Engine/EngineMaterials/Substrate/GLints/dict_16_192_64_0p5_0p02_0011_0014" 7216
"/Engine/EngineMaterials/Substrate/GLints/dict_16_192_64_0p5_0p02_0011_0015" 7217
"../../../Engine/Content/EngineMaterials/Substrate/GLints/dict_16_192_64_0p5_0p02_0011_0003.uasset" 7218
"../../../Engine/Content/EngineMaterials/Substrate/GLints/dict_16_192_64_0p5_0p02_0011_0000.uasset" 7219
"../../../Engine/Content/EngineMaterials/Substrate/GLints/dict_16_192_64_0p5_0p02_0011_0001.uasset" 7220
"../../../Engine/Content/EngineMaterials/Substrate/GLints/dict_16_192_64_0p5_0p02_0011_0002.uasset" 7221
"/Engine/EngineMaterials/Substrate/GLints/dict_16_192_64_0p5_0p02_0011_0007" 7222
"../../../Engine/Content/EngineMaterials/Substrate/GLints/dict_16_192_64_0p5_0p02_0010_0015.uasset" 7223
"../../../Engine/Content/EngineMaterials/Substrate/GLints/dict_16_192_64_0p5_0p02_0010_0013.uasset" 7224
"../../../Engine/Content/EngineMaterials/Substrate/GLints/dict_16_192_64_0p5_0p02_0010_0011.uasset" 7225
"../../../Engine/Content/EngineMaterials/Substrate/GLints/dict_16_192_64_0p5_0p02_0010_0012.uasset" 7226
"../../../Engine/Content/EngineMaterials/Substrate/GLints/dict_16_192_64_0p5_0p02_0010_0009.uasset" 7227
"../../../Engine/Content/EngineMaterials/Substrate/GLints/dict_16_192_64_0p5_0p02_0010_0006.uasset" 7228
"/Engine/EngineMaterials/Substrate/GLints/dict_16_192_64_0p5_0p02_0011_0008" 7229
"../../../Engine/Content/EngineMaterials/Substrate/GLints/dict_16_192_64_0p5_0p02_0010_0008.uasset" 7230
"../../../Engine/Content/EngineMaterials/Substrate/GLints/dict_16_192_64_0p5_0p02_0010_0005.uasset" 7231
"../../../Engine/Content/EngineMaterials/Substrate/GLints/dict_16_192_64_0p5_0p02_0010_0014.uasset" 7232
"../../../Engine/Content/EngineMaterials/Substrate/GLints/dict_16_192_64_0p5_0p02_0010_0004.uasset" 7233
"../../../Engine/Content/EngineMaterials/Substrate/GLints/dict_16_192_64_0p5_0p02_0010_0002.uasset" 7234
"../../../Engine/Content/EngineMaterials/Substrate/GLints/dict_16_192_64_0p5_0p02_0010_0001.uasset" 7235
"../../../Engine/Content/EngineMaterials/Substrate/GLints/dict_16_192_64_0p5_0p02_0010_0010.uasset" 7236
"../../../Engine/Content/EngineMaterials/Substrate/GLints/dict_16_192_64_0p5_0p02_0011_0004.uasset" 7237
"../../../Engine/Content/EngineMaterials/Substrate/GLints/dict_16_192_64_0p5_0p02_0011_0006.uasset" 7238
"../../../Engine/Content/EngineMaterials/Substrate/GLints/dict_16_192_64_0p5_0p02_0011_0005.uasset" 7239
"../../../Engine/Content/EngineMaterials/Substrate/GLints/dict_16_192_64_0p5_0p02_0010_0007.uasset" 7240
"../../../Engine/Content/EngineMaterials/Substrate/GLints/dict_16_192_64_0p5_0p02_0009_0015.uasset" 7241
"../../../Engine/Content/EngineMaterials/Substrate/GLints/dict_16_192_64_0p5_0p02_0010_0000.uasset" 7242
"../../../Engine/Content/EngineMaterials/Substrate/GLints/dict_16_192_64_0p5_0p02_0009_0013.uasset" 7243
"../../../Engine/Content/EngineMaterials/Substrate/GLints/dict_16_192_64_0p5_0p02_0009_0014.uasset" 7244
"../../../Engine/Content/EngineMaterials/Substrate/GLints/dict_16_192_64_0p5_0p02_0010_0003.uasset" 7245
"../../../Engine/Content/EngineMaterials/Substrate/GLints/dict_16_192_64_0p5_0p02_0009_0012.uasset" 7246
"/Engine/EngineMaterials/Substrate/GLints/dict_16_192_64_0p5_0p02_0011_0009" 7247
"/Engine/EngineMaterials/Substrate/GLints/dict_16_192_64_0p5_0p02_0011_0010" 7248
"/Engine/EngineMaterials/Substrate/GLints/dict_16_192_64_0p5_0p02_0011_0011" 7249
"/Engine/EngineMaterials/Substrate/GLints/dict_16_192_64_0p5_0p02_0011_0000" 7250
"/Engine/EngineMaterials/Substrate/GLints/dict_16_192_64_0p5_0p02_0011_0001" 7251
"/Engine/EngineMaterials/Substrate/GLints/dict_16_192_64_0p5_0p02_0011_0002" 7252
"/Engine/EngineMaterials/Substrate/GLints/dict_16_192_64_0p5_0p02_0011_0003" 7253
"../../../Engine/Content/EngineMaterials/Substrate/GLints/dict_16_192_64_0p5_0p02_0009_0010.uasset" 7254
"../../../Engine/Content/EngineMaterials/Substrate/GLints/dict_16_192_64_0p5_0p02_0009_0011.uasset" 7255
"../../../Engine/Content/EngineMaterials/Substrate/GLints/dict_16_192_64_0p5_0p02_0009_0009.uasset" 7256
"../../../Engine/Content/EngineMaterials/Substrate/GLints/dict_16_192_64_0p5_0p02_0009_0008.uasset" 7257
"/Engine/EngineMaterials/Substrate/GLints/dict_16_192_64_0p5_0p02_0009_0012" 7258
"../../../Engine/Content/EngineMaterials/Substrate/GLints/dict_16_192_64_0p5_0p02_0009_0007.uasset" 7259
"../../../Engine/Content/EngineMaterials/Substrate/GLints/dict_16_192_64_0p5_0p02_0009_0004.uasset" 7260
"../../../Engine/Content/EngineMaterials/Substrate/GLints/dict_16_192_64_0p5_0p02_0009_0006.uasset" 7261
"../../../Engine/Content/EngineMaterials/Substrate/GLints/dict_16_192_64_0p5_0p02_0009_0005.uasset" 7262
"../../../Engine/Content/EngineMaterials/Substrate/GLints/dict_16_192_64_0p5_0p02_0009_0003.uasset" 7263
"/Engine/EngineMaterials/Substrate/GLints/dict_16_192_64_0p5_0p02_0009_0013" 7264
"/Engine/EngineMaterials/Substrate/GLints/dict_16_192_64_0p5_0p02_0009_0014" 7265
"/Engine/EngineMaterials/Substrate/GLints/dict_16_192_64_0p5_0p02_0009_0015" 7266
"/Engine/EngineMaterials/Substrate/GLints/dict_16_192_64_0p5_0p02_0010_0000" 7267
"/Engine/EngineMaterials/Substrate/GLints/dict_16_192_64_0p5_0p02_0010_0001" 7268
"/Engine/EngineMaterials/Substrate/GLints/dict_16_192_64_0p5_0p02_0010_0002" 7269
"/Engine/EngineMaterials/Substrate/GLints/dict_16_192_64_0p5_0p02_0010_0003" 7270
"/Engine/EngineMaterials/Substrate/GLints/dict_16_192_64_0p5_0p02_0010_0004" 7271
"/Engine/EngineMaterials/Substrate/GLints/dict_16_192_64_0p5_0p02_0010_0005" 7272
"/Engine/EngineMaterials/Substrate/GLints/dict_16_192_64_0p5_0p02_0010_0006" 7273
"/Engine/EngineMaterials/Substrate/GLints/dict_16_192_64_0p5_0p02_0010_0007" 7274
"/Engine/EngineMaterials/Substrate/GLints/dict_16_192_64_0p5_0p02_0010_0008" 7275
"/Engine/EngineMaterials/Substrate/GLints/dict_16_192_64_0p5_0p02_0010_0009" 7276
"/Engine/EngineMaterials/Substrate/GLints/dict_16_192_64_0p5_0p02_0010_0010" 7277
"/Engine/EngineMaterials/Substrate/GLints/dict_16_192_64_0p5_0p02_0010_0011" 7278
"/Engine/EngineMaterials/Substrate/GLints/dict_16_192_64_0p5_0p02_0010_0012" 7279
"/Engine/EngineMaterials/Substrate/GLints/dict_16_192_64_0p5_0p02_0010_0013" 7280
"/Engine/EngineMaterials/Substrate/GLints/dict_16_192_64_0p5_0p02_0010_0014" 7281
"/Engine/EngineMaterials/Substrate/GLints/dict_16_192_64_0p5_0p02_0010_0015" 7282
"/Engine/EngineMaterials/Substrate/GLints/dict_16_192_64_0p5_0p02_0009_0010" 7283
"/Engine/EngineMaterials/Substrate/GLints/dict_16_192_64_0p5_0p02_0011_0004" 7284
"/Engine/EngineMaterials/Substrate/GLints/dict_16_192_64_0p5_0p02_0011_0005" 7285
"/Engine/EngineMaterials/Substrate/GLints/dict_16_192_64_0p5_0p02_0011_0006" 7286
"../../../Engine/Content/EngineMaterials/Substrate/GLints/dict_16_192_64_0p5_0p02_0009_0001.uasset" 7287
"../../../Engine/Content/EngineMaterials/Substrate/GLints/dict_16_192_64_0p5_0p02_0009_0000.uasset" 7288
"../../../Engine/Content/EngineMaterials/Substrate/GLints/dict_16_192_64_0p5_0p02_0008_0013.uasset" 7289
"../../../Engine/Content/EngineMaterials/Substrate/GLints/dict_16_192_64_0p5_0p02_0008_0015.uasset" 7290
"../../../Engine/Content/EngineMaterials/Substrate/GLints/dict_16_192_64_0p5_0p02_0008_0014.uasset" 7291
"../../../Engine/Content/EngineMaterials/Substrate/GLints/dict_16_192_64_0p5_0p02_0008_0012.uasset" 7292
"../../../Engine/Content/EngineMaterials/Substrate/GLints/dict_16_192_64_0p5_0p02_0008_0011.uasset" 7293
"../../../Engine/Content/EngineMaterials/Substrate/GLints/dict_16_192_64_0p5_0p02_0008_0009.uasset" 7294
"/Engine/EngineMaterials/Substrate/GLints/dict_16_192_64_0p5_0p02_0009_0003" 7295
"../../../Engine/Content/EngineMaterials/Substrate/GLints/dict_16_192_64_0p5_0p02_0008_0007.uasset" 7296
"../../../Engine/Content/EngineMaterials/Substrate/GLints/dict_16_192_64_0p5_0p02_0008_0006.uasset" 7297
"../../../Engine/Content/EngineMaterials/Substrate/GLints/dict_16_192_64_0p5_0p02_0008_0003.uasset" 7298
"../../../Engine/Content/EngineMaterials/Substrate/GLints/dict_16_192_64_0p5_0p02_0008_0005.uasset" 7299
"../../../Engine/Content/EngineMaterials/Substrate/GLints/dict_16_192_64_0p5_0p02_0008_0010.uasset" 7300
"../../../Engine/Content/EngineMaterials/Substrate/GLints/dict_16_192_64_0p5_0p02_0008_0008.uasset" 7301
"../../../Engine/Content/EngineMaterials/Substrate/GLints/dict_16_192_64_0p5_0p02_0008_0002.uasset" 7302
"../../../Engine/Content/EngineMaterials/Substrate/GLints/dict_16_192_64_0p5_0p02_0009_0002.uasset" 7303
"../../../Engine/Content/EngineMaterials/Substrate/GLints/dict_16_192_64_0p5_0p02_0008_0000.uasset" 7304
"../../../Engine/Content/EngineMaterials/Substrate/GLints/dict_16_192_64_0p5_0p02_0007_0014.uasset" 7305
"../../../Engine/Content/EngineMaterials/Substrate/GLints/dict_16_192_64_0p5_0p02_0007_0011.uasset" 7306
"../../../Engine/Content/EngineMaterials/Substrate/GLints/dict_16_192_64_0p5_0p02_0008_0004.uasset" 7307
"../../../Engine/Content/EngineMaterials/Substrate/GLints/dict_16_192_64_0p5_0p02_0008_0001.uasset" 7308
"../../../Engine/Content/EngineMaterials/Substrate/GLints/dict_16_192_64_0p5_0p02_0007_0013.uasset" 7309
"../../../Engine/Content/EngineMaterials/Substrate/GLints/dict_16_192_64_0p5_0p02_0007_0015.uasset" 7310
"../../../Engine/Content/EngineMaterials/Substrate/GLints/dict_16_192_64_0p5_0p02_0007_0012.uasset" 7311
"/Engine/EngineMaterials/Substrate/GLints/dict_16_192_64_0p5_0p02_0009_0004" 7312
"/Engine/EngineMaterials/Substrate/GLints/dict_16_192_64_0p5_0p02_0009_0005" 7313
"/Engine/EngineMaterials/Substrate/GLints/dict_16_192_64_0p5_0p02_0009_0006" 7314
"/Engine/EngineMaterials/Substrate/GLints/dict_16_192_64_0p5_0p02_0009_0007" 7315
"/Engine/EngineMaterials/Substrate/GLints/dict_16_192_64_0p5_0p02_0008_0013" 7316
"/Engine/EngineMaterials/Substrate/GLints/dict_16_192_64_0p5_0p02_0009_0008" 7317
"/Engine/EngineMaterials/Substrate/GLints/dict_16_192_64_0p5_0p02_0009_0009" 7318
"/Engine/EngineMaterials/Substrate/GLints/dict_16_192_64_0p5_0p02_0009_0011" 7319
"/Engine/EngineMaterials/Substrate/GLints/dict_16_192_64_0p5_0p02_0009_0000" 7320
"/Engine/EngineMaterials/Substrate/GLints/dict_16_192_64_0p5_0p02_0009_0001" 7321
"../../../Engine/Content/EngineMaterials/Substrate/GLints/dict_16_192_64_0p5_0p02_0007_0008.uasset" 7322
"../../../Engine/Content/EngineMaterials/Substrate/GLints/dict_16_192_64_0p5_0p02_0007_0010.uasset" 7323
"../../../Engine/Content/EngineMaterials/Substrate/GLints/dict_16_192_64_0p5_0p02_0007_0005.uasset" 7324
"../../../Engine/Content/EngineMaterials/Substrate/GLints/dict_16_192_64_0p5_0p02_0007_0003.uasset" 7325
"/Engine/EngineMaterials/Substrate/GLints/dict_16_192_64_0p5_0p02_0007_0011" 7326
"../../../Engine/Content/EngineMaterials/Substrate/GLints/dict_16_192_64_0p5_0p02_0007_0004.uasset" 7327
"../../../Engine/Content/EngineMaterials/Substrate/GLints/dict_16_192_64_0p5_0p02_0007_0000.uasset" 7328
"../../../Engine/Content/EngineMaterials/Substrate/GLints/dict_16_192_64_0p5_0p02_0007_0007.uasset" 7329
"../../../Engine/Content/EngineMaterials/Substrate/GLints/dict_16_192_64_0p5_0p02_0007_0006.uasset" 7330
"../../../Engine/Content/EngineMaterials/Substrate/GLints/dict_16_192_64_0p5_0p02_0007_0002.uasset" 7331
"../../../Engine/Content/EngineMaterials/Substrate/GLints/dict_16_192_64_0p5_0p02_0007_0009.uasset" 7332
"../../../Engine/Content/EngineMaterials/Substrate/GLints/dict_16_192_64_0p5_0p02_0007_0001.uasset" 7333
"/Engine/EngineMaterials/Substrate/GLints/dict_16_192_64_0p5_0p02_0007_0012" 7334
"/Engine/EngineMaterials/Substrate/GLints/dict_16_192_64_0p5_0p02_0007_0013" 7335
"/Engine/EngineMaterials/Substrate/GLints/dict_16_192_64_0p5_0p02_0007_0014" 7336
"/Engine/EngineMaterials/Substrate/GLints/dict_16_192_64_0p5_0p02_0007_0015" 7337
"/Engine/EngineMaterials/Substrate/GLints/dict_16_192_64_0p5_0p02_0008_0000" 7338
"/Engine/EngineMaterials/Substrate/GLints/dict_16_192_64_0p5_0p02_0008_0001" 7339
"/Engine/EngineMaterials/Substrate/GLints/dict_16_192_64_0p5_0p02_0008_0002" 7340
"/Engine/EngineMaterials/Substrate/GLints/dict_16_192_64_0p5_0p02_0008_0003" 7341
"/Engine/EngineMaterials/Substrate/GLints/dict_16_192_64_0p5_0p02_0008_0004" 7342
"/Engine/EngineMaterials/Substrate/GLints/dict_16_192_64_0p5_0p02_0008_0005" 7343
"/Engine/EngineMaterials/Substrate/GLints/dict_16_192_64_0p5_0p02_0008_0006" 7344
"/Engine/EngineMaterials/Substrate/GLints/dict_16_192_64_0p5_0p02_0008_0007" 7345
"/Engine/EngineMaterials/Substrate/GLints/dict_16_192_64_0p5_0p02_0008_0008" 7346
"/Engine/EngineMaterials/Substrate/GLints/dict_16_192_64_0p5_0p02_0008_0009" 7347
"/Engine/EngineMaterials/Substrate/GLints/dict_16_192_64_0p5_0p02_0008_0010" 7348
"/Engine/EngineMaterials/Substrate/GLints/dict_16_192_64_0p5_0p02_0008_0011" 7349
"/Engine/EngineMaterials/Substrate/GLints/dict_16_192_64_0p5_0p02_0008_0012" 7350
"/Engine/EngineMaterials/Substrate/GLints/dict_16_192_64_0p5_0p02_0008_0014" 7351
"/Engine/EngineMaterials/Substrate/GLints/dict_16_192_64_0p5_0p02_0008_0015" 7352
"/Engine/EngineMaterials/Substrate/GLints/dict_16_192_64_0p5_0p02_0009_0002" 7353
"../../../Engine/Content/EngineMaterials/Substrate/GLints/dict_16_192_64_0p5_0p02_0006_0013.uasset" 7354
"/Engine/EngineMaterials/Substrate/GLints/dict_16_192_64_0p5_0p02_0007_0000" 7355
"../../../Engine/Content/EngineMaterials/Substrate/GLints/dict_16_192_64_0p5_0p02_0006_0010.uasset" 7356
"../../../Engine/Content/EngineMaterials/Substrate/GLints/dict_16_192_64_0p5_0p02_0006_0007.uasset" 7357
"../../../Engine/Content/EngineMaterials/Substrate/GLints/dict_16_192_64_0p5_0p02_0006_0005.uasset" 7358
"../../../Engine/Content/EngineMaterials/Substrate/GLints/dict_16_192_64_0p5_0p02_0006_0014.uasset" 7359
"../../../Engine/Content/EngineMaterials/Substrate/GLints/dict_16_192_64_0p5_0p02_0005_0015.uasset" 7360
"../../../Engine/Content/EngineMaterials/Substrate/GLints/dict_16_192_64_0p5_0p02_0006_0004.uasset" 7361
"../../../Engine/Content/EngineMaterials/Substrate/GLints/dict_16_192_64_0p5_0p02_0006_0000.uasset" 7362
"../../../Engine/Content/EngineMaterials/Substrate/GLints/dict_16_192_64_0p5_0p02_0005_0014.uasset" 7363
"../../../Engine/Content/EngineMaterials/Substrate/GLints/dict_16_192_64_0p5_0p02_0006_0002.uasset" 7364
"../../../Engine/Content/EngineMaterials/Substrate/GLints/dict_16_192_64_0p5_0p02_0005_0013.uasset" 7365
"../../../Engine/Content/EngineMaterials/Substrate/GLints/dict_16_192_64_0p5_0p02_0006_0001.uasset" 7366
"../../../Engine/Content/EngineMaterials/Substrate/GLints/dict_16_192_64_0p5_0p02_0006_0003.uasset" 7367
"/Engine/EngineMaterials/Substrate/GLints/dict_16_192_64_0p5_0p02_0007_0001" 7368
"../../../Engine/Content/EngineMaterials/Substrate/GLints/dict_16_192_64_0p5_0p02_0006_0011.uasset" 7369
"../../../Engine/Content/EngineMaterials/Substrate/GLints/dict_16_192_64_0p5_0p02_0005_0011.uasset" 7370
"../../../Engine/Content/EngineMaterials/Substrate/GLints/dict_16_192_64_0p5_0p02_0006_0012.uasset" 7371
"../../../Engine/Content/EngineMaterials/Substrate/GLints/dict_16_192_64_0p5_0p02_0005_0012.uasset" 7372
"../../../Engine/Content/EngineMaterials/Substrate/GLints/dict_16_192_64_0p5_0p02_0006_0015.uasset" 7373
"../../../Engine/Content/EngineMaterials/Substrate/GLints/dict_16_192_64_0p5_0p02_0006_0009.uasset" 7374
"../../../Engine/Content/EngineMaterials/Substrate/GLints/dict_16_192_64_0p5_0p02_0006_0006.uasset" 7375
"../../../Engine/Content/EngineMaterials/Substrate/GLints/dict_16_192_64_0p5_0p02_0006_0008.uasset" 7376
"/Engine/EngineMaterials/Substrate/GLints/dict_16_192_64_0p5_0p02_0007_0002" 7377
"/Engine/EngineMaterials/Substrate/GLints/dict_16_192_64_0p5_0p02_0007_0003" 7378
"/Engine/EngineMaterials/Substrate/GLints/dict_16_192_64_0p5_0p02_0007_0004" 7379
"/Engine/EngineMaterials/Substrate/GLints/dict_16_192_64_0p5_0p02_0007_0005" 7380
"/Engine/EngineMaterials/Substrate/GLints/dict_16_192_64_0p5_0p02_0007_0006" 7381
"/Engine/EngineMaterials/Substrate/GLints/dict_16_192_64_0p5_0p02_0007_0007" 7382
"/Engine/EngineMaterials/Substrate/GLints/dict_16_192_64_0p5_0p02_0007_0008" 7383
"/Engine/EngineMaterials/Substrate/GLints/dict_16_192_64_0p5_0p02_0007_0009" 7384
"/Engine/EngineMaterials/Substrate/GLints/dict_16_192_64_0p5_0p02_0007_0010" 7385
"../../../Engine/Content/EngineMaterials/Substrate/GLints/dict_16_192_64_0p5_0p02_0005_0008.uasset" 7386
"../../../Engine/Content/EngineMaterials/Substrate/GLints/dict_16_192_64_0p5_0p02_0005_0009.uasset" 7387
"../../../Engine/Content/EngineMaterials/Substrate/GLints/dict_16_192_64_0p5_0p02_0005_0007.uasset" 7388
"../../../Engine/Content/EngineMaterials/Substrate/GLints/dict_16_192_64_0p5_0p02_0005_0010.uasset" 7389
"../../../Engine/Content/EngineMaterials/Substrate/GLints/dict_16_192_64_0p5_0p02_0005_0006.uasset" 7390
"/Engine/EngineMaterials/Substrate/GLints/dict_16_192_64_0p5_0p02_0005_0011" 7391
"../../../Engine/Content/EngineMaterials/Substrate/GLints/dict_16_192_64_0p5_0p02_0005_0001.uasset" 7392
"../../../Engine/Content/EngineMaterials/Substrate/GLints/dict_16_192_64_0p5_0p02_0005_0005.uasset" 7393
"../../../Engine/Content/EngineMaterials/Substrate/GLints/dict_16_192_64_0p5_0p02_0005_0004.uasset" 7394
"../../../Engine/Content/EngineMaterials/Substrate/GLints/dict_16_192_64_0p5_0p02_0005_0000.uasset" 7395
"../../../Engine/Content/EngineMaterials/Substrate/GLints/dict_16_192_64_0p5_0p02_0005_0002.uasset" 7396
"../../../Engine/Content/EngineMaterials/Substrate/GLints/dict_16_192_64_0p5_0p02_0005_0003.uasset" 7397
"/Engine/EngineMaterials/Substrate/GLints/dict_16_192_64_0p5_0p02_0005_0012" 7398
"/Engine/EngineMaterials/Substrate/GLints/dict_16_192_64_0p5_0p02_0005_0013" 7399
"/Engine/EngineMaterials/Substrate/GLints/dict_16_192_64_0p5_0p02_0005_0014" 7400
"/Engine/EngineMaterials/Substrate/GLints/dict_16_192_64_0p5_0p02_0005_0015" 7401
"/Engine/EngineMaterials/Substrate/GLints/dict_16_192_64_0p5_0p02_0006_0000" 7402
"/Engine/EngineMaterials/Substrate/GLints/dict_16_192_64_0p5_0p02_0006_0001" 7403
"/Engine/EngineMaterials/Substrate/GLints/dict_16_192_64_0p5_0p02_0006_0002" 7404
"/Engine/EngineMaterials/Substrate/GLints/dict_16_192_64_0p5_0p02_0006_0003" 7405
"/Engine/EngineMaterials/Substrate/GLints/dict_16_192_64_0p5_0p02_0006_0004" 7406
"/Engine/EngineMaterials/Substrate/GLints/dict_16_192_64_0p5_0p02_0006_0005" 7407
"/Engine/EngineMaterials/Substrate/GLints/dict_16_192_64_0p5_0p02_0006_0006" 7408
"/Engine/EngineMaterials/Substrate/GLints/dict_16_192_64_0p5_0p02_0006_0007" 7409
"/Engine/EngineMaterials/Substrate/GLints/dict_16_192_64_0p5_0p02_0006_0008" 7410
"/Engine/EngineMaterials/Substrate/GLints/dict_16_192_64_0p5_0p02_0006_0009" 7411
"/Engine/EngineMaterials/Substrate/GLints/dict_16_192_64_0p5_0p02_0006_0010" 7412
"/Engine/EngineMaterials/Substrate/GLints/dict_16_192_64_0p5_0p02_0006_0011" 7413
"/Engine/EngineMaterials/Substrate/GLints/dict_16_192_64_0p5_0p02_0006_0012" 7414
"/Engine/EngineMaterials/Substrate/GLints/dict_16_192_64_0p5_0p02_0006_0013" 7415
"/Engine/EngineMaterials/Substrate/GLints/dict_16_192_64_0p5_0p02_0006_0014" 7416
"/Engine/EngineMaterials/Substrate/GLints/dict_16_192_64_0p5_0p02_0006_0015" 7417
"../../../Engine/Content/EngineMaterials/Substrate/GLints/dict_16_192_64_0p5_0p02_0004_0013.uasset" 7418
"../../../Engine/Content/EngineMaterials/Substrate/GLints/dict_16_192_64_0p5_0p02_0004_0012.uasset" 7419
"../../../Engine/Content/EngineMaterials/Substrate/GLints/dict_16_192_64_0p5_0p02_0004_0011.uasset" 7420
"../../../Engine/Content/EngineMaterials/Substrate/GLints/dict_16_192_64_0p5_0p02_0004_0008.uasset" 7421
"../../../Engine/Content/EngineMaterials/Substrate/GLints/dict_16_192_64_0p5_0p02_0004_0007.uasset" 7422
"../../../Engine/Content/EngineMaterials/Substrate/GLints/dict_16_192_64_0p5_0p02_0004_0010.uasset" 7423
"/Engine/EngineMaterials/Substrate/GLints/dict_16_192_64_0p5_0p02_0005_0000" 7424
"../../../Engine/Content/EngineMaterials/Substrate/GLints/dict_16_192_64_0p5_0p02_0004_0004.uasset" 7425
"../../../Engine/Content/EngineMaterials/Substrate/GLints/dict_16_192_64_0p5_0p02_0004_0001.uasset" 7426
"../../../Engine/Content/EngineMaterials/Substrate/GLints/dict_16_192_64_0p5_0p02_0004_0015.uasset" 7427
"../../../Engine/Content/EngineMaterials/Substrate/GLints/dict_16_192_64_0p5_0p02_0003_0015.uasset" 7428
"../../../Engine/Content/EngineMaterials/Substrate/GLints/dict_16_192_64_0p5_0p02_0004_0000.uasset" 7429
"../../../Engine/Content/EngineMaterials/Substrate/GLints/dict_16_192_64_0p5_0p02_0003_0014.uasset" 7430
"../../../Engine/Content/EngineMaterials/Substrate/GLints/dict_16_192_64_0p5_0p02_0004_0005.uasset" 7431
"../../../Engine/Content/EngineMaterials/Substrate/GLints/dict_16_192_64_0p5_0p02_0003_0012.uasset" 7432
"../../../Engine/Content/EngineMaterials/Substrate/GLints/dict_16_192_64_0p5_0p02_0003_0011.uasset" 7433
"../../../Engine/Content/EngineMaterials/Substrate/GLints/dict_16_192_64_0p5_0p02_0004_0014.uasset" 7434
"../../../Engine/Content/EngineMaterials/Substrate/GLints/dict_16_192_64_0p5_0p02_0004_0009.uasset" 7435
"../../../Engine/Content/EngineMaterials/Substrate/GLints/dict_16_192_64_0p5_0p02_0004_0003.uasset" 7436
"../../../Engine/Content/EngineMaterials/Substrate/GLints/dict_16_192_64_0p5_0p02_0004_0002.uasset" 7437
"../../../Engine/Content/EngineMaterials/Substrate/GLints/dict_16_192_64_0p5_0p02_0004_0006.uasset" 7438
"../../../Engine/Content/EngineMaterials/Substrate/GLints/dict_16_192_64_0p5_0p02_0003_0013.uasset" 7439
"/Engine/EngineMaterials/Substrate/GLints/dict_16_192_64_0p5_0p02_0005_0001" 7440
"/Engine/EngineMaterials/Substrate/GLints/dict_16_192_64_0p5_0p02_0005_0002" 7441
"/Engine/EngineMaterials/Substrate/GLints/dict_16_192_64_0p5_0p02_0005_0003" 7442
"/Engine/EngineMaterials/Substrate/GLints/dict_16_192_64_0p5_0p02_0005_0004" 7443
"/Engine/EngineMaterials/Substrate/GLints/dict_16_192_64_0p5_0p02_0005_0005" 7444
"/Engine/EngineMaterials/Substrate/GLints/dict_16_192_64_0p5_0p02_0004_0013" 7445
"/Engine/EngineMaterials/Substrate/GLints/dict_16_192_64_0p5_0p02_0005_0006" 7446
"/Engine/EngineMaterials/Substrate/GLints/dict_16_192_64_0p5_0p02_0005_0007" 7447
"/Engine/EngineMaterials/Substrate/GLints/dict_16_192_64_0p5_0p02_0005_0008" 7448
"/Engine/EngineMaterials/Substrate/GLints/dict_16_192_64_0p5_0p02_0005_0009" 7449
"/Engine/EngineMaterials/Substrate/GLints/dict_16_192_64_0p5_0p02_0005_0010" 7450
"../../../Engine/Content/EngineMaterials/Substrate/GLints/dict_16_192_64_0p5_0p02_0003_0010.uasset" 7451
"../../../Engine/Content/EngineMaterials/Substrate/GLints/dict_16_192_64_0p5_0p02_0003_0008.uasset" 7452
"../../../Engine/Content/EngineMaterials/Substrate/GLints/dict_16_192_64_0p5_0p02_0003_0006.uasset" 7453
"../../../Engine/Content/EngineMaterials/Substrate/GLints/dict_16_192_64_0p5_0p02_0003_0009.uasset" 7454
"/Engine/EngineMaterials/Substrate/GLints/dict_16_192_64_0p5_0p02_0003_0011" 7455
"../../../Engine/Content/EngineMaterials/Substrate/GLints/dict_16_192_64_0p5_0p02_0003_0005.uasset" 7456
"../../../Engine/Content/EngineMaterials/Substrate/GLints/dict_16_192_64_0p5_0p02_0003_0007.uasset" 7457
"../../../Engine/Content/EngineMaterials/Substrate/GLints/dict_16_192_64_0p5_0p02_0003_0003.uasset" 7458
"../../../Engine/Content/EngineMaterials/Substrate/GLints/dict_16_192_64_0p5_0p02_0003_0002.uasset" 7459
"../../../Engine/Content/EngineMaterials/Substrate/GLints/dict_16_192_64_0p5_0p02_0003_0001.uasset" 7460
"../../../Engine/Content/EngineMaterials/Substrate/GLints/dict_16_192_64_0p5_0p02_0003_0004.uasset" 7461
"../../../Engine/Content/EngineMaterials/Substrate/GLints/dict_16_192_64_0p5_0p02_0003_0000.uasset" 7462
"../../../Engine/Content/EngineMaterials/Substrate/GLints/dict_16_192_64_0p5_0p02_0002_0015.uasset" 7463
"/Engine/EngineMaterials/Substrate/GLints/dict_16_192_64_0p5_0p02_0003_0012" 7464
"/Engine/EngineMaterials/Substrate/GLints/dict_16_192_64_0p5_0p02_0003_0013" 7465
"/Engine/EngineMaterials/Substrate/GLints/dict_16_192_64_0p5_0p02_0003_0014" 7466
"/Engine/EngineMaterials/Substrate/GLints/dict_16_192_64_0p5_0p02_0003_0015" 7467
"/Engine/EngineMaterials/Substrate/GLints/dict_16_192_64_0p5_0p02_0004_0000" 7468
"/Engine/EngineMaterials/Substrate/GLints/dict_16_192_64_0p5_0p02_0004_0001" 7469
"/Engine/EngineMaterials/Substrate/GLints/dict_16_192_64_0p5_0p02_0004_0002" 7470
"/Engine/EngineMaterials/Substrate/GLints/dict_16_192_64_0p5_0p02_0004_0003" 7471
"/Engine/EngineMaterials/Substrate/GLints/dict_16_192_64_0p5_0p02_0004_0004" 7472
"/Engine/EngineMaterials/Substrate/GLints/dict_16_192_64_0p5_0p02_0004_0005" 7473
"/Engine/EngineMaterials/Substrate/GLints/dict_16_192_64_0p5_0p02_0004_0006" 7474
"/Engine/EngineMaterials/Substrate/GLints/dict_16_192_64_0p5_0p02_0004_0007" 7475
"/Engine/EngineMaterials/Substrate/GLints/dict_16_192_64_0p5_0p02_0004_0008" 7476
"/Engine/EngineMaterials/Substrate/GLints/dict_16_192_64_0p5_0p02_0004_0009" 7477
"/Engine/EngineMaterials/Substrate/GLints/dict_16_192_64_0p5_0p02_0004_0010" 7478
"/Engine/EngineMaterials/Substrate/GLints/dict_16_192_64_0p5_0p02_0004_0011" 7479
"/Engine/EngineMaterials/Substrate/GLints/dict_16_192_64_0p5_0p02_0004_0012" 7480
"/Engine/EngineMaterials/Substrate/GLints/dict_16_192_64_0p5_0p02_0004_0014" 7481
"/Engine/EngineMaterials/Substrate/GLints/dict_16_192_64_0p5_0p02_0003_0010" 7482
"/Engine/EngineMaterials/Substrate/GLints/dict_16_192_64_0p5_0p02_0004_0015" 7483
"/Engine/EngineMaterials/Substrate/GLints/dict_16_192_64_0p5_0p02_0002_0015" 7484
"../../../Engine/Content/EngineMaterials/Substrate/GLints/dict_16_192_64_0p5_0p02_0002_0013.uasset" 7485
"../../../Engine/Content/EngineMaterials/Substrate/GLints/dict_16_192_64_0p5_0p02_0002_0007.uasset" 7486
"../../../Engine/Content/EngineMaterials/Substrate/GLints/dict_16_192_64_0p5_0p02_0002_0006.uasset" 7487
"/Engine/EngineMaterials/Substrate/GLints/dict_16_192_64_0p5_0p02_0003_0000" 7488
"../../../Engine/Content/EngineMaterials/Substrate/GLints/dict_16_192_64_0p5_0p02_0002_0011.uasset" 7489
"../../../Engine/Content/EngineMaterials/Substrate/GLints/dict_16_192_64_0p5_0p02_0002_0008.uasset" 7490
"../../../Engine/Content/EngineMaterials/Substrate/GLints/dict_16_192_64_0p5_0p02_0002_0005.uasset" 7491
"../../../Engine/Content/EngineMaterials/Substrate/GLints/dict_16_192_64_0p5_0p02_0002_0003.uasset" 7492
"../../../Engine/Content/EngineMaterials/Substrate/GLints/dict_16_192_64_0p5_0p02_0002_0000.uasset" 7493
"../../../Engine/Content/EngineMaterials/Substrate/GLints/dict_16_192_64_0p5_0p02_0001_0013.uasset" 7494
"/Engine/EngineMaterials/Substrate/GLints/dict_16_192_64_0p5_0p02_0003_0001" 7495
"../../../Engine/Content/EngineMaterials/Substrate/GLints/dict_16_192_64_0p5_0p02_0001_0015.uasset" 7496
"../../../Engine/Content/EngineMaterials/Substrate/GLints/dict_16_192_64_0p5_0p02_0002_0002.uasset" 7497
"../../../Engine/Content/EngineMaterials/Substrate/GLints/dict_16_192_64_0p5_0p02_0002_0001.uasset" 7498
"../../../Engine/Content/EngineMaterials/Substrate/GLints/dict_16_192_64_0p5_0p02_0001_0014.uasset" 7499
"../../../Engine/Content/EngineMaterials/Substrate/GLints/dict_16_192_64_0p5_0p02_0002_0004.uasset" 7500
"../../../Engine/Content/EngineMaterials/Substrate/GLints/dict_16_192_64_0p5_0p02_0002_0012.uasset" 7501
"/Engine/EngineMaterials/Substrate/GLints/dict_16_192_64_0p5_0p02_0003_0002" 7502
"../../../Engine/Content/EngineMaterials/Substrate/GLints/dict_16_192_64_0p5_0p02_0001_0012.uasset" 7503
"../../../Engine/Content/EngineMaterials/Substrate/GLints/dict_16_192_64_0p5_0p02_0002_0009.uasset" 7504
"../../../Engine/Content/EngineMaterials/Substrate/GLints/dict_16_192_64_0p5_0p02_0002_0014.uasset" 7505
"../../../Engine/Content/EngineMaterials/Substrate/GLints/dict_16_192_64_0p5_0p02_0002_0010.uasset" 7506
"../../../Engine/Content/EngineMaterials/Substrate/GLints/dict_16_192_64_0p5_0p02_0001_0011.uasset" 7507
"../../../Engine/Content/EngineMaterials/Substrate/GLints/dict_16_192_64_0p5_0p02_0001_0010.uasset" 7508
"/Engine/EngineMaterials/Substrate/GLints/dict_16_192_64_0p5_0p02_0003_0003" 7509
"/Engine/EngineMaterials/Substrate/GLints/dict_16_192_64_0p5_0p02_0003_0004" 7510
"/Engine/EngineMaterials/Substrate/GLints/dict_16_192_64_0p5_0p02_0003_0005" 7511
"/Engine/EngineMaterials/Substrate/GLints/dict_16_192_64_0p5_0p02_0003_0006" 7512
"/Engine/EngineMaterials/Substrate/GLints/dict_16_192_64_0p5_0p02_0003_0007" 7513
"/Engine/EngineMaterials/Substrate/GLints/dict_16_192_64_0p5_0p02_0003_0008" 7514
"/Engine/EngineMaterials/Substrate/GLints/dict_16_192_64_0p5_0p02_0003_0009" 7515
"../../../Engine/Content/EngineMaterials/Substrate/GLints/dict_16_192_64_0p5_0p02_0001_0007.uasset" 7516
"../../../Engine/Content/EngineMaterials/Substrate/GLints/dict_16_192_64_0p5_0p02_0001_0009.uasset" 7517
"../../../Engine/Content/EngineMaterials/Substrate/GLints/dict_16_192_64_0p5_0p02_0001_0006.uasset" 7518
"/Engine/EngineMaterials/Substrate/GLints/dict_16_192_64_0p5_0p02_0001_0010" 7519
"../../../Engine/Content/EngineMaterials/Substrate/GLints/dict_16_192_64_0p5_0p02_0001_0008.uasset" 7520
"../../../Engine/Content/EngineMaterials/Substrate/GLints/dict_16_192_64_0p5_0p02_0001_0001.uasset" 7521
"../../../Engine/Content/EngineMaterials/Substrate/GLints/dict_16_192_64_0p5_0p02_0001_0003.uasset" 7522
"../../../Engine/Content/EngineMaterials/Substrate/GLints/dict_16_192_64_0p5_0p02_0001_0005.uasset" 7523
"../../../Engine/Content/EngineMaterials/Substrate/GLints/dict_16_192_64_0p5_0p02_0001_0000.uasset" 7524
"../../../Engine/Content/EngineMaterials/Substrate/GLints/dict_16_192_64_0p5_0p02_0000_0015.uasset" 7525
"../../../Engine/Content/EngineMaterials/Substrate/GLints/dict_16_192_64_0p5_0p02_0001_0004.uasset" 7526
"/Engine/EngineMaterials/Substrate/GLints/dict_16_192_64_0p5_0p02_0001_0011" 7527
"../../../Engine/Content/EngineMaterials/Substrate/GLints/dict_16_192_64_0p5_0p02_0001_0002.uasset" 7528
"/Engine/EngineMaterials/Substrate/GLints/dict_16_192_64_0p5_0p02_0001_0012" 7529
"/Engine/EngineMaterials/Substrate/GLints/dict_16_192_64_0p5_0p02_0001_0013" 7530
"/Engine/EngineMaterials/Substrate/GLints/dict_16_192_64_0p5_0p02_0001_0014" 7531
"/Engine/EngineMaterials/Substrate/GLints/dict_16_192_64_0p5_0p02_0001_0015" 7532
"/Engine/EngineMaterials/Substrate/GLints/dict_16_192_64_0p5_0p02_0002_0000" 7533
"/Engine/EngineMaterials/Substrate/GLints/dict_16_192_64_0p5_0p02_0002_0001" 7534
"/Engine/EngineMaterials/Substrate/GLints/dict_16_192_64_0p5_0p02_0002_0002" 7535
"/Engine/EngineMaterials/Substrate/GLints/dict_16_192_64_0p5_0p02_0002_0003" 7536
"/Engine/EngineMaterials/Substrate/GLints/dict_16_192_64_0p5_0p02_0002_0004" 7537
"/Engine/EngineMaterials/Substrate/GLints/dict_16_192_64_0p5_0p02_0002_0005" 7538
"/Engine/EngineMaterials/Substrate/GLints/dict_16_192_64_0p5_0p02_0002_0006" 7539
"/Engine/EngineMaterials/Substrate/GLints/dict_16_192_64_0p5_0p02_0002_0007" 7540
"/Engine/EngineMaterials/Substrate/GLints/dict_16_192_64_0p5_0p02_0002_0008" 7541
"/Engine/EngineMaterials/Substrate/GLints/dict_16_192_64_0p5_0p02_0002_0009" 7542
"/Engine/EngineMaterials/Substrate/GLints/dict_16_192_64_0p5_0p02_0002_0010" 7543
"/Engine/EngineMaterials/Substrate/GLints/dict_16_192_64_0p5_0p02_0002_0011" 7544
"/Engine/EngineMaterials/Substrate/GLints/dict_16_192_64_0p5_0p02_0002_0012" 7545
"/Engine/EngineMaterials/Substrate/GLints/dict_16_192_64_0p5_0p02_0002_0013" 7546
"/Engine/EngineMaterials/Substrate/GLints/dict_16_192_64_0p5_0p02_0002_0014" 7547
"../../../Engine/Content/EngineMaterials/Substrate/GLints/dict_16_192_64_0p5_0p02_0000_0013.uasset" 7548
"../../../Engine/Content/EngineMaterials/Substrate/GLints/dict_16_192_64_0p5_0p02_0000_0014.uasset" 7549
"../../../Engine/Content/EngineMaterials/Substrate/GLints/dict_16_192_64_0p5_0p02_0000_0009.uasset" 7550
"../../../Engine/Content/EngineMaterials/Substrate/GLints/dict_16_192_64_0p5_0p02_0000_0008.uasset" 7551
"../../../Engine/Content/EngineMaterials/Substrate/GLints/dict_16_192_64_0p5_0p02_0000_0006.uasset" 7552
"/Engine/EngineMaterials/Substrate/GLints/dict_16_192_64_0p5_0p02_0000_0015" 7553
"../../../Engine/Content/EngineMaterials/Substrate/GLints/dict_16_192_64_0p5_0p02_0000_0003.uasset" 7554
"../../../Engine/Content/EngineMaterials/Substrate/GLints/dict_16_192_64_0p5_0p02_0000_0002.uasset" 7555
"../../../Engine/Content/EngineMaterials/Substrate/GLints/dict_16_192_64_0p5_0p02_0000_0000.uasset" 7556
"../../../Engine/Content/EngineMaterials/Substrate/GLints/AGlintTex2dArray.uasset" 7557
"../../../Engine/Content/EngineMaterials/Substrate/GLints/dict_16_192_64_0p5_0p02_0000_0012.uasset" 7558
"../../../Engine/Content/EngineMaterials/Substrate/Glints2/dict_0007_0253.uasset" 7559
"../../../Engine/Content/EngineMaterials/Substrate/GLints/dict_16_192_64_0p5_0p02_0000_0011.uasset" 7560
"../../../Engine/Content/EngineMaterials/Substrate/Glints2/dict_0007_0252.uasset" 7561
"../../../Engine/Content/EngineMaterials/Substrate/Glints2/dict_0007_0254.uasset" 7562
"../../../Engine/Content/EngineMaterials/Substrate/Glints2/dict_0007_0251.uasset" 7563
"../../../Engine/Content/EngineMaterials/Substrate/GLints/dict_16_192_64_0p5_0p02_0000_0001.uasset" 7564
"/Engine/EngineMaterials/Substrate/GLints/dict_16_192_64_0p5_0p02_0001_0000" 7565
"../../../Engine/Content/EngineMaterials/Substrate/Glints2/dict_0007_0255.uasset" 7566
"../../../Engine/Content/EngineMaterials/Substrate/GLints/dict_16_192_64_0p5_0p02_0000_0004.uasset" 7567
"../../../Engine/Content/EngineMaterials/Substrate/GLints/dict_16_192_64_0p5_0p02_0000_0007.uasset" 7568
"/Engine/EngineMaterials/Substrate/GLints/dict_16_192_64_0p5_0p02_0001_0001" 7569
"../../../Engine/Content/EngineMaterials/Substrate/GLints/dict_16_192_64_0p5_0p02_0000_0005.uasset" 7570
"../../../Engine/Content/EngineMaterials/Substrate/GLints/dict_16_192_64_0p5_0p02_0000_0010.uasset" 7571
"/Engine/EngineMaterials/Substrate/GLints/dict_16_192_64_0p5_0p02_0001_0002" 7572
"/Engine/EngineMaterials/Substrate/GLints/dict_16_192_64_0p5_0p02_0001_0003" 7573
"/Engine/EngineMaterials/Substrate/GLints/dict_16_192_64_0p5_0p02_0001_0004" 7574
"/Engine/EngineMaterials/Substrate/GLints/dict_16_192_64_0p5_0p02_0001_0005" 7575
"/Engine/EngineMaterials/Substrate/GLints/dict_16_192_64_0p5_0p02_0001_0006" 7576
"/Engine/EngineMaterials/Substrate/GLints/dict_16_192_64_0p5_0p02_0001_0007" 7577
"/Engine/EngineMaterials/Substrate/GLints/dict_16_192_64_0p5_0p02_0001_0008" 7578
"/Engine/EngineMaterials/Substrate/GLints/dict_16_192_64_0p5_0p02_0001_0009" 7579
"/Engine/EngineMaterials/Substrate/GLints/dict_16_192_64_0p5_0p02_0000_0013" 7580
"../../../Engine/Content/EngineMaterials/Substrate/Glints2/dict_0007_0249.uasset" 7581
"../../../Engine/Content/EngineMaterials/Substrate/Glints2/dict_0007_0250.uasset" 7582
"../../../Engine/Content/EngineMaterials/Substrate/Glints2/dict_0007_0248.uasset" 7583
"../../../Engine/Content/EngineMaterials/Substrate/Glints2/dict_0007_0247.uasset" 7584
"../../../Engine/Content/EngineMaterials/Substrate/Glints2/dict_0007_0246.uasset" 7585
"../../../Engine/Content/EngineMaterials/Substrate/Glints2/dict_0007_0245.uasset" 7586
"../../../Engine/Content/EngineMaterials/Substrate/Glints2/dict_0007_0242.uasset" 7587
"../../../Engine/Content/EngineMaterials/Substrate/Glints2/dict_0007_0239.uasset" 7588
"../../../Engine/Content/EngineMaterials/Substrate/Glints2/dict_0007_0240.uasset" 7589
"/Engine/EngineMaterials/Substrate/Glints2/dict_0007_0251" 7590
"../../../Engine/Content/EngineMaterials/Substrate/Glints2/dict_0007_0243.uasset" 7591
"../../../Engine/Content/EngineMaterials/Substrate/Glints2/dict_0007_0241.uasset" 7592
"../../../Engine/Content/EngineMaterials/Substrate/Glints2/dict_0007_0244.uasset" 7593
"/Engine/EngineMaterials/Substrate/Glints2/dict_0007_0252" 7594
"/Engine/EngineMaterials/Substrate/Glints2/dict_0007_0253" 7595
"/Engine/EngineMaterials/Substrate/Glints2/dict_0007_0254" 7596
"/Engine/EngineMaterials/Substrate/Glints2/dict_0007_0255" 7597
"/Engine/EngineMaterials/Substrate/GLints/AGlintTex2dArray" 7598
"/Engine/EngineMaterials/Substrate/Glints2/dict_0007_0247" 7599
"/Engine/EngineMaterials/Substrate/Glints2/dict_0007_0248" 7600
"/Engine/EngineMaterials/Substrate/Glints2/dict_0007_0249" 7601
"/Engine/EngineMaterials/Substrate/Glints2/dict_0007_0250" 7602
"../../../Engine/Content/EngineMaterials/Substrate/Glints2/dict_0007_0236.uasset" 7603
"../../../Engine/Content/EngineMaterials/Substrate/Glints2/dict_0007_0233.uasset" 7604
"../../../Engine/Content/EngineMaterials/Substrate/Glints2/dict_0007_0234.uasset" 7605
"/Engine/EngineMaterials/Substrate/Glints2/dict_0007_0239" 7606
"../../../Engine/Content/EngineMaterials/Substrate/Glints2/dict_0007_0227.uasset" 7607
"../../../Engine/Content/EngineMaterials/Substrate/Glints2/dict_0007_0226.uasset" 7608
"../../../Engine/Content/EngineMaterials/Substrate/Glints2/dict_0007_0225.uasset" 7609
"../../../Engine/Content/EngineMaterials/Substrate/Glints2/dict_0007_0230.uasset" 7610
"../../../Engine/Content/EngineMaterials/Substrate/Glints2/dict_0007_0220.uasset" 7611
"../../../Engine/Content/EngineMaterials/Substrate/Glints2/dict_0007_0219.uasset" 7612
"../../../Engine/Content/EngineMaterials/Substrate/Glints2/dict_0007_0217.uasset" 7613
"/Engine/EngineMaterials/Substrate/Glints2/dict_0007_0240" 7614
"../../../Engine/Content/EngineMaterials/Substrate/Glints2/dict_0007_0231.uasset" 7615
"../../../Engine/Content/EngineMaterials/Substrate/Glints2/dict_0007_0216.uasset" 7616
"../../../Engine/Content/EngineMaterials/Substrate/Glints2/dict_0007_0224.uasset" 7617
"../../../Engine/Content/EngineMaterials/Substrate/Glints2/dict_0007_0232.uasset" 7618
"../../../Engine/Content/EngineMaterials/Substrate/Glints2/dict_0007_0218.uasset" 7619
"../../../Engine/Content/EngineMaterials/Substrate/Glints2/dict_0007_0221.uasset" 7620
"../../../Engine/Content/EngineMaterials/Substrate/Glints2/dict_0007_0215.uasset" 7621
"../../../Engine/Content/EngineMaterials/Substrate/Glints2/dict_0007_0238.uasset" 7622
"../../../Engine/Content/EngineMaterials/Substrate/Glints2/dict_0007_0223.uasset" 7623
"../../../Engine/Content/EngineMaterials/Substrate/Glints2/dict_0007_0222.uasset" 7624
"../../../Engine/Content/EngineMaterials/Substrate/Glints2/dict_0007_0235.uasset" 7625
"../../../Engine/Content/EngineMaterials/Substrate/Glints2/dict_0007_0229.uasset" 7626
"../../../Engine/Content/EngineMaterials/Substrate/Glints2/dict_0007_0237.uasset" 7627
"/Engine/EngineMaterials/Substrate/Glints2/dict_0007_0241" 7628
"../../../Engine/Content/EngineMaterials/Substrate/Glints2/dict_0007_0228.uasset" 7629
"/Engine/EngineMaterials/Substrate/Glints2/dict_0007_0242" 7630
"/Engine/EngineMaterials/Substrate/Glints2/dict_0007_0243" 7631
"/Engine/EngineMaterials/Substrate/Glints2/dict_0007_0244" 7632
"/Engine/EngineMaterials/Substrate/Glints2/dict_0007_0245" 7633
"/Engine/EngineMaterials/Substrate/Glints2/dict_0007_0246" 7634
"../../../Engine/Content/EngineMaterials/Substrate/Glints2/dict_0007_0214.uasset" 7635
"../../../Engine/Content/EngineMaterials/Substrate/Glints2/dict_0007_0211.uasset" 7636
"../../../Engine/Content/EngineMaterials/Substrate/Glints2/dict_0007_0212.uasset" 7637
"../../../Engine/Content/EngineMaterials/Substrate/Glints2/dict_0007_0210.uasset" 7638
"/Engine/EngineMaterials/Substrate/Glints2/dict_0007_0215" 7639
"../../../Engine/Content/EngineMaterials/Substrate/Glints2/dict_0007_0208.uasset" 7640
"../../../Engine/Content/EngineMaterials/Substrate/Glints2/dict_0007_0209.uasset" 7641
"../../../Engine/Content/EngineMaterials/Substrate/Glints2/dict_0007_0213.uasset" 7642
"../../../Engine/Content/EngineMaterials/Substrate/Glints2/dict_0007_0207.uasset" 7643
"/Engine/EngineMaterials/Substrate/Glints2/dict_0007_0216" 7644
"/Engine/EngineMaterials/Substrate/Glints2/dict_0007_0217" 7645
"/Engine/EngineMaterials/Substrate/Glints2/dict_0007_0218" 7646
"/Engine/EngineMaterials/Substrate/Glints2/dict_0007_0219" 7647
"/Engine/EngineMaterials/Substrate/Glints2/dict_0007_0220" 7648
"/Engine/EngineMaterials/Substrate/Glints2/dict_0007_0221" 7649
"/Engine/EngineMaterials/Substrate/Glints2/dict_0007_0222" 7650
"/Engine/EngineMaterials/Substrate/Glints2/dict_0007_0223" 7651
"/Engine/EngineMaterials/Substrate/Glints2/dict_0007_0224" 7652
"/Engine/EngineMaterials/Substrate/Glints2/dict_0007_0225" 7653
"/Engine/EngineMaterials/Substrate/Glints2/dict_0007_0226" 7654
"/Engine/EngineMaterials/Substrate/Glints2/dict_0007_0227" 7655
"/Engine/EngineMaterials/Substrate/Glints2/dict_0007_0228" 7656
"/Engine/EngineMaterials/Substrate/Glints2/dict_0007_0229" 7657
"/Engine/EngineMaterials/Substrate/Glints2/dict_0007_0230" 7658
"/Engine/EngineMaterials/Substrate/Glints2/dict_0007_0231" 7659
"/Engine/EngineMaterials/Substrate/Glints2/dict_0007_0232" 7660
"/Engine/EngineMaterials/Substrate/Glints2/dict_0007_0233" 7661
"/Engine/EngineMaterials/Substrate/Glints2/dict_0007_0234" 7662
"/Engine/EngineMaterials/Substrate/Glints2/dict_0007_0235" 7663
"/Engine/EngineMaterials/Substrate/Glints2/dict_0007_0236" 7664
"/Engine/EngineMaterials/Substrate/Glints2/dict_0007_0237" 7665
"/Engine/EngineMaterials/Substrate/Glints2/dict_0007_0238" 7666
"../../../Engine/Content/EngineMaterials/Substrate/Glints2/dict_0007_0206.uasset" 7667
"../../../Engine/Content/EngineMaterials/Substrate/Glints2/dict_0007_0204.uasset" 7668
"../../../Engine/Content/EngineMaterials/Substrate/Glints2/dict_0007_0203.uasset" 7669
"../../../Engine/Content/EngineMaterials/Substrate/Glints2/dict_0007_0202.uasset" 7670
"/Engine/EngineMaterials/Substrate/Glints2/dict_0007_0207" 7671
"../../../Engine/Content/EngineMaterials/Substrate/Glints2/dict_0007_0199.uasset" 7672
"../../../Engine/Content/EngineMaterials/Substrate/Glints2/dict_0007_0200.uasset" 7673
"../../../Engine/Content/EngineMaterials/Substrate/Glints2/dict_0007_0197.uasset" 7674
"../../../Engine/Content/EngineMaterials/Substrate/Glints2/dict_0007_0196.uasset" 7675
"../../../Engine/Content/EngineMaterials/Substrate/Glints2/dict_0007_0205.uasset" 7676
"../../../Engine/Content/EngineMaterials/Substrate/Glints2/dict_0007_0193.uasset" 7677
"../../../Engine/Content/EngineMaterials/Substrate/Glints2/dict_0007_0198.uasset" 7678
"../../../Engine/Content/EngineMaterials/Substrate/Glints2/dict_0007_0191.uasset" 7679
"/Engine/EngineMaterials/Substrate/Glints2/dict_0007_0208" 7680
"../../../Engine/Content/EngineMaterials/Substrate/Glints2/dict_0007_0190.uasset" 7681
"../../../Engine/Content/EngineMaterials/Substrate/Glints2/dict_0007_0201.uasset" 7682
"../../../Engine/Content/EngineMaterials/Substrate/Glints2/dict_0007_0189.uasset" 7683
"../../../Engine/Content/EngineMaterials/Substrate/Glints2/dict_0007_0195.uasset" 7684
"../../../Engine/Content/EngineMaterials/Substrate/Glints2/dict_0007_0192.uasset" 7685
"../../../Engine/Content/EngineMaterials/Substrate/Glints2/dict_0007_0188.uasset" 7686
"../../../Engine/Content/EngineMaterials/Substrate/Glints2/dict_0007_0186.uasset" 7687
"/Engine/EngineMaterials/Substrate/Glints2/dict_0007_0209" 7688
"../../../Engine/Content/EngineMaterials/Substrate/Glints2/dict_0007_0184.uasset" 7689
"../../../Engine/Content/EngineMaterials/Substrate/Glints2/dict_0007_0183.uasset" 7690
"../../../Engine/Content/EngineMaterials/Substrate/Glints2/dict_0007_0194.uasset" 7691
"../../../Engine/Content/EngineMaterials/Substrate/Glints2/dict_0007_0187.uasset" 7692
"/Engine/EngineMaterials/Substrate/Glints2/dict_0007_0210" 7693
"../../../Engine/Content/EngineMaterials/Substrate/Glints2/dict_0007_0185.uasset" 7694
"/Engine/EngineMaterials/Substrate/Glints2/dict_0007_0211" 7695
"/Engine/EngineMaterials/Substrate/Glints2/dict_0007_0212" 7696
"/Engine/EngineMaterials/Substrate/Glints2/dict_0007_0213" 7697
"/Engine/EngineMaterials/Substrate/Glints2/dict_0007_0214" 7698
"/Engine/EngineMaterials/Substrate/Glints2/dict_0007_0204" 7699
"/Engine/EngineMaterials/Substrate/Glints2/dict_0007_0206" 7700
"../../../Engine/Content/EngineMaterials/Substrate/Glints2/dict_0007_0182.uasset" 7701
"../../../Engine/Content/EngineMaterials/Substrate/Glints2/dict_0007_0180.uasset" 7702
"../../../Engine/Content/EngineMaterials/Substrate/Glints2/dict_0007_0181.uasset" 7703
"../../../Engine/Content/EngineMaterials/Substrate/Glints2/dict_0007_0179.uasset" 7704
"../../../Engine/Content/EngineMaterials/Substrate/Glints2/dict_0007_0177.uasset" 7705
"/Engine/EngineMaterials/Substrate/Glints2/dict_0007_0183" 7706
"../../../Engine/Content/EngineMaterials/Substrate/Glints2/dict_0007_0178.uasset" 7707
"../../../Engine/Content/EngineMaterials/Substrate/Glints2/dict_0007_0176.uasset" 7708
"../../../Engine/Content/EngineMaterials/Substrate/Glints2/dict_0007_0175.uasset" 7709
"../../../Engine/Content/EngineMaterials/Substrate/Glints2/dict_0007_0174.uasset" 7710
"../../../Engine/Content/EngineMaterials/Substrate/Glints2/dict_0007_0173.uasset" 7711
"/Engine/EngineMaterials/Substrate/Glints2/dict_0007_0184" 7712
"/Engine/EngineMaterials/Substrate/Glints2/dict_0007_0185" 7713
"/Engine/EngineMaterials/Substrate/Glints2/dict_0007_0186" 7714
"/Engine/EngineMaterials/Substrate/Glints2/dict_0007_0187" 7715
"/Engine/EngineMaterials/Substrate/Glints2/dict_0007_0188" 7716
"/Engine/EngineMaterials/Substrate/Glints2/dict_0007_0189" 7717
"/Engine/EngineMaterials/Substrate/Glints2/dict_0007_0190" 7718
"/Engine/EngineMaterials/Substrate/Glints2/dict_0007_0191" 7719
"/Engine/EngineMaterials/Substrate/Glints2/dict_0007_0192" 7720
"/Engine/EngineMaterials/Substrate/Glints2/dict_0007_0193" 7721
"/Engine/EngineMaterials/Substrate/Glints2/dict_0007_0194" 7722
"/Engine/EngineMaterials/Substrate/Glints2/dict_0007_0195" 7723
"/Engine/EngineMaterials/Substrate/Glints2/dict_0007_0196" 7724
"/Engine/EngineMaterials/Substrate/Glints2/dict_0007_0197" 7725
"/Engine/EngineMaterials/Substrate/Glints2/dict_0007_0198" 7726
"/Engine/EngineMaterials/Substrate/Glints2/dict_0007_0199" 7727
"/Engine/EngineMaterials/Substrate/Glints2/dict_0007_0200" 7728
"/Engine/EngineMaterials/Substrate/Glints2/dict_0007_0201" 7729
"/Engine/EngineMaterials/Substrate/Glints2/dict_0007_0202" 7730
"/Engine/EngineMaterials/Substrate/Glints2/dict_0007_0203" 7731
"/Engine/EngineMaterials/Substrate/Glints2/dict_0007_0205" 7732
"/Engine/EngineMaterials/Substrate/Glints2/dict_0007_0182" 7733
"../../../Engine/Content/EngineMaterials/Substrate/Glints2/dict_0007_0172.uasset" 7734
"../../../Engine/Content/EngineMaterials/Substrate/Glints2/dict_0007_0170.uasset" 7735
"../../../Engine/Content/EngineMaterials/Substrate/Glints2/dict_0007_0171.uasset" 7736
"../../../Engine/Content/EngineMaterials/Substrate/Glints2/dict_0007_0164.uasset" 7737
"../../../Engine/Content/EngineMaterials/Substrate/Glints2/dict_0007_0165.uasset" 7738
"../../../Engine/Content/EngineMaterials/Substrate/Glints2/dict_0007_0163.uasset" 7739
"/Engine/EngineMaterials/Substrate/Glints2/dict_0007_0173" 7740
"../../../Engine/Content/EngineMaterials/Substrate/Glints2/dict_0007_0162.uasset" 7741
"../../../Engine/Content/EngineMaterials/Substrate/Glints2/dict_0007_0167.uasset" 7742
"../../../Engine/Content/EngineMaterials/Substrate/Glints2/dict_0007_0160.uasset" 7743
"../../../Engine/Content/EngineMaterials/Substrate/Glints2/dict_0007_0166.uasset" 7744
"../../../Engine/Content/EngineMaterials/Substrate/Glints2/dict_0007_0168.uasset" 7745
"../../../Engine/Content/EngineMaterials/Substrate/Glints2/dict_0007_0157.uasset" 7746
"../../../Engine/Content/EngineMaterials/Substrate/Glints2/dict_0007_0169.uasset" 7747
"../../../Engine/Content/EngineMaterials/Substrate/Glints2/dict_0007_0161.uasset" 7748
"../../../Engine/Content/EngineMaterials/Substrate/Glints2/dict_0007_0153.uasset" 7749
"/Engine/EngineMaterials/Substrate/Glints2/dict_0007_0174" 7750
"../../../Engine/Content/EngineMaterials/Substrate/Glints2/dict_0007_0159.uasset" 7751
"../../../Engine/Content/EngineMaterials/Substrate/Glints2/dict_0007_0154.uasset" 7752
"../../../Engine/Content/EngineMaterials/Substrate/Glints2/dict_0007_0158.uasset" 7753
"../../../Engine/Content/EngineMaterials/Substrate/Glints2/dict_0007_0156.uasset" 7754
"../../../Engine/Content/EngineMaterials/Substrate/Glints2/dict_0007_0155.uasset" 7755
"../../../Engine/Content/EngineMaterials/Substrate/Glints2/dict_0007_0151.uasset" 7756
"../../../Engine/Content/EngineMaterials/Substrate/Glints2/dict_0007_0150.uasset" 7757
"../../../Engine/Content/EngineMaterials/Substrate/Glints2/dict_0007_0152.uasset" 7758
"/Engine/EngineMaterials/Substrate/Glints2/dict_0007_0175" 7759
"/Engine/EngineMaterials/Substrate/Glints2/dict_0007_0176" 7760
"/Engine/EngineMaterials/Substrate/Glints2/dict_0007_0177" 7761
"/Engine/EngineMaterials/Substrate/Glints2/dict_0007_0178" 7762
"/Engine/EngineMaterials/Substrate/Glints2/dict_0007_0179" 7763
"/Engine/EngineMaterials/Substrate/Glints2/dict_0007_0180" 7764
"/Engine/EngineMaterials/Substrate/Glints2/dict_0007_0181" 7765
"../../../Engine/Content/EngineMaterials/Substrate/Glints2/dict_0007_0149.uasset" 7766
"/Engine/EngineMaterials/Substrate/Glints2/dict_0007_0150" 7767
"../../../Engine/Content/EngineMaterials/Substrate/Glints2/dict_0007_0144.uasset" 7768
"../../../Engine/Content/EngineMaterials/Substrate/Glints2/dict_0007_0145.uasset" 7769
"../../../Engine/Content/EngineMaterials/Substrate/Glints2/dict_0007_0142.uasset" 7770
"../../../Engine/Content/EngineMaterials/Substrate/Glints2/dict_0007_0148.uasset" 7771
"../../../Engine/Content/EngineMaterials/Substrate/Glints2/dict_0007_0146.uasset" 7772
"../../../Engine/Content/EngineMaterials/Substrate/Glints2/dict_0007_0147.uasset" 7773
"../../../Engine/Content/EngineMaterials/Substrate/Glints2/dict_0007_0143.uasset" 7774
"../../../Engine/Content/EngineMaterials/Substrate/Glints2/dict_0007_0141.uasset" 7775
"/Engine/EngineMaterials/Substrate/Glints2/dict_0007_0151" 7776
"/Engine/EngineMaterials/Substrate/Glints2/dict_0007_0152" 7777
"/Engine/EngineMaterials/Substrate/Glints2/dict_0007_0153" 7778
"/Engine/EngineMaterials/Substrate/Glints2/dict_0007_0154" 7779
"/Engine/EngineMaterials/Substrate/Glints2/dict_0007_0155" 7780
"/Engine/EngineMaterials/Substrate/Glints2/dict_0007_0156" 7781
"/Engine/EngineMaterials/Substrate/Glints2/dict_0007_0157" 7782
"/Engine/EngineMaterials/Substrate/Glints2/dict_0007_0158" 7783
"/Engine/EngineMaterials/Substrate/Glints2/dict_0007_0159" 7784
"/Engine/EngineMaterials/Substrate/Glints2/dict_0007_0160" 7785
"/Engine/EngineMaterials/Substrate/Glints2/dict_0007_0161" 7786
"/Engine/EngineMaterials/Substrate/Glints2/dict_0007_0162" 7787
"/Engine/EngineMaterials/Substrate/Glints2/dict_0007_0163" 7788
"/Engine/EngineMaterials/Substrate/Glints2/dict_0007_0164" 7789
"/Engine/EngineMaterials/Substrate/Glints2/dict_0007_0165" 7790
"/Engine/EngineMaterials/Substrate/Glints2/dict_0007_0166" 7791
"/Engine/EngineMaterials/Substrate/Glints2/dict_0007_0167" 7792
"/Engine/EngineMaterials/Substrate/Glints2/dict_0007_0168" 7793
"/Engine/EngineMaterials/Substrate/Glints2/dict_0007_0169" 7794
"/Engine/EngineMaterials/Substrate/Glints2/dict_0007_0170" 7795
"/Engine/EngineMaterials/Substrate/Glints2/dict_0007_0171" 7796
"/Engine/EngineMaterials/Substrate/Glints2/dict_0007_0172" 7797
"../../../Engine/Content/EngineMaterials/Substrate/Glints2/dict_0007_0140.uasset" 7798
"/Engine/EngineMaterials/Substrate/Glints2/dict_0007_0141" 7799
"../../../Engine/Content/EngineMaterials/Substrate/Glints2/dict_0007_0136.uasset" 7800
"../../../Engine/Content/EngineMaterials/Substrate/Glints2/dict_0007_0138.uasset" 7801
"/Engine/EngineMaterials/Substrate/Glints2/dict_0007_0142" 7802
"../../../Engine/Content/EngineMaterials/Substrate/Glints2/dict_0007_0135.uasset" 7803
"../../../Engine/Content/EngineMaterials/Substrate/Glints2/dict_0007_0131.uasset" 7804
"../../../Engine/Content/EngineMaterials/Substrate/Glints2/dict_0007_0130.uasset" 7805
"../../../Engine/Content/EngineMaterials/Substrate/Glints2/dict_0007_0128.uasset" 7806
"/Engine/EngineMaterials/Substrate/Glints2/dict_0007_0143" 7807
"../../../Engine/Content/EngineMaterials/Substrate/Glints2/dict_0007_0132.uasset" 7808
"../../../Engine/Content/EngineMaterials/Substrate/Glints2/dict_0007_0139.uasset" 7809
"../../../Engine/Content/EngineMaterials/Substrate/Glints2/dict_0007_0129.uasset" 7810
"../../../Engine/Content/EngineMaterials/Substrate/Glints2/dict_0007_0126.uasset" 7811
"../../../Engine/Content/EngineMaterials/Substrate/Glints2/dict_0007_0124.uasset" 7812
"../../../Engine/Content/EngineMaterials/Substrate/Glints2/dict_0007_0125.uasset" 7813
"/Engine/EngineMaterials/Substrate/Glints2/dict_0007_0144" 7814
"../../../Engine/Content/EngineMaterials/Substrate/Glints2/dict_0007_0133.uasset" 7815
"/Engine/EngineMaterials/Substrate/Glints2/dict_0007_0145" 7816
"../../../Engine/Content/EngineMaterials/Substrate/Glints2/dict_0007_0123.uasset" 7817
"../../../Engine/Content/EngineMaterials/Substrate/Glints2/dict_0007_0134.uasset" 7818
"../../../Engine/Content/EngineMaterials/Substrate/Glints2/dict_0007_0127.uasset" 7819
"../../../Engine/Content/EngineMaterials/Substrate/Glints2/dict_0007_0118.uasset" 7820
"../../../Engine/Content/EngineMaterials/Substrate/Glints2/dict_0007_0137.uasset" 7821
"../../../Engine/Content/EngineMaterials/Substrate/Glints2/dict_0007_0122.uasset" 7822
"../../../Engine/Content/EngineMaterials/Substrate/Glints2/dict_0007_0121.uasset" 7823
"/Engine/EngineMaterials/Substrate/Glints2/dict_0007_0146" 7824
"../../../Engine/Content/EngineMaterials/Substrate/Glints2/dict_0007_0120.uasset" 7825
"../../../Engine/Content/EngineMaterials/Substrate/Glints2/dict_0007_0119.uasset" 7826
"/Engine/EngineMaterials/Substrate/Glints2/dict_0007_0147" 7827
"/Engine/EngineMaterials/Substrate/Glints2/dict_0007_0148" 7828
"/Engine/EngineMaterials/Substrate/Glints2/dict_0007_0149" 7829
"../../../Engine/Content/EngineMaterials/Substrate/Glints2/dict_0007_0117.uasset" 7830
"../../../Engine/Content/EngineMaterials/Substrate/Glints2/dict_0007_0115.uasset" 7831
"../../../Engine/Content/EngineMaterials/Substrate/Glints2/dict_0007_0116.uasset" 7832
"../../../Engine/Content/EngineMaterials/Substrate/Glints2/dict_0007_0114.uasset" 7833
"/Engine/EngineMaterials/Substrate/Glints2/dict_0007_0118" 7834
"../../../Engine/Content/EngineMaterials/Substrate/Glints2/dict_0007_0111.uasset" 7835
"../../../Engine/Content/EngineMaterials/Substrate/Glints2/dict_0007_0112.uasset" 7836
"../../../Engine/Content/EngineMaterials/Substrate/Glints2/dict_0007_0110.uasset" 7837
"../../../Engine/Content/EngineMaterials/Substrate/Glints2/dict_0007_0109.uasset" 7838
"../../../Engine/Content/EngineMaterials/Substrate/Glints2/dict_0007_0113.uasset" 7839
"/Engine/EngineMaterials/Substrate/Glints2/dict_0007_0119" 7840
"/Engine/EngineMaterials/Substrate/Glints2/dict_0007_0120" 7841
"/Engine/EngineMaterials/Substrate/Glints2/dict_0007_0121" 7842
"/Engine/EngineMaterials/Substrate/Glints2/dict_0007_0122" 7843
"/Engine/EngineMaterials/Substrate/Glints2/dict_0007_0123" 7844
"/Engine/EngineMaterials/Substrate/Glints2/dict_0007_0124" 7845
"/Engine/EngineMaterials/Substrate/Glints2/dict_0007_0125" 7846
"/Engine/EngineMaterials/Substrate/Glints2/dict_0007_0126" 7847
"/Engine/EngineMaterials/Substrate/Glints2/dict_0007_0127" 7848
"/Engine/EngineMaterials/Substrate/Glints2/dict_0007_0128" 7849
"/Engine/EngineMaterials/Substrate/Glints2/dict_0007_0129" 7850
"/Engine/EngineMaterials/Substrate/Glints2/dict_0007_0130" 7851
"/Engine/EngineMaterials/Substrate/Glints2/dict_0007_0131" 7852
"/Engine/EngineMaterials/Substrate/Glints2/dict_0007_0132" 7853
"/Engine/EngineMaterials/Substrate/Glints2/dict_0007_0133" 7854
"/Engine/EngineMaterials/Substrate/Glints2/dict_0007_0134" 7855
"/Engine/EngineMaterials/Substrate/Glints2/dict_0007_0135" 7856
"/Engine/EngineMaterials/Substrate/Glints2/dict_0007_0136" 7857
"/Engine/EngineMaterials/Substrate/Glints2/dict_0007_0137" 7858
"/Engine/EngineMaterials/Substrate/Glints2/dict_0007_0138" 7859
"/Engine/EngineMaterials/Substrate/Glints2/dict_0007_0117" 7860
"/Engine/EngineMaterials/Substrate/Glints2/dict_0007_0139" 7861
"/Engine/EngineMaterials/Substrate/Glints2/dict_0007_0140" 7862
"../../../Engine/Content/EngineMaterials/Substrate/Glints2/dict_0007_0108.uasset" 7863
"../../../Engine/Content/EngineMaterials/Substrate/Glints2/dict_0007_0106.uasset" 7864
"../../../Engine/Content/EngineMaterials/Substrate/Glints2/dict_0007_0105.uasset" 7865
"../../../Engine/Content/EngineMaterials/Substrate/Glints2/dict_0007_0107.uasset" 7866
"../../../Engine/Content/EngineMaterials/Substrate/Glints2/dict_0007_0104.uasset" 7867
"../../../Engine/Content/EngineMaterials/Substrate/Glints2/dict_0007_0102.uasset" 7868
"../../../Engine/Content/EngineMaterials/Substrate/Glints2/dict_0007_0103.uasset" 7869
"../../../Engine/Content/EngineMaterials/Substrate/Glints2/dict_0007_0099.uasset" 7870
"../../../Engine/Content/EngineMaterials/Substrate/Glints2/dict_0007_0100.uasset" 7871
"/Engine/EngineMaterials/Substrate/Glints2/dict_0007_0109" 7872
"../../../Engine/Content/EngineMaterials/Substrate/Glints2/dict_0007_0101.uasset" 7873
"../../../Engine/Content/EngineMaterials/Substrate/Glints2/dict_0007_0094.uasset" 7874
"../../../Engine/Content/EngineMaterials/Substrate/Glints2/dict_0007_0090.uasset" 7875
"../../../Engine/Content/EngineMaterials/Substrate/Glints2/dict_0007_0096.uasset" 7876
"../../../Engine/Content/EngineMaterials/Substrate/Glints2/dict_0007_0097.uasset" 7877
"../../../Engine/Content/EngineMaterials/Substrate/Glints2/dict_0007_0092.uasset" 7878
"../../../Engine/Content/EngineMaterials/Substrate/Glints2/dict_0007_0089.uasset" 7879
"../../../Engine/Content/EngineMaterials/Substrate/Glints2/dict_0007_0088.uasset" 7880
"../../../Engine/Content/EngineMaterials/Substrate/Glints2/dict_0007_0086.uasset" 7881
"../../../Engine/Content/EngineMaterials/Substrate/Glints2/dict_0007_0085.uasset" 7882
"../../../Engine/Content/EngineMaterials/Substrate/Glints2/dict_0007_0087.uasset" 7883
"../../../Engine/Content/EngineMaterials/Substrate/Glints2/dict_0007_0093.uasset" 7884
"../../../Engine/Content/EngineMaterials/Substrate/Glints2/dict_0007_0095.uasset" 7885
"../../../Engine/Content/EngineMaterials/Substrate/Glints2/dict_0007_0091.uasset" 7886
"../../../Engine/Content/EngineMaterials/Substrate/Glints2/dict_0007_0098.uasset" 7887
"/Engine/EngineMaterials/Substrate/Glints2/dict_0007_0110" 7888
"/Engine/EngineMaterials/Substrate/Glints2/dict_0007_0111" 7889
"/Engine/EngineMaterials/Substrate/Glints2/dict_0007_0112" 7890
"/Engine/EngineMaterials/Substrate/Glints2/dict_0007_0113" 7891
"/Engine/EngineMaterials/Substrate/Glints2/dict_0007_0114" 7892
"/Engine/EngineMaterials/Substrate/Glints2/dict_0007_0115" 7893
"/Engine/EngineMaterials/Substrate/Glints2/dict_0007_0116" 7894
"/Engine/EngineMaterials/Substrate/Glints2/dict_0007_0105" 7895
"/Engine/EngineMaterials/Substrate/Glints2/dict_0007_0106" 7896
"/Engine/EngineMaterials/Substrate/Glints2/dict_0007_0108" 7897
"../../../Engine/Content/EngineMaterials/Substrate/Glints2/dict_0007_0082.uasset" 7898
"../../../Engine/Content/EngineMaterials/Substrate/Glints2/dict_0007_0080.uasset" 7899
"../../../Engine/Content/EngineMaterials/Substrate/Glints2/dict_0007_0079.uasset" 7900
"/Engine/EngineMaterials/Substrate/Glints2/dict_0007_0085" 7901
"../../../Engine/Content/EngineMaterials/Substrate/Glints2/dict_0007_0078.uasset" 7902
"../../../Engine/Content/EngineMaterials/Substrate/Glints2/dict_0007_0075.uasset" 7903
"../../../Engine/Content/EngineMaterials/Substrate/Glints2/dict_0007_0084.uasset" 7904
"../../../Engine/Content/EngineMaterials/Substrate/Glints2/dict_0007_0077.uasset" 7905
"../../../Engine/Content/EngineMaterials/Substrate/Glints2/dict_0007_0074.uasset" 7906
"../../../Engine/Content/EngineMaterials/Substrate/Glints2/dict_0007_0076.uasset" 7907
"../../../Engine/Content/EngineMaterials/Substrate/Glints2/dict_0007_0083.uasset" 7908
"../../../Engine/Content/EngineMaterials/Substrate/Glints2/dict_0007_0081.uasset" 7909
"/Engine/EngineMaterials/Substrate/Glints2/dict_0007_0086" 7910
"/Engine/EngineMaterials/Substrate/Glints2/dict_0007_0087" 7911
"/Engine/EngineMaterials/Substrate/Glints2/dict_0007_0088" 7912
"/Engine/EngineMaterials/Substrate/Glints2/dict_0007_0089" 7913
"/Engine/EngineMaterials/Substrate/Glints2/dict_0007_0090" 7914
"/Engine/EngineMaterials/Substrate/Glints2/dict_0007_0091" 7915
"/Engine/EngineMaterials/Substrate/Glints2/dict_0007_0092" 7916
"/Engine/EngineMaterials/Substrate/Glints2/dict_0007_0093" 7917
"/Engine/EngineMaterials/Substrate/Glints2/dict_0007_0094" 7918
"/Engine/EngineMaterials/Substrate/Glints2/dict_0007_0095" 7919
"/Engine/EngineMaterials/Substrate/Glints2/dict_0007_0096" 7920
"/Engine/EngineMaterials/Substrate/Glints2/dict_0007_0097" 7921
"/Engine/EngineMaterials/Substrate/Glints2/dict_0007_0098" 7922
"/Engine/EngineMaterials/Substrate/Glints2/dict_0007_0099" 7923
"/Engine/EngineMaterials/Substrate/Glints2/dict_0007_0100" 7924
"/Engine/EngineMaterials/Substrate/Glints2/dict_0007_0101" 7925
"/Engine/EngineMaterials/Substrate/Glints2/dict_0007_0102" 7926
"/Engine/EngineMaterials/Substrate/Glints2/dict_0007_0103" 7927
"/Engine/EngineMaterials/Substrate/Glints2/dict_0007_0104" 7928
"/Engine/EngineMaterials/Substrate/Glints2/dict_0007_0107" 7929
"../../../Engine/Content/EngineMaterials/Substrate/Glints2/dict_0007_0072.uasset" 7930
"../../../Engine/Content/EngineMaterials/Substrate/Glints2/dict_0007_0073.uasset" 7931
"/Engine/EngineMaterials/Substrate/Glints2/dict_0007_0074" 7932
"/Engine/EngineMaterials/Substrate/Glints2/dict_0007_0075" 7933
"../../../Engine/Content/EngineMaterials/Substrate/Glints2/dict_0007_0070.uasset" 7934
"../../../Engine/Content/EngineMaterials/Substrate/Glints2/dict_0007_0068.uasset" 7935
"../../../Engine/Content/EngineMaterials/Substrate/Glints2/dict_0007_0067.uasset" 7936
"../../../Engine/Content/EngineMaterials/Substrate/Glints2/dict_0007_0063.uasset" 7937
"/Engine/EngineMaterials/Substrate/Glints2/dict_0007_0076" 7938
"../../../Engine/Content/EngineMaterials/Substrate/Glints2/dict_0007_0061.uasset" 7939
"../../../Engine/Content/EngineMaterials/Substrate/Glints2/dict_0007_0066.uasset" 7940
"../../../Engine/Content/EngineMaterials/Substrate/Glints2/dict_0007_0060.uasset" 7941
"/Engine/EngineMaterials/Substrate/Glints2/dict_0007_0077" 7942
"../../../Engine/Content/EngineMaterials/Substrate/Glints2/dict_0007_0065.uasset" 7943
"../../../Engine/Content/EngineMaterials/Substrate/Glints2/dict_0007_0058.uasset" 7944
"../../../Engine/Content/EngineMaterials/Substrate/Glints2/dict_0007_0062.uasset" 7945
"../../../Engine/Content/EngineMaterials/Substrate/Glints2/dict_0007_0056.uasset" 7946
"../../../Engine/Content/EngineMaterials/Substrate/Glints2/dict_0007_0071.uasset" 7947
"../../../Engine/Content/EngineMaterials/Substrate/Glints2/dict_0007_0054.uasset" 7948
"../../../Engine/Content/EngineMaterials/Substrate/Glints2/dict_0007_0069.uasset" 7949
"../../../Engine/Content/EngineMaterials/Substrate/Glints2/dict_0007_0053.uasset" 7950
"../../../Engine/Content/EngineMaterials/Substrate/Glints2/dict_0007_0064.uasset" 7951
"../../../Engine/Content/EngineMaterials/Substrate/Glints2/dict_0007_0059.uasset" 7952
"/Engine/EngineMaterials/Substrate/Glints2/dict_0007_0078" 7953
"../../../Engine/Content/EngineMaterials/Substrate/Glints2/dict_0007_0057.uasset" 7954
"../../../Engine/Content/EngineMaterials/Substrate/Glints2/dict_0007_0055.uasset" 7955
"/Engine/EngineMaterials/Substrate/Glints2/dict_0007_0079" 7956
"/Engine/EngineMaterials/Substrate/Glints2/dict_0007_0080" 7957
"/Engine/EngineMaterials/Substrate/Glints2/dict_0007_0081" 7958
"/Engine/EngineMaterials/Substrate/Glints2/dict_0007_0082" 7959
"/Engine/EngineMaterials/Substrate/Glints2/dict_0007_0083" 7960
"/Engine/EngineMaterials/Substrate/Glints2/dict_0007_0084" 7961
"../../../Engine/Content/EngineMaterials/Substrate/Glints2/dict_0007_0049.uasset" 7962
"../../../Engine/Content/EngineMaterials/Substrate/Glints2/dict_0007_0052.uasset" 7963
"../../../Engine/Content/EngineMaterials/Substrate/Glints2/dict_0007_0050.uasset" 7964
"../../../Engine/Content/EngineMaterials/Substrate/Glints2/dict_0007_0047.uasset" 7965
"../../../Engine/Content/EngineMaterials/Substrate/Glints2/dict_0007_0051.uasset" 7966
"../../../Engine/Content/EngineMaterials/Substrate/Glints2/dict_0007_0045.uasset" 7967
"/Engine/EngineMaterials/Substrate/Glints2/dict_0007_0053" 7968
"../../../Engine/Content/EngineMaterials/Substrate/Glints2/dict_0007_0042.uasset" 7969
"../../../Engine/Content/EngineMaterials/Substrate/Glints2/dict_0007_0044.uasset" 7970
"/Engine/EngineMaterials/Substrate/Glints2/dict_0007_0054" 7971
"../../../Engine/Content/EngineMaterials/Substrate/Glints2/dict_0007_0046.uasset" 7972
"../../../Engine/Content/EngineMaterials/Substrate/Glints2/dict_0007_0048.uasset" 7973
"../../../Engine/Content/EngineMaterials/Substrate/Glints2/dict_0007_0043.uasset" 7974
"/Engine/EngineMaterials/Substrate/Glints2/dict_0007_0055" 7975
"/Engine/EngineMaterials/Substrate/Glints2/dict_0007_0056" 7976
"/Engine/EngineMaterials/Substrate/Glints2/dict_0007_0057" 7977
"/Engine/EngineMaterials/Substrate/Glints2/dict_0007_0058" 7978
"/Engine/EngineMaterials/Substrate/Glints2/dict_0007_0059" 7979
"/Engine/EngineMaterials/Substrate/Glints2/dict_0007_0060" 7980
"/Engine/EngineMaterials/Substrate/Glints2/dict_0007_0061" 7981
"/Engine/EngineMaterials/Substrate/Glints2/dict_0007_0062" 7982
"/Engine/EngineMaterials/Substrate/Glints2/dict_0007_0063" 7983
"/Engine/EngineMaterials/Substrate/Glints2/dict_0007_0064" 7984
"/Engine/EngineMaterials/Substrate/Glints2/dict_0007_0065" 7985
"/Engine/EngineMaterials/Substrate/Glints2/dict_0007_0066" 7986
"/Engine/EngineMaterials/Substrate/Glints2/dict_0007_0067" 7987
"/Engine/EngineMaterials/Substrate/Glints2/dict_0007_0068" 7988
"/Engine/EngineMaterials/Substrate/Glints2/dict_0007_0069" 7989
"/Engine/EngineMaterials/Substrate/Glints2/dict_0007_0070" 7990
"/Engine/EngineMaterials/Substrate/Glints2/dict_0007_0049" 7991
"/Engine/EngineMaterials/Substrate/Glints2/dict_0007_0071" 7992
"/Engine/EngineMaterials/Substrate/Glints2/dict_0007_0072" 7993
"/Engine/EngineMaterials/Substrate/Glints2/dict_0007_0073" 7994
"/Engine/EngineMaterials/Substrate/Glints2/dict_0007_0052" 7995
"/Engine/EngineMaterials/Substrate/Glints2/dict_0007_0042" 7996
"../../../Engine/Content/EngineMaterials/Substrate/Glints2/dict_0007_0041.uasset" 7997
"../../../Engine/Content/EngineMaterials/Substrate/Glints2/dict_0007_0037.uasset" 7998
"../../../Engine/Content/EngineMaterials/Substrate/Glints2/dict_0007_0040.uasset" 7999
"/Engine/EngineMaterials/Substrate/Glints2/dict_0007_0043" 8000
"../../../Engine/Content/EngineMaterials/Substrate/Glints2/dict_0007_0036.uasset" 8001
"../../../Engine/Content/EngineMaterials/Substrate/Glints2/dict_0007_0039.uasset" 8002
"../../../Engine/Content/EngineMaterials/Substrate/Glints2/dict_0007_0035.uasset" 8003
"../../../Engine/Content/EngineMaterials/Substrate/Glints2/dict_0007_0034.uasset" 8004
"../../../Engine/Content/EngineMaterials/Substrate/Glints2/dict_0007_0033.uasset" 8005
"../../../Engine/Content/EngineMaterials/Substrate/Glints2/dict_0007_0038.uasset" 8006
"../../../Engine/Content/EngineMaterials/Substrate/Glints2/dict_0007_0030.uasset" 8007
"/Engine/EngineMaterials/Substrate/Glints2/dict_0007_0044" 8008
"../../../Engine/Content/EngineMaterials/Substrate/Glints2/dict_0007_0026.uasset" 8009
"../../../Engine/Content/EngineMaterials/Substrate/Glints2/dict_0007_0032.uasset" 8010
"../../../Engine/Content/EngineMaterials/Substrate/Glints2/dict_0007_0031.uasset" 8011
"../../../Engine/Content/EngineMaterials/Substrate/Glints2/dict_0007_0025.uasset" 8012
"../../../Engine/Content/EngineMaterials/Substrate/Glints2/dict_0007_0027.uasset" 8013
"../../../Engine/Content/EngineMaterials/Substrate/Glints2/dict_0007_0023.uasset" 8014
"../../../Engine/Content/EngineMaterials/Substrate/Glints2/dict_0007_0024.uasset" 8015
"../../../Engine/Content/EngineMaterials/Substrate/Glints2/dict_0007_0029.uasset" 8016
"/Engine/EngineMaterials/Substrate/Glints2/dict_0007_0045" 8017
"../../../Engine/Content/EngineMaterials/Substrate/Glints2/dict_0007_0022.uasset" 8018
"../../../Engine/Content/EngineMaterials/Substrate/Glints2/dict_0007_0028.uasset" 8019
"../../../Engine/Content/EngineMaterials/Substrate/Glints2/dict_0007_0019.uasset" 8020
"../../../Engine/Content/EngineMaterials/Substrate/Glints2/dict_0007_0020.uasset" 8021
"../../../Engine/Content/EngineMaterials/Substrate/Glints2/dict_0007_0021.uasset" 8022
"/Engine/EngineMaterials/Substrate/Glints2/dict_0007_0046" 8023
"/Engine/EngineMaterials/Substrate/Glints2/dict_0007_0047" 8024
"/Engine/EngineMaterials/Substrate/Glints2/dict_0007_0048" 8025
"/Engine/EngineMaterials/Substrate/Glints2/dict_0007_0050" 8026
"/Engine/EngineMaterials/Substrate/Glints2/dict_0007_0051" 8027
"../../../Engine/Content/EngineMaterials/Substrate/Glints2/dict_0007_0017.uasset" 8028
"../../../Engine/Content/EngineMaterials/Substrate/Glints2/dict_0007_0016.uasset" 8029
"../../../Engine/Content/EngineMaterials/Substrate/Glints2/dict_0007_0015.uasset" 8030
"../../../Engine/Content/EngineMaterials/Substrate/Glints2/dict_0007_0018.uasset" 8031
"../../../Engine/Content/EngineMaterials/Substrate/Glints2/dict_0007_0014.uasset" 8032
"../../../Engine/Content/EngineMaterials/Substrate/Glints2/dict_0007_0013.uasset" 8033
"/Engine/EngineMaterials/Substrate/Glints2/dict_0007_0019" 8034
"../../../Engine/Content/EngineMaterials/Substrate/Glints2/dict_0007_0012.uasset" 8035
"../../../Engine/Content/EngineMaterials/Substrate/Glints2/dict_0007_0011.uasset" 8036
"../../../Engine/Content/EngineMaterials/Substrate/Glints2/dict_0007_0010.uasset" 8037
"/Engine/EngineMaterials/Substrate/Glints2/dict_0007_0020" 8038
"/Engine/EngineMaterials/Substrate/Glints2/dict_0007_0021" 8039
"/Engine/EngineMaterials/Substrate/Glints2/dict_0007_0022" 8040
"/Engine/EngineMaterials/Substrate/Glints2/dict_0007_0023" 8041
"/Engine/EngineMaterials/Substrate/Glints2/dict_0007_0024" 8042
"/Engine/EngineMaterials/Substrate/Glints2/dict_0007_0025" 8043
"/Engine/EngineMaterials/Substrate/Glints2/dict_0007_0026" 8044
"/Engine/EngineMaterials/Substrate/Glints2/dict_0007_0027" 8045
"/Engine/EngineMaterials/Substrate/Glints2/dict_0007_0028" 8046
"/Engine/EngineMaterials/Substrate/Glints2/dict_0007_0029" 8047
"/Engine/EngineMaterials/Substrate/Glints2/dict_0007_0030" 8048
"/Engine/EngineMaterials/Substrate/Glints2/dict_0007_0031" 8049
"/Engine/EngineMaterials/Substrate/Glints2/dict_0007_0032" 8050
"/Engine/EngineMaterials/Substrate/Glints2/dict_0007_0033" 8051
"/Engine/EngineMaterials/Substrate/Glints2/dict_0007_0034" 8052
"/Engine/EngineMaterials/Substrate/Glints2/dict_0007_0035" 8053
"/Engine/EngineMaterials/Substrate/Glints2/dict_0007_0036" 8054
"/Engine/EngineMaterials/Substrate/Glints2/dict_0007_0037" 8055
"/Engine/EngineMaterials/Substrate/Glints2/dict_0007_0038" 8056
"/Engine/EngineMaterials/Substrate/Glints2/dict_0007_0039" 8057
"/Engine/EngineMaterials/Substrate/Glints2/dict_0007_0017" 8058
"/Engine/EngineMaterials/Substrate/Glints2/dict_0007_0040" 8059
"/Engine/EngineMaterials/Substrate/Glints2/dict_0007_0041" 8060
"../../../Engine/Content/EngineMaterials/Substrate/Glints2/dict_0007_0007.uasset" 8061
"../../../Engine/Content/EngineMaterials/Substrate/Glints2/dict_0007_0005.uasset" 8062
"../../../Engine/Content/EngineMaterials/Substrate/Glints2/dict_0007_0003.uasset" 8063
"../../../Engine/Content/EngineMaterials/Substrate/Glints2/dict_0007_0004.uasset" 8064
"/Engine/EngineMaterials/Substrate/Glints2/dict_0007_0010" 8065
"../../../Engine/Content/EngineMaterials/Substrate/Glints2/dict_0007_0001.uasset" 8066
"../../../Engine/Content/EngineMaterials/Substrate/Glints2/dict_0007_0002.uasset" 8067
"../../../Engine/Content/EngineMaterials/Substrate/Glints2/dict_0006_0254.uasset" 8068
"../../../Engine/Content/EngineMaterials/Substrate/Glints2/dict_0006_0255.uasset" 8069
"../../../Engine/Content/EngineMaterials/Substrate/Glints2/dict_0006_0251.uasset" 8070
"../../../Engine/Content/EngineMaterials/Substrate/Glints2/dict_0006_0253.uasset" 8071
"../../../Engine/Content/EngineMaterials/Substrate/Glints2/dict_0006_0245.uasset" 8072
"../../../Engine/Content/EngineMaterials/Substrate/Glints2/dict_0006_0244.uasset" 8073
"../../../Engine/Content/EngineMaterials/Substrate/Glints2/dict_0006_0243.uasset" 8074
"../../../Engine/Content/EngineMaterials/Substrate/Glints2/dict_0007_0006.uasset" 8075
"../../../Engine/Content/EngineMaterials/Substrate/Glints2/dict_0006_0252.uasset" 8076
"../../../Engine/Content/EngineMaterials/Substrate/Glints2/dict_0006_0242.uasset" 8077
"/Engine/EngineMaterials/Substrate/Glints2/dict_0007_0011" 8078
"../../../Engine/Content/EngineMaterials/Substrate/Glints2/dict_0007_0008.uasset" 8079
"../../../Engine/Content/EngineMaterials/Substrate/Glints2/dict_0006_0250.uasset" 8080
"../../../Engine/Content/EngineMaterials/Substrate/Glints2/dict_0007_0009.uasset" 8081
"../../../Engine/Content/EngineMaterials/Substrate/Glints2/dict_0006_0247.uasset" 8082
"../../../Engine/Content/EngineMaterials/Substrate/Glints2/dict_0006_0248.uasset" 8083
"../../../Engine/Content/EngineMaterials/Substrate/Glints2/dict_0007_0000.uasset" 8084
"../../../Engine/Content/EngineMaterials/Substrate/Glints2/dict_0006_0249.uasset" 8085
"../../../Engine/Content/EngineMaterials/Substrate/Glints2/dict_0006_0246.uasset" 8086
"/Engine/EngineMaterials/Substrate/Glints2/dict_0007_0012" 8087
"/Engine/EngineMaterials/Substrate/Glints2/dict_0007_0013" 8088
"/Engine/EngineMaterials/Substrate/Glints2/dict_0007_0014" 8089
"/Engine/EngineMaterials/Substrate/Glints2/dict_0007_0015" 8090
"/Engine/EngineMaterials/Substrate/Glints2/dict_0007_0016" 8091
"/Engine/EngineMaterials/Substrate/Glints2/dict_0007_0018" 8092
"../../../Engine/Content/EngineMaterials/Substrate/Glints2/dict_0006_0241.uasset" 8093
"../../../Engine/Content/EngineMaterials/Substrate/Glints2/dict_0006_0238.uasset" 8094
"../../../Engine/Content/EngineMaterials/Substrate/Glints2/dict_0006_0239.uasset" 8095
"/Engine/EngineMaterials/Substrate/Glints2/dict_0006_0242" 8096
"../../../Engine/Content/EngineMaterials/Substrate/Glints2/dict_0006_0237.uasset" 8097
"../../../Engine/Content/EngineMaterials/Substrate/Glints2/dict_0006_0234.uasset" 8098
"../../../Engine/Content/EngineMaterials/Substrate/Glints2/dict_0006_0240.uasset" 8099
"../../../Engine/Content/EngineMaterials/Substrate/Glints2/dict_0006_0236.uasset" 8100
"../../../Engine/Content/EngineMaterials/Substrate/Glints2/dict_0006_0235.uasset" 8101
"/Engine/EngineMaterials/Substrate/Glints2/dict_0006_0243" 8102
"/Engine/EngineMaterials/Substrate/Glints2/dict_0006_0244" 8103
"/Engine/EngineMaterials/Substrate/Glints2/dict_0006_0245" 8104
"/Engine/EngineMaterials/Substrate/Glints2/dict_0006_0246" 8105
"/Engine/EngineMaterials/Substrate/Glints2/dict_0006_0247" 8106
"/Engine/EngineMaterials/Substrate/Glints2/dict_0006_0248" 8107
"/Engine/EngineMaterials/Substrate/Glints2/dict_0006_0249" 8108
"/Engine/EngineMaterials/Substrate/Glints2/dict_0006_0250" 8109
"/Engine/EngineMaterials/Substrate/Glints2/dict_0006_0251" 8110
"/Engine/EngineMaterials/Substrate/Glints2/dict_0006_0252" 8111
"/Engine/EngineMaterials/Substrate/Glints2/dict_0006_0253" 8112
"/Engine/EngineMaterials/Substrate/Glints2/dict_0006_0254" 8113
"/Engine/EngineMaterials/Substrate/Glints2/dict_0006_0255" 8114
"/Engine/EngineMaterials/Substrate/Glints2/dict_0007_0000" 8115
"/Engine/EngineMaterials/Substrate/Glints2/dict_0007_0001" 8116
"/Engine/EngineMaterials/Substrate/Glints2/dict_0007_0002" 8117
"/Engine/EngineMaterials/Substrate/Glints2/dict_0007_0003" 8118
"/Engine/EngineMaterials/Substrate/Glints2/dict_0007_0004" 8119
"/Engine/EngineMaterials/Substrate/Glints2/dict_0007_0005" 8120
"/Engine/EngineMaterials/Substrate/Glints2/dict_0007_0006" 8121
"/Engine/EngineMaterials/Substrate/Glints2/dict_0007_0007" 8122
"/Engine/EngineMaterials/Substrate/Glints2/dict_0007_0008" 8123
"/Engine/EngineMaterials/Substrate/Glints2/dict_0007_0009" 8124
"../../../Engine/Content/EngineMaterials/Substrate/Glints2/dict_0006_0232.uasset" 8125
"../../../Engine/Content/EngineMaterials/Substrate/Glints2/dict_0006_0228.uasset" 8126
"../../../Engine/Content/EngineMaterials/Substrate/Glints2/dict_0006_0230.uasset" 8127
"../../../Engine/Content/EngineMaterials/Substrate/Glints2/dict_0006_0226.uasset" 8128
"../../../Engine/Content/EngineMaterials/Substrate/Glints2/dict_0006_0223.uasset" 8129
"../../../Engine/Content/EngineMaterials/Substrate/Glints2/dict_0006_0225.uasset" 8130
"../../../Engine/Content/EngineMaterials/Substrate/Glints2/dict_0006_0233.uasset" 8131
"../../../Engine/Content/EngineMaterials/Substrate/Glints2/dict_0006_0213.uasset" 8132
"../../../Engine/Content/EngineMaterials/Substrate/Glints2/dict_0006_0215.uasset" 8133
"../../../Engine/Content/EngineMaterials/Substrate/Glints2/dict_0006_0214.uasset" 8134
"../../../Engine/Content/EngineMaterials/Substrate/Glints2/dict_0006_0218.uasset" 8135
"../../../Engine/Content/EngineMaterials/Substrate/Glints2/dict_0006_0217.uasset" 8136
"../../../Engine/Content/EngineMaterials/Substrate/Glints2/dict_0006_0211.uasset" 8137
"../../../Engine/Content/EngineMaterials/Substrate/Glints2/dict_0006_0231.uasset" 8138
"../../../Engine/Content/EngineMaterials/Substrate/Glints2/dict_0006_0229.uasset" 8139
"../../../Engine/Content/EngineMaterials/Substrate/Glints2/dict_0006_0222.uasset" 8140
"../../../Engine/Content/EngineMaterials/Substrate/Glints2/dict_0006_0210.uasset" 8141
"../../../Engine/Content/EngineMaterials/Substrate/Glints2/dict_0006_0221.uasset" 8142
"../../../Engine/Content/EngineMaterials/Substrate/Glints2/dict_0006_0224.uasset" 8143
"../../../Engine/Content/EngineMaterials/Substrate/Glints2/dict_0006_0227.uasset" 8144
"../../../Engine/Content/EngineMaterials/Substrate/Glints2/dict_0006_0212.uasset" 8145
"../../../Engine/Content/EngineMaterials/Substrate/Glints2/dict_0006_0220.uasset" 8146
"../../../Engine/Content/EngineMaterials/Substrate/Glints2/dict_0006_0216.uasset" 8147
"/Engine/EngineMaterials/Substrate/Glints2/dict_0006_0234" 8148
"../../../Engine/Content/EngineMaterials/Substrate/Glints2/dict_0006_0219.uasset" 8149
"/Engine/EngineMaterials/Substrate/Glints2/dict_0006_0235" 8150
"/Engine/EngineMaterials/Substrate/Glints2/dict_0006_0236" 8151
"/Engine/EngineMaterials/Substrate/Glints2/dict_0006_0237" 8152
"/Engine/EngineMaterials/Substrate/Glints2/dict_0006_0238" 8153
"/Engine/EngineMaterials/Substrate/Glints2/dict_0006_0239" 8154
"/Engine/EngineMaterials/Substrate/Glints2/dict_0006_0240" 8155
"/Engine/EngineMaterials/Substrate/Glints2/dict_0006_0228" 8156
"/Engine/EngineMaterials/Substrate/Glints2/dict_0006_0230" 8157
"/Engine/EngineMaterials/Substrate/Glints2/dict_0006_0241" 8158
"/Engine/EngineMaterials/Substrate/Glints2/dict_0006_0232" 8159
"../../../Engine/Content/EngineMaterials/Substrate/Glints2/dict_0006_0208.uasset" 8160
"../../../Engine/Content/EngineMaterials/Substrate/Glints2/dict_0006_0205.uasset" 8161
"../../../Engine/Content/EngineMaterials/Substrate/Glints2/dict_0006_0206.uasset" 8162
"../../../Engine/Content/EngineMaterials/Substrate/Glints2/dict_0006_0209.uasset" 8163
"/Engine/EngineMaterials/Substrate/Glints2/dict_0006_0210" 8164
"../../../Engine/Content/EngineMaterials/Substrate/Glints2/dict_0006_0207.uasset" 8165
"../../../Engine/Content/EngineMaterials/Substrate/Glints2/dict_0006_0204.uasset" 8166
"../../../Engine/Content/EngineMaterials/Substrate/Glints2/dict_0006_0203.uasset" 8167
"../../../Engine/Content/EngineMaterials/Substrate/Glints2/dict_0006_0202.uasset" 8168
"../../../Engine/Content/EngineMaterials/Substrate/Glints2/dict_0006_0200.uasset" 8169
"../../../Engine/Content/EngineMaterials/Substrate/Glints2/dict_0006_0199.uasset" 8170
"../../../Engine/Content/EngineMaterials/Substrate/Glints2/dict_0006_0201.uasset" 8171
"/Engine/EngineMaterials/Substrate/Glints2/dict_0006_0211" 8172
"/Engine/EngineMaterials/Substrate/Glints2/dict_0006_0212" 8173
"/Engine/EngineMaterials/Substrate/Glints2/dict_0006_0213" 8174
"/Engine/EngineMaterials/Substrate/Glints2/dict_0006_0214" 8175
"/Engine/EngineMaterials/Substrate/Glints2/dict_0006_0215" 8176
"/Engine/EngineMaterials/Substrate/Glints2/dict_0006_0216" 8177
"/Engine/EngineMaterials/Substrate/Glints2/dict_0006_0217" 8178
"/Engine/EngineMaterials/Substrate/Glints2/dict_0006_0218" 8179
"/Engine/EngineMaterials/Substrate/Glints2/dict_0006_0219" 8180
"/Engine/EngineMaterials/Substrate/Glints2/dict_0006_0220" 8181
"/Engine/EngineMaterials/Substrate/Glints2/dict_0006_0221" 8182
"/Engine/EngineMaterials/Substrate/Glints2/dict_0006_0222" 8183
"/Engine/EngineMaterials/Substrate/Glints2/dict_0006_0223" 8184
"/Engine/EngineMaterials/Substrate/Glints2/dict_0006_0224" 8185
"/Engine/EngineMaterials/Substrate/Glints2/dict_0006_0225" 8186
"/Engine/EngineMaterials/Substrate/Glints2/dict_0006_0226" 8187
"/Engine/EngineMaterials/Substrate/Glints2/dict_0006_0227" 8188
"/Engine/EngineMaterials/Substrate/Glints2/dict_0006_0229" 8189
"/Engine/EngineMaterials/Substrate/Glints2/dict_0006_0231" 8190
"/Engine/EngineMaterials/Substrate/Glints2/dict_0006_0233" 8191
"../../../Engine/Content/EngineMaterials/Substrate/Glints2/dict_0006_0198.uasset" 8192
"../../../Engine/Content/EngineMaterials/Substrate/Glints2/dict_0006_0193.uasset" 8193
"../../../Engine/Content/EngineMaterials/Substrate/Glints2/dict_0006_0194.uasset" 8194
"../../../Engine/Content/EngineMaterials/Substrate/Glints2/dict_0006_0187.uasset" 8195
"../../../Engine/Content/EngineMaterials/Substrate/Glints2/dict_0006_0185.uasset" 8196
"../../../Engine/Content/EngineMaterials/Substrate/Glints2/dict_0006_0191.uasset" 8197
"../../../Engine/Content/EngineMaterials/Substrate/Glints2/dict_0006_0192.uasset" 8198
"/Engine/EngineMaterials/Substrate/Glints2/dict_0006_0199" 8199
"../../../Engine/Content/EngineMaterials/Substrate/Glints2/dict_0006_0189.uasset" 8200
"../../../Engine/Content/EngineMaterials/Substrate/Glints2/dict_0006_0190.uasset" 8201
"../../../Engine/Content/EngineMaterials/Substrate/Glints2/dict_0006_0184.uasset" 8202
"../../../Engine/Content/EngineMaterials/Substrate/Glints2/dict_0006_0196.uasset" 8203
"../../../Engine/Content/EngineMaterials/Substrate/Glints2/dict_0006_0178.uasset" 8204
"../../../Engine/Content/EngineMaterials/Substrate/Glints2/dict_0006_0179.uasset" 8205
"../../../Engine/Content/EngineMaterials/Substrate/Glints2/dict_0006_0180.uasset" 8206
"../../../Engine/Content/EngineMaterials/Substrate/Glints2/dict_0006_0186.uasset" 8207
"../../../Engine/Content/EngineMaterials/Substrate/Glints2/dict_0006_0183.uasset" 8208
"../../../Engine/Content/EngineMaterials/Substrate/Glints2/dict_0006_0181.uasset" 8209
"../../../Engine/Content/EngineMaterials/Substrate/Glints2/dict_0006_0197.uasset" 8210
"../../../Engine/Content/EngineMaterials/Substrate/Glints2/dict_0006_0188.uasset" 8211
"../../../Engine/Content/EngineMaterials/Substrate/Glints2/dict_0006_0195.uasset" 8212
"../../../Engine/Content/EngineMaterials/Substrate/Glints2/dict_0006_0182.uasset" 8213
"/Engine/EngineMaterials/Substrate/Glints2/dict_0006_0200" 8214
"/Engine/EngineMaterials/Substrate/Glints2/dict_0006_0201" 8215
"/Engine/EngineMaterials/Substrate/Glints2/dict_0006_0202" 8216
"/Engine/EngineMaterials/Substrate/Glints2/dict_0006_0193" 8217
"/Engine/EngineMaterials/Substrate/Glints2/dict_0006_0194" 8218
"/Engine/EngineMaterials/Substrate/Glints2/dict_0006_0203" 8219
"/Engine/EngineMaterials/Substrate/Glints2/dict_0006_0204" 8220
"/Engine/EngineMaterials/Substrate/Glints2/dict_0006_0205" 8221
"/Engine/EngineMaterials/Substrate/Glints2/dict_0006_0206" 8222
"/Engine/EngineMaterials/Substrate/Glints2/dict_0006_0207" 8223
"/Engine/EngineMaterials/Substrate/Glints2/dict_0006_0208" 8224
"/Engine/EngineMaterials/Substrate/Glints2/dict_0006_0209" 8225
"/Engine/EngineMaterials/Substrate/Glints2/dict_0006_0198" 8226
"../../../Engine/Content/EngineMaterials/Substrate/Glints2/dict_0006_0175.uasset" 8227
"../../../Engine/Content/EngineMaterials/Substrate/Glints2/dict_0006_0177.uasset" 8228
"../../../Engine/Content/EngineMaterials/Substrate/Glints2/dict_0006_0176.uasset" 8229
"../../../Engine/Content/EngineMaterials/Substrate/Glints2/dict_0006_0174.uasset" 8230
"../../../Engine/Content/EngineMaterials/Substrate/Glints2/dict_0006_0173.uasset" 8231
"../../../Engine/Content/EngineMaterials/Substrate/Glints2/dict_0006_0172.uasset" 8232
"/Engine/EngineMaterials/Substrate/Glints2/dict_0006_0178" 8233
"../../../Engine/Content/EngineMaterials/Substrate/Glints2/dict_0006_0170.uasset" 8234
"../../../Engine/Content/EngineMaterials/Substrate/Glints2/dict_0006_0168.uasset" 8235
"../../../Engine/Content/EngineMaterials/Substrate/Glints2/dict_0006_0165.uasset" 8236
"../../../Engine/Content/EngineMaterials/Substrate/Glints2/dict_0006_0167.uasset" 8237
"../../../Engine/Content/EngineMaterials/Substrate/Glints2/dict_0006_0169.uasset" 8238
"../../../Engine/Content/EngineMaterials/Substrate/Glints2/dict_0006_0171.uasset" 8239
"../../../Engine/Content/EngineMaterials/Substrate/Glints2/dict_0006_0166.uasset" 8240
"../../../Engine/Content/EngineMaterials/Substrate/Glints2/dict_0006_0164.uasset" 8241
"/Engine/EngineMaterials/Substrate/Glints2/dict_0006_0179" 8242
"/Engine/EngineMaterials/Substrate/Glints2/dict_0006_0180" 8243
"/Engine/EngineMaterials/Substrate/Glints2/dict_0006_0181" 8244
"/Engine/EngineMaterials/Substrate/Glints2/dict_0006_0182" 8245
"/Engine/EngineMaterials/Substrate/Glints2/dict_0006_0183" 8246
"/Engine/EngineMaterials/Substrate/Glints2/dict_0006_0184" 8247
"/Engine/EngineMaterials/Substrate/Glints2/dict_0006_0185" 8248
"/Engine/EngineMaterials/Substrate/Glints2/dict_0006_0186" 8249
"/Engine/EngineMaterials/Substrate/Glints2/dict_0006_0187" 8250
"/Engine/EngineMaterials/Substrate/Glints2/dict_0006_0188" 8251
"/Engine/EngineMaterials/Substrate/Glints2/dict_0006_0189" 8252
"/Engine/EngineMaterials/Substrate/Glints2/dict_0006_0190" 8253
"/Engine/EngineMaterials/Substrate/Glints2/dict_0006_0191" 8254
"/Engine/EngineMaterials/Substrate/Glints2/dict_0006_0192" 8255
"/Engine/EngineMaterials/Substrate/Glints2/dict_0006_0195" 8256
"/Engine/EngineMaterials/Substrate/Glints2/dict_0006_0196" 8257
"/Engine/EngineMaterials/Substrate/Glints2/dict_0006_0174" 8258
"/Engine/EngineMaterials/Substrate/Glints2/dict_0006_0197" 8259
"/Engine/EngineMaterials/Substrate/Glints2/dict_0006_0175" 8260
"/Engine/EngineMaterials/Substrate/Glints2/dict_0006_0176" 8261
"/Engine/EngineMaterials/Substrate/Glints2/dict_0006_0177" 8262
"../../../Engine/Content/EngineMaterials/Substrate/Glints2/dict_0006_0162.uasset" 8263
"../../../Engine/Content/EngineMaterials/Substrate/Glints2/dict_0006_0163.uasset" 8264
"../../../Engine/Content/EngineMaterials/Substrate/Glints2/dict_0006_0160.uasset" 8265
"../../../Engine/Content/EngineMaterials/Substrate/Glints2/dict_0006_0161.uasset" 8266
"../../../Engine/Content/EngineMaterials/Substrate/Glints2/dict_0006_0158.uasset" 8267
"../../../Engine/Content/EngineMaterials/Substrate/Glints2/dict_0006_0157.uasset" 8268
"../../../Engine/Content/EngineMaterials/Substrate/Glints2/dict_0006_0159.uasset" 8269
"/Engine/EngineMaterials/Substrate/Glints2/dict_0006_0164" 8270
"../../../Engine/Content/EngineMaterials/Substrate/Glints2/dict_0006_0155.uasset" 8271
"../../../Engine/Content/EngineMaterials/Substrate/Glints2/dict_0006_0156.uasset" 8272
"../../../Engine/Content/EngineMaterials/Substrate/Glints2/dict_0006_0154.uasset" 8273
"../../../Engine/Content/EngineMaterials/Substrate/Glints2/dict_0006_0152.uasset" 8274
"../../../Engine/Content/EngineMaterials/Substrate/Glints2/dict_0006_0148.uasset" 8275
"../../../Engine/Content/EngineMaterials/Substrate/Glints2/dict_0006_0145.uasset" 8276
"../../../Engine/Content/EngineMaterials/Substrate/Glints2/dict_0006_0144.uasset" 8277
"../../../Engine/Content/EngineMaterials/Substrate/Glints2/dict_0006_0143.uasset" 8278
"../../../Engine/Content/EngineMaterials/Substrate/Glints2/dict_0006_0153.uasset" 8279
"../../../Engine/Content/EngineMaterials/Substrate/Glints2/dict_0006_0146.uasset" 8280
"../../../Engine/Content/EngineMaterials/Substrate/Glints2/dict_0006_0150.uasset" 8281
"../../../Engine/Content/EngineMaterials/Substrate/Glints2/dict_0006_0149.uasset" 8282
"../../../Engine/Content/EngineMaterials/Substrate/Glints2/dict_0006_0147.uasset" 8283
"../../../Engine/Content/EngineMaterials/Substrate/Glints2/dict_0006_0142.uasset" 8284
"/Engine/EngineMaterials/Substrate/Glints2/dict_0006_0165" 8285
"../../../Engine/Content/EngineMaterials/Substrate/Glints2/dict_0006_0151.uasset" 8286
"/Engine/EngineMaterials/Substrate/Glints2/dict_0006_0166" 8287
"/Engine/EngineMaterials/Substrate/Glints2/dict_0006_0167" 8288
"/Engine/EngineMaterials/Substrate/Glints2/dict_0006_0168" 8289
"/Engine/EngineMaterials/Substrate/Glints2/dict_0006_0169" 8290
"/Engine/EngineMaterials/Substrate/Glints2/dict_0006_0170" 8291
"/Engine/EngineMaterials/Substrate/Glints2/dict_0006_0171" 8292
"/Engine/EngineMaterials/Substrate/Glints2/dict_0006_0172" 8293
"/Engine/EngineMaterials/Substrate/Glints2/dict_0006_0173" 8294
"/Engine/EngineMaterials/Substrate/Glints2/dict_0006_0162" 8295
"../../../Engine/Content/EngineMaterials/Substrate/Glints2/dict_0006_0141.uasset" 8296
"../../../Engine/Content/EngineMaterials/Substrate/Glints2/dict_0006_0139.uasset" 8297
"../../../Engine/Content/EngineMaterials/Substrate/Glints2/dict_0006_0140.uasset" 8298
"../../../Engine/Content/EngineMaterials/Substrate/Glints2/dict_0006_0134.uasset" 8299
"../../../Engine/Content/EngineMaterials/Substrate/Glints2/dict_0006_0135.uasset" 8300
"../../../Engine/Content/EngineMaterials/Substrate/Glints2/dict_0006_0138.uasset" 8301
"../../../Engine/Content/EngineMaterials/Substrate/Glints2/dict_0006_0137.uasset" 8302
"/Engine/EngineMaterials/Substrate/Glints2/dict_0006_0142" 8303
"../../../Engine/Content/EngineMaterials/Substrate/Glints2/dict_0006_0133.uasset" 8304
"../../../Engine/Content/EngineMaterials/Substrate/Glints2/dict_0006_0132.uasset" 8305
"../../../Engine/Content/EngineMaterials/Substrate/Glints2/dict_0006_0136.uasset" 8306
"../../../Engine/Content/EngineMaterials/Substrate/Glints2/dict_0006_0131.uasset" 8307
"/Engine/EngineMaterials/Substrate/Glints2/dict_0006_0143" 8308
"/Engine/EngineMaterials/Substrate/Glints2/dict_0006_0144" 8309
"/Engine/EngineMaterials/Substrate/Glints2/dict_0006_0145" 8310
"/Engine/EngineMaterials/Substrate/Glints2/dict_0006_0146" 8311
"/Engine/EngineMaterials/Substrate/Glints2/dict_0006_0147" 8312
"/Engine/EngineMaterials/Substrate/Glints2/dict_0006_0148" 8313
"/Engine/EngineMaterials/Substrate/Glints2/dict_0006_0149" 8314
"/Engine/EngineMaterials/Substrate/Glints2/dict_0006_0150" 8315
"/Engine/EngineMaterials/Substrate/Glints2/dict_0006_0151" 8316
"/Engine/EngineMaterials/Substrate/Glints2/dict_0006_0152" 8317
"/Engine/EngineMaterials/Substrate/Glints2/dict_0006_0153" 8318
"/Engine/EngineMaterials/Substrate/Glints2/dict_0006_0154" 8319
"/Engine/EngineMaterials/Substrate/Glints2/dict_0006_0155" 8320
"/Engine/EngineMaterials/Substrate/Glints2/dict_0006_0156" 8321
"/Engine/EngineMaterials/Substrate/Glints2/dict_0006_0157" 8322
"/Engine/EngineMaterials/Substrate/Glints2/dict_0006_0158" 8323
"/Engine/EngineMaterials/Substrate/Glints2/dict_0006_0159" 8324
"/Engine/EngineMaterials/Substrate/Glints2/dict_0006_0160" 8325
"/Engine/EngineMaterials/Substrate/Glints2/dict_0006_0161" 8326
"/Engine/EngineMaterials/Substrate/Glints2/dict_0006_0141" 8327
"/Engine/EngineMaterials/Substrate/Glints2/dict_0006_0163" 8328
"../../../Engine/Content/EngineMaterials/Substrate/Glints2/dict_0006_0130.uasset" 8329
"../../../Engine/Content/EngineMaterials/Substrate/Glints2/dict_0006_0126.uasset" 8330
"../../../Engine/Content/EngineMaterials/Substrate/Glints2/dict_0006_0127.uasset" 8331
"/Engine/EngineMaterials/Substrate/Glints2/dict_0006_0131" 8332
"../../../Engine/Content/EngineMaterials/Substrate/Glints2/dict_0006_0121.uasset" 8333
"../../../Engine/Content/EngineMaterials/Substrate/Glints2/dict_0006_0122.uasset" 8334
"../../../Engine/Content/EngineMaterials/Substrate/Glints2/dict_0006_0125.uasset" 8335
"../../../Engine/Content/EngineMaterials/Substrate/Glints2/dict_0006_0120.uasset" 8336
"../../../Engine/Content/EngineMaterials/Substrate/Glints2/dict_0006_0118.uasset" 8337
"../../../Engine/Content/EngineMaterials/Substrate/Glints2/dict_0006_0123.uasset" 8338
"../../../Engine/Content/EngineMaterials/Substrate/Glints2/dict_0006_0117.uasset" 8339
"../../../Engine/Content/EngineMaterials/Substrate/Glints2/dict_0006_0119.uasset" 8340
"../../../Engine/Content/EngineMaterials/Substrate/Glints2/dict_0006_0115.uasset" 8341
"../../../Engine/Content/EngineMaterials/Substrate/Glints2/dict_0006_0114.uasset" 8342
"../../../Engine/Content/EngineMaterials/Substrate/Glints2/dict_0006_0116.uasset" 8343
"/Engine/EngineMaterials/Substrate/Glints2/dict_0006_0132" 8344
"../../../Engine/Content/EngineMaterials/Substrate/Glints2/dict_0006_0124.uasset" 8345
"../../../Engine/Content/EngineMaterials/Substrate/Glints2/dict_0006_0112.uasset" 8346
"../../../Engine/Content/EngineMaterials/Substrate/Glints2/dict_0006_0109.uasset" 8347
"../../../Engine/Content/EngineMaterials/Substrate/Glints2/dict_0006_0113.uasset" 8348
"/Engine/EngineMaterials/Substrate/Glints2/dict_0006_0133" 8349
"../../../Engine/Content/EngineMaterials/Substrate/Glints2/dict_0006_0128.uasset" 8350
"../../../Engine/Content/EngineMaterials/Substrate/Glints2/dict_0006_0129.uasset" 8351
"../../../Engine/Content/EngineMaterials/Substrate/Glints2/dict_0006_0111.uasset" 8352
"../../../Engine/Content/EngineMaterials/Substrate/Glints2/dict_0006_0110.uasset" 8353
"/Engine/EngineMaterials/Substrate/Glints2/dict_0006_0134" 8354
"/Engine/EngineMaterials/Substrate/Glints2/dict_0006_0135" 8355
"/Engine/EngineMaterials/Substrate/Glints2/dict_0006_0136" 8356
"/Engine/EngineMaterials/Substrate/Glints2/dict_0006_0137" 8357
"/Engine/EngineMaterials/Substrate/Glints2/dict_0006_0138" 8358
"/Engine/EngineMaterials/Substrate/Glints2/dict_0006_0139" 8359
"/Engine/EngineMaterials/Substrate/Glints2/dict_0006_0140" 8360
"../../../Engine/Content/EngineMaterials/Substrate/Glints2/dict_0006_0107.uasset" 8361
"../../../Engine/Content/EngineMaterials/Substrate/Glints2/dict_0006_0104.uasset" 8362
"../../../Engine/Content/EngineMaterials/Substrate/Glints2/dict_0006_0103.uasset" 8363
"../../../Engine/Content/EngineMaterials/Substrate/Glints2/dict_0006_0102.uasset" 8364
"../../../Engine/Content/EngineMaterials/Substrate/Glints2/dict_0006_0101.uasset" 8365
"/Engine/EngineMaterials/Substrate/Glints2/dict_0006_0109" 8366
"../../../Engine/Content/EngineMaterials/Substrate/Glints2/dict_0006_0106.uasset" 8367
"../../../Engine/Content/EngineMaterials/Substrate/Glints2/dict_0006_0099.uasset" 8368
"../../../Engine/Content/EngineMaterials/Substrate/Glints2/dict_0006_0100.uasset" 8369
"../../../Engine/Content/EngineMaterials/Substrate/Glints2/dict_0006_0108.uasset" 8370
"../../../Engine/Content/EngineMaterials/Substrate/Glints2/dict_0006_0105.uasset" 8371
"/Engine/EngineMaterials/Substrate/Glints2/dict_0006_0110" 8372
"/Engine/EngineMaterials/Substrate/Glints2/dict_0006_0111" 8373
"/Engine/EngineMaterials/Substrate/Glints2/dict_0006_0112" 8374
"/Engine/EngineMaterials/Substrate/Glints2/dict_0006_0113" 8375
"/Engine/EngineMaterials/Substrate/Glints2/dict_0006_0114" 8376
"/Engine/EngineMaterials/Substrate/Glints2/dict_0006_0115" 8377
"/Engine/EngineMaterials/Substrate/Glints2/dict_0006_0116" 8378
"/Engine/EngineMaterials/Substrate/Glints2/dict_0006_0117" 8379
"/Engine/EngineMaterials/Substrate/Glints2/dict_0006_0118" 8380
"/Engine/EngineMaterials/Substrate/Glints2/dict_0006_0119" 8381
"/Engine/EngineMaterials/Substrate/Glints2/dict_0006_0120" 8382
"/Engine/EngineMaterials/Substrate/Glints2/dict_0006_0121" 8383
"/Engine/EngineMaterials/Substrate/Glints2/dict_0006_0122" 8384
"/Engine/EngineMaterials/Substrate/Glints2/dict_0006_0123" 8385
"/Engine/EngineMaterials/Substrate/Glints2/dict_0006_0124" 8386
"/Engine/EngineMaterials/Substrate/Glints2/dict_0006_0125" 8387
"/Engine/EngineMaterials/Substrate/Glints2/dict_0006_0126" 8388
"/Engine/EngineMaterials/Substrate/Glints2/dict_0006_0127" 8389
"/Engine/EngineMaterials/Substrate/Glints2/dict_0006_0128" 8390
"/Engine/EngineMaterials/Substrate/Glints2/dict_0006_0129" 8391
"/Engine/EngineMaterials/Substrate/Glints2/dict_0006_0130" 8392
"../../../Engine/Content/EngineMaterials/Substrate/Glints2/dict_0006_0097.uasset" 8393
"/Engine/EngineMaterials/Substrate/Glints2/dict_0006_0099" 8394
"../../../Engine/Content/EngineMaterials/Substrate/Glints2/dict_0006_0095.uasset" 8395
"../../../Engine/Content/EngineMaterials/Substrate/Glints2/dict_0006_0091.uasset" 8396
"../../../Engine/Content/EngineMaterials/Substrate/Glints2/dict_0006_0090.uasset" 8397
"/Engine/EngineMaterials/Substrate/Glints2/dict_0006_0100" 8398
"../../../Engine/Content/EngineMaterials/Substrate/Glints2/dict_0006_0092.uasset" 8399
"../../../Engine/Content/EngineMaterials/Substrate/Glints2/dict_0006_0096.uasset" 8400
"../../../Engine/Content/EngineMaterials/Substrate/Glints2/dict_0006_0088.uasset" 8401
"../../../Engine/Content/EngineMaterials/Substrate/Glints2/dict_0006_0089.uasset" 8402
"../../../Engine/Content/EngineMaterials/Substrate/Glints2/dict_0006_0087.uasset" 8403
"../../../Engine/Content/EngineMaterials/Substrate/Glints2/dict_0006_0094.uasset" 8404
"../../../Engine/Content/EngineMaterials/Substrate/Glints2/dict_0006_0093.uasset" 8405
"../../../Engine/Content/EngineMaterials/Substrate/Glints2/dict_0006_0085.uasset" 8406
"../../../Engine/Content/EngineMaterials/Substrate/Glints2/dict_0006_0086.uasset" 8407
"../../../Engine/Content/EngineMaterials/Substrate/Glints2/dict_0006_0098.uasset" 8408
"../../../Engine/Content/EngineMaterials/Substrate/Glints2/dict_0006_0083.uasset" 8409
"/Engine/EngineMaterials/Substrate/Glints2/dict_0006_0101" 8410
"../../../Engine/Content/EngineMaterials/Substrate/Glints2/dict_0006_0081.uasset" 8411
"../../../Engine/Content/EngineMaterials/Substrate/Glints2/dict_0006_0082.uasset" 8412
"../../../Engine/Content/EngineMaterials/Substrate/Glints2/dict_0006_0080.uasset" 8413
"../../../Engine/Content/EngineMaterials/Substrate/Glints2/dict_0006_0084.uasset" 8414
"../../../Engine/Content/EngineMaterials/Substrate/Glints2/dict_0006_0079.uasset" 8415
"../../../Engine/Content/EngineMaterials/Substrate/Glints2/dict_0006_0077.uasset" 8416
"../../../Engine/Content/EngineMaterials/Substrate/Glints2/dict_0006_0078.uasset" 8417
"/Engine/EngineMaterials/Substrate/Glints2/dict_0006_0102" 8418
"/Engine/EngineMaterials/Substrate/Glints2/dict_0006_0103" 8419
"/Engine/EngineMaterials/Substrate/Glints2/dict_0006_0104" 8420
"/Engine/EngineMaterials/Substrate/Glints2/dict_0006_0105" 8421
"/Engine/EngineMaterials/Substrate/Glints2/dict_0006_0106" 8422
"/Engine/EngineMaterials/Substrate/Glints2/dict_0006_0107" 8423
"/Engine/EngineMaterials/Substrate/Glints2/dict_0006_0108" 8424
"../../../Engine/Content/EngineMaterials/Substrate/Glints2/dict_0006_0076.uasset" 8425
"../../../Engine/Content/EngineMaterials/Substrate/Glints2/dict_0006_0075.uasset" 8426
"../../../Engine/Content/EngineMaterials/Substrate/Glints2/dict_0006_0072.uasset" 8427
"/Engine/EngineMaterials/Substrate/Glints2/dict_0006_0077" 8428
"../../../Engine/Content/EngineMaterials/Substrate/Glints2/dict_0006_0071.uasset" 8429
"../../../Engine/Content/EngineMaterials/Substrate/Glints2/dict_0006_0073.uasset" 8430
"../../../Engine/Content/EngineMaterials/Substrate/Glints2/dict_0006_0074.uasset" 8431
"../../../Engine/Content/EngineMaterials/Substrate/Glints2/dict_0006_0069.uasset" 8432
"../../../Engine/Content/EngineMaterials/Substrate/Glints2/dict_0006_0067.uasset" 8433
"../../../Engine/Content/EngineMaterials/Substrate/Glints2/dict_0006_0070.uasset" 8434
"../../../Engine/Content/EngineMaterials/Substrate/Glints2/dict_0006_0068.uasset" 8435
"/Engine/EngineMaterials/Substrate/Glints2/dict_0006_0078" 8436
"/Engine/EngineMaterials/Substrate/Glints2/dict_0006_0079" 8437
"/Engine/EngineMaterials/Substrate/Glints2/dict_0006_0080" 8438
"/Engine/EngineMaterials/Substrate/Glints2/dict_0006_0081" 8439
"/Engine/EngineMaterials/Substrate/Glints2/dict_0006_0082" 8440
"/Engine/EngineMaterials/Substrate/Glints2/dict_0006_0083" 8441
"/Engine/EngineMaterials/Substrate/Glints2/dict_0006_0084" 8442
"/Engine/EngineMaterials/Substrate/Glints2/dict_0006_0085" 8443
"/Engine/EngineMaterials/Substrate/Glints2/dict_0006_0086" 8444
"/Engine/EngineMaterials/Substrate/Glints2/dict_0006_0087" 8445
"/Engine/EngineMaterials/Substrate/Glints2/dict_0006_0088" 8446
"/Engine/EngineMaterials/Substrate/Glints2/dict_0006_0089" 8447
"/Engine/EngineMaterials/Substrate/Glints2/dict_0006_0090" 8448
"/Engine/EngineMaterials/Substrate/Glints2/dict_0006_0091" 8449
"/Engine/EngineMaterials/Substrate/Glints2/dict_0006_0092" 8450
"/Engine/EngineMaterials/Substrate/Glints2/dict_0006_0093" 8451
"/Engine/EngineMaterials/Substrate/Glints2/dict_0006_0094" 8452
"/Engine/EngineMaterials/Substrate/Glints2/dict_0006_0095" 8453
"/Engine/EngineMaterials/Substrate/Glints2/dict_0006_0096" 8454
"/Engine/EngineMaterials/Substrate/Glints2/dict_0006_0097" 8455
"/Engine/EngineMaterials/Substrate/Glints2/dict_0006_0098" 8456
"../../../Engine/Content/EngineMaterials/Substrate/Glints2/dict_0006_0066.uasset" 8457
"../../../Engine/Content/EngineMaterials/Substrate/Glints2/dict_0006_0065.uasset" 8458
"../../../Engine/Content/EngineMaterials/Substrate/Glints2/dict_0006_0063.uasset" 8459
"/Engine/EngineMaterials/Substrate/Glints2/dict_0006_0067" 8460
"../../../Engine/Content/EngineMaterials/Substrate/Glints2/dict_0006_0064.uasset" 8461
"../../../Engine/Content/EngineMaterials/Substrate/Glints2/dict_0006_0062.uasset" 8462
"../../../Engine/Content/EngineMaterials/Substrate/Glints2/dict_0006_0059.uasset" 8463
"../../../Engine/Content/EngineMaterials/Substrate/Glints2/dict_0006_0061.uasset" 8464
"../../../Engine/Content/EngineMaterials/Substrate/Glints2/dict_0006_0058.uasset" 8465
"/Engine/EngineMaterials/Substrate/Glints2/dict_0006_0068" 8466
"../../../Engine/Content/EngineMaterials/Substrate/Glints2/dict_0006_0057.uasset" 8467
"../../../Engine/Content/EngineMaterials/Substrate/Glints2/dict_0006_0056.uasset" 8468
"../../../Engine/Content/EngineMaterials/Substrate/Glints2/dict_0006_0055.uasset" 8469
"../../../Engine/Content/EngineMaterials/Substrate/Glints2/dict_0006_0052.uasset" 8470
"../../../Engine/Content/EngineMaterials/Substrate/Glints2/dict_0006_0054.uasset" 8471
"../../../Engine/Content/EngineMaterials/Substrate/Glints2/dict_0006_0046.uasset" 8472
"../../../Engine/Content/EngineMaterials/Substrate/Glints2/dict_0006_0049.uasset" 8473
"../../../Engine/Content/EngineMaterials/Substrate/Glints2/dict_0006_0045.uasset" 8474
"../../../Engine/Content/EngineMaterials/Substrate/Glints2/dict_0006_0060.uasset" 8475
"../../../Engine/Content/EngineMaterials/Substrate/Glints2/dict_0006_0053.uasset" 8476
"../../../Engine/Content/EngineMaterials/Substrate/Glints2/dict_0006_0047.uasset" 8477
"../../../Engine/Content/EngineMaterials/Substrate/Glints2/dict_0006_0050.uasset" 8478
"/Engine/EngineMaterials/Substrate/Glints2/dict_0006_0069" 8479
"../../../Engine/Content/EngineMaterials/Substrate/Glints2/dict_0006_0051.uasset" 8480
"../../../Engine/Content/EngineMaterials/Substrate/Glints2/dict_0006_0048.uasset" 8481
"/Engine/EngineMaterials/Substrate/Glints2/dict_0006_0070" 8482
"/Engine/EngineMaterials/Substrate/Glints2/dict_0006_0071" 8483
"/Engine/EngineMaterials/Substrate/Glints2/dict_0006_0072" 8484
"/Engine/EngineMaterials/Substrate/Glints2/dict_0006_0073" 8485
"/Engine/EngineMaterials/Substrate/Glints2/dict_0006_0074" 8486
"/Engine/EngineMaterials/Substrate/Glints2/dict_0006_0075" 8487
"/Engine/EngineMaterials/Substrate/Glints2/dict_0006_0076" 8488
"/Engine/EngineMaterials/Substrate/Glints2/dict_0006_0065" 8489
"/Engine/EngineMaterials/Substrate/Glints2/dict_0006_0066" 8490
"../../../Engine/Content/EngineMaterials/Substrate/Glints2/dict_0006_0042.uasset" 8491
"../../../Engine/Content/EngineMaterials/Substrate/Glints2/dict_0006_0043.uasset" 8492
"../../../Engine/Content/EngineMaterials/Substrate/Glints2/dict_0006_0044.uasset" 8493
"../../../Engine/Content/EngineMaterials/Substrate/Glints2/dict_0006_0041.uasset" 8494
"../../../Engine/Content/EngineMaterials/Substrate/Glints2/dict_0006_0040.uasset" 8495
"../../../Engine/Content/EngineMaterials/Substrate/Glints2/dict_0006_0036.uasset" 8496
"../../../Engine/Content/EngineMaterials/Substrate/Glints2/dict_0006_0035.uasset" 8497
"/Engine/EngineMaterials/Substrate/Glints2/dict_0006_0045" 8498
"../../../Engine/Content/EngineMaterials/Substrate/Glints2/dict_0006_0034.uasset" 8499
"../../../Engine/Content/EngineMaterials/Substrate/Glints2/dict_0006_0038.uasset" 8500
"../../../Engine/Content/EngineMaterials/Substrate/Glints2/dict_0006_0039.uasset" 8501
"../../../Engine/Content/EngineMaterials/Substrate/Glints2/dict_0006_0033.uasset" 8502
"../../../Engine/Content/EngineMaterials/Substrate/Glints2/dict_0006_0037.uasset" 8503
"/Engine/EngineMaterials/Substrate/Glints2/dict_0006_0046" 8504
"/Engine/EngineMaterials/Substrate/Glints2/dict_0006_0047" 8505
"/Engine/EngineMaterials/Substrate/Glints2/dict_0006_0048" 8506
"/Engine/EngineMaterials/Substrate/Glints2/dict_0006_0049" 8507
"/Engine/EngineMaterials/Substrate/Glints2/dict_0006_0050" 8508
"/Engine/EngineMaterials/Substrate/Glints2/dict_0006_0051" 8509
"/Engine/EngineMaterials/Substrate/Glints2/dict_0006_0052" 8510
"/Engine/EngineMaterials/Substrate/Glints2/dict_0006_0053" 8511
"/Engine/EngineMaterials/Substrate/Glints2/dict_0006_0054" 8512
"/Engine/EngineMaterials/Substrate/Glints2/dict_0006_0055" 8513
"/Engine/EngineMaterials/Substrate/Glints2/dict_0006_0056" 8514
"/Engine/EngineMaterials/Substrate/Glints2/dict_0006_0057" 8515
"/Engine/EngineMaterials/Substrate/Glints2/dict_0006_0058" 8516
"/Engine/EngineMaterials/Substrate/Glints2/dict_0006_0059" 8517
"/Engine/EngineMaterials/Substrate/Glints2/dict_0006_0060" 8518
"/Engine/EngineMaterials/Substrate/Glints2/dict_0006_0041" 8519
"/Engine/EngineMaterials/Substrate/Glints2/dict_0006_0042" 8520
"/Engine/EngineMaterials/Substrate/Glints2/dict_0006_0061" 8521
"/Engine/EngineMaterials/Substrate/Glints2/dict_0006_0062" 8522
"/Engine/EngineMaterials/Substrate/Glints2/dict_0006_0063" 8523
"/Engine/EngineMaterials/Substrate/Glints2/dict_0006_0064" 8524
"/Engine/EngineMaterials/Substrate/Glints2/dict_0006_0044" 8525
"../../../Engine/Content/EngineMaterials/Substrate/Glints2/dict_0006_0031.uasset" 8526
"../../../Engine/Content/EngineMaterials/Substrate/Glints2/dict_0006_0032.uasset" 8527
"../../../Engine/Content/EngineMaterials/Substrate/Glints2/dict_0006_0029.uasset" 8528
"../../../Engine/Content/EngineMaterials/Substrate/Glints2/dict_0006_0028.uasset" 8529
"../../../Engine/Content/EngineMaterials/Substrate/Glints2/dict_0006_0025.uasset" 8530
"../../../Engine/Content/EngineMaterials/Substrate/Glints2/dict_0006_0030.uasset" 8531
"../../../Engine/Content/EngineMaterials/Substrate/Glints2/dict_0006_0024.uasset" 8532
"../../../Engine/Content/EngineMaterials/Substrate/Glints2/dict_0006_0026.uasset" 8533
"../../../Engine/Content/EngineMaterials/Substrate/Glints2/dict_0006_0022.uasset" 8534
"../../../Engine/Content/EngineMaterials/Substrate/Glints2/dict_0006_0020.uasset" 8535
"/Engine/EngineMaterials/Substrate/Glints2/dict_0006_0033" 8536
"../../../Engine/Content/EngineMaterials/Substrate/Glints2/dict_0006_0019.uasset" 8537
"../../../Engine/Content/EngineMaterials/Substrate/Glints2/dict_0006_0027.uasset" 8538
"../../../Engine/Content/EngineMaterials/Substrate/Glints2/dict_0006_0023.uasset" 8539
"../../../Engine/Content/EngineMaterials/Substrate/Glints2/dict_0006_0018.uasset" 8540
"../../../Engine/Content/EngineMaterials/Substrate/Glints2/dict_0006_0021.uasset" 8541
"../../../Engine/Content/EngineMaterials/Substrate/Glints2/dict_0006_0017.uasset" 8542
"../../../Engine/Content/EngineMaterials/Substrate/Glints2/dict_0006_0016.uasset" 8543
"/Engine/EngineMaterials/Substrate/Glints2/dict_0006_0034" 8544
"../../../Engine/Content/EngineMaterials/Substrate/Glints2/dict_0006_0014.uasset" 8545
"../../../Engine/Content/EngineMaterials/Substrate/Glints2/dict_0006_0010.uasset" 8546
"../../../Engine/Content/EngineMaterials/Substrate/Glints2/dict_0006_0011.uasset" 8547
"../../../Engine/Content/EngineMaterials/Substrate/Glints2/dict_0006_0012.uasset" 8548
"../../../Engine/Content/EngineMaterials/Substrate/Glints2/dict_0006_0015.uasset" 8549
"../../../Engine/Content/EngineMaterials/Substrate/Glints2/dict_0006_0013.uasset" 8550
"/Engine/EngineMaterials/Substrate/Glints2/dict_0006_0035" 8551
"/Engine/EngineMaterials/Substrate/Glints2/dict_0006_0036" 8552
"/Engine/EngineMaterials/Substrate/Glints2/dict_0006_0037" 8553
"/Engine/EngineMaterials/Substrate/Glints2/dict_0006_0038" 8554
"/Engine/EngineMaterials/Substrate/Glints2/dict_0006_0039" 8555
"/Engine/EngineMaterials/Substrate/Glints2/dict_0006_0025" 8556
"/Engine/EngineMaterials/Substrate/Glints2/dict_0006_0040" 8557
"/Engine/EngineMaterials/Substrate/Glints2/dict_0006_0028" 8558
"/Engine/EngineMaterials/Substrate/Glints2/dict_0006_0029" 8559
"/Engine/EngineMaterials/Substrate/Glints2/dict_0006_0031" 8560
"/Engine/EngineMaterials/Substrate/Glints2/dict_0006_0043" 8561
"/Engine/EngineMaterials/Substrate/Glints2/dict_0006_0032" 8562
"../../../Engine/Content/EngineMaterials/Substrate/Glints2/dict_0006_0009.uasset" 8563
"../../../Engine/Content/EngineMaterials/Substrate/Glints2/dict_0006_0007.uasset" 8564
"../../../Engine/Content/EngineMaterials/Substrate/Glints2/dict_0006_0008.uasset" 8565
"../../../Engine/Content/EngineMaterials/Substrate/Glints2/dict_0006_0006.uasset" 8566
"../../../Engine/Content/EngineMaterials/Substrate/Glints2/dict_0006_0005.uasset" 8567
"../../../Engine/Content/EngineMaterials/Substrate/Glints2/dict_0006_0004.uasset" 8568
"../../../Engine/Content/EngineMaterials/Substrate/Glints2/dict_0006_0002.uasset" 8569
"../../../Engine/Content/EngineMaterials/Substrate/Glints2/dict_0005_0255.uasset" 8570
"../../../Engine/Content/EngineMaterials/Substrate/Glints2/dict_0006_0000.uasset" 8571
"../../../Engine/Content/EngineMaterials/Substrate/Glints2/dict_0006_0001.uasset" 8572
"../../../Engine/Content/EngineMaterials/Substrate/Glints2/dict_0005_0254.uasset" 8573
"../../../Engine/Content/EngineMaterials/Substrate/Glints2/dict_0005_0253.uasset" 8574
"../../../Engine/Content/EngineMaterials/Substrate/Glints2/dict_0005_0252.uasset" 8575
"/Engine/EngineMaterials/Substrate/Glints2/dict_0006_0010" 8576
"../../../Engine/Content/EngineMaterials/Substrate/Glints2/dict_0006_0003.uasset" 8577
"/Engine/EngineMaterials/Substrate/Glints2/dict_0006_0011" 8578
"/Engine/EngineMaterials/Substrate/Glints2/dict_0006_0012" 8579
"/Engine/EngineMaterials/Substrate/Glints2/dict_0006_0013" 8580
"/Engine/EngineMaterials/Substrate/Glints2/dict_0006_0014" 8581
"/Engine/EngineMaterials/Substrate/Glints2/dict_0006_0015" 8582
"/Engine/EngineMaterials/Substrate/Glints2/dict_0006_0016" 8583
"/Engine/EngineMaterials/Substrate/Glints2/dict_0006_0017" 8584
"/Engine/EngineMaterials/Substrate/Glints2/dict_0006_0018" 8585
"/Engine/EngineMaterials/Substrate/Glints2/dict_0006_0019" 8586
"/Engine/EngineMaterials/Substrate/Glints2/dict_0006_0020" 8587
"/Engine/EngineMaterials/Substrate/Glints2/dict_0006_0021" 8588
"/Engine/EngineMaterials/Substrate/Glints2/dict_0005_0255" 8589
"/Engine/EngineMaterials/Substrate/Glints2/dict_0006_0022" 8590
"/Engine/EngineMaterials/Substrate/Glints2/dict_0006_0023" 8591
"/Engine/EngineMaterials/Substrate/Glints2/dict_0006_0024" 8592
"/Engine/EngineMaterials/Substrate/Glints2/dict_0006_0000" 8593
"/Engine/EngineMaterials/Substrate/Glints2/dict_0006_0002" 8594
"/Engine/EngineMaterials/Substrate/Glints2/dict_0006_0004" 8595
"/Engine/EngineMaterials/Substrate/Glints2/dict_0006_0026" 8596
"/Engine/EngineMaterials/Substrate/Glints2/dict_0006_0027" 8597
"/Engine/EngineMaterials/Substrate/Glints2/dict_0006_0005" 8598
"/Engine/EngineMaterials/Substrate/Glints2/dict_0006_0006" 8599
"/Engine/EngineMaterials/Substrate/Glints2/dict_0006_0030" 8600
"/Engine/EngineMaterials/Substrate/Glints2/dict_0006_0007" 8601
"/Engine/EngineMaterials/Substrate/Glints2/dict_0006_0008" 8602
"/Engine/EngineMaterials/Substrate/Glints2/dict_0006_0009" 8603
"../../../Engine/Content/EngineMaterials/Substrate/Glints2/dict_0005_0249.uasset" 8604
"../../../Engine/Content/EngineMaterials/Substrate/Glints2/dict_0005_0248.uasset" 8605
"../../../Engine/Content/EngineMaterials/Substrate/Glints2/dict_0005_0245.uasset" 8606
"../../../Engine/Content/EngineMaterials/Substrate/Glints2/dict_0005_0247.uasset" 8607
"/Engine/EngineMaterials/Substrate/Glints2/dict_0005_0252" 8608
"../../../Engine/Content/EngineMaterials/Substrate/Glints2/dict_0005_0244.uasset" 8609
"../../../Engine/Content/EngineMaterials/Substrate/Glints2/dict_0005_0240.uasset" 8610
"../../../Engine/Content/EngineMaterials/Substrate/Glints2/dict_0005_0238.uasset" 8611
"../../../Engine/Content/EngineMaterials/Substrate/Glints2/dict_0005_0239.uasset" 8612
"../../../Engine/Content/EngineMaterials/Substrate/Glints2/dict_0005_0243.uasset" 8613
"../../../Engine/Content/EngineMaterials/Substrate/Glints2/dict_0005_0236.uasset" 8614
"/Engine/EngineMaterials/Substrate/Glints2/dict_0005_0253" 8615
"../../../Engine/Content/EngineMaterials/Substrate/Glints2/dict_0005_0246.uasset" 8616
"../../../Engine/Content/EngineMaterials/Substrate/Glints2/dict_0005_0233.uasset" 8617
"../../../Engine/Content/EngineMaterials/Substrate/Glints2/dict_0005_0232.uasset" 8618
"/Engine/EngineMaterials/Substrate/Glints2/dict_0005_0254" 8619
"../../../Engine/Content/EngineMaterials/Substrate/Glints2/dict_0005_0231.uasset" 8620
"../../../Engine/Content/EngineMaterials/Substrate/Glints2/dict_0005_0225.uasset" 8621
"../../../Engine/Content/EngineMaterials/Substrate/Glints2/dict_0005_0230.uasset" 8622
"../../../Engine/Content/EngineMaterials/Substrate/Glints2/dict_0005_0226.uasset" 8623
"../../../Engine/Content/EngineMaterials/Substrate/Glints2/dict_0005_0228.uasset" 8624
"../../../Engine/Content/EngineMaterials/Substrate/Glints2/dict_0005_0227.uasset" 8625
"../../../Engine/Content/EngineMaterials/Substrate/Glints2/dict_0005_0235.uasset" 8626
"../../../Engine/Content/EngineMaterials/Substrate/Glints2/dict_0005_0250.uasset" 8627
"/Engine/EngineMaterials/Substrate/Glints2/dict_0006_0001" 8628
"../../../Engine/Content/EngineMaterials/Substrate/Glints2/dict_0005_0237.uasset" 8629
"../../../Engine/Content/EngineMaterials/Substrate/Glints2/dict_0005_0242.uasset" 8630
"../../../Engine/Content/EngineMaterials/Substrate/Glints2/dict_0005_0241.uasset" 8631
"../../../Engine/Content/EngineMaterials/Substrate/Glints2/dict_0005_0229.uasset" 8632
"../../../Engine/Content/EngineMaterials/Substrate/Glints2/dict_0005_0234.uasset" 8633
"../../../Engine/Content/EngineMaterials/Substrate/Glints2/dict_0005_0251.uasset" 8634
"/Engine/EngineMaterials/Substrate/Glints2/dict_0006_0003" 8635
"../../../Engine/Content/EngineMaterials/Substrate/Glints2/dict_0005_0224.uasset" 8636
"../../../Engine/Content/EngineMaterials/Substrate/Glints2/dict_0005_0221.uasset" 8637
"../../../Engine/Content/EngineMaterials/Substrate/Glints2/dict_0005_0223.uasset" 8638
"/Engine/EngineMaterials/Substrate/Glints2/dict_0005_0225" 8639
"../../../Engine/Content/EngineMaterials/Substrate/Glints2/dict_0005_0222.uasset" 8640
"../../../Engine/Content/EngineMaterials/Substrate/Glints2/dict_0005_0220.uasset" 8641
"/Engine/EngineMaterials/Substrate/Glints2/dict_0005_0226" 8642
"/Engine/EngineMaterials/Substrate/Glints2/dict_0005_0227" 8643
"/Engine/EngineMaterials/Substrate/Glints2/dict_0005_0228" 8644
"/Engine/EngineMaterials/Substrate/Glints2/dict_0005_0229" 8645
"/Engine/EngineMaterials/Substrate/Glints2/dict_0005_0230" 8646
"/Engine/EngineMaterials/Substrate/Glints2/dict_0005_0231" 8647
"/Engine/EngineMaterials/Substrate/Glints2/dict_0005_0232" 8648
"/Engine/EngineMaterials/Substrate/Glints2/dict_0005_0233" 8649
"/Engine/EngineMaterials/Substrate/Glints2/dict_0005_0234" 8650
"/Engine/EngineMaterials/Substrate/Glints2/dict_0005_0235" 8651
"/Engine/EngineMaterials/Substrate/Glints2/dict_0005_0236" 8652
"/Engine/EngineMaterials/Substrate/Glints2/dict_0005_0237" 8653
"/Engine/EngineMaterials/Substrate/Glints2/dict_0005_0238" 8654
"/Engine/EngineMaterials/Substrate/Glints2/dict_0005_0239" 8655
"/Engine/EngineMaterials/Substrate/Glints2/dict_0005_0240" 8656
"/Engine/EngineMaterials/Substrate/Glints2/dict_0005_0241" 8657
"/Engine/EngineMaterials/Substrate/Glints2/dict_0005_0242" 8658
"/Engine/EngineMaterials/Substrate/Glints2/dict_0005_0243" 8659
"/Engine/EngineMaterials/Substrate/Glints2/dict_0005_0244" 8660
"/Engine/EngineMaterials/Substrate/Glints2/dict_0005_0245" 8661
"/Engine/EngineMaterials/Substrate/Glints2/dict_0005_0246" 8662
"/Engine/EngineMaterials/Substrate/Glints2/dict_0005_0247" 8663
"/Engine/EngineMaterials/Substrate/Glints2/dict_0005_0248" 8664
"/Engine/EngineMaterials/Substrate/Glints2/dict_0005_0249" 8665
"/Engine/EngineMaterials/Substrate/Glints2/dict_0005_0250" 8666
"/Engine/EngineMaterials/Substrate/Glints2/dict_0005_0251" 8667
"../../../Engine/Content/EngineMaterials/Substrate/Glints2/dict_0005_0215.uasset" 8668
"../../../Engine/Content/EngineMaterials/Substrate/Glints2/dict_0005_0214.uasset" 8669
"../../../Engine/Content/EngineMaterials/Substrate/Glints2/dict_0005_0211.uasset" 8670
"../../../Engine/Content/EngineMaterials/Substrate/Glints2/dict_0005_0209.uasset" 8671
"../../../Engine/Content/EngineMaterials/Substrate/Glints2/dict_0005_0210.uasset" 8672
"../../../Engine/Content/EngineMaterials/Substrate/Glints2/dict_0005_0204.uasset" 8673
"../../../Engine/Content/EngineMaterials/Substrate/Glints2/dict_0005_0202.uasset" 8674
"/Engine/EngineMaterials/Substrate/Glints2/dict_0005_0220" 8675
"../../../Engine/Content/EngineMaterials/Substrate/Glints2/dict_0005_0201.uasset" 8676
"../../../Engine/Content/EngineMaterials/Substrate/Glints2/dict_0005_0203.uasset" 8677
"../../../Engine/Content/EngineMaterials/Substrate/Glints2/dict_0005_0199.uasset" 8678
"../../../Engine/Content/EngineMaterials/Substrate/Glints2/dict_0005_0197.uasset" 8679
"../../../Engine/Content/EngineMaterials/Substrate/Glints2/dict_0005_0208.uasset" 8680
"../../../Engine/Content/EngineMaterials/Substrate/Glints2/dict_0005_0212.uasset" 8681
"../../../Engine/Content/EngineMaterials/Substrate/Glints2/dict_0005_0206.uasset" 8682
"../../../Engine/Content/EngineMaterials/Substrate/Glints2/dict_0005_0196.uasset" 8683
"../../../Engine/Content/EngineMaterials/Substrate/Glints2/dict_0005_0200.uasset" 8684
"../../../Engine/Content/EngineMaterials/Substrate/Glints2/dict_0005_0219.uasset" 8685
"../../../Engine/Content/EngineMaterials/Substrate/Glints2/dict_0005_0205.uasset" 8686
"../../../Engine/Content/EngineMaterials/Substrate/Glints2/dict_0005_0195.uasset" 8687
"../../../Engine/Content/EngineMaterials/Substrate/Glints2/dict_0005_0207.uasset" 8688
"/Engine/EngineMaterials/Substrate/Glints2/dict_0005_0221" 8689
"../../../Engine/Content/EngineMaterials/Substrate/Glints2/dict_0005_0194.uasset" 8690
"../../../Engine/Content/EngineMaterials/Substrate/Glints2/dict_0005_0193.uasset" 8691
"../../../Engine/Content/EngineMaterials/Substrate/Glints2/dict_0005_0217.uasset" 8692
"../../../Engine/Content/EngineMaterials/Substrate/Glints2/dict_0005_0198.uasset" 8693
"../../../Engine/Content/EngineMaterials/Substrate/Glints2/dict_0005_0216.uasset" 8694
"../../../Engine/Content/EngineMaterials/Substrate/Glints2/dict_0005_0218.uasset" 8695
"../../../Engine/Content/EngineMaterials/Substrate/Glints2/dict_0005_0213.uasset" 8696
"/Engine/EngineMaterials/Substrate/Glints2/dict_0005_0222" 8697
"/Engine/EngineMaterials/Substrate/Glints2/dict_0005_0223" 8698
"/Engine/EngineMaterials/Substrate/Glints2/dict_0005_0224" 8699
"/Engine/EngineMaterials/Substrate/Glints2/dict_0005_0214" 8700
"/Engine/EngineMaterials/Substrate/Glints2/dict_0005_0215" 8701
"../../../Engine/Content/EngineMaterials/Substrate/Glints2/dict_0005_0192.uasset" 8702
"../../../Engine/Content/EngineMaterials/Substrate/Glints2/dict_0005_0191.uasset" 8703
"../../../Engine/Content/EngineMaterials/Substrate/Glints2/dict_0005_0190.uasset" 8704
"../../../Engine/Content/EngineMaterials/Substrate/Glints2/dict_0005_0188.uasset" 8705
"/Engine/EngineMaterials/Substrate/Glints2/dict_0005_0193" 8706
"../../../Engine/Content/EngineMaterials/Substrate/Glints2/dict_0005_0189.uasset" 8707
"../../../Engine/Content/EngineMaterials/Substrate/Glints2/dict_0005_0187.uasset" 8708
"../../../Engine/Content/EngineMaterials/Substrate/Glints2/dict_0005_0186.uasset" 8709
"/Engine/EngineMaterials/Substrate/Glints2/dict_0005_0194" 8710
"/Engine/EngineMaterials/Substrate/Glints2/dict_0005_0195" 8711
"/Engine/EngineMaterials/Substrate/Glints2/dict_0005_0196" 8712
"/Engine/EngineMaterials/Substrate/Glints2/dict_0005_0197" 8713
"/Engine/EngineMaterials/Substrate/Glints2/dict_0005_0198" 8714
"/Engine/EngineMaterials/Substrate/Glints2/dict_0005_0199" 8715
"/Engine/EngineMaterials/Substrate/Glints2/dict_0005_0200" 8716
"/Engine/EngineMaterials/Substrate/Glints2/dict_0005_0201" 8717
"/Engine/EngineMaterials/Substrate/Glints2/dict_0005_0202" 8718
"/Engine/EngineMaterials/Substrate/Glints2/dict_0005_0203" 8719
"/Engine/EngineMaterials/Substrate/Glints2/dict_0005_0204" 8720
"/Engine/EngineMaterials/Substrate/Glints2/dict_0005_0205" 8721
"/Engine/EngineMaterials/Substrate/Glints2/dict_0005_0206" 8722
"/Engine/EngineMaterials/Substrate/Glints2/dict_0005_0207" 8723
"/Engine/EngineMaterials/Substrate/Glints2/dict_0005_0208" 8724
"/Engine/EngineMaterials/Substrate/Glints2/dict_0005_0209" 8725
"/Engine/EngineMaterials/Substrate/Glints2/dict_0005_0210" 8726
"/Engine/EngineMaterials/Substrate/Glints2/dict_0005_0211" 8727
"/Engine/EngineMaterials/Substrate/Glints2/dict_0005_0212" 8728
"/Engine/EngineMaterials/Substrate/Glints2/dict_0005_0213" 8729
"/Engine/EngineMaterials/Substrate/Glints2/dict_0005_0216" 8730
"/Engine/EngineMaterials/Substrate/Glints2/dict_0005_0217" 8731
"/Engine/EngineMaterials/Substrate/Glints2/dict_0005_0218" 8732
"/Engine/EngineMaterials/Substrate/Glints2/dict_0005_0219" 8733
"../../../Engine/Content/EngineMaterials/Substrate/Glints2/dict_0005_0185.uasset" 8734
"../../../Engine/Content/EngineMaterials/Substrate/Glints2/dict_0005_0184.uasset" 8735
"../../../Engine/Content/EngineMaterials/Substrate/Glints2/dict_0005_0183.uasset" 8736
"../../../Engine/Content/EngineMaterials/Substrate/Glints2/dict_0005_0182.uasset" 8737
"../../../Engine/Content/EngineMaterials/Substrate/Glints2/dict_0005_0181.uasset" 8738
"../../../Engine/Content/EngineMaterials/Substrate/Glints2/dict_0005_0180.uasset" 8739
"/Engine/EngineMaterials/Substrate/Glints2/dict_0005_0186" 8740
"../../../Engine/Content/EngineMaterials/Substrate/Glints2/dict_0005_0177.uasset" 8741
"../../../Engine/Content/EngineMaterials/Substrate/Glints2/dict_0005_0176.uasset" 8742
"../../../Engine/Content/EngineMaterials/Substrate/Glints2/dict_0005_0175.uasset" 8743
"../../../Engine/Content/EngineMaterials/Substrate/Glints2/dict_0005_0174.uasset" 8744
"../../../Engine/Content/EngineMaterials/Substrate/Glints2/dict_0005_0173.uasset" 8745
"../../../Engine/Content/EngineMaterials/Substrate/Glints2/dict_0005_0172.uasset" 8746
"../../../Engine/Content/EngineMaterials/Substrate/Glints2/dict_0005_0179.uasset" 8747
"../../../Engine/Content/EngineMaterials/Substrate/Glints2/dict_0005_0178.uasset" 8748
"../../../Engine/Content/EngineMaterials/Substrate/Glints2/dict_0005_0171.uasset" 8749
"../../../Engine/Content/EngineMaterials/Substrate/Glints2/dict_0005_0169.uasset" 8750
"../../../Engine/Content/EngineMaterials/Substrate/Glints2/dict_0005_0165.uasset" 8751
"/Engine/EngineMaterials/Substrate/Glints2/dict_0005_0187" 8752
"../../../Engine/Content/EngineMaterials/Substrate/Glints2/dict_0005_0166.uasset" 8753
"../../../Engine/Content/EngineMaterials/Substrate/Glints2/dict_0005_0162.uasset" 8754
"../../../Engine/Content/EngineMaterials/Substrate/Glints2/dict_0005_0168.uasset" 8755
"../../../Engine/Content/EngineMaterials/Substrate/Glints2/dict_0005_0164.uasset" 8756
"../../../Engine/Content/EngineMaterials/Substrate/Glints2/dict_0005_0163.uasset" 8757
"../../../Engine/Content/EngineMaterials/Substrate/Glints2/dict_0005_0161.uasset" 8758
"../../../Engine/Content/EngineMaterials/Substrate/Glints2/dict_0005_0170.uasset" 8759
"../../../Engine/Content/EngineMaterials/Substrate/Glints2/dict_0005_0167.uasset" 8760
"/Engine/EngineMaterials/Substrate/Glints2/dict_0005_0188" 8761
"/Engine/EngineMaterials/Substrate/Glints2/dict_0005_0189" 8762
"/Engine/EngineMaterials/Substrate/Glints2/dict_0005_0190" 8763
"/Engine/EngineMaterials/Substrate/Glints2/dict_0005_0191" 8764
"/Engine/EngineMaterials/Substrate/Glints2/dict_0005_0192" 8765
"/Engine/EngineMaterials/Substrate/Glints2/dict_0005_0184" 8766
"/Engine/EngineMaterials/Substrate/Glints2/dict_0005_0185" 8767
"../../../Engine/Content/EngineMaterials/Substrate/Glints2/dict_0005_0160.uasset" 8768
"../../../Engine/Content/EngineMaterials/Substrate/Glints2/dict_0005_0159.uasset" 8769
"../../../Engine/Content/EngineMaterials/Substrate/Glints2/dict_0005_0158.uasset" 8770
"../../../Engine/Content/EngineMaterials/Substrate/Glints2/dict_0005_0157.uasset" 8771
"../../../Engine/Content/EngineMaterials/Substrate/Glints2/dict_0005_0153.uasset" 8772
"../../../Engine/Content/EngineMaterials/Substrate/Glints2/dict_0005_0156.uasset" 8773
"../../../Engine/Content/EngineMaterials/Substrate/Glints2/dict_0005_0154.uasset" 8774
"../../../Engine/Content/EngineMaterials/Substrate/Glints2/dict_0005_0152.uasset" 8775
"/Engine/EngineMaterials/Substrate/Glints2/dict_0005_0161" 8776
"../../../Engine/Content/EngineMaterials/Substrate/Glints2/dict_0005_0155.uasset" 8777
"/Engine/EngineMaterials/Substrate/Glints2/dict_0005_0162" 8778
"/Engine/EngineMaterials/Substrate/Glints2/dict_0005_0163" 8779
"/Engine/EngineMaterials/Substrate/Glints2/dict_0005_0164" 8780
"/Engine/EngineMaterials/Substrate/Glints2/dict_0005_0165" 8781
"/Engine/EngineMaterials/Substrate/Glints2/dict_0005_0166" 8782
"/Engine/EngineMaterials/Substrate/Glints2/dict_0005_0167" 8783
"/Engine/EngineMaterials/Substrate/Glints2/dict_0005_0168" 8784
"/Engine/EngineMaterials/Substrate/Glints2/dict_0005_0169" 8785
"/Engine/EngineMaterials/Substrate/Glints2/dict_0005_0170" 8786
"/Engine/EngineMaterials/Substrate/Glints2/dict_0005_0171" 8787
"/Engine/EngineMaterials/Substrate/Glints2/dict_0005_0172" 8788
"/Engine/EngineMaterials/Substrate/Glints2/dict_0005_0173" 8789
"/Engine/EngineMaterials/Substrate/Glints2/dict_0005_0174" 8790
"/Engine/EngineMaterials/Substrate/Glints2/dict_0005_0175" 8791
"/Engine/EngineMaterials/Substrate/Glints2/dict_0005_0176" 8792
"/Engine/EngineMaterials/Substrate/Glints2/dict_0005_0177" 8793
"/Engine/EngineMaterials/Substrate/Glints2/dict_0005_0178" 8794
"/Engine/EngineMaterials/Substrate/Glints2/dict_0005_0179" 8795
"/Engine/EngineMaterials/Substrate/Glints2/dict_0005_0180" 8796
"/Engine/EngineMaterials/Substrate/Glints2/dict_0005_0181" 8797
"/Engine/EngineMaterials/Substrate/Glints2/dict_0005_0157" 8798
"/Engine/EngineMaterials/Substrate/Glints2/dict_0005_0158" 8799
"/Engine/EngineMaterials/Substrate/Glints2/dict_0005_0182" 8800
"/Engine/EngineMaterials/Substrate/Glints2/dict_0005_0183" 8801
"/Engine/EngineMaterials/Substrate/Glints2/dict_0005_0159" 8802
"/Engine/EngineMaterials/Substrate/Glints2/dict_0005_0160" 8803
"../../../Engine/Content/EngineMaterials/Substrate/Glints2/dict_0005_0150.uasset" 8804
"/Engine/EngineMaterials/Substrate/Glints2/dict_0005_0152" 8805
"../../../Engine/Content/EngineMaterials/Substrate/Glints2/dict_0005_0151.uasset" 8806
"/Engine/EngineMaterials/Substrate/Glints2/dict_0005_0153" 8807
"../../../Engine/Content/EngineMaterials/Substrate/Glints2/dict_0005_0144.uasset" 8808
"../../../Engine/Content/EngineMaterials/Substrate/Glints2/dict_0005_0142.uasset" 8809
"../../../Engine/Content/EngineMaterials/Substrate/Glints2/dict_0005_0148.uasset" 8810
"../../../Engine/Content/EngineMaterials/Substrate/Glints2/dict_0005_0145.uasset" 8811
"/Engine/EngineMaterials/Substrate/Glints2/dict_0005_0154" 8812
"../../../Engine/Content/EngineMaterials/Substrate/Glints2/dict_0005_0139.uasset" 8813
"../../../Engine/Content/EngineMaterials/Substrate/Glints2/dict_0005_0143.uasset" 8814
"../../../Engine/Content/EngineMaterials/Substrate/Glints2/dict_0005_0138.uasset" 8815
"../../../Engine/Content/EngineMaterials/Substrate/Glints2/dict_0005_0137.uasset" 8816
"../../../Engine/Content/EngineMaterials/Substrate/Glints2/dict_0005_0133.uasset" 8817
"../../../Engine/Content/EngineMaterials/Substrate/Glints2/dict_0005_0135.uasset" 8818
"../../../Engine/Content/EngineMaterials/Substrate/Glints2/dict_0005_0146.uasset" 8819
"../../../Engine/Content/EngineMaterials/Substrate/Glints2/dict_0005_0141.uasset" 8820
"../../../Engine/Content/EngineMaterials/Substrate/Glints2/dict_0005_0149.uasset" 8821
"../../../Engine/Content/EngineMaterials/Substrate/Glints2/dict_0005_0147.uasset" 8822
"../../../Engine/Content/EngineMaterials/Substrate/Glints2/dict_0005_0134.uasset" 8823
"../../../Engine/Content/EngineMaterials/Substrate/Glints2/dict_0005_0140.uasset" 8824
"../../../Engine/Content/EngineMaterials/Substrate/Glints2/dict_0005_0128.uasset" 8825
"../../../Engine/Content/EngineMaterials/Substrate/Glints2/dict_0005_0126.uasset" 8826
"../../../Engine/Content/EngineMaterials/Substrate/Glints2/dict_0005_0125.uasset" 8827
"../../../Engine/Content/EngineMaterials/Substrate/Glints2/dict_0005_0132.uasset" 8828
"../../../Engine/Content/EngineMaterials/Substrate/Glints2/dict_0005_0129.uasset" 8829
"../../../Engine/Content/EngineMaterials/Substrate/Glints2/dict_0005_0130.uasset" 8830
"../../../Engine/Content/EngineMaterials/Substrate/Glints2/dict_0005_0131.uasset" 8831
"../../../Engine/Content/EngineMaterials/Substrate/Glints2/dict_0005_0127.uasset" 8832
"/Engine/EngineMaterials/Substrate/Glints2/dict_0005_0155" 8833
"../../../Engine/Content/EngineMaterials/Substrate/Glints2/dict_0005_0136.uasset" 8834
"/Engine/EngineMaterials/Substrate/Glints2/dict_0005_0156" 8835
"../../../Engine/Content/EngineMaterials/Substrate/Glints2/dict_0005_0123.uasset" 8836
"../../../Engine/Content/EngineMaterials/Substrate/Glints2/dict_0005_0122.uasset" 8837
"../../../Engine/Content/EngineMaterials/Substrate/Glints2/dict_0005_0121.uasset" 8838
"/Engine/EngineMaterials/Substrate/Glints2/dict_0005_0125" 8839
"../../../Engine/Content/EngineMaterials/Substrate/Glints2/dict_0005_0124.uasset" 8840
"../../../Engine/Content/EngineMaterials/Substrate/Glints2/dict_0005_0120.uasset" 8841
"/Engine/EngineMaterials/Substrate/Glints2/dict_0005_0126" 8842
"/Engine/EngineMaterials/Substrate/Glints2/dict_0005_0127" 8843
"/Engine/EngineMaterials/Substrate/Glints2/dict_0005_0128" 8844
"/Engine/EngineMaterials/Substrate/Glints2/dict_0005_0129" 8845
"/Engine/EngineMaterials/Substrate/Glints2/dict_0005_0130" 8846
"/Engine/EngineMaterials/Substrate/Glints2/dict_0005_0131" 8847
"/Engine/EngineMaterials/Substrate/Glints2/dict_0005_0132" 8848
"/Engine/EngineMaterials/Substrate/Glints2/dict_0005_0133" 8849
"/Engine/EngineMaterials/Substrate/Glints2/dict_0005_0134" 8850
"/Engine/EngineMaterials/Substrate/Glints2/dict_0005_0135" 8851
"/Engine/EngineMaterials/Substrate/Glints2/dict_0005_0136" 8852
"/Engine/EngineMaterials/Substrate/Glints2/dict_0005_0137" 8853
"/Engine/EngineMaterials/Substrate/Glints2/dict_0005_0138" 8854
"/Engine/EngineMaterials/Substrate/Glints2/dict_0005_0139" 8855
"/Engine/EngineMaterials/Substrate/Glints2/dict_0005_0140" 8856
"/Engine/EngineMaterials/Substrate/Glints2/dict_0005_0141" 8857
"/Engine/EngineMaterials/Substrate/Glints2/dict_0005_0142" 8858
"/Engine/EngineMaterials/Substrate/Glints2/dict_0005_0143" 8859
"/Engine/EngineMaterials/Substrate/Glints2/dict_0005_0144" 8860
"/Engine/EngineMaterials/Substrate/Glints2/dict_0005_0145" 8861
"/Engine/EngineMaterials/Substrate/Glints2/dict_0005_0146" 8862
"/Engine/EngineMaterials/Substrate/Glints2/dict_0005_0147" 8863
"/Engine/EngineMaterials/Substrate/Glints2/dict_0005_0148" 8864
"/Engine/EngineMaterials/Substrate/Glints2/dict_0005_0149" 8865
"/Engine/EngineMaterials/Substrate/Glints2/dict_0005_0150" 8866
"/Engine/EngineMaterials/Substrate/Glints2/dict_0005_0151" 8867
"../../../Engine/Content/EngineMaterials/Substrate/Glints2/dict_0005_0117.uasset" 8868
"../../../Engine/Content/EngineMaterials/Substrate/Glints2/dict_0005_0119.uasset" 8869
"../../../Engine/Content/EngineMaterials/Substrate/Glints2/dict_0005_0114.uasset" 8870
"../../../Engine/Content/EngineMaterials/Substrate/Glints2/dict_0005_0113.uasset" 8871
"/Engine/EngineMaterials/Substrate/Glints2/dict_0005_0120" 8872
"../../../Engine/Content/EngineMaterials/Substrate/Glints2/dict_0005_0109.uasset" 8873
"../../../Engine/Content/EngineMaterials/Substrate/Glints2/dict_0005_0115.uasset" 8874
"../../../Engine/Content/EngineMaterials/Substrate/Glints2/dict_0005_0107.uasset" 8875
"../../../Engine/Content/EngineMaterials/Substrate/Glints2/dict_0005_0108.uasset" 8876
"../../../Engine/Content/EngineMaterials/Substrate/Glints2/dict_0005_0118.uasset" 8877
"../../../Engine/Content/EngineMaterials/Substrate/Glints2/dict_0005_0103.uasset" 8878
"../../../Engine/Content/EngineMaterials/Substrate/Glints2/dict_0005_0102.uasset" 8879
"../../../Engine/Content/EngineMaterials/Substrate/Glints2/dict_0005_0100.uasset" 8880
"../../../Engine/Content/EngineMaterials/Substrate/Glints2/dict_0005_0099.uasset" 8881
"../../../Engine/Content/EngineMaterials/Substrate/Glints2/dict_0005_0098.uasset" 8882
"../../../Engine/Content/EngineMaterials/Substrate/Glints2/dict_0005_0110.uasset" 8883
"../../../Engine/Content/EngineMaterials/Substrate/Glints2/dict_0005_0097.uasset" 8884
"../../../Engine/Content/EngineMaterials/Substrate/Glints2/dict_0005_0112.uasset" 8885
"../../../Engine/Content/EngineMaterials/Substrate/Glints2/dict_0005_0094.uasset" 8886
"../../../Engine/Content/EngineMaterials/Substrate/Glints2/dict_0005_0105.uasset" 8887
"../../../Engine/Content/EngineMaterials/Substrate/Glints2/dict_0005_0106.uasset" 8888
"../../../Engine/Content/EngineMaterials/Substrate/Glints2/dict_0005_0095.uasset" 8889
"../../../Engine/Content/EngineMaterials/Substrate/Glints2/dict_0005_0096.uasset" 8890
"../../../Engine/Content/EngineMaterials/Substrate/Glints2/dict_0005_0101.uasset" 8891
"../../../Engine/Content/EngineMaterials/Substrate/Glints2/dict_0005_0111.uasset" 8892
"../../../Engine/Content/EngineMaterials/Substrate/Glints2/dict_0005_0093.uasset" 8893
"../../../Engine/Content/EngineMaterials/Substrate/Glints2/dict_0005_0116.uasset" 8894
"../../../Engine/Content/EngineMaterials/Substrate/Glints2/dict_0005_0104.uasset" 8895
"/Engine/EngineMaterials/Substrate/Glints2/dict_0005_0121" 8896
"/Engine/EngineMaterials/Substrate/Glints2/dict_0005_0122" 8897
"/Engine/EngineMaterials/Substrate/Glints2/dict_0005_0123" 8898
"/Engine/EngineMaterials/Substrate/Glints2/dict_0005_0124" 8899
"../../../Engine/Content/EngineMaterials/Substrate/Glints2/dict_0005_0092.uasset" 8900
"../../../Engine/Content/EngineMaterials/Substrate/Glints2/dict_0005_0091.uasset" 8901
"../../../Engine/Content/EngineMaterials/Substrate/Glints2/dict_0005_0090.uasset" 8902
"../../../Engine/Content/EngineMaterials/Substrate/Glints2/dict_0005_0088.uasset" 8903
"/Engine/EngineMaterials/Substrate/Glints2/dict_0005_0093" 8904
"../../../Engine/Content/EngineMaterials/Substrate/Glints2/dict_0005_0089.uasset" 8905
"/Engine/EngineMaterials/Substrate/Glints2/dict_0005_0094" 8906
"/Engine/EngineMaterials/Substrate/Glints2/dict_0005_0095" 8907
"/Engine/EngineMaterials/Substrate/Glints2/dict_0005_0096" 8908
"/Engine/EngineMaterials/Substrate/Glints2/dict_0005_0097" 8909
"/Engine/EngineMaterials/Substrate/Glints2/dict_0005_0098" 8910
"/Engine/EngineMaterials/Substrate/Glints2/dict_0005_0099" 8911
"/Engine/EngineMaterials/Substrate/Glints2/dict_0005_0100" 8912
"/Engine/EngineMaterials/Substrate/Glints2/dict_0005_0101" 8913
"/Engine/EngineMaterials/Substrate/Glints2/dict_0005_0102" 8914
"/Engine/EngineMaterials/Substrate/Glints2/dict_0005_0103" 8915
"/Engine/EngineMaterials/Substrate/Glints2/dict_0005_0104" 8916
"/Engine/EngineMaterials/Substrate/Glints2/dict_0005_0105" 8917
"/Engine/EngineMaterials/Substrate/Glints2/dict_0005_0106" 8918
"/Engine/EngineMaterials/Substrate/Glints2/dict_0005_0107" 8919
"/Engine/EngineMaterials/Substrate/Glints2/dict_0005_0108" 8920
"/Engine/EngineMaterials/Substrate/Glints2/dict_0005_0109" 8921
"/Engine/EngineMaterials/Substrate/Glints2/dict_0005_0110" 8922
"/Engine/EngineMaterials/Substrate/Glints2/dict_0005_0111" 8923
"/Engine/EngineMaterials/Substrate/Glints2/dict_0005_0112" 8924
"/Engine/EngineMaterials/Substrate/Glints2/dict_0005_0113" 8925
"/Engine/EngineMaterials/Substrate/Glints2/dict_0005_0114" 8926
"/Engine/EngineMaterials/Substrate/Glints2/dict_0005_0115" 8927
"/Engine/EngineMaterials/Substrate/Glints2/dict_0005_0116" 8928
"/Engine/EngineMaterials/Substrate/Glints2/dict_0005_0117" 8929
"/Engine/EngineMaterials/Substrate/Glints2/dict_0005_0118" 8930
"/Engine/EngineMaterials/Substrate/Glints2/dict_0005_0119" 8931
"../../../Engine/Content/EngineMaterials/Substrate/Glints2/dict_0005_0086.uasset" 8932
"../../../Engine/Content/EngineMaterials/Substrate/Glints2/dict_0005_0080.uasset" 8933
"../../../Engine/Content/EngineMaterials/Substrate/Glints2/dict_0005_0081.uasset" 8934
"/Engine/EngineMaterials/Substrate/Glints2/dict_0005_0088" 8935
"../../../Engine/Content/EngineMaterials/Substrate/Glints2/dict_0005_0079.uasset" 8936
"../../../Engine/Content/EngineMaterials/Substrate/Glints2/dict_0005_0078.uasset" 8937
"../../../Engine/Content/EngineMaterials/Substrate/Glints2/dict_0005_0077.uasset" 8938
"../../../Engine/Content/EngineMaterials/Substrate/Glints2/dict_0005_0083.uasset" 8939
"../../../Engine/Content/EngineMaterials/Substrate/Glints2/dict_0005_0072.uasset" 8940
"../../../Engine/Content/EngineMaterials/Substrate/Glints2/dict_0005_0070.uasset" 8941
"../../../Engine/Content/EngineMaterials/Substrate/Glints2/dict_0005_0068.uasset" 8942
"../../../Engine/Content/EngineMaterials/Substrate/Glints2/dict_0005_0067.uasset" 8943
"../../../Engine/Content/EngineMaterials/Substrate/Glints2/dict_0005_0084.uasset" 8944
"../../../Engine/Content/EngineMaterials/Substrate/Glints2/dict_0005_0069.uasset" 8945
"../../../Engine/Content/EngineMaterials/Substrate/Glints2/dict_0005_0073.uasset" 8946
"../../../Engine/Content/EngineMaterials/Substrate/Glints2/dict_0005_0076.uasset" 8947
"../../../Engine/Content/EngineMaterials/Substrate/Glints2/dict_0005_0062.uasset" 8948
"../../../Engine/Content/EngineMaterials/Substrate/Glints2/dict_0005_0065.uasset" 8949
"../../../Engine/Content/EngineMaterials/Substrate/Glints2/dict_0005_0085.uasset" 8950
"../../../Engine/Content/EngineMaterials/Substrate/Glints2/dict_0005_0082.uasset" 8951
"../../../Engine/Content/EngineMaterials/Substrate/Glints2/dict_0005_0061.uasset" 8952
"../../../Engine/Content/EngineMaterials/Substrate/Glints2/dict_0005_0074.uasset" 8953
"/Engine/EngineMaterials/Substrate/Glints2/dict_0005_0089" 8954
"../../../Engine/Content/EngineMaterials/Substrate/Glints2/dict_0005_0066.uasset" 8955
"../../../Engine/Content/EngineMaterials/Substrate/Glints2/dict_0005_0087.uasset" 8956
"../../../Engine/Content/EngineMaterials/Substrate/Glints2/dict_0005_0064.uasset" 8957
"../../../Engine/Content/EngineMaterials/Substrate/Glints2/dict_0005_0063.uasset" 8958
"../../../Engine/Content/EngineMaterials/Substrate/Glints2/dict_0005_0075.uasset" 8959
"../../../Engine/Content/EngineMaterials/Substrate/Glints2/dict_0005_0071.uasset" 8960
"/Engine/EngineMaterials/Substrate/Glints2/dict_0005_0090" 8961
"/Engine/EngineMaterials/Substrate/Glints2/dict_0005_0091" 8962
"/Engine/EngineMaterials/Substrate/Glints2/dict_0005_0092" 8963
"../../../Engine/Content/EngineMaterials/Substrate/Glints2/dict_0005_0060.uasset" 8964
"../../../Engine/Content/EngineMaterials/Substrate/Glints2/dict_0005_0059.uasset" 8965
"../../../Engine/Content/EngineMaterials/Substrate/Glints2/dict_0005_0058.uasset" 8966
"../../../Engine/Content/EngineMaterials/Substrate/Glints2/dict_0005_0057.uasset" 8967
"../../../Engine/Content/EngineMaterials/Substrate/Glints2/dict_0005_0056.uasset" 8968
"/Engine/EngineMaterials/Substrate/Glints2/dict_0005_0061" 8969
"/Engine/EngineMaterials/Substrate/Glints2/dict_0005_0062" 8970
"/Engine/EngineMaterials/Substrate/Glints2/dict_0005_0063" 8971
"/Engine/EngineMaterials/Substrate/Glints2/dict_0005_0064" 8972
"/Engine/EngineMaterials/Substrate/Glints2/dict_0005_0065" 8973
"/Engine/EngineMaterials/Substrate/Glints2/dict_0005_0066" 8974
"/Engine/EngineMaterials/Substrate/Glints2/dict_0005_0067" 8975
"/Engine/EngineMaterials/Substrate/Glints2/dict_0005_0068" 8976
"/Engine/EngineMaterials/Substrate/Glints2/dict_0005_0069" 8977
"/Engine/EngineMaterials/Substrate/Glints2/dict_0005_0070" 8978
"/Engine/EngineMaterials/Substrate/Glints2/dict_0005_0071" 8979
"/Engine/EngineMaterials/Substrate/Glints2/dict_0005_0072" 8980
"/Engine/EngineMaterials/Substrate/Glints2/dict_0005_0073" 8981
"/Engine/EngineMaterials/Substrate/Glints2/dict_0005_0074" 8982
"/Engine/EngineMaterials/Substrate/Glints2/dict_0005_0075" 8983
"/Engine/EngineMaterials/Substrate/Glints2/dict_0005_0076" 8984
"/Engine/EngineMaterials/Substrate/Glints2/dict_0005_0077" 8985
"/Engine/EngineMaterials/Substrate/Glints2/dict_0005_0078" 8986
"/Engine/EngineMaterials/Substrate/Glints2/dict_0005_0060" 8987
"/Engine/EngineMaterials/Substrate/Glints2/dict_0005_0079" 8988
"/Engine/EngineMaterials/Substrate/Glints2/dict_0005_0080" 8989
"/Engine/EngineMaterials/Substrate/Glints2/dict_0005_0081" 8990
"/Engine/EngineMaterials/Substrate/Glints2/dict_0005_0082" 8991
"/Engine/EngineMaterials/Substrate/Glints2/dict_0005_0083" 8992
"/Engine/EngineMaterials/Substrate/Glints2/dict_0005_0084" 8993
"/Engine/EngineMaterials/Substrate/Glints2/dict_0005_0085" 8994
"/Engine/EngineMaterials/Substrate/Glints2/dict_0005_0086" 8995
"/Engine/EngineMaterials/Substrate/Glints2/dict_0005_0087" 8996
"../../../Engine/Content/EngineMaterials/Substrate/Glints2/dict_0005_0054.uasset" 8997
"../../../Engine/Content/EngineMaterials/Substrate/Glints2/dict_0005_0053.uasset" 8998
"../../../Engine/Content/EngineMaterials/Substrate/Glints2/dict_0005_0051.uasset" 8999
"/Engine/EngineMaterials/Substrate/Glints2/dict_0005_0056" 9000
"../../../Engine/Content/EngineMaterials/Substrate/Glints2/dict_0005_0052.uasset" 9001
"../../../Engine/Content/EngineMaterials/Substrate/Glints2/dict_0005_0050.uasset" 9002
"../../../Engine/Content/EngineMaterials/Substrate/Glints2/dict_0005_0047.uasset" 9003
"../../../Engine/Content/EngineMaterials/Substrate/Glints2/dict_0005_0049.uasset" 9004
"../../../Engine/Content/EngineMaterials/Substrate/Glints2/dict_0005_0045.uasset" 9005
"../../../Engine/Content/EngineMaterials/Substrate/Glints2/dict_0005_0055.uasset" 9006
"../../../Engine/Content/EngineMaterials/Substrate/Glints2/dict_0005_0041.uasset" 9007
"../../../Engine/Content/EngineMaterials/Substrate/Glints2/dict_0005_0039.uasset" 9008
"../../../Engine/Content/EngineMaterials/Substrate/Glints2/dict_0005_0036.uasset" 9009
"../../../Engine/Content/EngineMaterials/Substrate/Glints2/dict_0005_0040.uasset" 9010
"../../../Engine/Content/EngineMaterials/Substrate/Glints2/dict_0005_0032.uasset" 9011
"../../../Engine/Content/EngineMaterials/Substrate/Glints2/dict_0005_0033.uasset" 9012
"../../../Engine/Content/EngineMaterials/Substrate/Glints2/dict_0005_0037.uasset" 9013
"../../../Engine/Content/EngineMaterials/Substrate/Glints2/dict_0005_0044.uasset" 9014
"../../../Engine/Content/EngineMaterials/Substrate/Glints2/dict_0005_0046.uasset" 9015
"/Engine/EngineMaterials/Substrate/Glints2/dict_0005_0057" 9016
"../../../Engine/Content/EngineMaterials/Substrate/Glints2/dict_0005_0030.uasset" 9017
"../../../Engine/Content/EngineMaterials/Substrate/Glints2/dict_0005_0034.uasset" 9018
"../../../Engine/Content/EngineMaterials/Substrate/Glints2/dict_0005_0042.uasset" 9019
"../../../Engine/Content/EngineMaterials/Substrate/Glints2/dict_0005_0031.uasset" 9020
"../../../Engine/Content/EngineMaterials/Substrate/Glints2/dict_0005_0038.uasset" 9021
"../../../Engine/Content/EngineMaterials/Substrate/Glints2/dict_0005_0029.uasset" 9022
"../../../Engine/Content/EngineMaterials/Substrate/Glints2/dict_0005_0043.uasset" 9023
"../../../Engine/Content/EngineMaterials/Substrate/Glints2/dict_0005_0028.uasset" 9024
"../../../Engine/Content/EngineMaterials/Substrate/Glints2/dict_0005_0048.uasset" 9025
"/Engine/EngineMaterials/Substrate/Glints2/dict_0005_0058" 9026
"../../../Engine/Content/EngineMaterials/Substrate/Glints2/dict_0005_0035.uasset" 9027
"/Engine/EngineMaterials/Substrate/Glints2/dict_0005_0059" 9028
"../../../Engine/Content/EngineMaterials/Substrate/Glints2/dict_0005_0024.uasset" 9029
"../../../Engine/Content/EngineMaterials/Substrate/Glints2/dict_0005_0027.uasset" 9030
"../../../Engine/Content/EngineMaterials/Substrate/Glints2/dict_0005_0026.uasset" 9031
"../../../Engine/Content/EngineMaterials/Substrate/Glints2/dict_0005_0025.uasset" 9032
"/Engine/EngineMaterials/Substrate/Glints2/dict_0005_0028" 9033
"/Engine/EngineMaterials/Substrate/Glints2/dict_0005_0029" 9034
"/Engine/EngineMaterials/Substrate/Glints2/dict_0005_0030" 9035
"/Engine/EngineMaterials/Substrate/Glints2/dict_0005_0031" 9036
"/Engine/EngineMaterials/Substrate/Glints2/dict_0005_0032" 9037
"/Engine/EngineMaterials/Substrate/Glints2/dict_0005_0033" 9038
"/Engine/EngineMaterials/Substrate/Glints2/dict_0005_0034" 9039
"/Engine/EngineMaterials/Substrate/Glints2/dict_0005_0035" 9040
"/Engine/EngineMaterials/Substrate/Glints2/dict_0005_0036" 9041
"/Engine/EngineMaterials/Substrate/Glints2/dict_0005_0037" 9042
"/Engine/EngineMaterials/Substrate/Glints2/dict_0005_0038" 9043
"/Engine/EngineMaterials/Substrate/Glints2/dict_0005_0039" 9044
"/Engine/EngineMaterials/Substrate/Glints2/dict_0005_0040" 9045
"/Engine/EngineMaterials/Substrate/Glints2/dict_0005_0041" 9046
"/Engine/EngineMaterials/Substrate/Glints2/dict_0005_0042" 9047
"/Engine/EngineMaterials/Substrate/Glints2/dict_0005_0043" 9048
"/Engine/EngineMaterials/Substrate/Glints2/dict_0005_0044" 9049
"/Engine/EngineMaterials/Substrate/Glints2/dict_0005_0045" 9050
"/Engine/EngineMaterials/Substrate/Glints2/dict_0005_0046" 9051
"/Engine/EngineMaterials/Substrate/Glints2/dict_0005_0047" 9052
"/Engine/EngineMaterials/Substrate/Glints2/dict_0005_0048" 9053
"/Engine/EngineMaterials/Substrate/Glints2/dict_0005_0049" 9054
"/Engine/EngineMaterials/Substrate/Glints2/dict_0005_0050" 9055
"/Engine/EngineMaterials/Substrate/Glints2/dict_0005_0051" 9056
"/Engine/EngineMaterials/Substrate/Glints2/dict_0005_0052" 9057
"/Engine/EngineMaterials/Substrate/Glints2/dict_0005_0053" 9058
"/Engine/EngineMaterials/Substrate/Glints2/dict_0005_0054" 9059
"/Engine/EngineMaterials/Substrate/Glints2/dict_0005_0055" 9060
"../../../Engine/Content/EngineMaterials/Substrate/Glints2/dict_0005_0023.uasset" 9061
"../../../Engine/Content/EngineMaterials/Substrate/Glints2/dict_0005_0020.uasset" 9062
"../../../Engine/Content/EngineMaterials/Substrate/Glints2/dict_0005_0022.uasset" 9063
"../../../Engine/Content/EngineMaterials/Substrate/Glints2/dict_0005_0017.uasset" 9064
"/Engine/EngineMaterials/Substrate/Glints2/dict_0005_0024" 9065
"../../../Engine/Content/EngineMaterials/Substrate/Glints2/dict_0005_0019.uasset" 9066
"/Engine/EngineMaterials/Substrate/Glints2/dict_0005_0025" 9067
"../../../Engine/Content/EngineMaterials/Substrate/Glints2/dict_0005_0016.uasset" 9068
"../../../Engine/Content/EngineMaterials/Substrate/Glints2/dict_0005_0018.uasset" 9069
"../../../Engine/Content/EngineMaterials/Substrate/Glints2/dict_0005_0021.uasset" 9070
"../../../Engine/Content/EngineMaterials/Substrate/Glints2/dict_0005_0010.uasset" 9071
"../../../Engine/Content/EngineMaterials/Substrate/Glints2/dict_0005_0011.uasset" 9072
"../../../Engine/Content/EngineMaterials/Substrate/Glints2/dict_0005_0005.uasset" 9073
"../../../Engine/Content/EngineMaterials/Substrate/Glints2/dict_0005_0009.uasset" 9074
"../../../Engine/Content/EngineMaterials/Substrate/Glints2/dict_0005_0013.uasset" 9075
"../../../Engine/Content/EngineMaterials/Substrate/Glints2/dict_0005_0004.uasset" 9076
"../../../Engine/Content/EngineMaterials/Substrate/Glints2/dict_0005_0012.uasset" 9077
"../../../Engine/Content/EngineMaterials/Substrate/Glints2/dict_0005_0003.uasset" 9078
"../../../Engine/Content/EngineMaterials/Substrate/Glints2/dict_0005_0015.uasset" 9079
"../../../Engine/Content/EngineMaterials/Substrate/Glints2/dict_0005_0000.uasset" 9080
"../../../Engine/Content/EngineMaterials/Substrate/Glints2/dict_0005_0008.uasset" 9081
"../../../Engine/Content/EngineMaterials/Substrate/Glints2/dict_0005_0006.uasset" 9082
"../../../Engine/Content/EngineMaterials/Substrate/Glints2/dict_0005_0001.uasset" 9083
"../../../Engine/Content/EngineMaterials/Substrate/Glints2/dict_0005_0002.uasset" 9084
"../../../Engine/Content/EngineMaterials/Substrate/Glints2/dict_0004_0253.uasset" 9085
"../../../Engine/Content/EngineMaterials/Substrate/Glints2/dict_0005_0007.uasset" 9086
"../../../Engine/Content/EngineMaterials/Substrate/Glints2/dict_0005_0014.uasset" 9087
"/Engine/EngineMaterials/Substrate/Glints2/dict_0005_0026" 9088
"../../../Engine/Content/EngineMaterials/Substrate/Glints2/dict_0004_0255.uasset" 9089
"../../../Engine/Content/EngineMaterials/Substrate/Glints2/dict_0004_0252.uasset" 9090
"../../../Engine/Content/EngineMaterials/Substrate/Glints2/dict_0004_0254.uasset" 9091
"/Engine/EngineMaterials/Substrate/Glints2/dict_0005_0027" 9092
"../../../Engine/Content/EngineMaterials/Substrate/Glints2/dict_0004_0249.uasset" 9093
"../../../Engine/Content/EngineMaterials/Substrate/Glints2/dict_0004_0251.uasset" 9094
"../../../Engine/Content/EngineMaterials/Substrate/Glints2/dict_0004_0250.uasset" 9095
"../../../Engine/Content/EngineMaterials/Substrate/Glints2/dict_0004_0248.uasset" 9096
"/Engine/EngineMaterials/Substrate/Glints2/dict_0004_0252" 9097
"/Engine/EngineMaterials/Substrate/Glints2/dict_0004_0253" 9098
"/Engine/EngineMaterials/Substrate/Glints2/dict_0004_0254" 9099
"/Engine/EngineMaterials/Substrate/Glints2/dict_0004_0255" 9100
"/Engine/EngineMaterials/Substrate/Glints2/dict_0005_0000" 9101
"/Engine/EngineMaterials/Substrate/Glints2/dict_0005_0001" 9102
"/Engine/EngineMaterials/Substrate/Glints2/dict_0005_0002" 9103
"/Engine/EngineMaterials/Substrate/Glints2/dict_0005_0003" 9104
"/Engine/EngineMaterials/Substrate/Glints2/dict_0005_0004" 9105
"/Engine/EngineMaterials/Substrate/Glints2/dict_0005_0005" 9106
"/Engine/EngineMaterials/Substrate/Glints2/dict_0005_0006" 9107
"/Engine/EngineMaterials/Substrate/Glints2/dict_0005_0007" 9108
"/Engine/EngineMaterials/Substrate/Glints2/dict_0005_0008" 9109
"/Engine/EngineMaterials/Substrate/Glints2/dict_0005_0009" 9110
"/Engine/EngineMaterials/Substrate/Glints2/dict_0005_0010" 9111
"/Engine/EngineMaterials/Substrate/Glints2/dict_0005_0011" 9112
"/Engine/EngineMaterials/Substrate/Glints2/dict_0005_0012" 9113
"/Engine/EngineMaterials/Substrate/Glints2/dict_0005_0013" 9114
"/Engine/EngineMaterials/Substrate/Glints2/dict_0005_0014" 9115
"/Engine/EngineMaterials/Substrate/Glints2/dict_0005_0015" 9116
"/Engine/EngineMaterials/Substrate/Glints2/dict_0005_0016" 9117
"/Engine/EngineMaterials/Substrate/Glints2/dict_0005_0017" 9118
"/Engine/EngineMaterials/Substrate/Glints2/dict_0005_0018" 9119
"/Engine/EngineMaterials/Substrate/Glints2/dict_0005_0019" 9120
"/Engine/EngineMaterials/Substrate/Glints2/dict_0005_0020" 9121
"/Engine/EngineMaterials/Substrate/Glints2/dict_0005_0021" 9122
"/Engine/EngineMaterials/Substrate/Glints2/dict_0005_0022" 9123
"/Engine/EngineMaterials/Substrate/Glints2/dict_0005_0023" 9124
"../../../Engine/Content/EngineMaterials/Substrate/Glints2/dict_0004_0242.uasset" 9125
"../../../Engine/Content/EngineMaterials/Substrate/Glints2/dict_0004_0244.uasset" 9126
"../../../Engine/Content/EngineMaterials/Substrate/Glints2/dict_0004_0246.uasset" 9127
"/Engine/EngineMaterials/Substrate/Glints2/dict_0004_0248" 9128
"../../../Engine/Content/EngineMaterials/Substrate/Glints2/dict_0004_0243.uasset" 9129
"../../../Engine/Content/EngineMaterials/Substrate/Glints2/dict_0004_0239.uasset" 9130
"../../../Engine/Content/EngineMaterials/Substrate/Glints2/dict_0004_0236.uasset" 9131
"../../../Engine/Content/EngineMaterials/Substrate/Glints2/dict_0004_0238.uasset" 9132
"../../../Engine/Content/EngineMaterials/Substrate/Glints2/dict_0004_0234.uasset" 9133
"../../../Engine/Content/EngineMaterials/Substrate/Glints2/dict_0004_0233.uasset" 9134
"../../../Engine/Content/EngineMaterials/Substrate/Glints2/dict_0004_0230.uasset" 9135
"../../../Engine/Content/EngineMaterials/Substrate/Glints2/dict_0004_0240.uasset" 9136
"../../../Engine/Content/EngineMaterials/Substrate/Glints2/dict_0004_0229.uasset" 9137
"../../../Engine/Content/EngineMaterials/Substrate/Glints2/dict_0004_0232.uasset" 9138
"../../../Engine/Content/EngineMaterials/Substrate/Glints2/dict_0004_0245.uasset" 9139
"/Engine/EngineMaterials/Substrate/Glints2/dict_0004_0249" 9140
"../../../Engine/Content/EngineMaterials/Substrate/Glints2/dict_0004_0241.uasset" 9141
"../../../Engine/Content/EngineMaterials/Substrate/Glints2/dict_0004_0247.uasset" 9142
"../../../Engine/Content/EngineMaterials/Substrate/Glints2/dict_0004_0231.uasset" 9143
"../../../Engine/Content/EngineMaterials/Substrate/Glints2/dict_0004_0235.uasset" 9144
"../../../Engine/Content/EngineMaterials/Substrate/Glints2/dict_0004_0226.uasset" 9145
"../../../Engine/Content/EngineMaterials/Substrate/Glints2/dict_0004_0225.uasset" 9146
"../../../Engine/Content/EngineMaterials/Substrate/Glints2/dict_0004_0224.uasset" 9147
"../../../Engine/Content/EngineMaterials/Substrate/Glints2/dict_0004_0222.uasset" 9148
"../../../Engine/Content/EngineMaterials/Substrate/Glints2/dict_0004_0220.uasset" 9149
"../../../Engine/Content/EngineMaterials/Substrate/Glints2/dict_0004_0237.uasset" 9150
"../../../Engine/Content/EngineMaterials/Substrate/Glints2/dict_0004_0223.uasset" 9151
"../../../Engine/Content/EngineMaterials/Substrate/Glints2/dict_0004_0221.uasset" 9152
"../../../Engine/Content/EngineMaterials/Substrate/Glints2/dict_0004_0227.uasset" 9153
"../../../Engine/Content/EngineMaterials/Substrate/Glints2/dict_0004_0228.uasset" 9154
"/Engine/EngineMaterials/Substrate/Glints2/dict_0004_0250" 9155
"/Engine/EngineMaterials/Substrate/Glints2/dict_0004_0251" 9156
"/Engine/EngineMaterials/Substrate/Glints2/dict_0004_0242" 9157
"../../../Engine/Content/EngineMaterials/Substrate/Glints2/dict_0004_0218.uasset" 9158
"../../../Engine/Content/EngineMaterials/Substrate/Glints2/dict_0004_0217.uasset" 9159
"../../../Engine/Content/EngineMaterials/Substrate/Glints2/dict_0004_0219.uasset" 9160
"../../../Engine/Content/EngineMaterials/Substrate/Glints2/dict_0004_0215.uasset" 9161
"../../../Engine/Content/EngineMaterials/Substrate/Glints2/dict_0004_0216.uasset" 9162
"/Engine/EngineMaterials/Substrate/Glints2/dict_0004_0220" 9163
"/Engine/EngineMaterials/Substrate/Glints2/dict_0004_0221" 9164
"/Engine/EngineMaterials/Substrate/Glints2/dict_0004_0222" 9165
"/Engine/EngineMaterials/Substrate/Glints2/dict_0004_0223" 9166
"/Engine/EngineMaterials/Substrate/Glints2/dict_0004_0224" 9167
"/Engine/EngineMaterials/Substrate/Glints2/dict_0004_0225" 9168
"/Engine/EngineMaterials/Substrate/Glints2/dict_0004_0226" 9169
"/Engine/EngineMaterials/Substrate/Glints2/dict_0004_0227" 9170
"/Engine/EngineMaterials/Substrate/Glints2/dict_0004_0228" 9171
"/Engine/EngineMaterials/Substrate/Glints2/dict_0004_0229" 9172
"/Engine/EngineMaterials/Substrate/Glints2/dict_0004_0230" 9173
"/Engine/EngineMaterials/Substrate/Glints2/dict_0004_0231" 9174
"/Engine/EngineMaterials/Substrate/Glints2/dict_0004_0232" 9175
"/Engine/EngineMaterials/Substrate/Glints2/dict_0004_0233" 9176
"/Engine/EngineMaterials/Substrate/Glints2/dict_0004_0234" 9177
"/Engine/EngineMaterials/Substrate/Glints2/dict_0004_0235" 9178
"/Engine/EngineMaterials/Substrate/Glints2/dict_0004_0236" 9179
"/Engine/EngineMaterials/Substrate/Glints2/dict_0004_0237" 9180
"/Engine/EngineMaterials/Substrate/Glints2/dict_0004_0238" 9181
"/Engine/EngineMaterials/Substrate/Glints2/dict_0004_0239" 9182
"/Engine/EngineMaterials/Substrate/Glints2/dict_0004_0240" 9183
"/Engine/EngineMaterials/Substrate/Glints2/dict_0004_0241" 9184
"/Engine/EngineMaterials/Substrate/Glints2/dict_0004_0243" 9185
"/Engine/EngineMaterials/Substrate/Glints2/dict_0004_0244" 9186
"/Engine/EngineMaterials/Substrate/Glints2/dict_0004_0245" 9187
"/Engine/EngineMaterials/Substrate/Glints2/dict_0004_0246" 9188
"/Engine/EngineMaterials/Substrate/Glints2/dict_0004_0247" 9189
"../../../Engine/Content/EngineMaterials/Substrate/Glints2/dict_0004_0213.uasset" 9190
"../../../Engine/Content/EngineMaterials/Substrate/Glints2/dict_0004_0212.uasset" 9191
"../../../Engine/Content/EngineMaterials/Substrate/Glints2/dict_0004_0214.uasset" 9192
"../../../Engine/Content/EngineMaterials/Substrate/Glints2/dict_0004_0210.uasset" 9193
"../../../Engine/Content/EngineMaterials/Substrate/Glints2/dict_0004_0207.uasset" 9194
"/Engine/EngineMaterials/Substrate/Glints2/dict_0004_0215" 9195
"../../../Engine/Content/EngineMaterials/Substrate/Glints2/dict_0004_0205.uasset" 9196
"../../../Engine/Content/EngineMaterials/Substrate/Glints2/dict_0004_0202.uasset" 9197
"../../../Engine/Content/EngineMaterials/Substrate/Glints2/dict_0004_0200.uasset" 9198
"../../../Engine/Content/EngineMaterials/Substrate/Glints2/dict_0004_0201.uasset" 9199
"../../../Engine/Content/EngineMaterials/Substrate/Glints2/dict_0004_0206.uasset" 9200
"../../../Engine/Content/EngineMaterials/Substrate/Glints2/dict_0004_0199.uasset" 9201
"../../../Engine/Content/EngineMaterials/Substrate/Glints2/dict_0004_0209.uasset" 9202
"../../../Engine/Content/EngineMaterials/Substrate/Glints2/dict_0004_0196.uasset" 9203
"../../../Engine/Content/EngineMaterials/Substrate/Glints2/dict_0004_0203.uasset" 9204
"../../../Engine/Content/EngineMaterials/Substrate/Glints2/dict_0004_0211.uasset" 9205
"../../../Engine/Content/EngineMaterials/Substrate/Glints2/dict_0004_0193.uasset" 9206
"../../../Engine/Content/EngineMaterials/Substrate/Glints2/dict_0004_0208.uasset" 9207
"../../../Engine/Content/EngineMaterials/Substrate/Glints2/dict_0004_0190.uasset" 9208
"../../../Engine/Content/EngineMaterials/Substrate/Glints2/dict_0004_0197.uasset" 9209
"../../../Engine/Content/EngineMaterials/Substrate/Glints2/dict_0004_0194.uasset" 9210
"/Engine/EngineMaterials/Substrate/Glints2/dict_0004_0216" 9211
"../../../Engine/Content/EngineMaterials/Substrate/Glints2/dict_0004_0189.uasset" 9212
"../../../Engine/Content/EngineMaterials/Substrate/Glints2/dict_0004_0191.uasset" 9213
"../../../Engine/Content/EngineMaterials/Substrate/Glints2/dict_0004_0195.uasset" 9214
"../../../Engine/Content/EngineMaterials/Substrate/Glints2/dict_0004_0204.uasset" 9215
"../../../Engine/Content/EngineMaterials/Substrate/Glints2/dict_0004_0198.uasset" 9216
"../../../Engine/Content/EngineMaterials/Substrate/Glints2/dict_0004_0188.uasset" 9217
"../../../Engine/Content/EngineMaterials/Substrate/Glints2/dict_0004_0192.uasset" 9218
"/Engine/EngineMaterials/Substrate/Glints2/dict_0004_0217" 9219
"/Engine/EngineMaterials/Substrate/Glints2/dict_0004_0218" 9220
"/Engine/EngineMaterials/Substrate/Glints2/dict_0004_0219" 9221
"/Engine/EngineMaterials/Substrate/Glints2/dict_0004_0213" 9222
"../../../Engine/Content/EngineMaterials/Substrate/Glints2/dict_0004_0186.uasset" 9223
"../../../Engine/Content/EngineMaterials/Substrate/Glints2/dict_0004_0185.uasset" 9224
"/Engine/EngineMaterials/Substrate/Glints2/dict_0004_0188" 9225
"../../../Engine/Content/EngineMaterials/Substrate/Glints2/dict_0004_0187.uasset" 9226
"../../../Engine/Content/EngineMaterials/Substrate/Glints2/dict_0004_0184.uasset" 9227
"../../../Engine/Content/EngineMaterials/Substrate/Glints2/dict_0004_0182.uasset" 9228
"../../../Engine/Content/EngineMaterials/Substrate/Glints2/dict_0004_0183.uasset" 9229
"/Engine/EngineMaterials/Substrate/Glints2/dict_0004_0189" 9230
"/Engine/EngineMaterials/Substrate/Glints2/dict_0004_0190" 9231
"/Engine/EngineMaterials/Substrate/Glints2/dict_0004_0191" 9232
"/Engine/EngineMaterials/Substrate/Glints2/dict_0004_0192" 9233
"/Engine/EngineMaterials/Substrate/Glints2/dict_0004_0193" 9234
"/Engine/EngineMaterials/Substrate/Glints2/dict_0004_0194" 9235
"/Engine/EngineMaterials/Substrate/Glints2/dict_0004_0195" 9236
"/Engine/EngineMaterials/Substrate/Glints2/dict_0004_0196" 9237
"/Engine/EngineMaterials/Substrate/Glints2/dict_0004_0197" 9238
"/Engine/EngineMaterials/Substrate/Glints2/dict_0004_0198" 9239
"/Engine/EngineMaterials/Substrate/Glints2/dict_0004_0199" 9240
"/Engine/EngineMaterials/Substrate/Glints2/dict_0004_0200" 9241
"/Engine/EngineMaterials/Substrate/Glints2/dict_0004_0201" 9242
"/Engine/EngineMaterials/Substrate/Glints2/dict_0004_0202" 9243
"/Engine/EngineMaterials/Substrate/Glints2/dict_0004_0203" 9244
"/Engine/EngineMaterials/Substrate/Glints2/dict_0004_0204" 9245
"/Engine/EngineMaterials/Substrate/Glints2/dict_0004_0205" 9246
"/Engine/EngineMaterials/Substrate/Glints2/dict_0004_0206" 9247
"/Engine/EngineMaterials/Substrate/Glints2/dict_0004_0207" 9248
"/Engine/EngineMaterials/Substrate/Glints2/dict_0004_0208" 9249
"/Engine/EngineMaterials/Substrate/Glints2/dict_0004_0209" 9250
"/Engine/EngineMaterials/Substrate/Glints2/dict_0004_0210" 9251
"/Engine/EngineMaterials/Substrate/Glints2/dict_0004_0211" 9252
"/Engine/EngineMaterials/Substrate/Glints2/dict_0004_0212" 9253
"/Engine/EngineMaterials/Substrate/Glints2/dict_0004_0214" 9254
"../../../Engine/Content/EngineMaterials/Substrate/Glints2/dict_0004_0181.uasset" 9255
"../../../Engine/Content/EngineMaterials/Substrate/Glints2/dict_0004_0178.uasset" 9256
"../../../Engine/Content/EngineMaterials/Substrate/Glints2/dict_0004_0177.uasset" 9257
"../../../Engine/Content/EngineMaterials/Substrate/Glints2/dict_0004_0179.uasset" 9258
"/Engine/EngineMaterials/Substrate/Glints2/dict_0004_0182" 9259
"../../../Engine/Content/EngineMaterials/Substrate/Glints2/dict_0004_0170.uasset" 9260
"../../../Engine/Content/EngineMaterials/Substrate/Glints2/dict_0004_0176.uasset" 9261
"../../../Engine/Content/EngineMaterials/Substrate/Glints2/dict_0004_0175.uasset" 9262
"../../../Engine/Content/EngineMaterials/Substrate/Glints2/dict_0004_0168.uasset" 9263
"../../../Engine/Content/EngineMaterials/Substrate/Glints2/dict_0004_0167.uasset" 9264
"../../../Engine/Content/EngineMaterials/Substrate/Glints2/dict_0004_0174.uasset" 9265
"../../../Engine/Content/EngineMaterials/Substrate/Glints2/dict_0004_0169.uasset" 9266
"../../../Engine/Content/EngineMaterials/Substrate/Glints2/dict_0004_0172.uasset" 9267
"../../../Engine/Content/EngineMaterials/Substrate/Glints2/dict_0004_0165.uasset" 9268
"../../../Engine/Content/EngineMaterials/Substrate/Glints2/dict_0004_0166.uasset" 9269
"../../../Engine/Content/EngineMaterials/Substrate/Glints2/dict_0004_0160.uasset" 9270
"../../../Engine/Content/EngineMaterials/Substrate/Glints2/dict_0004_0180.uasset" 9271
"../../../Engine/Content/EngineMaterials/Substrate/Glints2/dict_0004_0162.uasset" 9272
"../../../Engine/Content/EngineMaterials/Substrate/Glints2/dict_0004_0159.uasset" 9273
"../../../Engine/Content/EngineMaterials/Substrate/Glints2/dict_0004_0161.uasset" 9274
"../../../Engine/Content/EngineMaterials/Substrate/Glints2/dict_0004_0158.uasset" 9275
"/Engine/EngineMaterials/Substrate/Glints2/dict_0004_0183" 9276
"../../../Engine/Content/EngineMaterials/Substrate/Glints2/dict_0004_0171.uasset" 9277
"../../../Engine/Content/EngineMaterials/Substrate/Glints2/dict_0004_0157.uasset" 9278
"../../../Engine/Content/EngineMaterials/Substrate/Glints2/dict_0004_0163.uasset" 9279
"../../../Engine/Content/EngineMaterials/Substrate/Glints2/dict_0004_0156.uasset" 9280
"../../../Engine/Content/EngineMaterials/Substrate/Glints2/dict_0004_0164.uasset" 9281
"../../../Engine/Content/EngineMaterials/Substrate/Glints2/dict_0004_0173.uasset" 9282
"/Engine/EngineMaterials/Substrate/Glints2/dict_0004_0184" 9283
"/Engine/EngineMaterials/Substrate/Glints2/dict_0004_0185" 9284
"/Engine/EngineMaterials/Substrate/Glints2/dict_0004_0186" 9285
"/Engine/EngineMaterials/Substrate/Glints2/dict_0004_0187" 9286
"../../../Engine/Content/EngineMaterials/Substrate/Glints2/dict_0004_0155.uasset" 9287
"../../../Engine/Content/EngineMaterials/Substrate/Glints2/dict_0004_0153.uasset" 9288
"../../../Engine/Content/EngineMaterials/Substrate/Glints2/dict_0004_0154.uasset" 9289
"/Engine/EngineMaterials/Substrate/Glints2/dict_0004_0156" 9290
"../../../Engine/Content/EngineMaterials/Substrate/Glints2/dict_0004_0152.uasset" 9291
"../../../Engine/Content/EngineMaterials/Substrate/Glints2/dict_0004_0151.uasset" 9292
"../../../Engine/Content/EngineMaterials/Substrate/Glints2/dict_0004_0150.uasset" 9293
"/Engine/EngineMaterials/Substrate/Glints2/dict_0004_0157" 9294
"/Engine/EngineMaterials/Substrate/Glints2/dict_0004_0158" 9295
"/Engine/EngineMaterials/Substrate/Glints2/dict_0004_0159" 9296
"/Engine/EngineMaterials/Substrate/Glints2/dict_0004_0160" 9297
"/Engine/EngineMaterials/Substrate/Glints2/dict_0004_0161" 9298
"/Engine/EngineMaterials/Substrate/Glints2/dict_0004_0162" 9299
"/Engine/EngineMaterials/Substrate/Glints2/dict_0004_0163" 9300
"/Engine/EngineMaterials/Substrate/Glints2/dict_0004_0164" 9301
"/Engine/EngineMaterials/Substrate/Glints2/dict_0004_0165" 9302
"/Engine/EngineMaterials/Substrate/Glints2/dict_0004_0166" 9303
"/Engine/EngineMaterials/Substrate/Glints2/dict_0004_0167" 9304
"/Engine/EngineMaterials/Substrate/Glints2/dict_0004_0168" 9305
"/Engine/EngineMaterials/Substrate/Glints2/dict_0004_0169" 9306
"/Engine/EngineMaterials/Substrate/Glints2/dict_0004_0170" 9307
"/Engine/EngineMaterials/Substrate/Glints2/dict_0004_0171" 9308
"/Engine/EngineMaterials/Substrate/Glints2/dict_0004_0172" 9309
"/Engine/EngineMaterials/Substrate/Glints2/dict_0004_0173" 9310
"/Engine/EngineMaterials/Substrate/Glints2/dict_0004_0174" 9311
"/Engine/EngineMaterials/Substrate/Glints2/dict_0004_0175" 9312
"/Engine/EngineMaterials/Substrate/Glints2/dict_0004_0176" 9313
"/Engine/EngineMaterials/Substrate/Glints2/dict_0004_0177" 9314
"/Engine/EngineMaterials/Substrate/Glints2/dict_0004_0178" 9315
"/Engine/EngineMaterials/Substrate/Glints2/dict_0004_0179" 9316
"/Engine/EngineMaterials/Substrate/Glints2/dict_0004_0180" 9317
"/Engine/EngineMaterials/Substrate/Glints2/dict_0004_0155" 9318
"/Engine/EngineMaterials/Substrate/Glints2/dict_0004_0181" 9319
"../../../Engine/Content/EngineMaterials/Substrate/Glints2/dict_0004_0148.uasset" 9320
"../../../Engine/Content/EngineMaterials/Substrate/Glints2/dict_0004_0145.uasset" 9321
"../../../Engine/Content/EngineMaterials/Substrate/Glints2/dict_0004_0144.uasset" 9322
"/Engine/EngineMaterials/Substrate/Glints2/dict_0004_0150" 9323
"../../../Engine/Content/EngineMaterials/Substrate/Glints2/dict_0004_0143.uasset" 9324
"../../../Engine/Content/EngineMaterials/Substrate/Glints2/dict_0004_0140.uasset" 9325
"/Engine/EngineMaterials/Substrate/Glints2/dict_0004_0151" 9326
"../../../Engine/Content/EngineMaterials/Substrate/Glints2/dict_0004_0147.uasset" 9327
"../../../Engine/Content/EngineMaterials/Substrate/Glints2/dict_0004_0141.uasset" 9328
"../../../Engine/Content/EngineMaterials/Substrate/Glints2/dict_0004_0137.uasset" 9329
"../../../Engine/Content/EngineMaterials/Substrate/Glints2/dict_0004_0135.uasset" 9330
"../../../Engine/Content/EngineMaterials/Substrate/Glints2/dict_0004_0142.uasset" 9331
"../../../Engine/Content/EngineMaterials/Substrate/Glints2/dict_0004_0132.uasset" 9332
"../../../Engine/Content/EngineMaterials/Substrate/Glints2/dict_0004_0136.uasset" 9333
"/Engine/EngineMaterials/Substrate/Glints2/dict_0004_0152" 9334
"../../../Engine/Content/EngineMaterials/Substrate/Glints2/dict_0004_0146.uasset" 9335
"../../../Engine/Content/EngineMaterials/Substrate/Glints2/dict_0004_0133.uasset" 9336
"../../../Engine/Content/EngineMaterials/Substrate/Glints2/dict_0004_0131.uasset" 9337
"../../../Engine/Content/EngineMaterials/Substrate/Glints2/dict_0004_0149.uasset" 9338
"../../../Engine/Content/EngineMaterials/Substrate/Glints2/dict_0004_0138.uasset" 9339
"../../../Engine/Content/EngineMaterials/Substrate/Glints2/dict_0004_0127.uasset" 9340
"../../../Engine/Content/EngineMaterials/Substrate/Glints2/dict_0004_0129.uasset" 9341
"../../../Engine/Content/EngineMaterials/Substrate/Glints2/dict_0004_0125.uasset" 9342
"../../../Engine/Content/EngineMaterials/Substrate/Glints2/dict_0004_0126.uasset" 9343
"../../../Engine/Content/EngineMaterials/Substrate/Glints2/dict_0004_0134.uasset" 9344
"../../../Engine/Content/EngineMaterials/Substrate/Glints2/dict_0004_0139.uasset" 9345
"/Engine/EngineMaterials/Substrate/Glints2/dict_0004_0153" 9346
"../../../Engine/Content/EngineMaterials/Substrate/Glints2/dict_0004_0124.uasset" 9347
"../../../Engine/Content/EngineMaterials/Substrate/Glints2/dict_0004_0130.uasset" 9348
"../../../Engine/Content/EngineMaterials/Substrate/Glints2/dict_0004_0123.uasset" 9349
"../../../Engine/Content/EngineMaterials/Substrate/Glints2/dict_0004_0128.uasset" 9350
"/Engine/EngineMaterials/Substrate/Glints2/dict_0004_0154" 9351
"/Engine/EngineMaterials/Substrate/Glints2/dict_0004_0148" 9352
"../../../Engine/Content/EngineMaterials/Substrate/Glints2/dict_0004_0121.uasset" 9353
"../../../Engine/Content/EngineMaterials/Substrate/Glints2/dict_0004_0122.uasset" 9354
"../../../Engine/Content/EngineMaterials/Substrate/Glints2/dict_0004_0118.uasset" 9355
"../../../Engine/Content/EngineMaterials/Substrate/Glints2/dict_0004_0119.uasset" 9356
"/Engine/EngineMaterials/Substrate/Glints2/dict_0004_0123" 9357
"../../../Engine/Content/EngineMaterials/Substrate/Glints2/dict_0004_0120.uasset" 9358
"../../../Engine/Content/EngineMaterials/Substrate/Glints2/dict_0004_0117.uasset" 9359
"/Engine/EngineMaterials/Substrate/Glints2/dict_0004_0124" 9360
"/Engine/EngineMaterials/Substrate/Glints2/dict_0004_0125" 9361
"/Engine/EngineMaterials/Substrate/Glints2/dict_0004_0126" 9362
"/Engine/EngineMaterials/Substrate/Glints2/dict_0004_0127" 9363
"/Engine/EngineMaterials/Substrate/Glints2/dict_0004_0128" 9364
"/Engine/EngineMaterials/Substrate/Glints2/dict_0004_0129" 9365
"/Engine/EngineMaterials/Substrate/Glints2/dict_0004_0130" 9366
"/Engine/EngineMaterials/Substrate/Glints2/dict_0004_0131" 9367
"/Engine/EngineMaterials/Substrate/Glints2/dict_0004_0132" 9368
"/Engine/EngineMaterials/Substrate/Glints2/dict_0004_0133" 9369
"/Engine/EngineMaterials/Substrate/Glints2/dict_0004_0134" 9370
"/Engine/EngineMaterials/Substrate/Glints2/dict_0004_0135" 9371
"/Engine/EngineMaterials/Substrate/Glints2/dict_0004_0136" 9372
"/Engine/EngineMaterials/Substrate/Glints2/dict_0004_0137" 9373
"/Engine/EngineMaterials/Substrate/Glints2/dict_0004_0138" 9374
"/Engine/EngineMaterials/Substrate/Glints2/dict_0004_0139" 9375
"/Engine/EngineMaterials/Substrate/Glints2/dict_0004_0140" 9376
"/Engine/EngineMaterials/Substrate/Glints2/dict_0004_0141" 9377
"/Engine/EngineMaterials/Substrate/Glints2/dict_0004_0142" 9378
"/Engine/EngineMaterials/Substrate/Glints2/dict_0004_0143" 9379
"/Engine/EngineMaterials/Substrate/Glints2/dict_0004_0144" 9380
"/Engine/EngineMaterials/Substrate/Glints2/dict_0004_0145" 9381
"/Engine/EngineMaterials/Substrate/Glints2/dict_0004_0146" 9382
"/Engine/EngineMaterials/Substrate/Glints2/dict_0004_0147" 9383
"/Engine/EngineMaterials/Substrate/Glints2/dict_0004_0149" 9384
"../../../Engine/Content/EngineMaterials/Substrate/Glints2/dict_0004_0112.uasset" 9385
"../../../Engine/Content/EngineMaterials/Substrate/Glints2/dict_0004_0111.uasset" 9386
"../../../Engine/Content/EngineMaterials/Substrate/Glints2/dict_0004_0106.uasset" 9387
"../../../Engine/Content/EngineMaterials/Substrate/Glints2/dict_0004_0109.uasset" 9388
"../../../Engine/Content/EngineMaterials/Substrate/Glints2/dict_0004_0110.uasset" 9389
"/Engine/EngineMaterials/Substrate/Glints2/dict_0004_0117" 9390
"../../../Engine/Content/EngineMaterials/Substrate/Glints2/dict_0004_0107.uasset" 9391
"../../../Engine/Content/EngineMaterials/Substrate/Glints2/dict_0004_0108.uasset" 9392
"../../../Engine/Content/EngineMaterials/Substrate/Glints2/dict_0004_0104.uasset" 9393
"../../../Engine/Content/EngineMaterials/Substrate/Glints2/dict_0004_0113.uasset" 9394
"../../../Engine/Content/EngineMaterials/Substrate/Glints2/dict_0004_0105.uasset" 9395
"../../../Engine/Content/EngineMaterials/Substrate/Glints2/dict_0004_0115.uasset" 9396
"../../../Engine/Content/EngineMaterials/Substrate/Glints2/dict_0004_0096.uasset" 9397
"../../../Engine/Content/EngineMaterials/Substrate/Glints2/dict_0004_0103.uasset" 9398
"../../../Engine/Content/EngineMaterials/Substrate/Glints2/dict_0004_0114.uasset" 9399
"/Engine/EngineMaterials/Substrate/Glints2/dict_0004_0118" 9400
"../../../Engine/Content/EngineMaterials/Substrate/Glints2/dict_0004_0116.uasset" 9401
"../../../Engine/Content/EngineMaterials/Substrate/Glints2/dict_0004_0101.uasset" 9402
"../../../Engine/Content/EngineMaterials/Substrate/Glints2/dict_0004_0098.uasset" 9403
"../../../Engine/Content/EngineMaterials/Substrate/Glints2/dict_0004_0099.uasset" 9404
"../../../Engine/Content/EngineMaterials/Substrate/Glints2/dict_0004_0097.uasset" 9405
"../../../Engine/Content/EngineMaterials/Substrate/Glints2/dict_0004_0100.uasset" 9406
"../../../Engine/Content/EngineMaterials/Substrate/Glints2/dict_0004_0102.uasset" 9407
"../../../Engine/Content/EngineMaterials/Substrate/Glints2/dict_0004_0093.uasset" 9408
"../../../Engine/Content/EngineMaterials/Substrate/Glints2/dict_0004_0095.uasset" 9409
"../../../Engine/Content/EngineMaterials/Substrate/Glints2/dict_0004_0094.uasset" 9410
"../../../Engine/Content/EngineMaterials/Substrate/Glints2/dict_0004_0091.uasset" 9411
"/Engine/EngineMaterials/Substrate/Glints2/dict_0004_0119" 9412
"../../../Engine/Content/EngineMaterials/Substrate/Glints2/dict_0004_0092.uasset" 9413
"/Engine/EngineMaterials/Substrate/Glints2/dict_0004_0120" 9414
"/Engine/EngineMaterials/Substrate/Glints2/dict_0004_0121" 9415
"/Engine/EngineMaterials/Substrate/Glints2/dict_0004_0122" 9416
"../../../Engine/Content/EngineMaterials/Substrate/Glints2/dict_0004_0090.uasset" 9417
"../../../Engine/Content/EngineMaterials/Substrate/Glints2/dict_0004_0089.uasset" 9418
"../../../Engine/Content/EngineMaterials/Substrate/Glints2/dict_0004_0088.uasset" 9419
"../../../Engine/Content/EngineMaterials/Substrate/Glints2/dict_0004_0087.uasset" 9420
"/Engine/EngineMaterials/Substrate/Glints2/dict_0004_0091" 9421
"../../../Engine/Content/EngineMaterials/Substrate/Glints2/dict_0004_0086.uasset" 9422
"../../../Engine/Content/EngineMaterials/Substrate/Glints2/dict_0004_0085.uasset" 9423
"/Engine/EngineMaterials/Substrate/Glints2/dict_0004_0092" 9424
"/Engine/EngineMaterials/Substrate/Glints2/dict_0004_0093" 9425
"/Engine/EngineMaterials/Substrate/Glints2/dict_0004_0094" 9426
"/Engine/EngineMaterials/Substrate/Glints2/dict_0004_0095" 9427
"/Engine/EngineMaterials/Substrate/Glints2/dict_0004_0096" 9428
"/Engine/EngineMaterials/Substrate/Glints2/dict_0004_0097" 9429
"/Engine/EngineMaterials/Substrate/Glints2/dict_0004_0098" 9430
"/Engine/EngineMaterials/Substrate/Glints2/dict_0004_0099" 9431
"/Engine/EngineMaterials/Substrate/Glints2/dict_0004_0100" 9432
"/Engine/EngineMaterials/Substrate/Glints2/dict_0004_0101" 9433
"/Engine/EngineMaterials/Substrate/Glints2/dict_0004_0102" 9434
"/Engine/EngineMaterials/Substrate/Glints2/dict_0004_0103" 9435
"/Engine/EngineMaterials/Substrate/Glints2/dict_0004_0104" 9436
"/Engine/EngineMaterials/Substrate/Glints2/dict_0004_0105" 9437
"/Engine/EngineMaterials/Substrate/Glints2/dict_0004_0106" 9438
"/Engine/EngineMaterials/Substrate/Glints2/dict_0004_0107" 9439
"/Engine/EngineMaterials/Substrate/Glints2/dict_0004_0108" 9440
"/Engine/EngineMaterials/Substrate/Glints2/dict_0004_0109" 9441
"/Engine/EngineMaterials/Substrate/Glints2/dict_0004_0110" 9442
"/Engine/EngineMaterials/Substrate/Glints2/dict_0004_0111" 9443
"/Engine/EngineMaterials/Substrate/Glints2/dict_0004_0112" 9444
"/Engine/EngineMaterials/Substrate/Glints2/dict_0004_0113" 9445
"/Engine/EngineMaterials/Substrate/Glints2/dict_0004_0114" 9446
"/Engine/EngineMaterials/Substrate/Glints2/dict_0004_0115" 9447
"/Engine/EngineMaterials/Substrate/Glints2/dict_0004_0116" 9448
"../../../Engine/Content/EngineMaterials/Substrate/Glints2/dict_0004_0083.uasset" 9449
"/Engine/EngineMaterials/Substrate/Glints2/dict_0004_0085" 9450
"../../../Engine/Content/EngineMaterials/Substrate/Glints2/dict_0004_0084.uasset" 9451
"../../../Engine/Content/EngineMaterials/Substrate/Glints2/dict_0004_0080.uasset" 9452
"/Engine/EngineMaterials/Substrate/Glints2/dict_0004_0086" 9453
"../../../Engine/Content/EngineMaterials/Substrate/Glints2/dict_0004_0079.uasset" 9454
"../../../Engine/Content/EngineMaterials/Substrate/Glints2/dict_0004_0078.uasset" 9455
"../../../Engine/Content/EngineMaterials/Substrate/Glints2/dict_0004_0075.uasset" 9456
"../../../Engine/Content/EngineMaterials/Substrate/Glints2/dict_0004_0072.uasset" 9457
"../../../Engine/Content/EngineMaterials/Substrate/Glints2/dict_0004_0076.uasset" 9458
"/Engine/EngineMaterials/Substrate/Glints2/dict_0004_0087" 9459
"../../../Engine/Content/EngineMaterials/Substrate/Glints2/dict_0004_0077.uasset" 9460
"../../../Engine/Content/EngineMaterials/Substrate/Glints2/dict_0004_0074.uasset" 9461
"../../../Engine/Content/EngineMaterials/Substrate/Glints2/dict_0004_0081.uasset" 9462
"../../../Engine/Content/EngineMaterials/Substrate/Glints2/dict_0004_0070.uasset" 9463
"../../../Engine/Content/EngineMaterials/Substrate/Glints2/dict_0004_0073.uasset" 9464
"../../../Engine/Content/EngineMaterials/Substrate/Glints2/dict_0004_0082.uasset" 9465
"/Engine/EngineMaterials/Substrate/Glints2/dict_0004_0088" 9466
"../../../Engine/Content/EngineMaterials/Substrate/Glints2/dict_0004_0063.uasset" 9467
"../../../Engine/Content/EngineMaterials/Substrate/Glints2/dict_0004_0067.uasset" 9468
"../../../Engine/Content/EngineMaterials/Substrate/Glints2/dict_0004_0069.uasset" 9469
"../../../Engine/Content/EngineMaterials/Substrate/Glints2/dict_0004_0064.uasset" 9470
"../../../Engine/Content/EngineMaterials/Substrate/Glints2/dict_0004_0071.uasset" 9471
"../../../Engine/Content/EngineMaterials/Substrate/Glints2/dict_0004_0066.uasset" 9472
"../../../Engine/Content/EngineMaterials/Substrate/Glints2/dict_0004_0068.uasset" 9473
"../../../Engine/Content/EngineMaterials/Substrate/Glints2/dict_0004_0061.uasset" 9474
"/Engine/EngineMaterials/Substrate/Glints2/dict_0004_0089" 9475
"../../../Engine/Content/EngineMaterials/Substrate/Glints2/dict_0004_0060.uasset" 9476
"../../../Engine/Content/EngineMaterials/Substrate/Glints2/dict_0004_0059.uasset" 9477
"../../../Engine/Content/EngineMaterials/Substrate/Glints2/dict_0004_0065.uasset" 9478
"../../../Engine/Content/EngineMaterials/Substrate/Glints2/dict_0004_0062.uasset" 9479
"/Engine/EngineMaterials/Substrate/Glints2/dict_0004_0090" 9480
"../../../Engine/Content/EngineMaterials/Substrate/Glints2/dict_0004_0057.uasset" 9481
"../../../Engine/Content/EngineMaterials/Substrate/Glints2/dict_0004_0058.uasset" 9482
"../../../Engine/Content/EngineMaterials/Substrate/Glints2/dict_0004_0056.uasset" 9483
"../../../Engine/Content/EngineMaterials/Substrate/Glints2/dict_0004_0054.uasset" 9484
"../../../Engine/Content/EngineMaterials/Substrate/Glints2/dict_0004_0055.uasset" 9485
"/Engine/EngineMaterials/Substrate/Glints2/dict_0004_0059" 9486
"../../../Engine/Content/EngineMaterials/Substrate/Glints2/dict_0004_0053.uasset" 9487
"/Engine/EngineMaterials/Substrate/Glints2/dict_0004_0060" 9488
"/Engine/EngineMaterials/Substrate/Glints2/dict_0004_0061" 9489
"/Engine/EngineMaterials/Substrate/Glints2/dict_0004_0062" 9490
"/Engine/EngineMaterials/Substrate/Glints2/dict_0004_0063" 9491
"/Engine/EngineMaterials/Substrate/Glints2/dict_0004_0064" 9492
"/Engine/EngineMaterials/Substrate/Glints2/dict_0004_0065" 9493
"/Engine/EngineMaterials/Substrate/Glints2/dict_0004_0066" 9494
"/Engine/EngineMaterials/Substrate/Glints2/dict_0004_0067" 9495
"/Engine/EngineMaterials/Substrate/Glints2/dict_0004_0068" 9496
"/Engine/EngineMaterials/Substrate/Glints2/dict_0004_0069" 9497
"/Engine/EngineMaterials/Substrate/Glints2/dict_0004_0070" 9498
"/Engine/EngineMaterials/Substrate/Glints2/dict_0004_0071" 9499
"/Engine/EngineMaterials/Substrate/Glints2/dict_0004_0072" 9500
"/Engine/EngineMaterials/Substrate/Glints2/dict_0004_0073" 9501
"/Engine/EngineMaterials/Substrate/Glints2/dict_0004_0074" 9502
"/Engine/EngineMaterials/Substrate/Glints2/dict_0004_0075" 9503
"/Engine/EngineMaterials/Substrate/Glints2/dict_0004_0076" 9504
"/Engine/EngineMaterials/Substrate/Glints2/dict_0004_0077" 9505
"/Engine/EngineMaterials/Substrate/Glints2/dict_0004_0078" 9506
"/Engine/EngineMaterials/Substrate/Glints2/dict_0004_0079" 9507
"/Engine/EngineMaterials/Substrate/Glints2/dict_0004_0080" 9508
"/Engine/EngineMaterials/Substrate/Glints2/dict_0004_0057" 9509
"/Engine/EngineMaterials/Substrate/Glints2/dict_0004_0081" 9510
"/Engine/EngineMaterials/Substrate/Glints2/dict_0004_0082" 9511
"/Engine/EngineMaterials/Substrate/Glints2/dict_0004_0083" 9512
"/Engine/EngineMaterials/Substrate/Glints2/dict_0004_0058" 9513
"/Engine/EngineMaterials/Substrate/Glints2/dict_0004_0084" 9514
"../../../Engine/Content/EngineMaterials/Substrate/Glints2/dict_0004_0050.uasset" 9515
"/Engine/EngineMaterials/Substrate/Glints2/dict_0004_0053" 9516
"../../../Engine/Content/EngineMaterials/Substrate/Glints2/dict_0004_0049.uasset" 9517
"../../../Engine/Content/EngineMaterials/Substrate/Glints2/dict_0004_0052.uasset" 9518
"../../../Engine/Content/EngineMaterials/Substrate/Glints2/dict_0004_0047.uasset" 9519
"../../../Engine/Content/EngineMaterials/Substrate/Glints2/dict_0004_0051.uasset" 9520
"../../../Engine/Content/EngineMaterials/Substrate/Glints2/dict_0004_0043.uasset" 9521
"../../../Engine/Content/EngineMaterials/Substrate/Glints2/dict_0004_0045.uasset" 9522
"../../../Engine/Content/EngineMaterials/Substrate/Glints2/dict_0004_0042.uasset" 9523
"../../../Engine/Content/EngineMaterials/Substrate/Glints2/dict_0004_0048.uasset" 9524
"../../../Engine/Content/EngineMaterials/Substrate/Glints2/dict_0004_0039.uasset" 9525
"../../../Engine/Content/EngineMaterials/Substrate/Glints2/dict_0004_0041.uasset" 9526
"../../../Engine/Content/EngineMaterials/Substrate/Glints2/dict_0004_0036.uasset" 9527
"../../../Engine/Content/EngineMaterials/Substrate/Glints2/dict_0004_0040.uasset" 9528
"../../../Engine/Content/EngineMaterials/Substrate/Glints2/dict_0004_0034.uasset" 9529
"../../../Engine/Content/EngineMaterials/Substrate/Glints2/dict_0004_0035.uasset" 9530
"../../../Engine/Content/EngineMaterials/Substrate/Glints2/dict_0004_0046.uasset" 9531
"../../../Engine/Content/EngineMaterials/Substrate/Glints2/dict_0004_0032.uasset" 9532
"../../../Engine/Content/EngineMaterials/Substrate/Glints2/dict_0004_0031.uasset" 9533
"../../../Engine/Content/EngineMaterials/Substrate/Glints2/dict_0004_0033.uasset" 9534
"../../../Engine/Content/EngineMaterials/Substrate/Glints2/dict_0004_0026.uasset" 9535
"../../../Engine/Content/EngineMaterials/Substrate/Glints2/dict_0004_0038.uasset" 9536
"../../../Engine/Content/EngineMaterials/Substrate/Glints2/dict_0004_0027.uasset" 9537
"../../../Engine/Content/EngineMaterials/Substrate/Glints2/dict_0004_0029.uasset" 9538
"../../../Engine/Content/EngineMaterials/Substrate/Glints2/dict_0004_0044.uasset" 9539
"../../../Engine/Content/EngineMaterials/Substrate/Glints2/dict_0004_0028.uasset" 9540
"../../../Engine/Content/EngineMaterials/Substrate/Glints2/dict_0004_0037.uasset" 9541
"/Engine/EngineMaterials/Substrate/Glints2/dict_0004_0054" 9542
"../../../Engine/Content/EngineMaterials/Substrate/Glints2/dict_0004_0030.uasset" 9543
"../../../Engine/Content/EngineMaterials/Substrate/Glints2/dict_0004_0025.uasset" 9544
"/Engine/EngineMaterials/Substrate/Glints2/dict_0004_0055" 9545
"/Engine/EngineMaterials/Substrate/Glints2/dict_0004_0056" 9546
"../../../Engine/Content/EngineMaterials/Substrate/Glints2/dict_0004_0023.uasset" 9547
"../../../Engine/Content/EngineMaterials/Substrate/Glints2/dict_0004_0021.uasset" 9548
"../../../Engine/Content/EngineMaterials/Substrate/Glints2/dict_0004_0022.uasset" 9549
"/Engine/EngineMaterials/Substrate/Glints2/dict_0004_0025" 9550
"../../../Engine/Content/EngineMaterials/Substrate/Glints2/dict_0004_0024.uasset" 9551
"/Engine/EngineMaterials/Substrate/Glints2/dict_0004_0026" 9552
"/Engine/EngineMaterials/Substrate/Glints2/dict_0004_0027" 9553
"/Engine/EngineMaterials/Substrate/Glints2/dict_0004_0028" 9554
"/Engine/EngineMaterials/Substrate/Glints2/dict_0004_0029" 9555
"/Engine/EngineMaterials/Substrate/Glints2/dict_0004_0030" 9556
"/Engine/EngineMaterials/Substrate/Glints2/dict_0004_0031" 9557
"/Engine/EngineMaterials/Substrate/Glints2/dict_0004_0032" 9558
"/Engine/EngineMaterials/Substrate/Glints2/dict_0004_0033" 9559
"/Engine/EngineMaterials/Substrate/Glints2/dict_0004_0034" 9560
"/Engine/EngineMaterials/Substrate/Glints2/dict_0004_0035" 9561
"/Engine/EngineMaterials/Substrate/Glints2/dict_0004_0036" 9562
"/Engine/EngineMaterials/Substrate/Glints2/dict_0004_0037" 9563
"/Engine/EngineMaterials/Substrate/Glints2/dict_0004_0038" 9564
"/Engine/EngineMaterials/Substrate/Glints2/dict_0004_0039" 9565
"/Engine/EngineMaterials/Substrate/Glints2/dict_0004_0040" 9566
"/Engine/EngineMaterials/Substrate/Glints2/dict_0004_0041" 9567
"/Engine/EngineMaterials/Substrate/Glints2/dict_0004_0042" 9568
"/Engine/EngineMaterials/Substrate/Glints2/dict_0004_0043" 9569
"/Engine/EngineMaterials/Substrate/Glints2/dict_0004_0044" 9570
"/Engine/EngineMaterials/Substrate/Glints2/dict_0004_0045" 9571
"/Engine/EngineMaterials/Substrate/Glints2/dict_0004_0046" 9572
"/Engine/EngineMaterials/Substrate/Glints2/dict_0004_0047" 9573
"/Engine/EngineMaterials/Substrate/Glints2/dict_0004_0048" 9574
"/Engine/EngineMaterials/Substrate/Glints2/dict_0004_0049" 9575
"/Engine/EngineMaterials/Substrate/Glints2/dict_0004_0050" 9576
"/Engine/EngineMaterials/Substrate/Glints2/dict_0004_0051" 9577
"/Engine/EngineMaterials/Substrate/Glints2/dict_0004_0052" 9578
"../../../Engine/Content/EngineMaterials/Substrate/Glints2/dict_0004_0019.uasset" 9579
"../../../Engine/Content/EngineMaterials/Substrate/Glints2/dict_0004_0017.uasset" 9580
"../../../Engine/Content/EngineMaterials/Substrate/Glints2/dict_0004_0020.uasset" 9581
"../../../Engine/Content/EngineMaterials/Substrate/Glints2/dict_0004_0015.uasset" 9582
"../../../Engine/Content/EngineMaterials/Substrate/Glints2/dict_0004_0016.uasset" 9583
"../../../Engine/Content/EngineMaterials/Substrate/Glints2/dict_0004_0018.uasset" 9584
"../../../Engine/Content/EngineMaterials/Substrate/Glints2/dict_0004_0010.uasset" 9585
"../../../Engine/Content/EngineMaterials/Substrate/Glints2/dict_0004_0008.uasset" 9586
"../../../Engine/Content/EngineMaterials/Substrate/Glints2/dict_0004_0006.uasset" 9587
"/Engine/EngineMaterials/Substrate/Glints2/dict_0004_0021" 9588
"../../../Engine/Content/EngineMaterials/Substrate/Glints2/dict_0004_0013.uasset" 9589
"../../../Engine/Content/EngineMaterials/Substrate/Glints2/dict_0004_0011.uasset" 9590
"../../../Engine/Content/EngineMaterials/Substrate/Glints2/dict_0004_0007.uasset" 9591
"../../../Engine/Content/EngineMaterials/Substrate/Glints2/dict_0004_0001.uasset" 9592
"../../../Engine/Content/EngineMaterials/Substrate/Glints2/dict_0003_0255.uasset" 9593
"/Engine/EngineMaterials/Substrate/Glints2/dict_0004_0022" 9594
"../../../Engine/Content/EngineMaterials/Substrate/Glints2/dict_0004_0009.uasset" 9595
"../../../Engine/Content/EngineMaterials/Substrate/Glints2/dict_0004_0014.uasset" 9596
"../../../Engine/Content/EngineMaterials/Substrate/Glints2/dict_0003_0254.uasset" 9597
"../../../Engine/Content/EngineMaterials/Substrate/Glints2/dict_0004_0003.uasset" 9598
"../../../Engine/Content/EngineMaterials/Substrate/Glints2/dict_0004_0012.uasset" 9599
"../../../Engine/Content/EngineMaterials/Substrate/Glints2/dict_0003_0252.uasset" 9600
"../../../Engine/Content/EngineMaterials/Substrate/Glints2/dict_0003_0251.uasset" 9601
"/Engine/EngineMaterials/Substrate/Glints2/dict_0004_0023" 9602
"/Engine/EngineMaterials/Substrate/Glints2/dict_0004_0024" 9603
"../../../Engine/Content/EngineMaterials/Substrate/Glints2/dict_0003_0250.uasset" 9604
"../../../Engine/Content/EngineMaterials/Substrate/Glints2/dict_0004_0000.uasset" 9605
"../../../Engine/Content/EngineMaterials/Substrate/Glints2/dict_0004_0002.uasset" 9606
"/Engine/EngineMaterials/Substrate/Glints2/dict_0004_0015" 9607
"../../../Engine/Content/EngineMaterials/Substrate/Glints2/dict_0004_0005.uasset" 9608
"../../../Engine/Content/EngineMaterials/Substrate/Glints2/dict_0003_0253.uasset" 9609
"../../../Engine/Content/EngineMaterials/Substrate/Glints2/dict_0004_0004.uasset" 9610
"../../../Engine/Content/EngineMaterials/Substrate/Glints2/dict_0003_0249.uasset" 9611
"/Engine/EngineMaterials/Substrate/Glints2/dict_0004_0017" 9612
"/Engine/EngineMaterials/Substrate/Glints2/dict_0004_0019" 9613
"/Engine/EngineMaterials/Substrate/Glints2/dict_0004_0020" 9614
"../../../Engine/Content/EngineMaterials/Substrate/Glints2/dict_0003_0248.uasset" 9615
"../../../Engine/Content/EngineMaterials/Substrate/Glints2/dict_0003_0247.uasset" 9616
"../../../Engine/Content/EngineMaterials/Substrate/Glints2/dict_0003_0245.uasset" 9617
"../../../Engine/Content/EngineMaterials/Substrate/Glints2/dict_0003_0244.uasset" 9618
"../../../Engine/Content/EngineMaterials/Substrate/Glints2/dict_0003_0246.uasset" 9619
"/Engine/EngineMaterials/Substrate/Glints2/dict_0003_0249" 9620
"../../../Engine/Content/EngineMaterials/Substrate/Glints2/dict_0003_0243.uasset" 9621
"../../../Engine/Content/EngineMaterials/Substrate/Glints2/dict_0003_0241.uasset" 9622
"../../../Engine/Content/EngineMaterials/Substrate/Glints2/dict_0003_0242.uasset" 9623
"/Engine/EngineMaterials/Substrate/Glints2/dict_0003_0250" 9624
"/Engine/EngineMaterials/Substrate/Glints2/dict_0003_0251" 9625
"/Engine/EngineMaterials/Substrate/Glints2/dict_0003_0252" 9626
"/Engine/EngineMaterials/Substrate/Glints2/dict_0003_0253" 9627
"/Engine/EngineMaterials/Substrate/Glints2/dict_0003_0254" 9628
"/Engine/EngineMaterials/Substrate/Glints2/dict_0003_0255" 9629
"/Engine/EngineMaterials/Substrate/Glints2/dict_0004_0000" 9630
"/Engine/EngineMaterials/Substrate/Glints2/dict_0004_0001" 9631
"/Engine/EngineMaterials/Substrate/Glints2/dict_0004_0002" 9632
"/Engine/EngineMaterials/Substrate/Glints2/dict_0004_0003" 9633
"/Engine/EngineMaterials/Substrate/Glints2/dict_0004_0004" 9634
"/Engine/EngineMaterials/Substrate/Glints2/dict_0004_0005" 9635
"/Engine/EngineMaterials/Substrate/Glints2/dict_0004_0006" 9636
"/Engine/EngineMaterials/Substrate/Glints2/dict_0004_0007" 9637
"/Engine/EngineMaterials/Substrate/Glints2/dict_0004_0008" 9638
"/Engine/EngineMaterials/Substrate/Glints2/dict_0004_0009" 9639
"/Engine/EngineMaterials/Substrate/Glints2/dict_0004_0010" 9640
"/Engine/EngineMaterials/Substrate/Glints2/dict_0004_0011" 9641
"/Engine/EngineMaterials/Substrate/Glints2/dict_0004_0012" 9642
"/Engine/EngineMaterials/Substrate/Glints2/dict_0004_0013" 9643
"/Engine/EngineMaterials/Substrate/Glints2/dict_0004_0014" 9644
"/Engine/EngineMaterials/Substrate/Glints2/dict_0004_0016" 9645
"/Engine/EngineMaterials/Substrate/Glints2/dict_0004_0018" 9646
"/Engine/EngineMaterials/Substrate/Glints2/dict_0003_0248" 9647
"../../../Engine/Content/EngineMaterials/Substrate/Glints2/dict_0003_0239.uasset" 9648
"../../../Engine/Content/EngineMaterials/Substrate/Glints2/dict_0003_0238.uasset" 9649
"../../../Engine/Content/EngineMaterials/Substrate/Glints2/dict_0003_0240.uasset" 9650
"../../../Engine/Content/EngineMaterials/Substrate/Glints2/dict_0003_0236.uasset" 9651
"/Engine/EngineMaterials/Substrate/Glints2/dict_0003_0241" 9652
"../../../Engine/Content/EngineMaterials/Substrate/Glints2/dict_0003_0235.uasset" 9653
"../../../Engine/Content/EngineMaterials/Substrate/Glints2/dict_0003_0231.uasset" 9654
"../../../Engine/Content/EngineMaterials/Substrate/Glints2/dict_0003_0232.uasset" 9655
"/Engine/EngineMaterials/Substrate/Glints2/dict_0003_0242" 9656
"../../../Engine/Content/EngineMaterials/Substrate/Glints2/dict_0003_0237.uasset" 9657
"../../../Engine/Content/EngineMaterials/Substrate/Glints2/dict_0003_0230.uasset" 9658
"../../../Engine/Content/EngineMaterials/Substrate/Glints2/dict_0003_0229.uasset" 9659
"../../../Engine/Content/EngineMaterials/Substrate/Glints2/dict_0003_0227.uasset" 9660
"../../../Engine/Content/EngineMaterials/Substrate/Glints2/dict_0003_0233.uasset" 9661
"/Engine/EngineMaterials/Substrate/Glints2/dict_0003_0243" 9662
"../../../Engine/Content/EngineMaterials/Substrate/Glints2/dict_0003_0226.uasset" 9663
"../../../Engine/Content/EngineMaterials/Substrate/Glints2/dict_0003_0228.uasset" 9664
"../../../Engine/Content/EngineMaterials/Substrate/Glints2/dict_0003_0224.uasset" 9665
"../../../Engine/Content/EngineMaterials/Substrate/Glints2/dict_0003_0234.uasset" 9666
"../../../Engine/Content/EngineMaterials/Substrate/Glints2/dict_0003_0220.uasset" 9667
"../../../Engine/Content/EngineMaterials/Substrate/Glints2/dict_0003_0221.uasset" 9668
"../../../Engine/Content/EngineMaterials/Substrate/Glints2/dict_0003_0223.uasset" 9669
"/Engine/EngineMaterials/Substrate/Glints2/dict_0003_0244" 9670
"../../../Engine/Content/EngineMaterials/Substrate/Glints2/dict_0003_0225.uasset" 9671
"../../../Engine/Content/EngineMaterials/Substrate/Glints2/dict_0003_0216.uasset" 9672
"../../../Engine/Content/EngineMaterials/Substrate/Glints2/dict_0003_0218.uasset" 9673
"../../../Engine/Content/EngineMaterials/Substrate/Glints2/dict_0003_0217.uasset" 9674
"../../../Engine/Content/EngineMaterials/Substrate/Glints2/dict_0003_0219.uasset" 9675
"../../../Engine/Content/EngineMaterials/Substrate/Glints2/dict_0003_0222.uasset" 9676
"/Engine/EngineMaterials/Substrate/Glints2/dict_0003_0245" 9677
"/Engine/EngineMaterials/Substrate/Glints2/dict_0003_0238" 9678
"/Engine/EngineMaterials/Substrate/Glints2/dict_0003_0246" 9679
"/Engine/EngineMaterials/Substrate/Glints2/dict_0003_0239" 9680
"/Engine/EngineMaterials/Substrate/Glints2/dict_0003_0247" 9681
"/Engine/EngineMaterials/Substrate/Glints2/dict_0003_0240" 9682
"../../../Engine/Content/EngineMaterials/Substrate/Glints2/dict_0003_0213.uasset" 9683
"../../../Engine/Content/EngineMaterials/Substrate/Glints2/dict_0003_0215.uasset" 9684
"../../../Engine/Content/EngineMaterials/Substrate/Glints2/dict_0003_0214.uasset" 9685
"../../../Engine/Content/EngineMaterials/Substrate/Glints2/dict_0003_0211.uasset" 9686
"/Engine/EngineMaterials/Substrate/Glints2/dict_0003_0216" 9687
"../../../Engine/Content/EngineMaterials/Substrate/Glints2/dict_0003_0212.uasset" 9688
"../../../Engine/Content/EngineMaterials/Substrate/Glints2/dict_0003_0210.uasset" 9689
"../../../Engine/Content/EngineMaterials/Substrate/Glints2/dict_0003_0209.uasset" 9690
"../../../Engine/Content/EngineMaterials/Substrate/Glints2/dict_0003_0206.uasset" 9691
"../../../Engine/Content/EngineMaterials/Substrate/Glints2/dict_0003_0207.uasset" 9692
"../../../Engine/Content/EngineMaterials/Substrate/Glints2/dict_0003_0208.uasset" 9693
"/Engine/EngineMaterials/Substrate/Glints2/dict_0003_0217" 9694
"/Engine/EngineMaterials/Substrate/Glints2/dict_0003_0218" 9695
"/Engine/EngineMaterials/Substrate/Glints2/dict_0003_0219" 9696
"/Engine/EngineMaterials/Substrate/Glints2/dict_0003_0220" 9697
"/Engine/EngineMaterials/Substrate/Glints2/dict_0003_0221" 9698
"/Engine/EngineMaterials/Substrate/Glints2/dict_0003_0222" 9699
"/Engine/EngineMaterials/Substrate/Glints2/dict_0003_0223" 9700
"/Engine/EngineMaterials/Substrate/Glints2/dict_0003_0224" 9701
"/Engine/EngineMaterials/Substrate/Glints2/dict_0003_0225" 9702
"/Engine/EngineMaterials/Substrate/Glints2/dict_0003_0226" 9703
"/Engine/EngineMaterials/Substrate/Glints2/dict_0003_0227" 9704
"/Engine/EngineMaterials/Substrate/Glints2/dict_0003_0228" 9705
"/Engine/EngineMaterials/Substrate/Glints2/dict_0003_0229" 9706
"/Engine/EngineMaterials/Substrate/Glints2/dict_0003_0230" 9707
"/Engine/EngineMaterials/Substrate/Glints2/dict_0003_0231" 9708
"/Engine/EngineMaterials/Substrate/Glints2/dict_0003_0232" 9709
"/Engine/EngineMaterials/Substrate/Glints2/dict_0003_0233" 9710
"/Engine/EngineMaterials/Substrate/Glints2/dict_0003_0234" 9711
"/Engine/EngineMaterials/Substrate/Glints2/dict_0003_0235" 9712
"/Engine/EngineMaterials/Substrate/Glints2/dict_0003_0236" 9713
"/Engine/EngineMaterials/Substrate/Glints2/dict_0003_0237" 9714
"../../../Engine/Content/EngineMaterials/Substrate/Glints2/dict_0003_0203.uasset" 9715
"../../../Engine/Content/EngineMaterials/Substrate/Glints2/dict_0003_0198.uasset" 9716
"../../../Engine/Content/EngineMaterials/Substrate/Glints2/dict_0003_0200.uasset" 9717
"/Engine/EngineMaterials/Substrate/Glints2/dict_0003_0206" 9718
"../../../Engine/Content/EngineMaterials/Substrate/Glints2/dict_0003_0199.uasset" 9719
"../../../Engine/Content/EngineMaterials/Substrate/Glints2/dict_0003_0204.uasset" 9720
"../../../Engine/Content/EngineMaterials/Substrate/Glints2/dict_0003_0197.uasset" 9721
"../../../Engine/Content/EngineMaterials/Substrate/Glints2/dict_0003_0202.uasset" 9722
"../../../Engine/Content/EngineMaterials/Substrate/Glints2/dict_0003_0195.uasset" 9723
"../../../Engine/Content/EngineMaterials/Substrate/Glints2/dict_0003_0190.uasset" 9724
"../../../Engine/Content/EngineMaterials/Substrate/Glints2/dict_0003_0192.uasset" 9725
"../../../Engine/Content/EngineMaterials/Substrate/Glints2/dict_0003_0196.uasset" 9726
"../../../Engine/Content/EngineMaterials/Substrate/Glints2/dict_0003_0188.uasset" 9727
"../../../Engine/Content/EngineMaterials/Substrate/Glints2/dict_0003_0201.uasset" 9728
"../../../Engine/Content/EngineMaterials/Substrate/Glints2/dict_0003_0205.uasset" 9729
"../../../Engine/Content/EngineMaterials/Substrate/Glints2/dict_0003_0189.uasset" 9730
"../../../Engine/Content/EngineMaterials/Substrate/Glints2/dict_0003_0191.uasset" 9731
"../../../Engine/Content/EngineMaterials/Substrate/Glints2/dict_0003_0194.uasset" 9732
"../../../Engine/Content/EngineMaterials/Substrate/Glints2/dict_0003_0186.uasset" 9733
"../../../Engine/Content/EngineMaterials/Substrate/Glints2/dict_0003_0193.uasset" 9734
"../../../Engine/Content/EngineMaterials/Substrate/Glints2/dict_0003_0187.uasset" 9735
"../../../Engine/Content/EngineMaterials/Substrate/Glints2/dict_0003_0184.uasset" 9736
"../../../Engine/Content/EngineMaterials/Substrate/Glints2/dict_0003_0185.uasset" 9737
"/Engine/EngineMaterials/Substrate/Glints2/dict_0003_0207" 9738
"/Engine/EngineMaterials/Substrate/Glints2/dict_0003_0208" 9739
"/Engine/EngineMaterials/Substrate/Glints2/dict_0003_0209" 9740
"/Engine/EngineMaterials/Substrate/Glints2/dict_0003_0210" 9741
"/Engine/EngineMaterials/Substrate/Glints2/dict_0003_0211" 9742
"/Engine/EngineMaterials/Substrate/Glints2/dict_0003_0212" 9743
"/Engine/EngineMaterials/Substrate/Glints2/dict_0003_0213" 9744
"/Engine/EngineMaterials/Substrate/Glints2/dict_0003_0214" 9745
"/Engine/EngineMaterials/Substrate/Glints2/dict_0003_0215" 9746
"../../../Engine/Content/EngineMaterials/Substrate/Glints2/dict_0003_0183.uasset" 9747
"../../../Engine/Content/EngineMaterials/Substrate/Glints2/dict_0003_0181.uasset" 9748
"../../../Engine/Content/EngineMaterials/Substrate/Glints2/dict_0003_0180.uasset" 9749
"../../../Engine/Content/EngineMaterials/Substrate/Glints2/dict_0003_0179.uasset" 9750
"/Engine/EngineMaterials/Substrate/Glints2/dict_0003_0184" 9751
"../../../Engine/Content/EngineMaterials/Substrate/Glints2/dict_0003_0182.uasset" 9752
"../../../Engine/Content/EngineMaterials/Substrate/Glints2/dict_0003_0177.uasset" 9753
"../../../Engine/Content/EngineMaterials/Substrate/Glints2/dict_0003_0178.uasset" 9754
"../../../Engine/Content/EngineMaterials/Substrate/Glints2/dict_0003_0175.uasset" 9755
"../../../Engine/Content/EngineMaterials/Substrate/Glints2/dict_0003_0174.uasset" 9756
"/Engine/EngineMaterials/Substrate/Glints2/dict_0003_0185" 9757
"../../../Engine/Content/EngineMaterials/Substrate/Glints2/dict_0003_0176.uasset" 9758
"/Engine/EngineMaterials/Substrate/Glints2/dict_0003_0186" 9759
"/Engine/EngineMaterials/Substrate/Glints2/dict_0003_0187" 9760
"/Engine/EngineMaterials/Substrate/Glints2/dict_0003_0188" 9761
"/Engine/EngineMaterials/Substrate/Glints2/dict_0003_0189" 9762
"/Engine/EngineMaterials/Substrate/Glints2/dict_0003_0190" 9763
"/Engine/EngineMaterials/Substrate/Glints2/dict_0003_0191" 9764
"/Engine/EngineMaterials/Substrate/Glints2/dict_0003_0192" 9765
"/Engine/EngineMaterials/Substrate/Glints2/dict_0003_0193" 9766
"/Engine/EngineMaterials/Substrate/Glints2/dict_0003_0194" 9767
"/Engine/EngineMaterials/Substrate/Glints2/dict_0003_0195" 9768
"/Engine/EngineMaterials/Substrate/Glints2/dict_0003_0196" 9769
"/Engine/EngineMaterials/Substrate/Glints2/dict_0003_0197" 9770
"/Engine/EngineMaterials/Substrate/Glints2/dict_0003_0198" 9771
"/Engine/EngineMaterials/Substrate/Glints2/dict_0003_0199" 9772
"/Engine/EngineMaterials/Substrate/Glints2/dict_0003_0200" 9773
"/Engine/EngineMaterials/Substrate/Glints2/dict_0003_0201" 9774
"/Engine/EngineMaterials/Substrate/Glints2/dict_0003_0202" 9775
"/Engine/EngineMaterials/Substrate/Glints2/dict_0003_0203" 9776
"/Engine/EngineMaterials/Substrate/Glints2/dict_0003_0204" 9777
"/Engine/EngineMaterials/Substrate/Glints2/dict_0003_0205" 9778
"../../../Engine/Content/EngineMaterials/Substrate/Glints2/dict_0003_0173.uasset" 9779
"../../../Engine/Content/EngineMaterials/Substrate/Glints2/dict_0003_0171.uasset" 9780
"../../../Engine/Content/EngineMaterials/Substrate/Glints2/dict_0003_0169.uasset" 9781
"../../../Engine/Content/EngineMaterials/Substrate/Glints2/dict_0003_0168.uasset" 9782
"../../../Engine/Content/EngineMaterials/Substrate/Glints2/dict_0003_0170.uasset" 9783
"/Engine/EngineMaterials/Substrate/Glints2/dict_0003_0174" 9784
"../../../Engine/Content/EngineMaterials/Substrate/Glints2/dict_0003_0167.uasset" 9785
"../../../Engine/Content/EngineMaterials/Substrate/Glints2/dict_0003_0159.uasset" 9786
"../../../Engine/Content/EngineMaterials/Substrate/Glints2/dict_0003_0164.uasset" 9787
"../../../Engine/Content/EngineMaterials/Substrate/Glints2/dict_0003_0156.uasset" 9788
"/Engine/EngineMaterials/Substrate/Glints2/dict_0003_0175" 9789
"../../../Engine/Content/EngineMaterials/Substrate/Glints2/dict_0003_0160.uasset" 9790
"/Engine/EngineMaterials/Substrate/Glints2/dict_0003_0176" 9791
"../../../Engine/Content/EngineMaterials/Substrate/Glints2/dict_0003_0157.uasset" 9792
"../../../Engine/Content/EngineMaterials/Substrate/Glints2/dict_0003_0172.uasset" 9793
"../../../Engine/Content/EngineMaterials/Substrate/Glints2/dict_0003_0165.uasset" 9794
"../../../Engine/Content/EngineMaterials/Substrate/Glints2/dict_0003_0163.uasset" 9795
"/Engine/EngineMaterials/Substrate/Glints2/dict_0003_0177" 9796
"../../../Engine/Content/EngineMaterials/Substrate/Glints2/dict_0003_0166.uasset" 9797
"../../../Engine/Content/EngineMaterials/Substrate/Glints2/dict_0003_0152.uasset" 9798
"../../../Engine/Content/EngineMaterials/Substrate/Glints2/dict_0003_0161.uasset" 9799
"../../../Engine/Content/EngineMaterials/Substrate/Glints2/dict_0003_0162.uasset" 9800
"../../../Engine/Content/EngineMaterials/Substrate/Glints2/dict_0003_0158.uasset" 9801
"../../../Engine/Content/EngineMaterials/Substrate/Glints2/dict_0003_0153.uasset" 9802
"../../../Engine/Content/EngineMaterials/Substrate/Glints2/dict_0003_0154.uasset" 9803
"../../../Engine/Content/EngineMaterials/Substrate/Glints2/dict_0003_0155.uasset" 9804
"/Engine/EngineMaterials/Substrate/Glints2/dict_0003_0178" 9805
"/Engine/EngineMaterials/Substrate/Glints2/dict_0003_0179" 9806
"/Engine/EngineMaterials/Substrate/Glints2/dict_0003_0180" 9807
"/Engine/EngineMaterials/Substrate/Glints2/dict_0003_0181" 9808
"/Engine/EngineMaterials/Substrate/Glints2/dict_0003_0182" 9809
"/Engine/EngineMaterials/Substrate/Glints2/dict_0003_0183" 9810
"../../../Engine/Content/EngineMaterials/Substrate/Glints2/dict_0003_0149.uasset" 9811
"../../../Engine/Content/EngineMaterials/Substrate/Glints2/dict_0003_0151.uasset" 9812
"../../../Engine/Content/EngineMaterials/Substrate/Glints2/dict_0003_0150.uasset" 9813
"../../../Engine/Content/EngineMaterials/Substrate/Glints2/dict_0003_0148.uasset" 9814
"../../../Engine/Content/EngineMaterials/Substrate/Glints2/dict_0003_0147.uasset" 9815
"../../../Engine/Content/EngineMaterials/Substrate/Glints2/dict_0003_0144.uasset" 9816
"../../../Engine/Content/EngineMaterials/Substrate/Glints2/dict_0003_0146.uasset" 9817
"/Engine/EngineMaterials/Substrate/Glints2/dict_0003_0152" 9818
"../../../Engine/Content/EngineMaterials/Substrate/Glints2/dict_0003_0143.uasset" 9819
"../../../Engine/Content/EngineMaterials/Substrate/Glints2/dict_0003_0142.uasset" 9820
"../../../Engine/Content/EngineMaterials/Substrate/Glints2/dict_0003_0145.uasset" 9821
"/Engine/EngineMaterials/Substrate/Glints2/dict_0003_0153" 9822
"/Engine/EngineMaterials/Substrate/Glints2/dict_0003_0154" 9823
"/Engine/EngineMaterials/Substrate/Glints2/dict_0003_0155" 9824
"/Engine/EngineMaterials/Substrate/Glints2/dict_0003_0156" 9825
"/Engine/EngineMaterials/Substrate/Glints2/dict_0003_0157" 9826
"/Engine/EngineMaterials/Substrate/Glints2/dict_0003_0158" 9827
"/Engine/EngineMaterials/Substrate/Glints2/dict_0003_0159" 9828
"/Engine/EngineMaterials/Substrate/Glints2/dict_0003_0160" 9829
"/Engine/EngineMaterials/Substrate/Glints2/dict_0003_0161" 9830
"/Engine/EngineMaterials/Substrate/Glints2/dict_0003_0162" 9831
"/Engine/EngineMaterials/Substrate/Glints2/dict_0003_0163" 9832
"/Engine/EngineMaterials/Substrate/Glints2/dict_0003_0164" 9833
"/Engine/EngineMaterials/Substrate/Glints2/dict_0003_0165" 9834
"/Engine/EngineMaterials/Substrate/Glints2/dict_0003_0166" 9835
"/Engine/EngineMaterials/Substrate/Glints2/dict_0003_0167" 9836
"/Engine/EngineMaterials/Substrate/Glints2/dict_0003_0168" 9837
"/Engine/EngineMaterials/Substrate/Glints2/dict_0003_0169" 9838
"/Engine/EngineMaterials/Substrate/Glints2/dict_0003_0170" 9839
"/Engine/EngineMaterials/Substrate/Glints2/dict_0003_0171" 9840
"/Engine/EngineMaterials/Substrate/Glints2/dict_0003_0172" 9841
"/Engine/EngineMaterials/Substrate/Glints2/dict_0003_0173" 9842
"/Engine/EngineMaterials/Substrate/Glints2/dict_0003_0149" 9843
"/Engine/EngineMaterials/Substrate/Glints2/dict_0003_0150" 9844
"/Engine/EngineMaterials/Substrate/Glints2/dict_0003_0151" 9845
"../../../Engine/Content/EngineMaterials/Substrate/Glints2/dict_0003_0138.uasset" 9846
"../../../Engine/Content/EngineMaterials/Substrate/Glints2/dict_0003_0139.uasset" 9847
"../../../Engine/Content/EngineMaterials/Substrate/Glints2/dict_0003_0141.uasset" 9848
"/Engine/EngineMaterials/Substrate/Glints2/dict_0003_0142" 9849
"../../../Engine/Content/EngineMaterials/Substrate/Glints2/dict_0003_0137.uasset" 9850
"../../../Engine/Content/EngineMaterials/Substrate/Glints2/dict_0003_0131.uasset" 9851
"../../../Engine/Content/EngineMaterials/Substrate/Glints2/dict_0003_0134.uasset" 9852
"../../../Engine/Content/EngineMaterials/Substrate/Glints2/dict_0003_0133.uasset" 9853
"../../../Engine/Content/EngineMaterials/Substrate/Glints2/dict_0003_0135.uasset" 9854
"../../../Engine/Content/EngineMaterials/Substrate/Glints2/dict_0003_0130.uasset" 9855
"../../../Engine/Content/EngineMaterials/Substrate/Glints2/dict_0003_0140.uasset" 9856
"../../../Engine/Content/EngineMaterials/Substrate/Glints2/dict_0003_0127.uasset" 9857
"../../../Engine/Content/EngineMaterials/Substrate/Glints2/dict_0003_0136.uasset" 9858
"../../../Engine/Content/EngineMaterials/Substrate/Glints2/dict_0003_0122.uasset" 9859
"../../../Engine/Content/EngineMaterials/Substrate/Glints2/dict_0003_0126.uasset" 9860
"/Engine/EngineMaterials/Substrate/Glints2/dict_0003_0143" 9861
"../../../Engine/Content/EngineMaterials/Substrate/Glints2/dict_0003_0124.uasset" 9862
"../../../Engine/Content/EngineMaterials/Substrate/Glints2/dict_0003_0128.uasset" 9863
"../../../Engine/Content/EngineMaterials/Substrate/Glints2/dict_0003_0123.uasset" 9864
"../../../Engine/Content/EngineMaterials/Substrate/Glints2/dict_0003_0132.uasset" 9865
"../../../Engine/Content/EngineMaterials/Substrate/Glints2/dict_0003_0120.uasset" 9866
"../../../Engine/Content/EngineMaterials/Substrate/Glints2/dict_0003_0117.uasset" 9867
"../../../Engine/Content/EngineMaterials/Substrate/Glints2/dict_0003_0125.uasset" 9868
"../../../Engine/Content/EngineMaterials/Substrate/Glints2/dict_0003_0118.uasset" 9869
"/Engine/EngineMaterials/Substrate/Glints2/dict_0003_0144" 9870
"../../../Engine/Content/EngineMaterials/Substrate/Glints2/dict_0003_0129.uasset" 9871
"../../../Engine/Content/EngineMaterials/Substrate/Glints2/dict_0003_0119.uasset" 9872
"../../../Engine/Content/EngineMaterials/Substrate/Glints2/dict_0003_0121.uasset" 9873
"/Engine/EngineMaterials/Substrate/Glints2/dict_0003_0145" 9874
"/Engine/EngineMaterials/Substrate/Glints2/dict_0003_0146" 9875
"/Engine/EngineMaterials/Substrate/Glints2/dict_0003_0147" 9876
"/Engine/EngineMaterials/Substrate/Glints2/dict_0003_0148" 9877
"../../../Engine/Content/EngineMaterials/Substrate/Glints2/dict_0003_0116.uasset" 9878
"../../../Engine/Content/EngineMaterials/Substrate/Glints2/dict_0003_0114.uasset" 9879
"../../../Engine/Content/EngineMaterials/Substrate/Glints2/dict_0003_0113.uasset" 9880
"../../../Engine/Content/EngineMaterials/Substrate/Glints2/dict_0003_0115.uasset" 9881
"/Engine/EngineMaterials/Substrate/Glints2/dict_0003_0117" 9882
"../../../Engine/Content/EngineMaterials/Substrate/Glints2/dict_0003_0111.uasset" 9883
"../../../Engine/Content/EngineMaterials/Substrate/Glints2/dict_0003_0110.uasset" 9884
"../../../Engine/Content/EngineMaterials/Substrate/Glints2/dict_0003_0112.uasset" 9885
"/Engine/EngineMaterials/Substrate/Glints2/dict_0003_0118" 9886
"/Engine/EngineMaterials/Substrate/Glints2/dict_0003_0119" 9887
"/Engine/EngineMaterials/Substrate/Glints2/dict_0003_0120" 9888
"/Engine/EngineMaterials/Substrate/Glints2/dict_0003_0121" 9889
"/Engine/EngineMaterials/Substrate/Glints2/dict_0003_0122" 9890
"/Engine/EngineMaterials/Substrate/Glints2/dict_0003_0123" 9891
"/Engine/EngineMaterials/Substrate/Glints2/dict_0003_0124" 9892
"/Engine/EngineMaterials/Substrate/Glints2/dict_0003_0125" 9893
"/Engine/EngineMaterials/Substrate/Glints2/dict_0003_0126" 9894
"/Engine/EngineMaterials/Substrate/Glints2/dict_0003_0127" 9895
"/Engine/EngineMaterials/Substrate/Glints2/dict_0003_0128" 9896
"/Engine/EngineMaterials/Substrate/Glints2/dict_0003_0129" 9897
"/Engine/EngineMaterials/Substrate/Glints2/dict_0003_0130" 9898
"/Engine/EngineMaterials/Substrate/Glints2/dict_0003_0131" 9899
"/Engine/EngineMaterials/Substrate/Glints2/dict_0003_0132" 9900
"/Engine/EngineMaterials/Substrate/Glints2/dict_0003_0133" 9901
"/Engine/EngineMaterials/Substrate/Glints2/dict_0003_0134" 9902
"/Engine/EngineMaterials/Substrate/Glints2/dict_0003_0135" 9903
"/Engine/EngineMaterials/Substrate/Glints2/dict_0003_0136" 9904
"/Engine/EngineMaterials/Substrate/Glints2/dict_0003_0137" 9905
"/Engine/EngineMaterials/Substrate/Glints2/dict_0003_0138" 9906
"/Engine/EngineMaterials/Substrate/Glints2/dict_0003_0116" 9907
"/Engine/EngineMaterials/Substrate/Glints2/dict_0003_0139" 9908
"/Engine/EngineMaterials/Substrate/Glints2/dict_0003_0140" 9909
"/Engine/EngineMaterials/Substrate/Glints2/dict_0003_0141" 9910
"../../../Engine/Content/EngineMaterials/Substrate/Glints2/dict_0003_0107.uasset" 9911
"/Engine/EngineMaterials/Substrate/Glints2/dict_0003_0110" 9912
"../../../Engine/Content/EngineMaterials/Substrate/Glints2/dict_0003_0109.uasset" 9913
"../../../Engine/Content/EngineMaterials/Substrate/Glints2/dict_0003_0106.uasset" 9914
"../../../Engine/Content/EngineMaterials/Substrate/Glints2/dict_0003_0105.uasset" 9915
"../../../Engine/Content/EngineMaterials/Substrate/Glints2/dict_0003_0101.uasset" 9916
"/Engine/EngineMaterials/Substrate/Glints2/dict_0003_0111" 9917
"../../../Engine/Content/EngineMaterials/Substrate/Glints2/dict_0003_0102.uasset" 9918
"../../../Engine/Content/EngineMaterials/Substrate/Glints2/dict_0003_0096.uasset" 9919
"../../../Engine/Content/EngineMaterials/Substrate/Glints2/dict_0003_0100.uasset" 9920
"../../../Engine/Content/EngineMaterials/Substrate/Glints2/dict_0003_0097.uasset" 9921
"../../../Engine/Content/EngineMaterials/Substrate/Glints2/dict_0003_0095.uasset" 9922
"../../../Engine/Content/EngineMaterials/Substrate/Glints2/dict_0003_0103.uasset" 9923
"/Engine/EngineMaterials/Substrate/Glints2/dict_0003_0112" 9924
"../../../Engine/Content/EngineMaterials/Substrate/Glints2/dict_0003_0104.uasset" 9925
"../../../Engine/Content/EngineMaterials/Substrate/Glints2/dict_0003_0094.uasset" 9926
"../../../Engine/Content/EngineMaterials/Substrate/Glints2/dict_0003_0108.uasset" 9927
"../../../Engine/Content/EngineMaterials/Substrate/Glints2/dict_0003_0089.uasset" 9928
"../../../Engine/Content/EngineMaterials/Substrate/Glints2/dict_0003_0091.uasset" 9929
"../../../Engine/Content/EngineMaterials/Substrate/Glints2/dict_0003_0098.uasset" 9930
"../../../Engine/Content/EngineMaterials/Substrate/Glints2/dict_0003_0092.uasset" 9931
"../../../Engine/Content/EngineMaterials/Substrate/Glints2/dict_0003_0099.uasset" 9932
"../../../Engine/Content/EngineMaterials/Substrate/Glints2/dict_0003_0090.uasset" 9933
"/Engine/EngineMaterials/Substrate/Glints2/dict_0003_0113" 9934
"../../../Engine/Content/EngineMaterials/Substrate/Glints2/dict_0003_0086.uasset" 9935
"../../../Engine/Content/EngineMaterials/Substrate/Glints2/dict_0003_0088.uasset" 9936
"../../../Engine/Content/EngineMaterials/Substrate/Glints2/dict_0003_0085.uasset" 9937
"../../../Engine/Content/EngineMaterials/Substrate/Glints2/dict_0003_0093.uasset" 9938
"/Engine/EngineMaterials/Substrate/Glints2/dict_0003_0114" 9939
"../../../Engine/Content/EngineMaterials/Substrate/Glints2/dict_0003_0084.uasset" 9940
"../../../Engine/Content/EngineMaterials/Substrate/Glints2/dict_0003_0087.uasset" 9941
"/Engine/EngineMaterials/Substrate/Glints2/dict_0003_0115" 9942
"/Engine/EngineMaterials/Substrate/Glints2/dict_0003_0107" 9943
"../../../Engine/Content/EngineMaterials/Substrate/Glints2/dict_0003_0083.uasset" 9944
"../../../Engine/Content/EngineMaterials/Substrate/Glints2/dict_0003_0082.uasset" 9945
"../../../Engine/Content/EngineMaterials/Substrate/Glints2/dict_0003_0081.uasset" 9946
"../../../Engine/Content/EngineMaterials/Substrate/Glints2/dict_0003_0079.uasset" 9947
"../../../Engine/Content/EngineMaterials/Substrate/Glints2/dict_0003_0080.uasset" 9948
"/Engine/EngineMaterials/Substrate/Glints2/dict_0003_0084" 9949
"../../../Engine/Content/EngineMaterials/Substrate/Glints2/dict_0003_0078.uasset" 9950
"../../../Engine/Content/EngineMaterials/Substrate/Glints2/dict_0003_0077.uasset" 9951
"/Engine/EngineMaterials/Substrate/Glints2/dict_0003_0085" 9952
"/Engine/EngineMaterials/Substrate/Glints2/dict_0003_0086" 9953
"/Engine/EngineMaterials/Substrate/Glints2/dict_0003_0087" 9954
"/Engine/EngineMaterials/Substrate/Glints2/dict_0003_0088" 9955
"/Engine/EngineMaterials/Substrate/Glints2/dict_0003_0089" 9956
"/Engine/EngineMaterials/Substrate/Glints2/dict_0003_0090" 9957
"/Engine/EngineMaterials/Substrate/Glints2/dict_0003_0091" 9958
"/Engine/EngineMaterials/Substrate/Glints2/dict_0003_0092" 9959
"/Engine/EngineMaterials/Substrate/Glints2/dict_0003_0093" 9960
"/Engine/EngineMaterials/Substrate/Glints2/dict_0003_0094" 9961
"/Engine/EngineMaterials/Substrate/Glints2/dict_0003_0095" 9962
"/Engine/EngineMaterials/Substrate/Glints2/dict_0003_0096" 9963
"/Engine/EngineMaterials/Substrate/Glints2/dict_0003_0097" 9964
"/Engine/EngineMaterials/Substrate/Glints2/dict_0003_0098" 9965
"/Engine/EngineMaterials/Substrate/Glints2/dict_0003_0099" 9966
"/Engine/EngineMaterials/Substrate/Glints2/dict_0003_0100" 9967
"/Engine/EngineMaterials/Substrate/Glints2/dict_0003_0101" 9968
"/Engine/EngineMaterials/Substrate/Glints2/dict_0003_0102" 9969
"/Engine/EngineMaterials/Substrate/Glints2/dict_0003_0103" 9970
"/Engine/EngineMaterials/Substrate/Glints2/dict_0003_0104" 9971
"/Engine/EngineMaterials/Substrate/Glints2/dict_0003_0105" 9972
"/Engine/EngineMaterials/Substrate/Glints2/dict_0003_0082" 9973
"/Engine/EngineMaterials/Substrate/Glints2/dict_0003_0106" 9974
"/Engine/EngineMaterials/Substrate/Glints2/dict_0003_0083" 9975
"/Engine/EngineMaterials/Substrate/Glints2/dict_0003_0108" 9976
"/Engine/EngineMaterials/Substrate/Glints2/dict_0003_0109" 9977
"../../../Engine/Content/EngineMaterials/Substrate/Glints2/dict_0003_0075.uasset" 9978
"../../../Engine/Content/EngineMaterials/Substrate/Glints2/dict_0003_0073.uasset" 9979
"../../../Engine/Content/EngineMaterials/Substrate/Glints2/dict_0003_0074.uasset" 9980
"../../../Engine/Content/EngineMaterials/Substrate/Glints2/dict_0003_0072.uasset" 9981
"../../../Engine/Content/EngineMaterials/Substrate/Glints2/dict_0003_0076.uasset" 9982
"../../../Engine/Content/EngineMaterials/Substrate/Glints2/dict_0003_0068.uasset" 9983
"../../../Engine/Content/EngineMaterials/Substrate/Glints2/dict_0003_0065.uasset" 9984
"../../../Engine/Content/EngineMaterials/Substrate/Glints2/dict_0003_0064.uasset" 9985
"/Engine/EngineMaterials/Substrate/Glints2/dict_0003_0077" 9986
"../../../Engine/Content/EngineMaterials/Substrate/Glints2/dict_0003_0063.uasset" 9987
"../../../Engine/Content/EngineMaterials/Substrate/Glints2/dict_0003_0071.uasset" 9988
"../../../Engine/Content/EngineMaterials/Substrate/Glints2/dict_0003_0070.uasset" 9989
"../../../Engine/Content/EngineMaterials/Substrate/Glints2/dict_0003_0066.uasset" 9990
"../../../Engine/Content/EngineMaterials/Substrate/Glints2/dict_0003_0057.uasset" 9991
"../../../Engine/Content/EngineMaterials/Substrate/Glints2/dict_0003_0069.uasset" 9992
"/Engine/EngineMaterials/Substrate/Glints2/dict_0003_0078" 9993
"../../../Engine/Content/EngineMaterials/Substrate/Glints2/dict_0003_0060.uasset" 9994
"../../../Engine/Content/EngineMaterials/Substrate/Glints2/dict_0003_0061.uasset" 9995
"../../../Engine/Content/EngineMaterials/Substrate/Glints2/dict_0003_0056.uasset" 9996
"/Engine/EngineMaterials/Substrate/Glints2/dict_0003_0079" 9997
"../../../Engine/Content/EngineMaterials/Substrate/Glints2/dict_0003_0053.uasset" 9998
"../../../Engine/Content/EngineMaterials/Substrate/Glints2/dict_0003_0059.uasset" 9999
"../../../Engine/Content/EngineMaterials/Substrate/Glints2/dict_0003_0062.uasset" 10000
"../../../Engine/Content/EngineMaterials/Substrate/Glints2/dict_0003_0050.uasset" 10001
"../../../Engine/Content/EngineMaterials/Substrate/Glints2/dict_0003_0058.uasset" 10002
"../../../Engine/Content/EngineMaterials/Substrate/Glints2/dict_0003_0054.uasset" 10003
"../../../Engine/Content/EngineMaterials/Substrate/Glints2/dict_0003_0067.uasset" 10004
"/Engine/EngineMaterials/Substrate/Glints2/dict_0003_0080" 10005
"../../../Engine/Content/EngineMaterials/Substrate/Glints2/dict_0003_0055.uasset" 10006
"../../../Engine/Content/EngineMaterials/Substrate/Glints2/dict_0003_0052.uasset" 10007
"../../../Engine/Content/EngineMaterials/Substrate/Glints2/dict_0003_0051.uasset" 10008
"/Engine/EngineMaterials/Substrate/Glints2/dict_0003_0081" 10009
"/Engine/EngineMaterials/Substrate/Glints2/dict_0003_0072" 10010
"/Engine/EngineMaterials/Substrate/Glints2/dict_0003_0073" 10011
"/Engine/EngineMaterials/Substrate/Glints2/dict_0003_0074" 10012
"/Engine/EngineMaterials/Substrate/Glints2/dict_0003_0075" 10013
"/Engine/EngineMaterials/Substrate/Glints2/dict_0003_0076" 10014
"../../../Engine/Content/EngineMaterials/Substrate/Glints2/dict_0003_0049.uasset" 10015
"../../../Engine/Content/EngineMaterials/Substrate/Glints2/dict_0003_0048.uasset" 10016
"../../../Engine/Content/EngineMaterials/Substrate/Glints2/dict_0003_0047.uasset" 10017
"../../../Engine/Content/EngineMaterials/Substrate/Glints2/dict_0003_0046.uasset" 10018
"../../../Engine/Content/EngineMaterials/Substrate/Glints2/dict_0003_0045.uasset" 10019
"/Engine/EngineMaterials/Substrate/Glints2/dict_0003_0050" 10020
"../../../Engine/Content/EngineMaterials/Substrate/Glints2/dict_0003_0042.uasset" 10021
"../../../Engine/Content/EngineMaterials/Substrate/Glints2/dict_0003_0041.uasset" 10022
"../../../Engine/Content/EngineMaterials/Substrate/Glints2/dict_0003_0044.uasset" 10023
"../../../Engine/Content/EngineMaterials/Substrate/Glints2/dict_0003_0040.uasset" 10024
"../../../Engine/Content/EngineMaterials/Substrate/Glints2/dict_0003_0043.uasset" 10025
"/Engine/EngineMaterials/Substrate/Glints2/dict_0003_0051" 10026
"/Engine/EngineMaterials/Substrate/Glints2/dict_0003_0052" 10027
"/Engine/EngineMaterials/Substrate/Glints2/dict_0003_0053" 10028
"/Engine/EngineMaterials/Substrate/Glints2/dict_0003_0054" 10029
"/Engine/EngineMaterials/Substrate/Glints2/dict_0003_0055" 10030
"/Engine/EngineMaterials/Substrate/Glints2/dict_0003_0056" 10031
"/Engine/EngineMaterials/Substrate/Glints2/dict_0003_0057" 10032
"/Engine/EngineMaterials/Substrate/Glints2/dict_0003_0058" 10033
"/Engine/EngineMaterials/Substrate/Glints2/dict_0003_0059" 10034
"/Engine/EngineMaterials/Substrate/Glints2/dict_0003_0060" 10035
"/Engine/EngineMaterials/Substrate/Glints2/dict_0003_0061" 10036
"/Engine/EngineMaterials/Substrate/Glints2/dict_0003_0062" 10037
"/Engine/EngineMaterials/Substrate/Glints2/dict_0003_0063" 10038
"/Engine/EngineMaterials/Substrate/Glints2/dict_0003_0064" 10039
"/Engine/EngineMaterials/Substrate/Glints2/dict_0003_0065" 10040
"/Engine/EngineMaterials/Substrate/Glints2/dict_0003_0066" 10041
"/Engine/EngineMaterials/Substrate/Glints2/dict_0003_0067" 10042
"/Engine/EngineMaterials/Substrate/Glints2/dict_0003_0068" 10043
"/Engine/EngineMaterials/Substrate/Glints2/dict_0003_0069" 10044
"/Engine/EngineMaterials/Substrate/Glints2/dict_0003_0070" 10045
"/Engine/EngineMaterials/Substrate/Glints2/dict_0003_0071" 10046
"../../../Engine/Content/EngineMaterials/Substrate/Glints2/dict_0003_0039.uasset" 10047
"../../../Engine/Content/EngineMaterials/Substrate/Glints2/dict_0003_0036.uasset" 10048
"../../../Engine/Content/EngineMaterials/Substrate/Glints2/dict_0003_0034.uasset" 10049
"../../../Engine/Content/EngineMaterials/Substrate/Glints2/dict_0003_0030.uasset" 10050
"../../../Engine/Content/EngineMaterials/Substrate/Glints2/dict_0003_0033.uasset" 10051
"../../../Engine/Content/EngineMaterials/Substrate/Glints2/dict_0003_0026.uasset" 10052
"../../../Engine/Content/EngineMaterials/Substrate/Glints2/dict_0003_0024.uasset" 10053
"../../../Engine/Content/EngineMaterials/Substrate/Glints2/dict_0003_0025.uasset" 10054
"/Engine/EngineMaterials/Substrate/Glints2/dict_0003_0040" 10055
"../../../Engine/Content/EngineMaterials/Substrate/Glints2/dict_0003_0031.uasset" 10056
"../../../Engine/Content/EngineMaterials/Substrate/Glints2/dict_0003_0029.uasset" 10057
"../../../Engine/Content/EngineMaterials/Substrate/Glints2/dict_0003_0028.uasset" 10058
"../../../Engine/Content/EngineMaterials/Substrate/Glints2/dict_0003_0020.uasset" 10059
"../../../Engine/Content/EngineMaterials/Substrate/Glints2/dict_0003_0027.uasset" 10060
"../../../Engine/Content/EngineMaterials/Substrate/Glints2/dict_0003_0032.uasset" 10061
"../../../Engine/Content/EngineMaterials/Substrate/Glints2/dict_0003_0023.uasset" 10062
"../../../Engine/Content/EngineMaterials/Substrate/Glints2/dict_0003_0019.uasset" 10063
"../../../Engine/Content/EngineMaterials/Substrate/Glints2/dict_0003_0037.uasset" 10064
"/Engine/EngineMaterials/Substrate/Glints2/dict_0003_0041" 10065
"../../../Engine/Content/EngineMaterials/Substrate/Glints2/dict_0003_0022.uasset" 10066
"../../../Engine/Content/EngineMaterials/Substrate/Glints2/dict_0003_0018.uasset" 10067
"../../../Engine/Content/EngineMaterials/Substrate/Glints2/dict_0003_0021.uasset" 10068
"../../../Engine/Content/EngineMaterials/Substrate/Glints2/dict_0003_0035.uasset" 10069
"../../../Engine/Content/EngineMaterials/Substrate/Glints2/dict_0003_0038.uasset" 10070
"/Engine/EngineMaterials/Substrate/Glints2/dict_0003_0042" 10071
"/Engine/EngineMaterials/Substrate/Glints2/dict_0003_0043" 10072
"/Engine/EngineMaterials/Substrate/Glints2/dict_0003_0036" 10073
"/Engine/EngineMaterials/Substrate/Glints2/dict_0003_0039" 10074
"/Engine/EngineMaterials/Substrate/Glints2/dict_0003_0044" 10075
"/Engine/EngineMaterials/Substrate/Glints2/dict_0003_0045" 10076
"/Engine/EngineMaterials/Substrate/Glints2/dict_0003_0046" 10077
"/Engine/EngineMaterials/Substrate/Glints2/dict_0003_0047" 10078
"/Engine/EngineMaterials/Substrate/Glints2/dict_0003_0048" 10079
"/Engine/EngineMaterials/Substrate/Glints2/dict_0003_0049" 10080
"../../../Engine/Content/EngineMaterials/Substrate/Glints2/dict_0003_0015.uasset" 10081
"/Engine/EngineMaterials/Substrate/Glints2/dict_0003_0018" 10082
"../../../Engine/Content/EngineMaterials/Substrate/Glints2/dict_0003_0016.uasset" 10083
"../../../Engine/Content/EngineMaterials/Substrate/Glints2/dict_0003_0013.uasset" 10084
"../../../Engine/Content/EngineMaterials/Substrate/Glints2/dict_0003_0017.uasset" 10085
"../../../Engine/Content/EngineMaterials/Substrate/Glints2/dict_0003_0014.uasset" 10086
"../../../Engine/Content/EngineMaterials/Substrate/Glints2/dict_0003_0011.uasset" 10087
"../../../Engine/Content/EngineMaterials/Substrate/Glints2/dict_0003_0010.uasset" 10088
"/Engine/EngineMaterials/Substrate/Glints2/dict_0003_0019" 10089
"../../../Engine/Content/EngineMaterials/Substrate/Glints2/dict_0003_0009.uasset" 10090
"../../../Engine/Content/EngineMaterials/Substrate/Glints2/dict_0003_0008.uasset" 10091
"../../../Engine/Content/EngineMaterials/Substrate/Glints2/dict_0003_0007.uasset" 10092
"../../../Engine/Content/EngineMaterials/Substrate/Glints2/dict_0003_0012.uasset" 10093
"../../../Engine/Content/EngineMaterials/Substrate/Glints2/dict_0003_0006.uasset" 10094
"/Engine/EngineMaterials/Substrate/Glints2/dict_0003_0020" 10095
"/Engine/EngineMaterials/Substrate/Glints2/dict_0003_0021" 10096
"/Engine/EngineMaterials/Substrate/Glints2/dict_0003_0022" 10097
"/Engine/EngineMaterials/Substrate/Glints2/dict_0003_0023" 10098
"/Engine/EngineMaterials/Substrate/Glints2/dict_0003_0024" 10099
"/Engine/EngineMaterials/Substrate/Glints2/dict_0003_0025" 10100
"/Engine/EngineMaterials/Substrate/Glints2/dict_0003_0026" 10101
"/Engine/EngineMaterials/Substrate/Glints2/dict_0003_0027" 10102
"/Engine/EngineMaterials/Substrate/Glints2/dict_0003_0028" 10103
"/Engine/EngineMaterials/Substrate/Glints2/dict_0003_0029" 10104
"/Engine/EngineMaterials/Substrate/Glints2/dict_0003_0030" 10105
"/Engine/EngineMaterials/Substrate/Glints2/dict_0003_0031" 10106
"/Engine/EngineMaterials/Substrate/Glints2/dict_0003_0032" 10107
"/Engine/EngineMaterials/Substrate/Glints2/dict_0003_0033" 10108
"/Engine/EngineMaterials/Substrate/Glints2/dict_0003_0034" 10109
"/Engine/EngineMaterials/Substrate/Glints2/dict_0003_0035" 10110
"/Engine/EngineMaterials/Substrate/Glints2/dict_0003_0037" 10111
"/Engine/EngineMaterials/Substrate/Glints2/dict_0003_0038" 10112
"../../../Engine/Content/EngineMaterials/Substrate/Glints2/dict_0003_0005.uasset" 10113
"../../../Engine/Content/EngineMaterials/Substrate/Glints2/dict_0003_0004.uasset" 10114
"../../../Engine/Content/EngineMaterials/Substrate/Glints2/dict_0003_0000.uasset" 10115
"../../../Engine/Content/EngineMaterials/Substrate/Glints2/dict_0003_0003.uasset" 10116
"../../../Engine/Content/EngineMaterials/Substrate/Glints2/dict_0002_0255.uasset" 10117
"../../../Engine/Content/EngineMaterials/Substrate/Glints2/dict_0003_0001.uasset" 10118
"../../../Engine/Content/EngineMaterials/Substrate/Glints2/dict_0002_0254.uasset" 10119
"/Engine/EngineMaterials/Substrate/Glints2/dict_0003_0006" 10120
"../../../Engine/Content/EngineMaterials/Substrate/Glints2/dict_0003_0002.uasset" 10121
"../../../Engine/Content/EngineMaterials/Substrate/Glints2/dict_0002_0253.uasset" 10122
"../../../Engine/Content/EngineMaterials/Substrate/Glints2/dict_0002_0252.uasset" 10123
"../../../Engine/Content/EngineMaterials/Substrate/Glints2/dict_0002_0250.uasset" 10124
"../../../Engine/Content/EngineMaterials/Substrate/Glints2/dict_0002_0249.uasset" 10125
"../../../Engine/Content/EngineMaterials/Substrate/Glints2/dict_0002_0247.uasset" 10126
"../../../Engine/Content/EngineMaterials/Substrate/Glints2/dict_0002_0245.uasset" 10127
"../../../Engine/Content/EngineMaterials/Substrate/Glints2/dict_0002_0242.uasset" 10128
"../../../Engine/Content/EngineMaterials/Substrate/Glints2/dict_0002_0244.uasset" 10129
"../../../Engine/Content/EngineMaterials/Substrate/Glints2/dict_0002_0243.uasset" 10130
"../../../Engine/Content/EngineMaterials/Substrate/Glints2/dict_0002_0246.uasset" 10131
"../../../Engine/Content/EngineMaterials/Substrate/Glints2/dict_0002_0248.uasset" 10132
"../../../Engine/Content/EngineMaterials/Substrate/Glints2/dict_0002_0251.uasset" 10133
"/Engine/EngineMaterials/Substrate/Glints2/dict_0003_0007" 10134
"/Engine/EngineMaterials/Substrate/Glints2/dict_0003_0008" 10135
"/Engine/EngineMaterials/Substrate/Glints2/dict_0003_0009" 10136
"/Engine/EngineMaterials/Substrate/Glints2/dict_0003_0010" 10137
"/Engine/EngineMaterials/Substrate/Glints2/dict_0003_0005" 10138
"/Engine/EngineMaterials/Substrate/Glints2/dict_0003_0011" 10139
"/Engine/EngineMaterials/Substrate/Glints2/dict_0003_0012" 10140
"/Engine/EngineMaterials/Substrate/Glints2/dict_0003_0013" 10141
"/Engine/EngineMaterials/Substrate/Glints2/dict_0003_0014" 10142
"/Engine/EngineMaterials/Substrate/Glints2/dict_0003_0015" 10143
"/Engine/EngineMaterials/Substrate/Glints2/dict_0003_0016" 10144
"/Engine/EngineMaterials/Substrate/Glints2/dict_0003_0017" 10145
"../../../Engine/Content/EngineMaterials/Substrate/Glints2/dict_0002_0240.uasset" 10146
"../../../Engine/Content/EngineMaterials/Substrate/Glints2/dict_0002_0239.uasset" 10147
"../../../Engine/Content/EngineMaterials/Substrate/Glints2/dict_0002_0236.uasset" 10148
"../../../Engine/Content/EngineMaterials/Substrate/Glints2/dict_0002_0237.uasset" 10149
"/Engine/EngineMaterials/Substrate/Glints2/dict_0002_0242" 10150
"../../../Engine/Content/EngineMaterials/Substrate/Glints2/dict_0002_0234.uasset" 10151
"../../../Engine/Content/EngineMaterials/Substrate/Glints2/dict_0002_0238.uasset" 10152
"../../../Engine/Content/EngineMaterials/Substrate/Glints2/dict_0002_0230.uasset" 10153
"../../../Engine/Content/EngineMaterials/Substrate/Glints2/dict_0002_0241.uasset" 10154
"../../../Engine/Content/EngineMaterials/Substrate/Glints2/dict_0002_0233.uasset" 10155
"../../../Engine/Content/EngineMaterials/Substrate/Glints2/dict_0002_0232.uasset" 10156
"/Engine/EngineMaterials/Substrate/Glints2/dict_0002_0243" 10157
"../../../Engine/Content/EngineMaterials/Substrate/Glints2/dict_0002_0229.uasset" 10158
"../../../Engine/Content/EngineMaterials/Substrate/Glints2/dict_0002_0235.uasset" 10159
"../../../Engine/Content/EngineMaterials/Substrate/Glints2/dict_0002_0231.uasset" 10160
"/Engine/EngineMaterials/Substrate/Glints2/dict_0002_0244" 10161
"/Engine/EngineMaterials/Substrate/Glints2/dict_0002_0245" 10162
"/Engine/EngineMaterials/Substrate/Glints2/dict_0002_0246" 10163
"/Engine/EngineMaterials/Substrate/Glints2/dict_0002_0247" 10164
"/Engine/EngineMaterials/Substrate/Glints2/dict_0002_0248" 10165
"/Engine/EngineMaterials/Substrate/Glints2/dict_0002_0249" 10166
"/Engine/EngineMaterials/Substrate/Glints2/dict_0002_0250" 10167
"/Engine/EngineMaterials/Substrate/Glints2/dict_0002_0251" 10168
"/Engine/EngineMaterials/Substrate/Glints2/dict_0002_0252" 10169
"/Engine/EngineMaterials/Substrate/Glints2/dict_0002_0253" 10170
"/Engine/EngineMaterials/Substrate/Glints2/dict_0002_0254" 10171
"/Engine/EngineMaterials/Substrate/Glints2/dict_0002_0255" 10172
"/Engine/EngineMaterials/Substrate/Glints2/dict_0003_0000" 10173
"/Engine/EngineMaterials/Substrate/Glints2/dict_0003_0001" 10174
"/Engine/EngineMaterials/Substrate/Glints2/dict_0003_0002" 10175
"/Engine/EngineMaterials/Substrate/Glints2/dict_0003_0003" 10176
"/Engine/EngineMaterials/Substrate/Glints2/dict_0003_0004" 10177
"../../../Engine/Content/EngineMaterials/Substrate/Glints2/dict_0002_0227.uasset" 10178
"../../../Engine/Content/EngineMaterials/Substrate/Glints2/dict_0002_0222.uasset" 10179
"/Engine/EngineMaterials/Substrate/Glints2/dict_0002_0229" 10180
"../../../Engine/Content/EngineMaterials/Substrate/Glints2/dict_0002_0225.uasset" 10181
"../../../Engine/Content/EngineMaterials/Substrate/Glints2/dict_0002_0224.uasset" 10182
"../../../Engine/Content/EngineMaterials/Substrate/Glints2/dict_0002_0218.uasset" 10183
"../../../Engine/Content/EngineMaterials/Substrate/Glints2/dict_0002_0219.uasset" 10184
"../../../Engine/Content/EngineMaterials/Substrate/Glints2/dict_0002_0228.uasset" 10185
"../../../Engine/Content/EngineMaterials/Substrate/Glints2/dict_0002_0223.uasset" 10186
"../../../Engine/Content/EngineMaterials/Substrate/Glints2/dict_0002_0220.uasset" 10187
"../../../Engine/Content/EngineMaterials/Substrate/Glints2/dict_0002_0214.uasset" 10188
"../../../Engine/Content/EngineMaterials/Substrate/Glints2/dict_0002_0216.uasset" 10189
"../../../Engine/Content/EngineMaterials/Substrate/Glints2/dict_0002_0226.uasset" 10190
"../../../Engine/Content/EngineMaterials/Substrate/Glints2/dict_0002_0217.uasset" 10191
"../../../Engine/Content/EngineMaterials/Substrate/Glints2/dict_0002_0221.uasset" 10192
"../../../Engine/Content/EngineMaterials/Substrate/Glints2/dict_0002_0215.uasset" 10193
"../../../Engine/Content/EngineMaterials/Substrate/Glints2/dict_0002_0213.uasset" 10194
"../../../Engine/Content/EngineMaterials/Substrate/Glints2/dict_0002_0212.uasset" 10195
"../../../Engine/Content/EngineMaterials/Substrate/Glints2/dict_0002_0211.uasset" 10196
"../../../Engine/Content/EngineMaterials/Substrate/Glints2/dict_0002_0210.uasset" 10197
"/Engine/EngineMaterials/Substrate/Glints2/dict_0002_0230" 10198
"/Engine/EngineMaterials/Substrate/Glints2/dict_0002_0231" 10199
"/Engine/EngineMaterials/Substrate/Glints2/dict_0002_0232" 10200
"/Engine/EngineMaterials/Substrate/Glints2/dict_0002_0233" 10201
"/Engine/EngineMaterials/Substrate/Glints2/dict_0002_0234" 10202
"/Engine/EngineMaterials/Substrate/Glints2/dict_0002_0235" 10203
"/Engine/EngineMaterials/Substrate/Glints2/dict_0002_0236" 10204
"/Engine/EngineMaterials/Substrate/Glints2/dict_0002_0237" 10205
"/Engine/EngineMaterials/Substrate/Glints2/dict_0002_0238" 10206
"/Engine/EngineMaterials/Substrate/Glints2/dict_0002_0239" 10207
"/Engine/EngineMaterials/Substrate/Glints2/dict_0002_0240" 10208
"/Engine/EngineMaterials/Substrate/Glints2/dict_0002_0241" 10209
"../../../Engine/Content/EngineMaterials/Substrate/Glints2/dict_0002_0208.uasset" 10210
"../../../Engine/Content/EngineMaterials/Substrate/Glints2/dict_0002_0209.uasset" 10211
"/Engine/EngineMaterials/Substrate/Glints2/dict_0002_0210" 10212
"../../../Engine/Content/EngineMaterials/Substrate/Glints2/dict_0002_0207.uasset" 10213
"../../../Engine/Content/EngineMaterials/Substrate/Glints2/dict_0002_0204.uasset" 10214
"../../../Engine/Content/EngineMaterials/Substrate/Glints2/dict_0002_0206.uasset" 10215
"../../../Engine/Content/EngineMaterials/Substrate/Glints2/dict_0002_0203.uasset" 10216
"../../../Engine/Content/EngineMaterials/Substrate/Glints2/dict_0002_0205.uasset" 10217
"../../../Engine/Content/EngineMaterials/Substrate/Glints2/dict_0002_0202.uasset" 10218
"/Engine/EngineMaterials/Substrate/Glints2/dict_0002_0211" 10219
"../../../Engine/Content/EngineMaterials/Substrate/Glints2/dict_0002_0200.uasset" 10220
"/Engine/EngineMaterials/Substrate/Glints2/dict_0002_0212" 10221
"../../../Engine/Content/EngineMaterials/Substrate/Glints2/dict_0002_0199.uasset" 10222
"../../../Engine/Content/EngineMaterials/Substrate/Glints2/dict_0002_0197.uasset" 10223
"../../../Engine/Content/EngineMaterials/Substrate/Glints2/dict_0002_0198.uasset" 10224
"../../../Engine/Content/EngineMaterials/Substrate/Glints2/dict_0002_0201.uasset" 10225
"/Engine/EngineMaterials/Substrate/Glints2/dict_0002_0213" 10226
"/Engine/EngineMaterials/Substrate/Glints2/dict_0002_0214" 10227
"/Engine/EngineMaterials/Substrate/Glints2/dict_0002_0215" 10228
"/Engine/EngineMaterials/Substrate/Glints2/dict_0002_0216" 10229
"/Engine/EngineMaterials/Substrate/Glints2/dict_0002_0217" 10230
"/Engine/EngineMaterials/Substrate/Glints2/dict_0002_0218" 10231
"/Engine/EngineMaterials/Substrate/Glints2/dict_0002_0219" 10232
"/Engine/EngineMaterials/Substrate/Glints2/dict_0002_0220" 10233
"/Engine/EngineMaterials/Substrate/Glints2/dict_0002_0221" 10234
"/Engine/EngineMaterials/Substrate/Glints2/dict_0002_0222" 10235
"/Engine/EngineMaterials/Substrate/Glints2/dict_0002_0223" 10236
"/Engine/EngineMaterials/Substrate/Glints2/dict_0002_0224" 10237
"/Engine/EngineMaterials/Substrate/Glints2/dict_0002_0225" 10238
"/Engine/EngineMaterials/Substrate/Glints2/dict_0002_0226" 10239
"/Engine/EngineMaterials/Substrate/Glints2/dict_0002_0227" 10240
"/Engine/EngineMaterials/Substrate/Glints2/dict_0002_0228" 10241
"../../../Engine/Content/EngineMaterials/Substrate/Glints2/dict_0002_0196.uasset" 10242
"../../../Engine/Content/EngineMaterials/Substrate/Glints2/dict_0002_0195.uasset" 10243
"../../../Engine/Content/EngineMaterials/Substrate/Glints2/dict_0002_0194.uasset" 10244
"../../../Engine/Content/EngineMaterials/Substrate/Glints2/dict_0002_0193.uasset" 10245
"../../../Engine/Content/EngineMaterials/Substrate/Glints2/dict_0002_0191.uasset" 10246
"../../../Engine/Content/EngineMaterials/Substrate/Glints2/dict_0002_0192.uasset" 10247
"../../../Engine/Content/EngineMaterials/Substrate/Glints2/dict_0002_0190.uasset" 10248
"../../../Engine/Content/EngineMaterials/Substrate/Glints2/dict_0002_0189.uasset" 10249
"../../../Engine/Content/EngineMaterials/Substrate/Glints2/dict_0002_0187.uasset" 10250
"../../../Engine/Content/EngineMaterials/Substrate/Glints2/dict_0002_0188.uasset" 10251
"../../../Engine/Content/EngineMaterials/Substrate/Glints2/dict_0002_0184.uasset" 10252
"../../../Engine/Content/EngineMaterials/Substrate/Glints2/dict_0002_0181.uasset" 10253
"/Engine/EngineMaterials/Substrate/Glints2/dict_0002_0197" 10254
"../../../Engine/Content/EngineMaterials/Substrate/Glints2/dict_0002_0183.uasset" 10255
"../../../Engine/Content/EngineMaterials/Substrate/Glints2/dict_0002_0186.uasset" 10256
"../../../Engine/Content/EngineMaterials/Substrate/Glints2/dict_0002_0182.uasset" 10257
"../../../Engine/Content/EngineMaterials/Substrate/Glints2/dict_0002_0185.uasset" 10258
"../../../Engine/Content/EngineMaterials/Substrate/Glints2/dict_0002_0178.uasset" 10259
"../../../Engine/Content/EngineMaterials/Substrate/Glints2/dict_0002_0180.uasset" 10260
"../../../Engine/Content/EngineMaterials/Substrate/Glints2/dict_0002_0179.uasset" 10261
"/Engine/EngineMaterials/Substrate/Glints2/dict_0002_0198" 10262
"/Engine/EngineMaterials/Substrate/Glints2/dict_0002_0199" 10263
"/Engine/EngineMaterials/Substrate/Glints2/dict_0002_0200" 10264
"/Engine/EngineMaterials/Substrate/Glints2/dict_0002_0195" 10265
"/Engine/EngineMaterials/Substrate/Glints2/dict_0002_0201" 10266
"/Engine/EngineMaterials/Substrate/Glints2/dict_0002_0196" 10267
"/Engine/EngineMaterials/Substrate/Glints2/dict_0002_0202" 10268
"/Engine/EngineMaterials/Substrate/Glints2/dict_0002_0203" 10269
"/Engine/EngineMaterials/Substrate/Glints2/dict_0002_0204" 10270
"/Engine/EngineMaterials/Substrate/Glints2/dict_0002_0205" 10271
"/Engine/EngineMaterials/Substrate/Glints2/dict_0002_0206" 10272
"/Engine/EngineMaterials/Substrate/Glints2/dict_0002_0207" 10273
"/Engine/EngineMaterials/Substrate/Glints2/dict_0002_0208" 10274
"/Engine/EngineMaterials/Substrate/Glints2/dict_0002_0209" 10275
"../../../Engine/Content/EngineMaterials/Substrate/Glints2/dict_0002_0177.uasset" 10276
"../../../Engine/Content/EngineMaterials/Substrate/Glints2/dict_0002_0176.uasset" 10277
"../../../Engine/Content/EngineMaterials/Substrate/Glints2/dict_0002_0174.uasset" 10278
"../../../Engine/Content/EngineMaterials/Substrate/Glints2/dict_0002_0175.uasset" 10279
"../../../Engine/Content/EngineMaterials/Substrate/Glints2/dict_0002_0172.uasset" 10280
"../../../Engine/Content/EngineMaterials/Substrate/Glints2/dict_0002_0170.uasset" 10281
"../../../Engine/Content/EngineMaterials/Substrate/Glints2/dict_0002_0173.uasset" 10282
"../../../Engine/Content/EngineMaterials/Substrate/Glints2/dict_0002_0171.uasset" 10283
"../../../Engine/Content/EngineMaterials/Substrate/Glints2/dict_0002_0168.uasset" 10284
"../../../Engine/Content/EngineMaterials/Substrate/Glints2/dict_0002_0167.uasset" 10285
"../../../Engine/Content/EngineMaterials/Substrate/Glints2/dict_0002_0166.uasset" 10286
"../../../Engine/Content/EngineMaterials/Substrate/Glints2/dict_0002_0164.uasset" 10287
"/Engine/EngineMaterials/Substrate/Glints2/dict_0002_0178" 10288
"../../../Engine/Content/EngineMaterials/Substrate/Glints2/dict_0002_0163.uasset" 10289
"../../../Engine/Content/EngineMaterials/Substrate/Glints2/dict_0002_0169.uasset" 10290
"../../../Engine/Content/EngineMaterials/Substrate/Glints2/dict_0002_0165.uasset" 10291
"/Engine/EngineMaterials/Substrate/Glints2/dict_0002_0179" 10292
"/Engine/EngineMaterials/Substrate/Glints2/dict_0002_0180" 10293
"/Engine/EngineMaterials/Substrate/Glints2/dict_0002_0181" 10294
"/Engine/EngineMaterials/Substrate/Glints2/dict_0002_0182" 10295
"/Engine/EngineMaterials/Substrate/Glints2/dict_0002_0183" 10296
"/Engine/EngineMaterials/Substrate/Glints2/dict_0002_0184" 10297
"/Engine/EngineMaterials/Substrate/Glints2/dict_0002_0185" 10298
"/Engine/EngineMaterials/Substrate/Glints2/dict_0002_0186" 10299
"/Engine/EngineMaterials/Substrate/Glints2/dict_0002_0187" 10300
"/Engine/EngineMaterials/Substrate/Glints2/dict_0002_0188" 10301
"/Engine/EngineMaterials/Substrate/Glints2/dict_0002_0189" 10302
"/Engine/EngineMaterials/Substrate/Glints2/dict_0002_0190" 10303
"/Engine/EngineMaterials/Substrate/Glints2/dict_0002_0191" 10304
"/Engine/EngineMaterials/Substrate/Glints2/dict_0002_0192" 10305
"/Engine/EngineMaterials/Substrate/Glints2/dict_0002_0193" 10306
"/Engine/EngineMaterials/Substrate/Glints2/dict_0002_0194" 10307
"/Engine/EngineMaterials/Substrate/Glints2/dict_0002_0174" 10308
"/Engine/EngineMaterials/Substrate/Glints2/dict_0002_0175" 10309
"/Engine/EngineMaterials/Substrate/Glints2/dict_0002_0176" 10310
"/Engine/EngineMaterials/Substrate/Glints2/dict_0002_0177" 10311
"/Engine/EngineMaterials/Substrate/Glints2/dict_0002_0163" 10312
"../../../Engine/Content/EngineMaterials/Substrate/Glints2/dict_0002_0162.uasset" 10313
"../../../Engine/Content/EngineMaterials/Substrate/Glints2/dict_0002_0157.uasset" 10314
"../../../Engine/Content/EngineMaterials/Substrate/Glints2/dict_0002_0152.uasset" 10315
"../../../Engine/Content/EngineMaterials/Substrate/Glints2/dict_0002_0159.uasset" 10316
"../../../Engine/Content/EngineMaterials/Substrate/Glints2/dict_0002_0154.uasset" 10317
"../../../Engine/Content/EngineMaterials/Substrate/Glints2/dict_0002_0160.uasset" 10318
"../../../Engine/Content/EngineMaterials/Substrate/Glints2/dict_0002_0156.uasset" 10319
"../../../Engine/Content/EngineMaterials/Substrate/Glints2/dict_0002_0153.uasset" 10320
"../../../Engine/Content/EngineMaterials/Substrate/Glints2/dict_0002_0150.uasset" 10321
"../../../Engine/Content/EngineMaterials/Substrate/Glints2/dict_0002_0161.uasset" 10322
"../../../Engine/Content/EngineMaterials/Substrate/Glints2/dict_0002_0151.uasset" 10323
"../../../Engine/Content/EngineMaterials/Substrate/Glints2/dict_0002_0155.uasset" 10324
"../../../Engine/Content/EngineMaterials/Substrate/Glints2/dict_0002_0148.uasset" 10325
"../../../Engine/Content/EngineMaterials/Substrate/Glints2/dict_0002_0158.uasset" 10326
"../../../Engine/Content/EngineMaterials/Substrate/Glints2/dict_0002_0144.uasset" 10327
"/Engine/EngineMaterials/Substrate/Glints2/dict_0002_0164" 10328
"../../../Engine/Content/EngineMaterials/Substrate/Glints2/dict_0002_0149.uasset" 10329
"../../../Engine/Content/EngineMaterials/Substrate/Glints2/dict_0002_0143.uasset" 10330
"../../../Engine/Content/EngineMaterials/Substrate/Glints2/dict_0002_0145.uasset" 10331
"../../../Engine/Content/EngineMaterials/Substrate/Glints2/dict_0002_0147.uasset" 10332
"../../../Engine/Content/EngineMaterials/Substrate/Glints2/dict_0002_0142.uasset" 10333
"../../../Engine/Content/EngineMaterials/Substrate/Glints2/dict_0002_0146.uasset" 10334
"/Engine/EngineMaterials/Substrate/Glints2/dict_0002_0165" 10335
"/Engine/EngineMaterials/Substrate/Glints2/dict_0002_0166" 10336
"/Engine/EngineMaterials/Substrate/Glints2/dict_0002_0167" 10337
"/Engine/EngineMaterials/Substrate/Glints2/dict_0002_0168" 10338
"/Engine/EngineMaterials/Substrate/Glints2/dict_0002_0169" 10339
"/Engine/EngineMaterials/Substrate/Glints2/dict_0002_0170" 10340
"/Engine/EngineMaterials/Substrate/Glints2/dict_0002_0171" 10341
"/Engine/EngineMaterials/Substrate/Glints2/dict_0002_0172" 10342
"/Engine/EngineMaterials/Substrate/Glints2/dict_0002_0173" 10343
"../../../Engine/Content/EngineMaterials/Substrate/Glints2/dict_0002_0140.uasset" 10344
"../../../Engine/Content/EngineMaterials/Substrate/Glints2/dict_0002_0138.uasset" 10345
"../../../Engine/Content/EngineMaterials/Substrate/Glints2/dict_0002_0136.uasset" 10346
"../../../Engine/Content/EngineMaterials/Substrate/Glints2/dict_0002_0134.uasset" 10347
"/Engine/EngineMaterials/Substrate/Glints2/dict_0002_0142" 10348
"../../../Engine/Content/EngineMaterials/Substrate/Glints2/dict_0002_0141.uasset" 10349
"../../../Engine/Content/EngineMaterials/Substrate/Glints2/dict_0002_0139.uasset" 10350
"../../../Engine/Content/EngineMaterials/Substrate/Glints2/dict_0002_0132.uasset" 10351
"../../../Engine/Content/EngineMaterials/Substrate/Glints2/dict_0002_0137.uasset" 10352
"../../../Engine/Content/EngineMaterials/Substrate/Glints2/dict_0002_0135.uasset" 10353
"../../../Engine/Content/EngineMaterials/Substrate/Glints2/dict_0002_0133.uasset" 10354
"../../../Engine/Content/EngineMaterials/Substrate/Glints2/dict_0002_0131.uasset" 10355
"/Engine/EngineMaterials/Substrate/Glints2/dict_0002_0143" 10356
"/Engine/EngineMaterials/Substrate/Glints2/dict_0002_0144" 10357
"/Engine/EngineMaterials/Substrate/Glints2/dict_0002_0145" 10358
"/Engine/EngineMaterials/Substrate/Glints2/dict_0002_0146" 10359
"/Engine/EngineMaterials/Substrate/Glints2/dict_0002_0147" 10360
"/Engine/EngineMaterials/Substrate/Glints2/dict_0002_0148" 10361
"/Engine/EngineMaterials/Substrate/Glints2/dict_0002_0149" 10362
"/Engine/EngineMaterials/Substrate/Glints2/dict_0002_0150" 10363
"/Engine/EngineMaterials/Substrate/Glints2/dict_0002_0151" 10364
"/Engine/EngineMaterials/Substrate/Glints2/dict_0002_0152" 10365
"/Engine/EngineMaterials/Substrate/Glints2/dict_0002_0153" 10366
"/Engine/EngineMaterials/Substrate/Glints2/dict_0002_0154" 10367
"/Engine/EngineMaterials/Substrate/Glints2/dict_0002_0155" 10368
"/Engine/EngineMaterials/Substrate/Glints2/dict_0002_0156" 10369
"/Engine/EngineMaterials/Substrate/Glints2/dict_0002_0157" 10370
"/Engine/EngineMaterials/Substrate/Glints2/dict_0002_0158" 10371
"/Engine/EngineMaterials/Substrate/Glints2/dict_0002_0159" 10372
"/Engine/EngineMaterials/Substrate/Glints2/dict_0002_0160" 10373
"/Engine/EngineMaterials/Substrate/Glints2/dict_0002_0161" 10374
"/Engine/EngineMaterials/Substrate/Glints2/dict_0002_0162" 10375
"../../../Engine/Content/EngineMaterials/Substrate/Glints2/dict_0002_0127.uasset" 10376
"../../../Engine/Content/EngineMaterials/Substrate/Glints2/dict_0002_0128.uasset" 10377
"../../../Engine/Content/EngineMaterials/Substrate/Glints2/dict_0002_0130.uasset" 10378
"../../../Engine/Content/EngineMaterials/Substrate/Glints2/dict_0002_0126.uasset" 10379
"../../../Engine/Content/EngineMaterials/Substrate/Glints2/dict_0002_0125.uasset" 10380
"/Engine/EngineMaterials/Substrate/Glints2/dict_0002_0131" 10381
"../../../Engine/Content/EngineMaterials/Substrate/Glints2/dict_0002_0115.uasset" 10382
"../../../Engine/Content/EngineMaterials/Substrate/Glints2/dict_0002_0114.uasset" 10383
"../../../Engine/Content/EngineMaterials/Substrate/Glints2/dict_0002_0112.uasset" 10384
"../../../Engine/Content/EngineMaterials/Substrate/Glints2/dict_0002_0129.uasset" 10385
"../../../Engine/Content/EngineMaterials/Substrate/Glints2/dict_0002_0120.uasset" 10386
"../../../Engine/Content/EngineMaterials/Substrate/Glints2/dict_0002_0111.uasset" 10387
"../../../Engine/Content/EngineMaterials/Substrate/Glints2/dict_0002_0124.uasset" 10388
"../../../Engine/Content/EngineMaterials/Substrate/Glints2/dict_0002_0113.uasset" 10389
"../../../Engine/Content/EngineMaterials/Substrate/Glints2/dict_0002_0123.uasset" 10390
"../../../Engine/Content/EngineMaterials/Substrate/Glints2/dict_0002_0121.uasset" 10391
"../../../Engine/Content/EngineMaterials/Substrate/Glints2/dict_0002_0122.uasset" 10392
"../../../Engine/Content/EngineMaterials/Substrate/Glints2/dict_0002_0117.uasset" 10393
"../../../Engine/Content/EngineMaterials/Substrate/Glints2/dict_0002_0116.uasset" 10394
"../../../Engine/Content/EngineMaterials/Substrate/Glints2/dict_0002_0118.uasset" 10395
"../../../Engine/Content/EngineMaterials/Substrate/Glints2/dict_0002_0110.uasset" 10396
"../../../Engine/Content/EngineMaterials/Substrate/Glints2/dict_0002_0119.uasset" 10397
"/Engine/EngineMaterials/Substrate/Glints2/dict_0002_0132" 10398
"/Engine/EngineMaterials/Substrate/Glints2/dict_0002_0133" 10399
"/Engine/EngineMaterials/Substrate/Glints2/dict_0002_0134" 10400
"/Engine/EngineMaterials/Substrate/Glints2/dict_0002_0135" 10401
"/Engine/EngineMaterials/Substrate/Glints2/dict_0002_0136" 10402
"/Engine/EngineMaterials/Substrate/Glints2/dict_0002_0137" 10403
"/Engine/EngineMaterials/Substrate/Glints2/dict_0002_0138" 10404
"/Engine/EngineMaterials/Substrate/Glints2/dict_0002_0139" 10405
"/Engine/EngineMaterials/Substrate/Glints2/dict_0002_0140" 10406
"/Engine/EngineMaterials/Substrate/Glints2/dict_0002_0141" 10407
"../../../Engine/Content/EngineMaterials/Substrate/Glints2/dict_0002_0109.uasset" 10408
"../../../Engine/Content/EngineMaterials/Substrate/Glints2/dict_0002_0104.uasset" 10409
"../../../Engine/Content/EngineMaterials/Substrate/Glints2/dict_0002_0108.uasset" 10410
"../../../Engine/Content/EngineMaterials/Substrate/Glints2/dict_0002_0107.uasset" 10411
"../../../Engine/Content/EngineMaterials/Substrate/Glints2/dict_0002_0106.uasset" 10412
"../../../Engine/Content/EngineMaterials/Substrate/Glints2/dict_0002_0105.uasset" 10413
"../../../Engine/Content/EngineMaterials/Substrate/Glints2/dict_0002_0102.uasset" 10414
"../../../Engine/Content/EngineMaterials/Substrate/Glints2/dict_0002_0101.uasset" 10415
"/Engine/EngineMaterials/Substrate/Glints2/dict_0002_0110" 10416
"../../../Engine/Content/EngineMaterials/Substrate/Glints2/dict_0002_0099.uasset" 10417
"../../../Engine/Content/EngineMaterials/Substrate/Glints2/dict_0002_0103.uasset" 10418
"../../../Engine/Content/EngineMaterials/Substrate/Glints2/dict_0002_0100.uasset" 10419
"/Engine/EngineMaterials/Substrate/Glints2/dict_0002_0111" 10420
"/Engine/EngineMaterials/Substrate/Glints2/dict_0002_0112" 10421
"/Engine/EngineMaterials/Substrate/Glints2/dict_0002_0113" 10422
"/Engine/EngineMaterials/Substrate/Glints2/dict_0002_0114" 10423
"/Engine/EngineMaterials/Substrate/Glints2/dict_0002_0115" 10424
"/Engine/EngineMaterials/Substrate/Glints2/dict_0002_0116" 10425
"/Engine/EngineMaterials/Substrate/Glints2/dict_0002_0117" 10426
"/Engine/EngineMaterials/Substrate/Glints2/dict_0002_0118" 10427
"/Engine/EngineMaterials/Substrate/Glints2/dict_0002_0119" 10428
"/Engine/EngineMaterials/Substrate/Glints2/dict_0002_0120" 10429
"/Engine/EngineMaterials/Substrate/Glints2/dict_0002_0121" 10430
"/Engine/EngineMaterials/Substrate/Glints2/dict_0002_0122" 10431
"/Engine/EngineMaterials/Substrate/Glints2/dict_0002_0123" 10432
"/Engine/EngineMaterials/Substrate/Glints2/dict_0002_0124" 10433
"/Engine/EngineMaterials/Substrate/Glints2/dict_0002_0125" 10434
"/Engine/EngineMaterials/Substrate/Glints2/dict_0002_0126" 10435
"/Engine/EngineMaterials/Substrate/Glints2/dict_0002_0104" 10436
"/Engine/EngineMaterials/Substrate/Glints2/dict_0002_0109" 10437
"/Engine/EngineMaterials/Substrate/Glints2/dict_0002_0127" 10438
"/Engine/EngineMaterials/Substrate/Glints2/dict_0002_0128" 10439
"/Engine/EngineMaterials/Substrate/Glints2/dict_0002_0129" 10440
"/Engine/EngineMaterials/Substrate/Glints2/dict_0002_0130" 10441
"../../../Engine/Content/EngineMaterials/Substrate/Glints2/dict_0002_0097.uasset" 10442
"../../../Engine/Content/EngineMaterials/Substrate/Glints2/dict_0002_0092.uasset" 10443
"../../../Engine/Content/EngineMaterials/Substrate/Glints2/dict_0002_0098.uasset" 10444
"../../../Engine/Content/EngineMaterials/Substrate/Glints2/dict_0002_0093.uasset" 10445
"../../../Engine/Content/EngineMaterials/Substrate/Glints2/dict_0002_0094.uasset" 10446
"../../../Engine/Content/EngineMaterials/Substrate/Glints2/dict_0002_0091.uasset" 10447
"../../../Engine/Content/EngineMaterials/Substrate/Glints2/dict_0002_0090.uasset" 10448
"../../../Engine/Content/EngineMaterials/Substrate/Glints2/dict_0002_0088.uasset" 10449
"../../../Engine/Content/EngineMaterials/Substrate/Glints2/dict_0002_0085.uasset" 10450
"../../../Engine/Content/EngineMaterials/Substrate/Glints2/dict_0002_0089.uasset" 10451
"../../../Engine/Content/EngineMaterials/Substrate/Glints2/dict_0002_0086.uasset" 10452
"../../../Engine/Content/EngineMaterials/Substrate/Glints2/dict_0002_0083.uasset" 10453
"../../../Engine/Content/EngineMaterials/Substrate/Glints2/dict_0002_0082.uasset" 10454
"../../../Engine/Content/EngineMaterials/Substrate/Glints2/dict_0002_0079.uasset" 10455
"../../../Engine/Content/EngineMaterials/Substrate/Glints2/dict_0002_0096.uasset" 10456
"../../../Engine/Content/EngineMaterials/Substrate/Glints2/dict_0002_0087.uasset" 10457
"../../../Engine/Content/EngineMaterials/Substrate/Glints2/dict_0002_0095.uasset" 10458
"../../../Engine/Content/EngineMaterials/Substrate/Glints2/dict_0002_0076.uasset" 10459
"../../../Engine/Content/EngineMaterials/Substrate/Glints2/dict_0002_0084.uasset" 10460
"../../../Engine/Content/EngineMaterials/Substrate/Glints2/dict_0002_0077.uasset" 10461
"../../../Engine/Content/EngineMaterials/Substrate/Glints2/dict_0002_0080.uasset" 10462
"/Engine/EngineMaterials/Substrate/Glints2/dict_0002_0083" 10463
"../../../Engine/Content/EngineMaterials/Substrate/Glints2/dict_0002_0078.uasset" 10464
"../../../Engine/Content/EngineMaterials/Substrate/Glints2/dict_0002_0081.uasset" 10465
"/Engine/EngineMaterials/Substrate/Glints2/dict_0002_0085" 10466
"/Engine/EngineMaterials/Substrate/Glints2/dict_0002_0099" 10467
"/Engine/EngineMaterials/Substrate/Glints2/dict_0002_0086" 10468
"/Engine/EngineMaterials/Substrate/Glints2/dict_0002_0100" 10469
"/Engine/EngineMaterials/Substrate/Glints2/dict_0002_0101" 10470
"/Engine/EngineMaterials/Substrate/Glints2/dict_0002_0088" 10471
"/Engine/EngineMaterials/Substrate/Glints2/dict_0002_0089" 10472
"/Engine/EngineMaterials/Substrate/Glints2/dict_0002_0090" 10473
"/Engine/EngineMaterials/Substrate/Glints2/dict_0002_0091" 10474
"/Engine/EngineMaterials/Substrate/Glints2/dict_0002_0092" 10475
"/Engine/EngineMaterials/Substrate/Glints2/dict_0002_0102" 10476
"/Engine/EngineMaterials/Substrate/Glints2/dict_0002_0103" 10477
"/Engine/EngineMaterials/Substrate/Glints2/dict_0002_0093" 10478
"/Engine/EngineMaterials/Substrate/Glints2/dict_0002_0105" 10479
"/Engine/EngineMaterials/Substrate/Glints2/dict_0002_0106" 10480
"/Engine/EngineMaterials/Substrate/Glints2/dict_0002_0107" 10481
"/Engine/EngineMaterials/Substrate/Glints2/dict_0002_0108" 10482
"/Engine/EngineMaterials/Substrate/Glints2/dict_0002_0094" 10483
"/Engine/EngineMaterials/Substrate/Glints2/dict_0002_0097" 10484
"/Engine/EngineMaterials/Substrate/Glints2/dict_0002_0098" 10485
"../../../Engine/Content/EngineMaterials/Substrate/Glints2/dict_0002_0075.uasset" 10486
"../../../Engine/Content/EngineMaterials/Substrate/Glints2/dict_0002_0074.uasset" 10487
"../../../Engine/Content/EngineMaterials/Substrate/Glints2/dict_0002_0072.uasset" 10488
"../../../Engine/Content/EngineMaterials/Substrate/Glints2/dict_0002_0067.uasset" 10489
"../../../Engine/Content/EngineMaterials/Substrate/Glints2/dict_0002_0071.uasset" 10490
"../../../Engine/Content/EngineMaterials/Substrate/Glints2/dict_0002_0070.uasset" 10491
"/Engine/EngineMaterials/Substrate/Glints2/dict_0002_0076" 10492
"../../../Engine/Content/EngineMaterials/Substrate/Glints2/dict_0002_0069.uasset" 10493
"../../../Engine/Content/EngineMaterials/Substrate/Glints2/dict_0002_0068.uasset" 10494
"../../../Engine/Content/EngineMaterials/Substrate/Glints2/dict_0002_0063.uasset" 10495
"../../../Engine/Content/EngineMaterials/Substrate/Glints2/dict_0002_0061.uasset" 10496
"../../../Engine/Content/EngineMaterials/Substrate/Glints2/dict_0002_0066.uasset" 10497
"/Engine/EngineMaterials/Substrate/Glints2/dict_0002_0077" 10498
"../../../Engine/Content/EngineMaterials/Substrate/Glints2/dict_0002_0060.uasset" 10499
"../../../Engine/Content/EngineMaterials/Substrate/Glints2/dict_0002_0059.uasset" 10500
"../../../Engine/Content/EngineMaterials/Substrate/Glints2/dict_0002_0058.uasset" 10501
"../../../Engine/Content/EngineMaterials/Substrate/Glints2/dict_0002_0064.uasset" 10502
"../../../Engine/Content/EngineMaterials/Substrate/Glints2/dict_0002_0062.uasset" 10503
"../../../Engine/Content/EngineMaterials/Substrate/Glints2/dict_0002_0055.uasset" 10504
"/Engine/EngineMaterials/Substrate/Glints2/dict_0002_0078" 10505
"../../../Engine/Content/EngineMaterials/Substrate/Glints2/dict_0002_0065.uasset" 10506
"../../../Engine/Content/EngineMaterials/Substrate/Glints2/dict_0002_0057.uasset" 10507
"../../../Engine/Content/EngineMaterials/Substrate/Glints2/dict_0002_0073.uasset" 10508
"../../../Engine/Content/EngineMaterials/Substrate/Glints2/dict_0002_0056.uasset" 10509
"/Engine/EngineMaterials/Substrate/Glints2/dict_0002_0079" 10510
"/Engine/EngineMaterials/Substrate/Glints2/dict_0002_0080" 10511
"/Engine/EngineMaterials/Substrate/Glints2/dict_0002_0081" 10512
"/Engine/EngineMaterials/Substrate/Glints2/dict_0002_0082" 10513
"/Engine/EngineMaterials/Substrate/Glints2/dict_0002_0084" 10514
"/Engine/EngineMaterials/Substrate/Glints2/dict_0002_0087" 10515
"/Engine/EngineMaterials/Substrate/Glints2/dict_0002_0095" 10516
"/Engine/EngineMaterials/Substrate/Glints2/dict_0002_0096" 10517
"/Engine/EngineMaterials/Substrate/Glints2/dict_0002_0074" 10518
"/Engine/EngineMaterials/Substrate/Glints2/dict_0002_0075" 10519
"../../../Engine/Content/EngineMaterials/Substrate/Glints2/dict_0002_0054.uasset" 10520
"../../../Engine/Content/EngineMaterials/Substrate/Glints2/dict_0002_0051.uasset" 10521
"../../../Engine/Content/EngineMaterials/Substrate/Glints2/dict_0002_0052.uasset" 10522
"../../../Engine/Content/EngineMaterials/Substrate/Glints2/dict_0002_0050.uasset" 10523
"../../../Engine/Content/EngineMaterials/Substrate/Glints2/dict_0002_0044.uasset" 10524
"../../../Engine/Content/EngineMaterials/Substrate/Glints2/dict_0002_0046.uasset" 10525
"/Engine/EngineMaterials/Substrate/Glints2/dict_0002_0055" 10526
"../../../Engine/Content/EngineMaterials/Substrate/Glints2/dict_0002_0049.uasset" 10527
"../../../Engine/Content/EngineMaterials/Substrate/Glints2/dict_0002_0043.uasset" 10528
"../../../Engine/Content/EngineMaterials/Substrate/Glints2/dict_0002_0048.uasset" 10529
"../../../Engine/Content/EngineMaterials/Substrate/Glints2/dict_0002_0042.uasset" 10530
"../../../Engine/Content/EngineMaterials/Substrate/Glints2/dict_0002_0047.uasset" 10531
"../../../Engine/Content/EngineMaterials/Substrate/Glints2/dict_0002_0053.uasset" 10532
"../../../Engine/Content/EngineMaterials/Substrate/Glints2/dict_0002_0045.uasset" 10533
"/Engine/EngineMaterials/Substrate/Glints2/dict_0002_0056" 10534
"/Engine/EngineMaterials/Substrate/Glints2/dict_0002_0057" 10535
"/Engine/EngineMaterials/Substrate/Glints2/dict_0002_0058" 10536
"/Engine/EngineMaterials/Substrate/Glints2/dict_0002_0059" 10537
"/Engine/EngineMaterials/Substrate/Glints2/dict_0002_0060" 10538
"/Engine/EngineMaterials/Substrate/Glints2/dict_0002_0061" 10539
"/Engine/EngineMaterials/Substrate/Glints2/dict_0002_0062" 10540
"/Engine/EngineMaterials/Substrate/Glints2/dict_0002_0063" 10541
"/Engine/EngineMaterials/Substrate/Glints2/dict_0002_0064" 10542
"/Engine/EngineMaterials/Substrate/Glints2/dict_0002_0065" 10543
"/Engine/EngineMaterials/Substrate/Glints2/dict_0002_0066" 10544
"/Engine/EngineMaterials/Substrate/Glints2/dict_0002_0067" 10545
"/Engine/EngineMaterials/Substrate/Glints2/dict_0002_0068" 10546
"/Engine/EngineMaterials/Substrate/Glints2/dict_0002_0069" 10547
"/Engine/EngineMaterials/Substrate/Glints2/dict_0002_0070" 10548
"/Engine/EngineMaterials/Substrate/Glints2/dict_0002_0071" 10549
"/Engine/EngineMaterials/Substrate/Glints2/dict_0002_0072" 10550
"/Engine/EngineMaterials/Substrate/Glints2/dict_0002_0073" 10551
"/Engine/EngineMaterials/Substrate/Glints2/dict_0002_0051" 10552
"/Engine/EngineMaterials/Substrate/Glints2/dict_0002_0052" 10553
"/Engine/EngineMaterials/Substrate/Glints2/dict_0002_0054" 10554
"../../../Engine/Content/EngineMaterials/Substrate/Glints2/dict_0002_0041.uasset" 10555
"../../../Engine/Content/EngineMaterials/Substrate/Glints2/dict_0002_0036.uasset" 10556
"../../../Engine/Content/EngineMaterials/Substrate/Glints2/dict_0002_0038.uasset" 10557
"../../../Engine/Content/EngineMaterials/Substrate/Glints2/dict_0002_0040.uasset" 10558
"../../../Engine/Content/EngineMaterials/Substrate/Glints2/dict_0002_0037.uasset" 10559
"../../../Engine/Content/EngineMaterials/Substrate/Glints2/dict_0002_0033.uasset" 10560
"../../../Engine/Content/EngineMaterials/Substrate/Glints2/dict_0002_0030.uasset" 10561
"../../../Engine/Content/EngineMaterials/Substrate/Glints2/dict_0002_0034.uasset" 10562
"../../../Engine/Content/EngineMaterials/Substrate/Glints2/dict_0002_0039.uasset" 10563
"/Engine/EngineMaterials/Substrate/Glints2/dict_0002_0042" 10564
"../../../Engine/Content/EngineMaterials/Substrate/Glints2/dict_0002_0035.uasset" 10565
"../../../Engine/Content/EngineMaterials/Substrate/Glints2/dict_0002_0025.uasset" 10566
"../../../Engine/Content/EngineMaterials/Substrate/Glints2/dict_0002_0031.uasset" 10567
"../../../Engine/Content/EngineMaterials/Substrate/Glints2/dict_0002_0028.uasset" 10568
"../../../Engine/Content/EngineMaterials/Substrate/Glints2/dict_0002_0029.uasset" 10569
"../../../Engine/Content/EngineMaterials/Substrate/Glints2/dict_0002_0026.uasset" 10570
"../../../Engine/Content/EngineMaterials/Substrate/Glints2/dict_0002_0027.uasset" 10571
"../../../Engine/Content/EngineMaterials/Substrate/Glints2/dict_0002_0023.uasset" 10572
"../../../Engine/Content/EngineMaterials/Substrate/Glints2/dict_0002_0021.uasset" 10573
"../../../Engine/Content/EngineMaterials/Substrate/Glints2/dict_0002_0024.uasset" 10574
"../../../Engine/Content/EngineMaterials/Substrate/Glints2/dict_0002_0022.uasset" 10575
"../../../Engine/Content/EngineMaterials/Substrate/Glints2/dict_0002_0032.uasset" 10576
"../../../Engine/Content/EngineMaterials/Substrate/Glints2/dict_0002_0020.uasset" 10577
"/Engine/EngineMaterials/Substrate/Glints2/dict_0002_0043" 10578
"/Engine/EngineMaterials/Substrate/Glints2/dict_0002_0044" 10579
"/Engine/EngineMaterials/Substrate/Glints2/dict_0002_0045" 10580
"/Engine/EngineMaterials/Substrate/Glints2/dict_0002_0046" 10581
"/Engine/EngineMaterials/Substrate/Glints2/dict_0002_0047" 10582
"/Engine/EngineMaterials/Substrate/Glints2/dict_0002_0048" 10583
"/Engine/EngineMaterials/Substrate/Glints2/dict_0002_0049" 10584
"/Engine/EngineMaterials/Substrate/Glints2/dict_0002_0050" 10585
"/Engine/EngineMaterials/Substrate/Glints2/dict_0002_0036" 10586
"/Engine/EngineMaterials/Substrate/Glints2/dict_0002_0038" 10587
"/Engine/EngineMaterials/Substrate/Glints2/dict_0002_0053" 10588
"/Engine/EngineMaterials/Substrate/Glints2/dict_0002_0041" 10589
"../../../Engine/Content/EngineMaterials/Substrate/Glints2/dict_0002_0019.uasset" 10590
"../../../Engine/Content/EngineMaterials/Substrate/Glints2/dict_0002_0018.uasset" 10591
"../../../Engine/Content/EngineMaterials/Substrate/Glints2/dict_0002_0017.uasset" 10592
"../../../Engine/Content/EngineMaterials/Substrate/Glints2/dict_0002_0016.uasset" 10593
"../../../Engine/Content/EngineMaterials/Substrate/Glints2/dict_0002_0010.uasset" 10594
"../../../Engine/Content/EngineMaterials/Substrate/Glints2/dict_0002_0014.uasset" 10595
"../../../Engine/Content/EngineMaterials/Substrate/Glints2/dict_0002_0015.uasset" 10596
"/Engine/EngineMaterials/Substrate/Glints2/dict_0002_0020" 10597
"../../../Engine/Content/EngineMaterials/Substrate/Glints2/dict_0002_0013.uasset" 10598
"../../../Engine/Content/EngineMaterials/Substrate/Glints2/dict_0002_0011.uasset" 10599
"../../../Engine/Content/EngineMaterials/Substrate/Glints2/dict_0002_0012.uasset" 10600
"../../../Engine/Content/EngineMaterials/Substrate/Glints2/dict_0002_0009.uasset" 10601
"../../../Engine/Content/EngineMaterials/Substrate/Glints2/dict_0002_0007.uasset" 10602
"../../../Engine/Content/EngineMaterials/Substrate/Glints2/dict_0002_0008.uasset" 10603
"/Engine/EngineMaterials/Substrate/Glints2/dict_0002_0021" 10604
"/Engine/EngineMaterials/Substrate/Glints2/dict_0002_0022" 10605
"/Engine/EngineMaterials/Substrate/Glints2/dict_0002_0023" 10606
"/Engine/EngineMaterials/Substrate/Glints2/dict_0002_0024" 10607
"/Engine/EngineMaterials/Substrate/Glints2/dict_0002_0025" 10608
"/Engine/EngineMaterials/Substrate/Glints2/dict_0002_0026" 10609
"/Engine/EngineMaterials/Substrate/Glints2/dict_0002_0027" 10610
"/Engine/EngineMaterials/Substrate/Glints2/dict_0002_0028" 10611
"/Engine/EngineMaterials/Substrate/Glints2/dict_0002_0029" 10612
"/Engine/EngineMaterials/Substrate/Glints2/dict_0002_0030" 10613
"/Engine/EngineMaterials/Substrate/Glints2/dict_0002_0031" 10614
"/Engine/EngineMaterials/Substrate/Glints2/dict_0002_0032" 10615
"/Engine/EngineMaterials/Substrate/Glints2/dict_0002_0033" 10616
"/Engine/EngineMaterials/Substrate/Glints2/dict_0002_0034" 10617
"/Engine/EngineMaterials/Substrate/Glints2/dict_0002_0035" 10618
"/Engine/EngineMaterials/Substrate/Glints2/dict_0002_0016" 10619
"/Engine/EngineMaterials/Substrate/Glints2/dict_0002_0037" 10620
"/Engine/EngineMaterials/Substrate/Glints2/dict_0002_0017" 10621
"/Engine/EngineMaterials/Substrate/Glints2/dict_0002_0039" 10622
"/Engine/EngineMaterials/Substrate/Glints2/dict_0002_0040" 10623
"/Engine/EngineMaterials/Substrate/Glints2/dict_0002_0018" 10624
"/Engine/EngineMaterials/Substrate/Glints2/dict_0002_0019" 10625
"../../../Engine/Content/EngineMaterials/Substrate/Glints2/dict_0002_0005.uasset" 10626
"../../../Engine/Content/EngineMaterials/Substrate/Glints2/dict_0002_0003.uasset" 10627
"../../../Engine/Content/EngineMaterials/Substrate/Glints2/dict_0001_0255.uasset" 10628
"../../../Engine/Content/EngineMaterials/Substrate/Glints2/dict_0002_0002.uasset" 10629
"/Engine/EngineMaterials/Substrate/Glints2/dict_0002_0007" 10630
"../../../Engine/Content/EngineMaterials/Substrate/Glints2/dict_0002_0001.uasset" 10631
"../../../Engine/Content/EngineMaterials/Substrate/Glints2/dict_0001_0252.uasset" 10632
"../../../Engine/Content/EngineMaterials/Substrate/Glints2/dict_0001_0250.uasset" 10633
"../../../Engine/Content/EngineMaterials/Substrate/Glints2/dict_0001_0251.uasset" 10634
"../../../Engine/Content/EngineMaterials/Substrate/Glints2/dict_0001_0248.uasset" 10635
"../../../Engine/Content/EngineMaterials/Substrate/Glints2/dict_0002_0000.uasset" 10636
"../../../Engine/Content/EngineMaterials/Substrate/Glints2/dict_0001_0247.uasset" 10637
"../../../Engine/Content/EngineMaterials/Substrate/Glints2/dict_0002_0006.uasset" 10638
"../../../Engine/Content/EngineMaterials/Substrate/Glints2/dict_0002_0004.uasset" 10639
"../../../Engine/Content/EngineMaterials/Substrate/Glints2/dict_0001_0246.uasset" 10640
"/Engine/EngineMaterials/Substrate/Glints2/dict_0002_0008" 10641
"../../../Engine/Content/EngineMaterials/Substrate/Glints2/dict_0001_0244.uasset" 10642
"../../../Engine/Content/EngineMaterials/Substrate/Glints2/dict_0001_0243.uasset" 10643
"../../../Engine/Content/EngineMaterials/Substrate/Glints2/dict_0001_0253.uasset" 10644
"../../../Engine/Content/EngineMaterials/Substrate/Glints2/dict_0001_0241.uasset" 10645
"../../../Engine/Content/EngineMaterials/Substrate/Glints2/dict_0001_0254.uasset" 10646
"../../../Engine/Content/EngineMaterials/Substrate/Glints2/dict_0001_0242.uasset" 10647
"../../../Engine/Content/EngineMaterials/Substrate/Glints2/dict_0001_0240.uasset" 10648
"../../../Engine/Content/EngineMaterials/Substrate/Glints2/dict_0001_0249.uasset" 10649
"../../../Engine/Content/EngineMaterials/Substrate/Glints2/dict_0001_0245.uasset" 10650
"/Engine/EngineMaterials/Substrate/Glints2/dict_0002_0009" 10651
"/Engine/EngineMaterials/Substrate/Glints2/dict_0002_0010" 10652
"/Engine/EngineMaterials/Substrate/Glints2/dict_0002_0011" 10653
"/Engine/EngineMaterials/Substrate/Glints2/dict_0002_0012" 10654
"/Engine/EngineMaterials/Substrate/Glints2/dict_0002_0013" 10655
"/Engine/EngineMaterials/Substrate/Glints2/dict_0002_0014" 10656
"/Engine/EngineMaterials/Substrate/Glints2/dict_0002_0015" 10657
"../../../Engine/Content/EngineMaterials/Substrate/Glints2/dict_0001_0239.uasset" 10658
"../../../Engine/Content/EngineMaterials/Substrate/Glints2/dict_0001_0237.uasset" 10659
"../../../Engine/Content/EngineMaterials/Substrate/Glints2/dict_0001_0238.uasset" 10660
"../../../Engine/Content/EngineMaterials/Substrate/Glints2/dict_0001_0235.uasset" 10661
"/Engine/EngineMaterials/Substrate/Glints2/dict_0001_0240" 10662
"../../../Engine/Content/EngineMaterials/Substrate/Glints2/dict_0001_0236.uasset" 10663
"../../../Engine/Content/EngineMaterials/Substrate/Glints2/dict_0001_0234.uasset" 10664
"../../../Engine/Content/EngineMaterials/Substrate/Glints2/dict_0001_0233.uasset" 10665
"../../../Engine/Content/EngineMaterials/Substrate/Glints2/dict_0001_0231.uasset" 10666
"../../../Engine/Content/EngineMaterials/Substrate/Glints2/dict_0001_0232.uasset" 10667
"/Engine/EngineMaterials/Substrate/Glints2/dict_0001_0241" 10668
"/Engine/EngineMaterials/Substrate/Glints2/dict_0001_0242" 10669
"/Engine/EngineMaterials/Substrate/Glints2/dict_0001_0243" 10670
"/Engine/EngineMaterials/Substrate/Glints2/dict_0001_0244" 10671
"/Engine/EngineMaterials/Substrate/Glints2/dict_0001_0245" 10672
"/Engine/EngineMaterials/Substrate/Glints2/dict_0001_0246" 10673
"/Engine/EngineMaterials/Substrate/Glints2/dict_0001_0247" 10674
"/Engine/EngineMaterials/Substrate/Glints2/dict_0001_0248" 10675
"/Engine/EngineMaterials/Substrate/Glints2/dict_0001_0249" 10676
"/Engine/EngineMaterials/Substrate/Glints2/dict_0001_0250" 10677
"/Engine/EngineMaterials/Substrate/Glints2/dict_0001_0251" 10678
"/Engine/EngineMaterials/Substrate/Glints2/dict_0001_0252" 10679
"/Engine/EngineMaterials/Substrate/Glints2/dict_0001_0253" 10680
"/Engine/EngineMaterials/Substrate/Glints2/dict_0001_0254" 10681
"/Engine/EngineMaterials/Substrate/Glints2/dict_0001_0255" 10682
"/Engine/EngineMaterials/Substrate/Glints2/dict_0002_0000" 10683
"/Engine/EngineMaterials/Substrate/Glints2/dict_0002_0001" 10684
"/Engine/EngineMaterials/Substrate/Glints2/dict_0002_0002" 10685
"/Engine/EngineMaterials/Substrate/Glints2/dict_0002_0003" 10686
"/Engine/EngineMaterials/Substrate/Glints2/dict_0002_0004" 10687
"/Engine/EngineMaterials/Substrate/Glints2/dict_0002_0005" 10688
"/Engine/EngineMaterials/Substrate/Glints2/dict_0002_0006" 10689
"../../../Engine/Content/EngineMaterials/Substrate/Glints2/dict_0001_0230.uasset" 10690
"../../../Engine/Content/EngineMaterials/Substrate/Glints2/dict_0001_0227.uasset" 10691
"../../../Engine/Content/EngineMaterials/Substrate/Glints2/dict_0001_0226.uasset" 10692
"../../../Engine/Content/EngineMaterials/Substrate/Glints2/dict_0001_0223.uasset" 10693
"../../../Engine/Content/EngineMaterials/Substrate/Glints2/dict_0001_0225.uasset" 10694
"../../../Engine/Content/EngineMaterials/Substrate/Glints2/dict_0001_0222.uasset" 10695
"../../../Engine/Content/EngineMaterials/Substrate/Glints2/dict_0001_0221.uasset" 10696
"../../../Engine/Content/EngineMaterials/Substrate/Glints2/dict_0001_0210.uasset" 10697
"../../../Engine/Content/EngineMaterials/Substrate/Glints2/dict_0001_0209.uasset" 10698
"../../../Engine/Content/EngineMaterials/Substrate/Glints2/dict_0001_0229.uasset" 10699
"../../../Engine/Content/EngineMaterials/Substrate/Glints2/dict_0001_0219.uasset" 10700
"../../../Engine/Content/EngineMaterials/Substrate/Glints2/dict_0001_0217.uasset" 10701
"../../../Engine/Content/EngineMaterials/Substrate/Glints2/dict_0001_0224.uasset" 10702
"../../../Engine/Content/EngineMaterials/Substrate/Glints2/dict_0001_0211.uasset" 10703
"../../../Engine/Content/EngineMaterials/Substrate/Glints2/dict_0001_0212.uasset" 10704
"../../../Engine/Content/EngineMaterials/Substrate/Glints2/dict_0001_0218.uasset" 10705
"/Engine/EngineMaterials/Substrate/Glints2/dict_0001_0231" 10706
"../../../Engine/Content/EngineMaterials/Substrate/Glints2/dict_0001_0214.uasset" 10707
"../../../Engine/Content/EngineMaterials/Substrate/Glints2/dict_0001_0220.uasset" 10708
"../../../Engine/Content/EngineMaterials/Substrate/Glints2/dict_0001_0208.uasset" 10709
"../../../Engine/Content/EngineMaterials/Substrate/Glints2/dict_0001_0215.uasset" 10710
"../../../Engine/Content/EngineMaterials/Substrate/Glints2/dict_0001_0216.uasset" 10711
"../../../Engine/Content/EngineMaterials/Substrate/Glints2/dict_0001_0228.uasset" 10712
"../../../Engine/Content/EngineMaterials/Substrate/Glints2/dict_0001_0213.uasset" 10713
"/Engine/EngineMaterials/Substrate/Glints2/dict_0001_0232" 10714
"/Engine/EngineMaterials/Substrate/Glints2/dict_0001_0233" 10715
"/Engine/EngineMaterials/Substrate/Glints2/dict_0001_0234" 10716
"/Engine/EngineMaterials/Substrate/Glints2/dict_0001_0235" 10717
"/Engine/EngineMaterials/Substrate/Glints2/dict_0001_0236" 10718
"/Engine/EngineMaterials/Substrate/Glints2/dict_0001_0237" 10719
"/Engine/EngineMaterials/Substrate/Glints2/dict_0001_0238" 10720
"/Engine/EngineMaterials/Substrate/Glints2/dict_0001_0239" 10721
"/Engine/EngineMaterials/Substrate/Glints2/dict_0001_0222" 10722
"/Engine/EngineMaterials/Substrate/Glints2/dict_0001_0223" 10723
"/Engine/EngineMaterials/Substrate/Glints2/dict_0001_0225" 10724
"/Engine/EngineMaterials/Substrate/Glints2/dict_0001_0227" 10725
"/Engine/EngineMaterials/Substrate/Glints2/dict_0001_0230" 10726
"../../../Engine/Content/EngineMaterials/Substrate/Glints2/dict_0001_0203.uasset" 10727
"../../../Engine/Content/EngineMaterials/Substrate/Glints2/dict_0001_0204.uasset" 10728
"../../../Engine/Content/EngineMaterials/Substrate/Glints2/dict_0001_0207.uasset" 10729
"/Engine/EngineMaterials/Substrate/Glints2/dict_0001_0208" 10730
"../../../Engine/Content/EngineMaterials/Substrate/Glints2/dict_0001_0202.uasset" 10731
"../../../Engine/Content/EngineMaterials/Substrate/Glints2/dict_0001_0195.uasset" 10732
"/Engine/EngineMaterials/Substrate/Glints2/dict_0001_0209" 10733
"../../../Engine/Content/EngineMaterials/Substrate/Glints2/dict_0001_0199.uasset" 10734
"../../../Engine/Content/EngineMaterials/Substrate/Glints2/dict_0001_0198.uasset" 10735
"/Engine/EngineMaterials/Substrate/Glints2/dict_0001_0210" 10736
"../../../Engine/Content/EngineMaterials/Substrate/Glints2/dict_0001_0194.uasset" 10737
"../../../Engine/Content/EngineMaterials/Substrate/Glints2/dict_0001_0200.uasset" 10738
"../../../Engine/Content/EngineMaterials/Substrate/Glints2/dict_0001_0197.uasset" 10739
"../../../Engine/Content/EngineMaterials/Substrate/Glints2/dict_0001_0201.uasset" 10740
"../../../Engine/Content/EngineMaterials/Substrate/Glints2/dict_0001_0205.uasset" 10741
"../../../Engine/Content/EngineMaterials/Substrate/Glints2/dict_0001_0206.uasset" 10742
"../../../Engine/Content/EngineMaterials/Substrate/Glints2/dict_0001_0196.uasset" 10743
"/Engine/EngineMaterials/Substrate/Glints2/dict_0001_0211" 10744
"/Engine/EngineMaterials/Substrate/Glints2/dict_0001_0212" 10745
"/Engine/EngineMaterials/Substrate/Glints2/dict_0001_0213" 10746
"/Engine/EngineMaterials/Substrate/Glints2/dict_0001_0214" 10747
"/Engine/EngineMaterials/Substrate/Glints2/dict_0001_0215" 10748
"/Engine/EngineMaterials/Substrate/Glints2/dict_0001_0216" 10749
"/Engine/EngineMaterials/Substrate/Glints2/dict_0001_0217" 10750
"/Engine/EngineMaterials/Substrate/Glints2/dict_0001_0218" 10751
"/Engine/EngineMaterials/Substrate/Glints2/dict_0001_0219" 10752
"/Engine/EngineMaterials/Substrate/Glints2/dict_0001_0220" 10753
"/Engine/EngineMaterials/Substrate/Glints2/dict_0001_0221" 10754
"/Engine/EngineMaterials/Substrate/Glints2/dict_0001_0224" 10755
"/Engine/EngineMaterials/Substrate/Glints2/dict_0001_0226" 10756
"/Engine/EngineMaterials/Substrate/Glints2/dict_0001_0228" 10757
"/Engine/EngineMaterials/Substrate/Glints2/dict_0001_0229" 10758
"../../../Engine/Content/EngineMaterials/Substrate/Glints2/dict_0001_0192.uasset" 10759
"../../../Engine/Content/EngineMaterials/Substrate/Glints2/dict_0001_0193.uasset" 10760
"/Engine/EngineMaterials/Substrate/Glints2/dict_0001_0194" 10761
"../../../Engine/Content/EngineMaterials/Substrate/Glints2/dict_0001_0189.uasset" 10762
"../../../Engine/Content/EngineMaterials/Substrate/Glints2/dict_0001_0190.uasset" 10763
"../../../Engine/Content/EngineMaterials/Substrate/Glints2/dict_0001_0188.uasset" 10764
"../../../Engine/Content/EngineMaterials/Substrate/Glints2/dict_0001_0187.uasset" 10765
"../../../Engine/Content/EngineMaterials/Substrate/Glints2/dict_0001_0182.uasset" 10766
"../../../Engine/Content/EngineMaterials/Substrate/Glints2/dict_0001_0185.uasset" 10767
"../../../Engine/Content/EngineMaterials/Substrate/Glints2/dict_0001_0183.uasset" 10768
"../../../Engine/Content/EngineMaterials/Substrate/Glints2/dict_0001_0184.uasset" 10769
"../../../Engine/Content/EngineMaterials/Substrate/Glints2/dict_0001_0191.uasset" 10770
"/Engine/EngineMaterials/Substrate/Glints2/dict_0001_0195" 10771
"../../../Engine/Content/EngineMaterials/Substrate/Glints2/dict_0001_0180.uasset" 10772
"../../../Engine/Content/EngineMaterials/Substrate/Glints2/dict_0001_0186.uasset" 10773
"../../../Engine/Content/EngineMaterials/Substrate/Glints2/dict_0001_0181.uasset" 10774
"../../../Engine/Content/EngineMaterials/Substrate/Glints2/dict_0001_0177.uasset" 10775
"../../../Engine/Content/EngineMaterials/Substrate/Glints2/dict_0001_0178.uasset" 10776
"../../../Engine/Content/EngineMaterials/Substrate/Glints2/dict_0001_0176.uasset" 10777
"../../../Engine/Content/EngineMaterials/Substrate/Glints2/dict_0001_0179.uasset" 10778
"/Engine/EngineMaterials/Substrate/Glints2/dict_0001_0196" 10779
"/Engine/EngineMaterials/Substrate/Glints2/dict_0001_0197" 10780
"/Engine/EngineMaterials/Substrate/Glints2/dict_0001_0198" 10781
"/Engine/EngineMaterials/Substrate/Glints2/dict_0001_0199" 10782
"/Engine/EngineMaterials/Substrate/Glints2/dict_0001_0200" 10783
"/Engine/EngineMaterials/Substrate/Glints2/dict_0001_0201" 10784
"/Engine/EngineMaterials/Substrate/Glints2/dict_0001_0202" 10785
"/Engine/EngineMaterials/Substrate/Glints2/dict_0001_0203" 10786
"/Engine/EngineMaterials/Substrate/Glints2/dict_0001_0204" 10787
"/Engine/EngineMaterials/Substrate/Glints2/dict_0001_0205" 10788
"/Engine/EngineMaterials/Substrate/Glints2/dict_0001_0206" 10789
"/Engine/EngineMaterials/Substrate/Glints2/dict_0001_0207" 10790
"../../../Engine/Content/EngineMaterials/Substrate/Glints2/dict_0001_0174.uasset" 10791
"../../../Engine/Content/EngineMaterials/Substrate/Glints2/dict_0001_0175.uasset" 10792
"../../../Engine/Content/EngineMaterials/Substrate/Glints2/dict_0001_0172.uasset" 10793
"../../../Engine/Content/EngineMaterials/Substrate/Glints2/dict_0001_0171.uasset" 10794
"../../../Engine/Content/EngineMaterials/Substrate/Glints2/dict_0001_0170.uasset" 10795
"/Engine/EngineMaterials/Substrate/Glints2/dict_0001_0176" 10796
"../../../Engine/Content/EngineMaterials/Substrate/Glints2/dict_0001_0169.uasset" 10797
"../../../Engine/Content/EngineMaterials/Substrate/Glints2/dict_0001_0166.uasset" 10798
"../../../Engine/Content/EngineMaterials/Substrate/Glints2/dict_0001_0165.uasset" 10799
"../../../Engine/Content/EngineMaterials/Substrate/Glints2/dict_0001_0164.uasset" 10800
"../../../Engine/Content/EngineMaterials/Substrate/Glints2/dict_0001_0163.uasset" 10801
"../../../Engine/Content/EngineMaterials/Substrate/Glints2/dict_0001_0173.uasset" 10802
"../../../Engine/Content/EngineMaterials/Substrate/Glints2/dict_0001_0167.uasset" 10803
"../../../Engine/Content/EngineMaterials/Substrate/Glints2/dict_0001_0168.uasset" 10804
"../../../Engine/Content/EngineMaterials/Substrate/Glints2/dict_0001_0162.uasset" 10805
"/Engine/EngineMaterials/Substrate/Glints2/dict_0001_0177" 10806
"/Engine/EngineMaterials/Substrate/Glints2/dict_0001_0178" 10807
"/Engine/EngineMaterials/Substrate/Glints2/dict_0001_0179" 10808
"/Engine/EngineMaterials/Substrate/Glints2/dict_0001_0180" 10809
"/Engine/EngineMaterials/Substrate/Glints2/dict_0001_0181" 10810
"/Engine/EngineMaterials/Substrate/Glints2/dict_0001_0182" 10811
"/Engine/EngineMaterials/Substrate/Glints2/dict_0001_0183" 10812
"/Engine/EngineMaterials/Substrate/Glints2/dict_0001_0184" 10813
"/Engine/EngineMaterials/Substrate/Glints2/dict_0001_0185" 10814
"/Engine/EngineMaterials/Substrate/Glints2/dict_0001_0186" 10815
"/Engine/EngineMaterials/Substrate/Glints2/dict_0001_0187" 10816
"/Engine/EngineMaterials/Substrate/Glints2/dict_0001_0188" 10817
"/Engine/EngineMaterials/Substrate/Glints2/dict_0001_0189" 10818
"/Engine/EngineMaterials/Substrate/Glints2/dict_0001_0190" 10819
"/Engine/EngineMaterials/Substrate/Glints2/dict_0001_0191" 10820
"/Engine/EngineMaterials/Substrate/Glints2/dict_0001_0192" 10821
"/Engine/EngineMaterials/Substrate/Glints2/dict_0001_0193" 10822
"../../../Engine/Content/EngineMaterials/Substrate/Glints2/dict_0001_0159.uasset" 10823
"../../../Engine/Content/EngineMaterials/Substrate/Glints2/dict_0001_0160.uasset" 10824
"../../../Engine/Content/EngineMaterials/Substrate/Glints2/dict_0001_0161.uasset" 10825
"../../../Engine/Content/EngineMaterials/Substrate/Glints2/dict_0001_0156.uasset" 10826
"../../../Engine/Content/EngineMaterials/Substrate/Glints2/dict_0001_0157.uasset" 10827
"/Engine/EngineMaterials/Substrate/Glints2/dict_0001_0162" 10828
"../../../Engine/Content/EngineMaterials/Substrate/Glints2/dict_0001_0155.uasset" 10829
"../../../Engine/Content/EngineMaterials/Substrate/Glints2/dict_0001_0154.uasset" 10830
"../../../Engine/Content/EngineMaterials/Substrate/Glints2/dict_0001_0148.uasset" 10831
"../../../Engine/Content/EngineMaterials/Substrate/Glints2/dict_0001_0158.uasset" 10832
"../../../Engine/Content/EngineMaterials/Substrate/Glints2/dict_0001_0144.uasset" 10833
"../../../Engine/Content/EngineMaterials/Substrate/Glints2/dict_0001_0152.uasset" 10834
"../../../Engine/Content/EngineMaterials/Substrate/Glints2/dict_0001_0146.uasset" 10835
"../../../Engine/Content/EngineMaterials/Substrate/Glints2/dict_0001_0150.uasset" 10836
"../../../Engine/Content/EngineMaterials/Substrate/Glints2/dict_0001_0151.uasset" 10837
"../../../Engine/Content/EngineMaterials/Substrate/Glints2/dict_0001_0149.uasset" 10838
"../../../Engine/Content/EngineMaterials/Substrate/Glints2/dict_0001_0153.uasset" 10839
"../../../Engine/Content/EngineMaterials/Substrate/Glints2/dict_0001_0147.uasset" 10840
"../../../Engine/Content/EngineMaterials/Substrate/Glints2/dict_0001_0145.uasset" 10841
"/Engine/EngineMaterials/Substrate/Glints2/dict_0001_0163" 10842
"/Engine/EngineMaterials/Substrate/Glints2/dict_0001_0164" 10843
"/Engine/EngineMaterials/Substrate/Glints2/dict_0001_0165" 10844
"/Engine/EngineMaterials/Substrate/Glints2/dict_0001_0166" 10845
"/Engine/EngineMaterials/Substrate/Glints2/dict_0001_0167" 10846
"/Engine/EngineMaterials/Substrate/Glints2/dict_0001_0168" 10847
"/Engine/EngineMaterials/Substrate/Glints2/dict_0001_0169" 10848
"/Engine/EngineMaterials/Substrate/Glints2/dict_0001_0170" 10849
"/Engine/EngineMaterials/Substrate/Glints2/dict_0001_0171" 10850
"/Engine/EngineMaterials/Substrate/Glints2/dict_0001_0172" 10851
"/Engine/EngineMaterials/Substrate/Glints2/dict_0001_0173" 10852
"/Engine/EngineMaterials/Substrate/Glints2/dict_0001_0159" 10853
"/Engine/EngineMaterials/Substrate/Glints2/dict_0001_0174" 10854
"/Engine/EngineMaterials/Substrate/Glints2/dict_0001_0160" 10855
"/Engine/EngineMaterials/Substrate/Glints2/dict_0001_0175" 10856
"../../../Engine/Content/EngineMaterials/Substrate/Glints2/dict_0001_0140.uasset" 10857
"../../../Engine/Content/EngineMaterials/Substrate/Glints2/dict_0001_0142.uasset" 10858
"../../../Engine/Content/EngineMaterials/Substrate/Glints2/dict_0001_0141.uasset" 10859
"../../../Engine/Content/EngineMaterials/Substrate/Glints2/dict_0001_0139.uasset" 10860
"../../../Engine/Content/EngineMaterials/Substrate/Glints2/dict_0001_0137.uasset" 10861
"../../../Engine/Content/EngineMaterials/Substrate/Glints2/dict_0001_0132.uasset" 10862
"/Engine/EngineMaterials/Substrate/Glints2/dict_0001_0144" 10863
"../../../Engine/Content/EngineMaterials/Substrate/Glints2/dict_0001_0136.uasset" 10864
"../../../Engine/Content/EngineMaterials/Substrate/Glints2/dict_0001_0143.uasset" 10865
"../../../Engine/Content/EngineMaterials/Substrate/Glints2/dict_0001_0135.uasset" 10866
"../../../Engine/Content/EngineMaterials/Substrate/Glints2/dict_0001_0131.uasset" 10867
"../../../Engine/Content/EngineMaterials/Substrate/Glints2/dict_0001_0133.uasset" 10868
"../../../Engine/Content/EngineMaterials/Substrate/Glints2/dict_0001_0138.uasset" 10869
"../../../Engine/Content/EngineMaterials/Substrate/Glints2/dict_0001_0134.uasset" 10870
"../../../Engine/Content/EngineMaterials/Substrate/Glints2/dict_0001_0130.uasset" 10871
"/Engine/EngineMaterials/Substrate/Glints2/dict_0001_0145" 10872
"../../../Engine/Content/EngineMaterials/Substrate/Glints2/dict_0001_0129.uasset" 10873
"../../../Engine/Content/EngineMaterials/Substrate/Glints2/dict_0001_0128.uasset" 10874
"/Engine/EngineMaterials/Substrate/Glints2/dict_0001_0146" 10875
"/Engine/EngineMaterials/Substrate/Glints2/dict_0001_0147" 10876
"/Engine/EngineMaterials/Substrate/Glints2/dict_0001_0148" 10877
"/Engine/EngineMaterials/Substrate/Glints2/dict_0001_0149" 10878
"/Engine/EngineMaterials/Substrate/Glints2/dict_0001_0150" 10879
"/Engine/EngineMaterials/Substrate/Glints2/dict_0001_0151" 10880
"/Engine/EngineMaterials/Substrate/Glints2/dict_0001_0152" 10881
"/Engine/EngineMaterials/Substrate/Glints2/dict_0001_0153" 10882
"/Engine/EngineMaterials/Substrate/Glints2/dict_0001_0154" 10883
"/Engine/EngineMaterials/Substrate/Glints2/dict_0001_0155" 10884
"/Engine/EngineMaterials/Substrate/Glints2/dict_0001_0156" 10885
"/Engine/EngineMaterials/Substrate/Glints2/dict_0001_0157" 10886
"/Engine/EngineMaterials/Substrate/Glints2/dict_0001_0158" 10887
"/Engine/EngineMaterials/Substrate/Glints2/dict_0001_0140" 10888
"/Engine/EngineMaterials/Substrate/Glints2/dict_0001_0142" 10889
"/Engine/EngineMaterials/Substrate/Glints2/dict_0001_0161" 10890
"../../../Engine/Content/EngineMaterials/Substrate/Glints2/dict_0001_0127.uasset" 10891
"../../../Engine/Content/EngineMaterials/Substrate/Glints2/dict_0001_0126.uasset" 10892
"../../../Engine/Content/EngineMaterials/Substrate/Glints2/dict_0001_0124.uasset" 10893
"../../../Engine/Content/EngineMaterials/Substrate/Glints2/dict_0001_0119.uasset" 10894
"../../../Engine/Content/EngineMaterials/Substrate/Glints2/dict_0001_0122.uasset" 10895
"../../../Engine/Content/EngineMaterials/Substrate/Glints2/dict_0001_0118.uasset" 10896
"/Engine/EngineMaterials/Substrate/Glints2/dict_0001_0128" 10897
"../../../Engine/Content/EngineMaterials/Substrate/Glints2/dict_0001_0116.uasset" 10898
"../../../Engine/Content/EngineMaterials/Substrate/Glints2/dict_0001_0123.uasset" 10899
"../../../Engine/Content/EngineMaterials/Substrate/Glints2/dict_0001_0125.uasset" 10900
"../../../Engine/Content/EngineMaterials/Substrate/Glints2/dict_0001_0121.uasset" 10901
"../../../Engine/Content/EngineMaterials/Substrate/Glints2/dict_0001_0115.uasset" 10902
"../../../Engine/Content/EngineMaterials/Substrate/Glints2/dict_0001_0113.uasset" 10903
"../../../Engine/Content/EngineMaterials/Substrate/Glints2/dict_0001_0110.uasset" 10904
"../../../Engine/Content/EngineMaterials/Substrate/Glints2/dict_0001_0120.uasset" 10905
"../../../Engine/Content/EngineMaterials/Substrate/Glints2/dict_0001_0111.uasset" 10906
"../../../Engine/Content/EngineMaterials/Substrate/Glints2/dict_0001_0114.uasset" 10907
"../../../Engine/Content/EngineMaterials/Substrate/Glints2/dict_0001_0117.uasset" 10908
"../../../Engine/Content/EngineMaterials/Substrate/Glints2/dict_0001_0112.uasset" 10909
"/Engine/EngineMaterials/Substrate/Glints2/dict_0001_0129" 10910
"/Engine/EngineMaterials/Substrate/Glints2/dict_0001_0130" 10911
"/Engine/EngineMaterials/Substrate/Glints2/dict_0001_0131" 10912
"/Engine/EngineMaterials/Substrate/Glints2/dict_0001_0132" 10913
"/Engine/EngineMaterials/Substrate/Glints2/dict_0001_0133" 10914
"/Engine/EngineMaterials/Substrate/Glints2/dict_0001_0134" 10915
"/Engine/EngineMaterials/Substrate/Glints2/dict_0001_0135" 10916
"/Engine/EngineMaterials/Substrate/Glints2/dict_0001_0136" 10917
"/Engine/EngineMaterials/Substrate/Glints2/dict_0001_0137" 10918
"/Engine/EngineMaterials/Substrate/Glints2/dict_0001_0138" 10919
"/Engine/EngineMaterials/Substrate/Glints2/dict_0001_0139" 10920
"/Engine/EngineMaterials/Substrate/Glints2/dict_0001_0141" 10921
"/Engine/EngineMaterials/Substrate/Glints2/dict_0001_0127" 10922
"/Engine/EngineMaterials/Substrate/Glints2/dict_0001_0143" 10923
"../../../Engine/Content/EngineMaterials/Substrate/Glints2/dict_0001_0109.uasset" 10924
"../../../Engine/Content/EngineMaterials/Substrate/Glints2/dict_0001_0108.uasset" 10925
"../../../Engine/Content/EngineMaterials/Substrate/Glints2/dict_0001_0106.uasset" 10926
"/Engine/EngineMaterials/Substrate/Glints2/dict_0001_0110" 10927
"../../../Engine/Content/EngineMaterials/Substrate/Glints2/dict_0001_0107.uasset" 10928
"../../../Engine/Content/EngineMaterials/Substrate/Glints2/dict_0001_0101.uasset" 10929
"../../../Engine/Content/EngineMaterials/Substrate/Glints2/dict_0001_0102.uasset" 10930
"../../../Engine/Content/EngineMaterials/Substrate/Glints2/dict_0001_0105.uasset" 10931
"/Engine/EngineMaterials/Substrate/Glints2/dict_0001_0111" 10932
"../../../Engine/Content/EngineMaterials/Substrate/Glints2/dict_0001_0096.uasset" 10933
"../../../Engine/Content/EngineMaterials/Substrate/Glints2/dict_0001_0100.uasset" 10934
"../../../Engine/Content/EngineMaterials/Substrate/Glints2/dict_0001_0097.uasset" 10935
"../../../Engine/Content/EngineMaterials/Substrate/Glints2/dict_0001_0104.uasset" 10936
"../../../Engine/Content/EngineMaterials/Substrate/Glints2/dict_0001_0099.uasset" 10937
"../../../Engine/Content/EngineMaterials/Substrate/Glints2/dict_0001_0098.uasset" 10938
"../../../Engine/Content/EngineMaterials/Substrate/Glints2/dict_0001_0103.uasset" 10939
"../../../Engine/Content/EngineMaterials/Substrate/Glints2/dict_0001_0095.uasset" 10940
"/Engine/EngineMaterials/Substrate/Glints2/dict_0001_0112" 10941
"/Engine/EngineMaterials/Substrate/Glints2/dict_0001_0113" 10942
"/Engine/EngineMaterials/Substrate/Glints2/dict_0001_0114" 10943
"/Engine/EngineMaterials/Substrate/Glints2/dict_0001_0115" 10944
"/Engine/EngineMaterials/Substrate/Glints2/dict_0001_0116" 10945
"/Engine/EngineMaterials/Substrate/Glints2/dict_0001_0117" 10946
"/Engine/EngineMaterials/Substrate/Glints2/dict_0001_0118" 10947
"/Engine/EngineMaterials/Substrate/Glints2/dict_0001_0119" 10948
"/Engine/EngineMaterials/Substrate/Glints2/dict_0001_0120" 10949
"/Engine/EngineMaterials/Substrate/Glints2/dict_0001_0121" 10950
"/Engine/EngineMaterials/Substrate/Glints2/dict_0001_0122" 10951
"/Engine/EngineMaterials/Substrate/Glints2/dict_0001_0123" 10952
"/Engine/EngineMaterials/Substrate/Glints2/dict_0001_0124" 10953
"/Engine/EngineMaterials/Substrate/Glints2/dict_0001_0125" 10954
"/Engine/EngineMaterials/Substrate/Glints2/dict_0001_0126" 10955
"/Engine/EngineMaterials/Substrate/Glints2/dict_0001_0108" 10956
"/Engine/EngineMaterials/Substrate/Glints2/dict_0001_0109" 10957
"../../../Engine/Content/EngineMaterials/Substrate/Glints2/dict_0001_0092.uasset" 10958
"../../../Engine/Content/EngineMaterials/Substrate/Glints2/dict_0001_0091.uasset" 10959
"../../../Engine/Content/EngineMaterials/Substrate/Glints2/dict_0001_0094.uasset" 10960
"../../../Engine/Content/EngineMaterials/Substrate/Glints2/dict_0001_0090.uasset" 10961
"../../../Engine/Content/EngineMaterials/Substrate/Glints2/dict_0001_0089.uasset" 10962
"/Engine/EngineMaterials/Substrate/Glints2/dict_0001_0095" 10963
"../../../Engine/Content/EngineMaterials/Substrate/Glints2/dict_0001_0088.uasset" 10964
"../../../Engine/Content/EngineMaterials/Substrate/Glints2/dict_0001_0082.uasset" 10965
"../../../Engine/Content/EngineMaterials/Substrate/Glints2/dict_0001_0087.uasset" 10966
"../../../Engine/Content/EngineMaterials/Substrate/Glints2/dict_0001_0083.uasset" 10967
"../../../Engine/Content/EngineMaterials/Substrate/Glints2/dict_0001_0084.uasset" 10968
"../../../Engine/Content/EngineMaterials/Substrate/Glints2/dict_0001_0093.uasset" 10969
"../../../Engine/Content/EngineMaterials/Substrate/Glints2/dict_0001_0085.uasset" 10970
"../../../Engine/Content/EngineMaterials/Substrate/Glints2/dict_0001_0079.uasset" 10971
"../../../Engine/Content/EngineMaterials/Substrate/Glints2/dict_0001_0077.uasset" 10972
"/Engine/EngineMaterials/Substrate/Glints2/dict_0001_0096" 10973
"../../../Engine/Content/EngineMaterials/Substrate/Glints2/dict_0001_0086.uasset" 10974
"../../../Engine/Content/EngineMaterials/Substrate/Glints2/dict_0001_0080.uasset" 10975
"../../../Engine/Content/EngineMaterials/Substrate/Glints2/dict_0001_0076.uasset" 10976
"../../../Engine/Content/EngineMaterials/Substrate/Glints2/dict_0001_0078.uasset" 10977
"../../../Engine/Content/EngineMaterials/Substrate/Glints2/dict_0001_0081.uasset" 10978
"/Engine/EngineMaterials/Substrate/Glints2/dict_0001_0097" 10979
"/Engine/EngineMaterials/Substrate/Glints2/dict_0001_0098" 10980
"/Engine/EngineMaterials/Substrate/Glints2/dict_0001_0099" 10981
"/Engine/EngineMaterials/Substrate/Glints2/dict_0001_0100" 10982
"/Engine/EngineMaterials/Substrate/Glints2/dict_0001_0101" 10983
"/Engine/EngineMaterials/Substrate/Glints2/dict_0001_0102" 10984
"/Engine/EngineMaterials/Substrate/Glints2/dict_0001_0103" 10985
"/Engine/EngineMaterials/Substrate/Glints2/dict_0001_0104" 10986
"/Engine/EngineMaterials/Substrate/Glints2/dict_0001_0105" 10987
"/Engine/EngineMaterials/Substrate/Glints2/dict_0001_0106" 10988
"/Engine/EngineMaterials/Substrate/Glints2/dict_0001_0091" 10989
"/Engine/EngineMaterials/Substrate/Glints2/dict_0001_0107" 10990
"/Engine/EngineMaterials/Substrate/Glints2/dict_0001_0092" 10991
"../../../Engine/Content/EngineMaterials/Substrate/Glints2/dict_0001_0075.uasset" 10992
"../../../Engine/Content/EngineMaterials/Substrate/Glints2/dict_0001_0073.uasset" 10993
"../../../Engine/Content/EngineMaterials/Substrate/Glints2/dict_0001_0071.uasset" 10994
"../../../Engine/Content/EngineMaterials/Substrate/Glints2/dict_0001_0070.uasset" 10995
"../../../Engine/Content/EngineMaterials/Substrate/Glints2/dict_0001_0072.uasset" 10996
"/Engine/EngineMaterials/Substrate/Glints2/dict_0001_0076" 10997
"../../../Engine/Content/EngineMaterials/Substrate/Glints2/dict_0001_0065.uasset" 10998
"../../../Engine/Content/EngineMaterials/Substrate/Glints2/dict_0001_0064.uasset" 10999
"../../../Engine/Content/EngineMaterials/Substrate/Glints2/dict_0001_0069.uasset" 11000
"../../../Engine/Content/EngineMaterials/Substrate/Glints2/dict_0001_0063.uasset" 11001
"../../../Engine/Content/EngineMaterials/Substrate/Glints2/dict_0001_0062.uasset" 11002
"../../../Engine/Content/EngineMaterials/Substrate/Glints2/dict_0001_0066.uasset" 11003
"../../../Engine/Content/EngineMaterials/Substrate/Glints2/dict_0001_0067.uasset" 11004
"../../../Engine/Content/EngineMaterials/Substrate/Glints2/dict_0001_0061.uasset" 11005
"../../../Engine/Content/EngineMaterials/Substrate/Glints2/dict_0001_0074.uasset" 11006
"/Engine/EngineMaterials/Substrate/Glints2/dict_0001_0077" 11007
"/Engine/EngineMaterials/Substrate/Glints2/dict_0001_0078" 11008
"../../../Engine/Content/EngineMaterials/Substrate/Glints2/dict_0001_0068.uasset" 11009
"/Engine/EngineMaterials/Substrate/Glints2/dict_0001_0079" 11010
"/Engine/EngineMaterials/Substrate/Glints2/dict_0001_0080" 11011
"/Engine/EngineMaterials/Substrate/Glints2/dict_0001_0081" 11012
"/Engine/EngineMaterials/Substrate/Glints2/dict_0001_0082" 11013
"/Engine/EngineMaterials/Substrate/Glints2/dict_0001_0083" 11014
"/Engine/EngineMaterials/Substrate/Glints2/dict_0001_0084" 11015
"/Engine/EngineMaterials/Substrate/Glints2/dict_0001_0085" 11016
"/Engine/EngineMaterials/Substrate/Glints2/dict_0001_0086" 11017
"/Engine/EngineMaterials/Substrate/Glints2/dict_0001_0087" 11018
"/Engine/EngineMaterials/Substrate/Glints2/dict_0001_0088" 11019
"/Engine/EngineMaterials/Substrate/Glints2/dict_0001_0089" 11020
"/Engine/EngineMaterials/Substrate/Glints2/dict_0001_0090" 11021
"/Engine/EngineMaterials/Substrate/Glints2/dict_0001_0073" 11022
"/Engine/EngineMaterials/Substrate/Glints2/dict_0001_0075" 11023
"/Engine/EngineMaterials/Substrate/Glints2/dict_0001_0093" 11024
"/Engine/EngineMaterials/Substrate/Glints2/dict_0001_0094" 11025
"/Engine/EngineMaterials/Substrate/Glints2/dict_0001_0061" 11026
"../../../Engine/Content/EngineMaterials/Substrate/Glints2/dict_0001_0060.uasset" 11027
"../../../Engine/Content/EngineMaterials/Substrate/Glints2/dict_0001_0056.uasset" 11028
"../../../Engine/Content/EngineMaterials/Substrate/Glints2/dict_0001_0058.uasset" 11029
"../../../Engine/Content/EngineMaterials/Substrate/Glints2/dict_0001_0055.uasset" 11030
"../../../Engine/Content/EngineMaterials/Substrate/Glints2/dict_0001_0052.uasset" 11031
"../../../Engine/Content/EngineMaterials/Substrate/Glints2/dict_0001_0059.uasset" 11032
"../../../Engine/Content/EngineMaterials/Substrate/Glints2/dict_0001_0057.uasset" 11033
"../../../Engine/Content/EngineMaterials/Substrate/Glints2/dict_0001_0046.uasset" 11034
"../../../Engine/Content/EngineMaterials/Substrate/Glints2/dict_0001_0048.uasset" 11035
"../../../Engine/Content/EngineMaterials/Substrate/Glints2/dict_0001_0050.uasset" 11036
"/Engine/EngineMaterials/Substrate/Glints2/dict_0001_0062" 11037
"../../../Engine/Content/EngineMaterials/Substrate/Glints2/dict_0001_0054.uasset" 11038
"../../../Engine/Content/EngineMaterials/Substrate/Glints2/dict_0001_0047.uasset" 11039
"../../../Engine/Content/EngineMaterials/Substrate/Glints2/dict_0001_0044.uasset" 11040
"../../../Engine/Content/EngineMaterials/Substrate/Glints2/dict_0001_0049.uasset" 11041
"../../../Engine/Content/EngineMaterials/Substrate/Glints2/dict_0001_0042.uasset" 11042
"../../../Engine/Content/EngineMaterials/Substrate/Glints2/dict_0001_0043.uasset" 11043
"../../../Engine/Content/EngineMaterials/Substrate/Glints2/dict_0001_0053.uasset" 11044
"../../../Engine/Content/EngineMaterials/Substrate/Glints2/dict_0001_0045.uasset" 11045
"../../../Engine/Content/EngineMaterials/Substrate/Glints2/dict_0001_0051.uasset" 11046
"/Engine/EngineMaterials/Substrate/Glints2/dict_0001_0063" 11047
"/Engine/EngineMaterials/Substrate/Glints2/dict_0001_0064" 11048
"/Engine/EngineMaterials/Substrate/Glints2/dict_0001_0065" 11049
"/Engine/EngineMaterials/Substrate/Glints2/dict_0001_0066" 11050
"/Engine/EngineMaterials/Substrate/Glints2/dict_0001_0067" 11051
"/Engine/EngineMaterials/Substrate/Glints2/dict_0001_0068" 11052
"/Engine/EngineMaterials/Substrate/Glints2/dict_0001_0069" 11053
"/Engine/EngineMaterials/Substrate/Glints2/dict_0001_0070" 11054
"/Engine/EngineMaterials/Substrate/Glints2/dict_0001_0071" 11055
"/Engine/EngineMaterials/Substrate/Glints2/dict_0001_0072" 11056
"/Engine/EngineMaterials/Substrate/Glints2/dict_0001_0074" 11057
"../../../Engine/Content/EngineMaterials/Substrate/Glints2/dict_0001_0039.uasset" 11058
"/Engine/EngineMaterials/Substrate/Glints2/dict_0001_0042" 11059
"../../../Engine/Content/EngineMaterials/Substrate/Glints2/dict_0001_0037.uasset" 11060
"../../../Engine/Content/EngineMaterials/Substrate/Glints2/dict_0001_0029.uasset" 11061
"../../../Engine/Content/EngineMaterials/Substrate/Glints2/dict_0001_0038.uasset" 11062
"../../../Engine/Content/EngineMaterials/Substrate/Glints2/dict_0001_0030.uasset" 11063
"../../../Engine/Content/EngineMaterials/Substrate/Glints2/dict_0001_0033.uasset" 11064
"../../../Engine/Content/EngineMaterials/Substrate/Glints2/dict_0001_0036.uasset" 11065
"../../../Engine/Content/EngineMaterials/Substrate/Glints2/dict_0001_0035.uasset" 11066
"../../../Engine/Content/EngineMaterials/Substrate/Glints2/dict_0001_0041.uasset" 11067
"../../../Engine/Content/EngineMaterials/Substrate/Glints2/dict_0001_0032.uasset" 11068
"../../../Engine/Content/EngineMaterials/Substrate/Glints2/dict_0001_0031.uasset" 11069
"../../../Engine/Content/EngineMaterials/Substrate/Glints2/dict_0001_0040.uasset" 11070
"../../../Engine/Content/EngineMaterials/Substrate/Glints2/dict_0001_0034.uasset" 11071
"/Engine/EngineMaterials/Substrate/Glints2/dict_0001_0043" 11072
"/Engine/EngineMaterials/Substrate/Glints2/dict_0001_0044" 11073
"/Engine/EngineMaterials/Substrate/Glints2/dict_0001_0045" 11074
"/Engine/EngineMaterials/Substrate/Glints2/dict_0001_0046" 11075
"/Engine/EngineMaterials/Substrate/Glints2/dict_0001_0047" 11076
"/Engine/EngineMaterials/Substrate/Glints2/dict_0001_0048" 11077
"/Engine/EngineMaterials/Substrate/Glints2/dict_0001_0049" 11078
"/Engine/EngineMaterials/Substrate/Glints2/dict_0001_0050" 11079
"/Engine/EngineMaterials/Substrate/Glints2/dict_0001_0051" 11080
"/Engine/EngineMaterials/Substrate/Glints2/dict_0001_0052" 11081
"/Engine/EngineMaterials/Substrate/Glints2/dict_0001_0053" 11082
"/Engine/EngineMaterials/Substrate/Glints2/dict_0001_0054" 11083
"/Engine/EngineMaterials/Substrate/Glints2/dict_0001_0055" 11084
"/Engine/EngineMaterials/Substrate/Glints2/dict_0001_0056" 11085
"/Engine/EngineMaterials/Substrate/Glints2/dict_0001_0057" 11086
"/Engine/EngineMaterials/Substrate/Glints2/dict_0001_0058" 11087
"/Engine/EngineMaterials/Substrate/Glints2/dict_0001_0059" 11088
"/Engine/EngineMaterials/Substrate/Glints2/dict_0001_0060" 11089
"../../../Engine/Content/EngineMaterials/Substrate/Glints2/dict_0001_0028.uasset" 11090
"../../../Engine/Content/EngineMaterials/Substrate/Glints2/dict_0001_0026.uasset" 11091
"/Engine/EngineMaterials/Substrate/Glints2/dict_0001_0029" 11092
"../../../Engine/Content/EngineMaterials/Substrate/Glints2/dict_0001_0027.uasset" 11093
"../../../Engine/Content/EngineMaterials/Substrate/Glints2/dict_0001_0024.uasset" 11094
"../../../Engine/Content/EngineMaterials/Substrate/Glints2/dict_0001_0025.uasset" 11095
"../../../Engine/Content/EngineMaterials/Substrate/Glints2/dict_0001_0018.uasset" 11096
"../../../Engine/Content/EngineMaterials/Substrate/Glints2/dict_0001_0022.uasset" 11097
"../../../Engine/Content/EngineMaterials/Substrate/Glints2/dict_0001_0017.uasset" 11098
"../../../Engine/Content/EngineMaterials/Substrate/Glints2/dict_0001_0023.uasset" 11099
"/Engine/EngineMaterials/Substrate/Glints2/dict_0001_0030" 11100
"../../../Engine/Content/EngineMaterials/Substrate/Glints2/dict_0001_0020.uasset" 11101
"../../../Engine/Content/EngineMaterials/Substrate/Glints2/dict_0001_0019.uasset" 11102
"../../../Engine/Content/EngineMaterials/Substrate/Glints2/dict_0001_0021.uasset" 11103
"../../../Engine/Content/EngineMaterials/Substrate/Glints2/dict_0001_0016.uasset" 11104
"../../../Engine/Content/EngineMaterials/Substrate/Glints2/dict_0001_0011.uasset" 11105
"../../../Engine/Content/EngineMaterials/Substrate/Glints2/dict_0001_0014.uasset" 11106
"../../../Engine/Content/EngineMaterials/Substrate/Glints2/dict_0001_0012.uasset" 11107
"../../../Engine/Content/EngineMaterials/Substrate/Glints2/dict_0001_0015.uasset" 11108
"../../../Engine/Content/EngineMaterials/Substrate/Glints2/dict_0001_0013.uasset" 11109
"../../../Engine/Content/EngineMaterials/Substrate/Glints2/dict_0001_0010.uasset" 11110
"/Engine/EngineMaterials/Substrate/Glints2/dict_0001_0031" 11111
"/Engine/EngineMaterials/Substrate/Glints2/dict_0001_0032" 11112
"/Engine/EngineMaterials/Substrate/Glints2/dict_0001_0033" 11113
"/Engine/EngineMaterials/Substrate/Glints2/dict_0001_0034" 11114
"/Engine/EngineMaterials/Substrate/Glints2/dict_0001_0035" 11115
"/Engine/EngineMaterials/Substrate/Glints2/dict_0001_0036" 11116
"/Engine/EngineMaterials/Substrate/Glints2/dict_0001_0037" 11117
"/Engine/EngineMaterials/Substrate/Glints2/dict_0001_0038" 11118
"/Engine/EngineMaterials/Substrate/Glints2/dict_0001_0039" 11119
"/Engine/EngineMaterials/Substrate/Glints2/dict_0001_0040" 11120
"/Engine/EngineMaterials/Substrate/Glints2/dict_0001_0041" 11121
"../../../Engine/Content/EngineMaterials/Substrate/Glints2/dict_0001_0009.uasset" 11122
"../../../Engine/Content/EngineMaterials/Substrate/Glints2/dict_0001_0008.uasset" 11123
"../../../Engine/Content/EngineMaterials/Substrate/Glints2/dict_0001_0006.uasset" 11124
"../../../Engine/Content/EngineMaterials/Substrate/Glints2/dict_0001_0007.uasset" 11125
"../../../Engine/Content/EngineMaterials/Substrate/Glints2/dict_0001_0005.uasset" 11126
"../../../Engine/Content/EngineMaterials/Substrate/Glints2/dict_0001_0002.uasset" 11127
"../../../Engine/Content/EngineMaterials/Substrate/Glints2/dict_0001_0004.uasset" 11128
"/Engine/EngineMaterials/Substrate/Glints2/dict_0001_0010" 11129
"../../../Engine/Content/EngineMaterials/Substrate/Glints2/dict_0001_0001.uasset" 11130
"../../../Engine/Content/EngineMaterials/Substrate/Glints2/dict_0000_0254.uasset" 11131
"../../../Engine/Content/EngineMaterials/Substrate/Glints2/dict_0001_0003.uasset" 11132
"../../../Engine/Content/EngineMaterials/Substrate/Glints2/dict_0001_0000.uasset" 11133
"../../../Engine/Content/EngineMaterials/Substrate/Glints2/dict_0000_0253.uasset" 11134
"../../../Engine/Content/EngineMaterials/Substrate/Glints2/dict_0000_0255.uasset" 11135
"/Engine/EngineMaterials/Substrate/Glints2/dict_0001_0011" 11136
"/Engine/EngineMaterials/Substrate/Glints2/dict_0001_0012" 11137
"/Engine/EngineMaterials/Substrate/Glints2/dict_0001_0013" 11138
"/Engine/EngineMaterials/Substrate/Glints2/dict_0001_0014" 11139
"/Engine/EngineMaterials/Substrate/Glints2/dict_0001_0015" 11140
"/Engine/EngineMaterials/Substrate/Glints2/dict_0001_0016" 11141
"/Engine/EngineMaterials/Substrate/Glints2/dict_0001_0017" 11142
"/Engine/EngineMaterials/Substrate/Glints2/dict_0001_0018" 11143
"/Engine/EngineMaterials/Substrate/Glints2/dict_0001_0019" 11144
"/Engine/EngineMaterials/Substrate/Glints2/dict_0001_0020" 11145
"/Engine/EngineMaterials/Substrate/Glints2/dict_0001_0021" 11146
"/Engine/EngineMaterials/Substrate/Glints2/dict_0001_0022" 11147
"/Engine/EngineMaterials/Substrate/Glints2/dict_0001_0023" 11148
"/Engine/EngineMaterials/Substrate/Glints2/dict_0001_0024" 11149
"/Engine/EngineMaterials/Substrate/Glints2/dict_0001_0025" 11150
"/Engine/EngineMaterials/Substrate/Glints2/dict_0001_0009" 11151
"/Engine/EngineMaterials/Substrate/Glints2/dict_0001_0026" 11152
"/Engine/EngineMaterials/Substrate/Glints2/dict_0001_0027" 11153
"/Engine/EngineMaterials/Substrate/Glints2/dict_0001_0028" 11154
"../../../Engine/Content/EngineMaterials/Substrate/Glints2/dict_0000_0251.uasset" 11155
"../../../Engine/Content/EngineMaterials/Substrate/Glints2/dict_0000_0252.uasset" 11156
"/Engine/EngineMaterials/Substrate/Glints2/dict_0000_0253" 11157
"../../../Engine/Content/EngineMaterials/Substrate/Glints2/dict_0000_0250.uasset" 11158
"../../../Engine/Content/EngineMaterials/Substrate/Glints2/dict_0000_0249.uasset" 11159
"../../../Engine/Content/EngineMaterials/Substrate/Glints2/dict_0000_0247.uasset" 11160
"../../../Engine/Content/EngineMaterials/Substrate/Glints2/dict_0000_0242.uasset" 11161
"../../../Engine/Content/EngineMaterials/Substrate/Glints2/dict_0000_0245.uasset" 11162
"../../../Engine/Content/EngineMaterials/Substrate/Glints2/dict_0000_0241.uasset" 11163
"../../../Engine/Content/EngineMaterials/Substrate/Glints2/dict_0000_0243.uasset" 11164
"../../../Engine/Content/EngineMaterials/Substrate/Glints2/dict_0000_0237.uasset" 11165
"../../../Engine/Content/EngineMaterials/Substrate/Glints2/dict_0000_0235.uasset" 11166
"../../../Engine/Content/EngineMaterials/Substrate/Glints2/dict_0000_0240.uasset" 11167
"../../../Engine/Content/EngineMaterials/Substrate/Glints2/dict_0000_0239.uasset" 11168
"../../../Engine/Content/EngineMaterials/Substrate/Glints2/dict_0000_0246.uasset" 11169
"../../../Engine/Content/EngineMaterials/Substrate/Glints2/dict_0000_0236.uasset" 11170
"../../../Engine/Content/EngineMaterials/Substrate/Glints2/dict_0000_0244.uasset" 11171
"../../../Engine/Content/EngineMaterials/Substrate/Glints2/dict_0000_0233.uasset" 11172
"/Engine/EngineMaterials/Substrate/Glints2/dict_0000_0254" 11173
"../../../Engine/Content/EngineMaterials/Substrate/Glints2/dict_0000_0238.uasset" 11174
"../../../Engine/Content/EngineMaterials/Substrate/Glints2/dict_0000_0248.uasset" 11175
"../../../Engine/Content/EngineMaterials/Substrate/Glints2/dict_0000_0234.uasset" 11176
"/Engine/EngineMaterials/Substrate/Glints2/dict_0000_0255" 11177
"/Engine/EngineMaterials/Substrate/Glints2/dict_0001_0000" 11178
"/Engine/EngineMaterials/Substrate/Glints2/dict_0001_0001" 11179
"/Engine/EngineMaterials/Substrate/Glints2/dict_0001_0002" 11180
"/Engine/EngineMaterials/Substrate/Glints2/dict_0001_0003" 11181
"/Engine/EngineMaterials/Substrate/Glints2/dict_0001_0004" 11182
"/Engine/EngineMaterials/Substrate/Glints2/dict_0001_0005" 11183
"/Engine/EngineMaterials/Substrate/Glints2/dict_0001_0006" 11184
"/Engine/EngineMaterials/Substrate/Glints2/dict_0001_0007" 11185
"/Engine/EngineMaterials/Substrate/Glints2/dict_0001_0008" 11186
"../../../Engine/Content/EngineMaterials/Substrate/Glints2/dict_0000_0231.uasset" 11187
"../../../Engine/Content/EngineMaterials/Substrate/Glints2/dict_0000_0229.uasset" 11188
"/Engine/EngineMaterials/Substrate/Glints2/dict_0000_0233" 11189
"../../../Engine/Content/EngineMaterials/Substrate/Glints2/dict_0000_0227.uasset" 11190
"../../../Engine/Content/EngineMaterials/Substrate/Glints2/dict_0000_0228.uasset" 11191
"../../../Engine/Content/EngineMaterials/Substrate/Glints2/dict_0000_0230.uasset" 11192
"../../../Engine/Content/EngineMaterials/Substrate/Glints2/dict_0000_0222.uasset" 11193
"../../../Engine/Content/EngineMaterials/Substrate/Glints2/dict_0000_0223.uasset" 11194
"../../../Engine/Content/EngineMaterials/Substrate/Glints2/dict_0000_0221.uasset" 11195
"../../../Engine/Content/EngineMaterials/Substrate/Glints2/dict_0000_0224.uasset" 11196
"../../../Engine/Content/EngineMaterials/Substrate/Glints2/dict_0000_0225.uasset" 11197
"/Engine/EngineMaterials/Substrate/Glints2/dict_0000_0234" 11198
"../../../Engine/Content/EngineMaterials/Substrate/Glints2/dict_0000_0232.uasset" 11199
"../../../Engine/Content/EngineMaterials/Substrate/Glints2/dict_0000_0226.uasset" 11200
"/Engine/EngineMaterials/Substrate/Glints2/dict_0000_0235" 11201
"/Engine/EngineMaterials/Substrate/Glints2/dict_0000_0236" 11202
"/Engine/EngineMaterials/Substrate/Glints2/dict_0000_0237" 11203
"/Engine/EngineMaterials/Substrate/Glints2/dict_0000_0238" 11204
"/Engine/EngineMaterials/Substrate/Glints2/dict_0000_0239" 11205
"/Engine/EngineMaterials/Substrate/Glints2/dict_0000_0240" 11206
"/Engine/EngineMaterials/Substrate/Glints2/dict_0000_0241" 11207
"/Engine/EngineMaterials/Substrate/Glints2/dict_0000_0242" 11208
"/Engine/EngineMaterials/Substrate/Glints2/dict_0000_0243" 11209
"/Engine/EngineMaterials/Substrate/Glints2/dict_0000_0244" 11210
"/Engine/EngineMaterials/Substrate/Glints2/dict_0000_0245" 11211
"/Engine/EngineMaterials/Substrate/Glints2/dict_0000_0246" 11212
"/Engine/EngineMaterials/Substrate/Glints2/dict_0000_0247" 11213
"/Engine/EngineMaterials/Substrate/Glints2/dict_0000_0248" 11214
"/Engine/EngineMaterials/Substrate/Glints2/dict_0000_0249" 11215
"/Engine/EngineMaterials/Substrate/Glints2/dict_0000_0250" 11216
"/Engine/EngineMaterials/Substrate/Glints2/dict_0000_0251" 11217
"/Engine/EngineMaterials/Substrate/Glints2/dict_0000_0252" 11218
"../../../Engine/Content/EngineMaterials/Substrate/Glints2/dict_0000_0218.uasset" 11219
"../../../Engine/Content/EngineMaterials/Substrate/Glints2/dict_0000_0217.uasset" 11220
"../../../Engine/Content/EngineMaterials/Substrate/Glints2/dict_0000_0220.uasset" 11221
"/Engine/EngineMaterials/Substrate/Glints2/dict_0000_0221" 11222
"../../../Engine/Content/EngineMaterials/Substrate/Glints2/dict_0000_0215.uasset" 11223
"../../../Engine/Content/EngineMaterials/Substrate/Glints2/dict_0000_0216.uasset" 11224
"../../../Engine/Content/EngineMaterials/Substrate/Glints2/dict_0000_0214.uasset" 11225
"../../../Engine/Content/EngineMaterials/Substrate/Glints2/dict_0000_0219.uasset" 11226
"/Engine/EngineMaterials/Substrate/Glints2/dict_0000_0222" 11227
"../../../Engine/Content/EngineMaterials/Substrate/Glints2/dict_0000_0213.uasset" 11228
"../../../Engine/Content/EngineMaterials/Substrate/Glints2/dict_0000_0206.uasset" 11229
"../../../Engine/Content/EngineMaterials/Substrate/Glints2/dict_0000_0204.uasset" 11230
"../../../Engine/Content/EngineMaterials/Substrate/Glints2/dict_0000_0205.uasset" 11231
"/Engine/EngineMaterials/Substrate/Glints2/dict_0000_0223" 11232
"../../../Engine/Content/EngineMaterials/Substrate/Glints2/dict_0000_0207.uasset" 11233
"../../../Engine/Content/EngineMaterials/Substrate/Glints2/dict_0000_0202.uasset" 11234
"../../../Engine/Content/EngineMaterials/Substrate/Glints2/dict_0000_0210.uasset" 11235
"../../../Engine/Content/EngineMaterials/Substrate/Glints2/dict_0000_0209.uasset" 11236
"../../../Engine/Content/EngineMaterials/Substrate/Glints2/dict_0000_0201.uasset" 11237
"../../../Engine/Content/EngineMaterials/Substrate/Glints2/dict_0000_0212.uasset" 11238
"../../../Engine/Content/EngineMaterials/Substrate/Glints2/dict_0000_0211.uasset" 11239
"../../../Engine/Content/EngineMaterials/Substrate/Glints2/dict_0000_0203.uasset" 11240
"../../../Engine/Content/EngineMaterials/Substrate/Glints2/dict_0000_0208.uasset" 11241
"/Engine/EngineMaterials/Substrate/Glints2/dict_0000_0224" 11242
"/Engine/EngineMaterials/Substrate/Glints2/dict_0000_0225" 11243
"/Engine/EngineMaterials/Substrate/Glints2/dict_0000_0226" 11244
"/Engine/EngineMaterials/Substrate/Glints2/dict_0000_0227" 11245
"/Engine/EngineMaterials/Substrate/Glints2/dict_0000_0228" 11246
"/Engine/EngineMaterials/Substrate/Glints2/dict_0000_0229" 11247
"/Engine/EngineMaterials/Substrate/Glints2/dict_0000_0230" 11248
"/Engine/EngineMaterials/Substrate/Glints2/dict_0000_0231" 11249
"/Engine/EngineMaterials/Substrate/Glints2/dict_0000_0232" 11250
"/Engine/EngineMaterials/Substrate/Glints2/dict_0000_0217" 11251
"/Engine/EngineMaterials/Substrate/Glints2/dict_0000_0218" 11252
"../../../Engine/Content/EngineMaterials/Substrate/Glints2/dict_0000_0200.uasset" 11253
"../../../Engine/Content/EngineMaterials/Substrate/Glints2/dict_0000_0199.uasset" 11254
"../../../Engine/Content/EngineMaterials/Substrate/Glints2/dict_0000_0198.uasset" 11255
"../../../Engine/Content/EngineMaterials/Substrate/Glints2/dict_0000_0196.uasset" 11256
"../../../Engine/Content/EngineMaterials/Substrate/Glints2/dict_0000_0195.uasset" 11257
"../../../Engine/Content/EngineMaterials/Substrate/Glints2/dict_0000_0194.uasset" 11258
"/Engine/EngineMaterials/Substrate/Glints2/dict_0000_0201" 11259
"../../../Engine/Content/EngineMaterials/Substrate/Glints2/dict_0000_0189.uasset" 11260
"../../../Engine/Content/EngineMaterials/Substrate/Glints2/dict_0000_0191.uasset" 11261
"../../../Engine/Content/EngineMaterials/Substrate/Glints2/dict_0000_0197.uasset" 11262
"../../../Engine/Content/EngineMaterials/Substrate/Glints2/dict_0000_0188.uasset" 11263
"../../../Engine/Content/EngineMaterials/Substrate/Glints2/dict_0000_0193.uasset" 11264
"../../../Engine/Content/EngineMaterials/Substrate/Glints2/dict_0000_0187.uasset" 11265
"../../../Engine/Content/EngineMaterials/Substrate/Glints2/dict_0000_0192.uasset" 11266
"../../../Engine/Content/EngineMaterials/Substrate/Glints2/dict_0000_0190.uasset" 11267
"/Engine/EngineMaterials/Substrate/Glints2/dict_0000_0202" 11268
"/Engine/EngineMaterials/Substrate/Glints2/dict_0000_0203" 11269
"/Engine/EngineMaterials/Substrate/Glints2/dict_0000_0204" 11270
"/Engine/EngineMaterials/Substrate/Glints2/dict_0000_0205" 11271
"/Engine/EngineMaterials/Substrate/Glints2/dict_0000_0206" 11272
"/Engine/EngineMaterials/Substrate/Glints2/dict_0000_0207" 11273
"/Engine/EngineMaterials/Substrate/Glints2/dict_0000_0208" 11274
"/Engine/EngineMaterials/Substrate/Glints2/dict_0000_0209" 11275
"/Engine/EngineMaterials/Substrate/Glints2/dict_0000_0210" 11276
"/Engine/EngineMaterials/Substrate/Glints2/dict_0000_0211" 11277
"/Engine/EngineMaterials/Substrate/Glints2/dict_0000_0212" 11278
"/Engine/EngineMaterials/Substrate/Glints2/dict_0000_0213" 11279
"/Engine/EngineMaterials/Substrate/Glints2/dict_0000_0214" 11280
"/Engine/EngineMaterials/Substrate/Glints2/dict_0000_0215" 11281
"/Engine/EngineMaterials/Substrate/Glints2/dict_0000_0216" 11282
"/Engine/EngineMaterials/Substrate/Glints2/dict_0000_0199" 11283
"/Engine/EngineMaterials/Substrate/Glints2/dict_0000_0200" 11284
"/Engine/EngineMaterials/Substrate/Glints2/dict_0000_0219" 11285
"/Engine/EngineMaterials/Substrate/Glints2/dict_0000_0220" 11286
"../../../Engine/Content/EngineMaterials/Substrate/Glints2/dict_0000_0185.uasset" 11287
"../../../Engine/Content/EngineMaterials/Substrate/Glints2/dict_0000_0186.uasset" 11288
"../../../Engine/Content/EngineMaterials/Substrate/Glints2/dict_0000_0182.uasset" 11289
"../../../Engine/Content/EngineMaterials/Substrate/Glints2/dict_0000_0184.uasset" 11290
"../../../Engine/Content/EngineMaterials/Substrate/Glints2/dict_0000_0181.uasset" 11291
"../../../Engine/Content/EngineMaterials/Substrate/Glints2/dict_0000_0180.uasset" 11292
"../../../Engine/Content/EngineMaterials/Substrate/Glints2/dict_0000_0175.uasset" 11293
"../../../Engine/Content/EngineMaterials/Substrate/Glints2/dict_0000_0172.uasset" 11294
"../../../Engine/Content/EngineMaterials/Substrate/Glints2/dict_0000_0173.uasset" 11295
"../../../Engine/Content/EngineMaterials/Substrate/Glints2/dict_0000_0183.uasset" 11296
"/Engine/EngineMaterials/Substrate/Glints2/dict_0000_0187" 11297
"../../../Engine/Content/EngineMaterials/Substrate/Glints2/dict_0000_0178.uasset" 11298
"../../../Engine/Content/EngineMaterials/Substrate/Glints2/dict_0000_0169.uasset" 11299
"../../../Engine/Content/EngineMaterials/Substrate/Glints2/dict_0000_0168.uasset" 11300
"../../../Engine/Content/EngineMaterials/Substrate/Glints2/dict_0000_0171.uasset" 11301
"../../../Engine/Content/EngineMaterials/Substrate/Glints2/dict_0000_0176.uasset" 11302
"../../../Engine/Content/EngineMaterials/Substrate/Glints2/dict_0000_0177.uasset" 11303
"../../../Engine/Content/EngineMaterials/Substrate/Glints2/dict_0000_0170.uasset" 11304
"../../../Engine/Content/EngineMaterials/Substrate/Glints2/dict_0000_0174.uasset" 11305
"/Engine/EngineMaterials/Substrate/Glints2/dict_0000_0188" 11306
"../../../Engine/Content/EngineMaterials/Substrate/Glints2/dict_0000_0179.uasset" 11307
"../../../Engine/Content/EngineMaterials/Substrate/Glints2/dict_0000_0167.uasset" 11308
"/Engine/EngineMaterials/Substrate/Glints2/dict_0000_0189" 11309
"/Engine/EngineMaterials/Substrate/Glints2/dict_0000_0190" 11310
"/Engine/EngineMaterials/Substrate/Glints2/dict_0000_0191" 11311
"/Engine/EngineMaterials/Substrate/Glints2/dict_0000_0192" 11312
"/Engine/EngineMaterials/Substrate/Glints2/dict_0000_0193" 11313
"/Engine/EngineMaterials/Substrate/Glints2/dict_0000_0194" 11314
"/Engine/EngineMaterials/Substrate/Glints2/dict_0000_0195" 11315
"/Engine/EngineMaterials/Substrate/Glints2/dict_0000_0196" 11316
"/Engine/EngineMaterials/Substrate/Glints2/dict_0000_0197" 11317
"/Engine/EngineMaterials/Substrate/Glints2/dict_0000_0181" 11318
"/Engine/EngineMaterials/Substrate/Glints2/dict_0000_0198" 11319
"/Engine/EngineMaterials/Substrate/Glints2/dict_0000_0182" 11320
"/Engine/EngineMaterials/Substrate/Glints2/dict_0000_0184" 11321
"/Engine/EngineMaterials/Substrate/Glints2/dict_0000_0185" 11322
"/Engine/EngineMaterials/Substrate/Glints2/dict_0000_0186" 11323
"/Engine/EngineMaterials/Substrate/Glints2/dict_0000_0167" 11324
"/Engine/EngineMaterials/Substrate/Glints2/dict_0000_0168" 11325
"../../../Engine/Content/EngineMaterials/Substrate/Glints2/dict_0000_0166.uasset" 11326
"../../../Engine/Content/EngineMaterials/Substrate/Glints2/dict_0000_0164.uasset" 11327
"/Engine/EngineMaterials/Substrate/Glints2/dict_0000_0169" 11328
"../../../Engine/Content/EngineMaterials/Substrate/Glints2/dict_0000_0163.uasset" 11329
"../../../Engine/Content/EngineMaterials/Substrate/Glints2/dict_0000_0161.uasset" 11330
"../../../Engine/Content/EngineMaterials/Substrate/Glints2/dict_0000_0158.uasset" 11331
"../../../Engine/Content/EngineMaterials/Substrate/Glints2/dict_0000_0159.uasset" 11332
"../../../Engine/Content/EngineMaterials/Substrate/Glints2/dict_0000_0156.uasset" 11333
"/Engine/EngineMaterials/Substrate/Glints2/dict_0000_0170" 11334
"../../../Engine/Content/EngineMaterials/Substrate/Glints2/dict_0000_0155.uasset" 11335
"../../../Engine/Content/EngineMaterials/Substrate/Glints2/dict_0000_0157.uasset" 11336
"../../../Engine/Content/EngineMaterials/Substrate/Glints2/dict_0000_0162.uasset" 11337
"../../../Engine/Content/EngineMaterials/Substrate/Glints2/dict_0000_0165.uasset" 11338
"../../../Engine/Content/EngineMaterials/Substrate/Glints2/dict_0000_0153.uasset" 11339
"../../../Engine/Content/EngineMaterials/Substrate/Glints2/dict_0000_0160.uasset" 11340
"../../../Engine/Content/EngineMaterials/Substrate/Glints2/dict_0000_0154.uasset" 11341
"../../../Engine/Content/EngineMaterials/Substrate/Glints2/dict_0000_0152.uasset" 11342
"../../../Engine/Content/EngineMaterials/Substrate/Glints2/dict_0000_0151.uasset" 11343
"../../../Engine/Content/EngineMaterials/Substrate/Glints2/dict_0000_0150.uasset" 11344
"/Engine/EngineMaterials/Substrate/Glints2/dict_0000_0171" 11345
"/Engine/EngineMaterials/Substrate/Glints2/dict_0000_0172" 11346
"/Engine/EngineMaterials/Substrate/Glints2/dict_0000_0173" 11347
"/Engine/EngineMaterials/Substrate/Glints2/dict_0000_0174" 11348
"/Engine/EngineMaterials/Substrate/Glints2/dict_0000_0175" 11349
"/Engine/EngineMaterials/Substrate/Glints2/dict_0000_0176" 11350
"/Engine/EngineMaterials/Substrate/Glints2/dict_0000_0177" 11351
"/Engine/EngineMaterials/Substrate/Glints2/dict_0000_0178" 11352
"/Engine/EngineMaterials/Substrate/Glints2/dict_0000_0179" 11353
"/Engine/EngineMaterials/Substrate/Glints2/dict_0000_0180" 11354
"/Engine/EngineMaterials/Substrate/Glints2/dict_0000_0183" 11355
"../../../Engine/Content/EngineMaterials/Substrate/Glints2/dict_0000_0147.uasset" 11356
"../../../Engine/Content/EngineMaterials/Substrate/Glints2/dict_0000_0148.uasset" 11357
"../../../Engine/Content/EngineMaterials/Substrate/Glints2/dict_0000_0146.uasset" 11358
"../../../Engine/Content/EngineMaterials/Substrate/Glints2/dict_0000_0144.uasset" 11359
"../../../Engine/Content/EngineMaterials/Substrate/Glints2/dict_0000_0145.uasset" 11360
"/Engine/EngineMaterials/Substrate/Glints2/dict_0000_0150" 11361
"../../../Engine/Content/EngineMaterials/Substrate/Glints2/dict_0000_0139.uasset" 11362
"../../../Engine/Content/EngineMaterials/Substrate/Glints2/dict_0000_0137.uasset" 11363
"../../../Engine/Content/EngineMaterials/Substrate/Glints2/dict_0000_0138.uasset" 11364
"../../../Engine/Content/EngineMaterials/Substrate/Glints2/dict_0000_0143.uasset" 11365
"../../../Engine/Content/EngineMaterials/Substrate/Glints2/dict_0000_0136.uasset" 11366
"../../../Engine/Content/EngineMaterials/Substrate/Glints2/dict_0000_0140.uasset" 11367
"../../../Engine/Content/EngineMaterials/Substrate/Glints2/dict_0000_0149.uasset" 11368
"../../../Engine/Content/EngineMaterials/Substrate/Glints2/dict_0000_0142.uasset" 11369
"../../../Engine/Content/EngineMaterials/Substrate/Glints2/dict_0000_0141.uasset" 11370
"../../../Engine/Content/EngineMaterials/Substrate/Glints2/dict_0000_0135.uasset" 11371
"/Engine/EngineMaterials/Substrate/Glints2/dict_0000_0151" 11372
"/Engine/EngineMaterials/Substrate/Glints2/dict_0000_0152" 11373
"/Engine/EngineMaterials/Substrate/Glints2/dict_0000_0153" 11374
"/Engine/EngineMaterials/Substrate/Glints2/dict_0000_0154" 11375
"/Engine/EngineMaterials/Substrate/Glints2/dict_0000_0155" 11376
"/Engine/EngineMaterials/Substrate/Glints2/dict_0000_0156" 11377
"/Engine/EngineMaterials/Substrate/Glints2/dict_0000_0157" 11378
"/Engine/EngineMaterials/Substrate/Glints2/dict_0000_0158" 11379
"/Engine/EngineMaterials/Substrate/Glints2/dict_0000_0159" 11380
"/Engine/EngineMaterials/Substrate/Glints2/dict_0000_0160" 11381
"/Engine/EngineMaterials/Substrate/Glints2/dict_0000_0161" 11382
"/Engine/EngineMaterials/Substrate/Glints2/dict_0000_0162" 11383
"/Engine/EngineMaterials/Substrate/Glints2/dict_0000_0163" 11384
"/Engine/EngineMaterials/Substrate/Glints2/dict_0000_0164" 11385
"/Engine/EngineMaterials/Substrate/Glints2/dict_0000_0165" 11386
"/Engine/EngineMaterials/Substrate/Glints2/dict_0000_0166" 11387
"../../../Engine/Content/EngineMaterials/Substrate/Glints2/dict_0000_0132.uasset" 11388
"../../../Engine/Content/EngineMaterials/Substrate/Glints2/dict_0000_0133.uasset" 11389
"../../../Engine/Content/EngineMaterials/Substrate/Glints2/dict_0000_0134.uasset" 11390
"../../../Engine/Content/EngineMaterials/Substrate/Glints2/dict_0000_0129.uasset" 11391
"../../../Engine/Content/EngineMaterials/Substrate/Glints2/dict_0000_0127.uasset" 11392
"../../../Engine/Content/EngineMaterials/Substrate/Glints2/dict_0000_0130.uasset" 11393
"/Engine/EngineMaterials/Substrate/Glints2/dict_0000_0135" 11394
"../../../Engine/Content/EngineMaterials/Substrate/Glints2/dict_0000_0128.uasset" 11395
"../../../Engine/Content/EngineMaterials/Substrate/Glints2/dict_0000_0126.uasset" 11396
"../../../Engine/Content/EngineMaterials/Substrate/Glints2/dict_0000_0122.uasset" 11397
"../../../Engine/Content/EngineMaterials/Substrate/Glints2/dict_0000_0131.uasset" 11398
"../../../Engine/Content/EngineMaterials/Substrate/Glints2/dict_0000_0121.uasset" 11399
"../../../Engine/Content/EngineMaterials/Substrate/Glints2/dict_0000_0119.uasset" 11400
"/Engine/EngineMaterials/Substrate/Glints2/dict_0000_0136" 11401
"../../../Engine/Content/EngineMaterials/Substrate/Glints2/dict_0000_0120.uasset" 11402
"../../../Engine/Content/EngineMaterials/Substrate/Glints2/dict_0000_0123.uasset" 11403
"../../../Engine/Content/EngineMaterials/Substrate/Glints2/dict_0000_0124.uasset" 11404
"../../../Engine/Content/EngineMaterials/Substrate/Glints2/dict_0000_0118.uasset" 11405
"../../../Engine/Content/EngineMaterials/Substrate/Glints2/dict_0000_0125.uasset" 11406
"/Engine/EngineMaterials/Substrate/Glints2/dict_0000_0137" 11407
"/Engine/EngineMaterials/Substrate/Glints2/dict_0000_0138" 11408
"/Engine/EngineMaterials/Substrate/Glints2/dict_0000_0139" 11409
"/Engine/EngineMaterials/Substrate/Glints2/dict_0000_0140" 11410
"/Engine/EngineMaterials/Substrate/Glints2/dict_0000_0141" 11411
"/Engine/EngineMaterials/Substrate/Glints2/dict_0000_0142" 11412
"/Engine/EngineMaterials/Substrate/Glints2/dict_0000_0143" 11413
"/Engine/EngineMaterials/Substrate/Glints2/dict_0000_0144" 11414
"/Engine/EngineMaterials/Substrate/Glints2/dict_0000_0145" 11415
"/Engine/EngineMaterials/Substrate/Glints2/dict_0000_0146" 11416
"/Engine/EngineMaterials/Substrate/Glints2/dict_0000_0147" 11417
"/Engine/EngineMaterials/Substrate/Glints2/dict_0000_0148" 11418
"/Engine/EngineMaterials/Substrate/Glints2/dict_0000_0149" 11419
"/Engine/EngineMaterials/Substrate/Glints2/dict_0000_0132" 11420
"/Engine/EngineMaterials/Substrate/Glints2/dict_0000_0133" 11421
"../../../Engine/Content/EngineMaterials/Substrate/Glints2/dict_0000_0117.uasset" 11422
"../../../Engine/Content/EngineMaterials/Substrate/Glints2/dict_0000_0116.uasset" 11423
"../../../Engine/Content/EngineMaterials/Substrate/Glints2/dict_0000_0114.uasset" 11424
"../../../Engine/Content/EngineMaterials/Substrate/Glints2/dict_0000_0115.uasset" 11425
"../../../Engine/Content/EngineMaterials/Substrate/Glints2/dict_0000_0113.uasset" 11426
"../../../Engine/Content/EngineMaterials/Substrate/Glints2/dict_0000_0111.uasset" 11427
"../../../Engine/Content/EngineMaterials/Substrate/Glints2/dict_0000_0109.uasset" 11428
"/Engine/EngineMaterials/Substrate/Glints2/dict_0000_0118" 11429
"../../../Engine/Content/EngineMaterials/Substrate/Glints2/dict_0000_0110.uasset" 11430
"../../../Engine/Content/EngineMaterials/Substrate/Glints2/dict_0000_0108.uasset" 11431
"../../../Engine/Content/EngineMaterials/Substrate/Glints2/dict_0000_0107.uasset" 11432
"../../../Engine/Content/EngineMaterials/Substrate/Glints2/dict_0000_0105.uasset" 11433
"../../../Engine/Content/EngineMaterials/Substrate/Glints2/dict_0000_0112.uasset" 11434
"../../../Engine/Content/EngineMaterials/Substrate/Glints2/dict_0000_0106.uasset" 11435
"../../../Engine/Content/EngineMaterials/Substrate/Glints2/dict_0000_0102.uasset" 11436
"../../../Engine/Content/EngineMaterials/Substrate/Glints2/dict_0000_0103.uasset" 11437
"../../../Engine/Content/EngineMaterials/Substrate/Glints2/dict_0000_0101.uasset" 11438
"../../../Engine/Content/EngineMaterials/Substrate/Glints2/dict_0000_0104.uasset" 11439
"/Engine/EngineMaterials/Substrate/Glints2/dict_0000_0119" 11440
"/Engine/EngineMaterials/Substrate/Glints2/dict_0000_0120" 11441
"/Engine/EngineMaterials/Substrate/Glints2/dict_0000_0121" 11442
"/Engine/EngineMaterials/Substrate/Glints2/dict_0000_0122" 11443
"/Engine/EngineMaterials/Substrate/Glints2/dict_0000_0123" 11444
"/Engine/EngineMaterials/Substrate/Glints2/dict_0000_0124" 11445
"/Engine/EngineMaterials/Substrate/Glints2/dict_0000_0125" 11446
"/Engine/EngineMaterials/Substrate/Glints2/dict_0000_0126" 11447
"/Engine/EngineMaterials/Substrate/Glints2/dict_0000_0127" 11448
"/Engine/EngineMaterials/Substrate/Glints2/dict_0000_0128" 11449
"/Engine/EngineMaterials/Substrate/Glints2/dict_0000_0129" 11450
"/Engine/EngineMaterials/Substrate/Glints2/dict_0000_0130" 11451
"/Engine/EngineMaterials/Substrate/Glints2/dict_0000_0131" 11452
"/Engine/EngineMaterials/Substrate/Glints2/dict_0000_0116" 11453
"/Engine/EngineMaterials/Substrate/Glints2/dict_0000_0117" 11454
"/Engine/EngineMaterials/Substrate/Glints2/dict_0000_0134" 11455
"../../../Engine/Content/EngineMaterials/Substrate/Glints2/dict_0000_0099.uasset" 11456
"../../../Engine/Content/EngineMaterials/Substrate/Glints2/dict_0000_0097.uasset" 11457
"../../../Engine/Content/EngineMaterials/Substrate/Glints2/dict_0000_0094.uasset" 11458
"../../../Engine/Content/EngineMaterials/Substrate/Glints2/dict_0000_0096.uasset" 11459
"../../../Engine/Content/EngineMaterials/Substrate/Glints2/dict_0000_0098.uasset" 11460
"/Engine/EngineMaterials/Substrate/Glints2/dict_0000_0101" 11461
"../../../Engine/Content/EngineMaterials/Substrate/Glints2/dict_0000_0095.uasset" 11462
"../../../Engine/Content/EngineMaterials/Substrate/Glints2/dict_0000_0090.uasset" 11463
"../../../Engine/Content/EngineMaterials/Substrate/Glints2/dict_0000_0088.uasset" 11464
"../../../Engine/Content/EngineMaterials/Substrate/Glints2/dict_0000_0086.uasset" 11465
"../../../Engine/Content/EngineMaterials/Substrate/Glints2/dict_0000_0091.uasset" 11466
"../../../Engine/Content/EngineMaterials/Substrate/Glints2/dict_0000_0087.uasset" 11467
"../../../Engine/Content/EngineMaterials/Substrate/Glints2/dict_0000_0093.uasset" 11468
"../../../Engine/Content/EngineMaterials/Substrate/Glints2/dict_0000_0085.uasset" 11469
"../../../Engine/Content/EngineMaterials/Substrate/Glints2/dict_0000_0100.uasset" 11470
"../../../Engine/Content/EngineMaterials/Substrate/Glints2/dict_0000_0089.uasset" 11471
"../../../Engine/Content/EngineMaterials/Substrate/Glints2/dict_0000_0092.uasset" 11472
"../../../Engine/Content/EngineMaterials/Substrate/Glints2/dict_0000_0084.uasset" 11473
"/Engine/EngineMaterials/Substrate/Glints2/dict_0000_0102" 11474
"/Engine/EngineMaterials/Substrate/Glints2/dict_0000_0103" 11475
"/Engine/EngineMaterials/Substrate/Glints2/dict_0000_0104" 11476
"/Engine/EngineMaterials/Substrate/Glints2/dict_0000_0105" 11477
"/Engine/EngineMaterials/Substrate/Glints2/dict_0000_0106" 11478
"/Engine/EngineMaterials/Substrate/Glints2/dict_0000_0107" 11479
"/Engine/EngineMaterials/Substrate/Glints2/dict_0000_0108" 11480
"/Engine/EngineMaterials/Substrate/Glints2/dict_0000_0109" 11481
"/Engine/EngineMaterials/Substrate/Glints2/dict_0000_0110" 11482
"/Engine/EngineMaterials/Substrate/Glints2/dict_0000_0111" 11483
"/Engine/EngineMaterials/Substrate/Glints2/dict_0000_0112" 11484
"/Engine/EngineMaterials/Substrate/Glints2/dict_0000_0113" 11485
"/Engine/EngineMaterials/Substrate/Glints2/dict_0000_0114" 11486
"/Engine/EngineMaterials/Substrate/Glints2/dict_0000_0115" 11487
"../../../Engine/Content/EngineMaterials/Substrate/Glints2/dict_0000_0083.uasset" 11488
"../../../Engine/Content/EngineMaterials/Substrate/Glints2/dict_0000_0082.uasset" 11489
"../../../Engine/Content/EngineMaterials/Substrate/Glints2/dict_0000_0078.uasset" 11490
"/Engine/EngineMaterials/Substrate/Glints2/dict_0000_0084" 11491
"../../../Engine/Content/EngineMaterials/Substrate/Glints2/dict_0000_0080.uasset" 11492
"../../../Engine/Content/EngineMaterials/Substrate/Glints2/dict_0000_0076.uasset" 11493
"../../../Engine/Content/EngineMaterials/Substrate/Glints2/dict_0000_0079.uasset" 11494
"../../../Engine/Content/EngineMaterials/Substrate/Glints2/dict_0000_0077.uasset" 11495
"../../../Engine/Content/EngineMaterials/Substrate/Glints2/dict_0000_0071.uasset" 11496
"../../../Engine/Content/EngineMaterials/Substrate/Glints2/dict_0000_0075.uasset" 11497
"../../../Engine/Content/EngineMaterials/Substrate/Glints2/dict_0000_0074.uasset" 11498
"../../../Engine/Content/EngineMaterials/Substrate/Glints2/dict_0000_0073.uasset" 11499
"../../../Engine/Content/EngineMaterials/Substrate/Glints2/dict_0000_0081.uasset" 11500
"/Engine/EngineMaterials/Substrate/Glints2/dict_0000_0085" 11501
"../../../Engine/Content/EngineMaterials/Substrate/Glints2/dict_0000_0069.uasset" 11502
"../../../Engine/Content/EngineMaterials/Substrate/Glints2/dict_0000_0070.uasset" 11503
"../../../Engine/Content/EngineMaterials/Substrate/Glints2/dict_0000_0072.uasset" 11504
"/Engine/EngineMaterials/Substrate/Glints2/dict_0000_0086" 11505
"/Engine/EngineMaterials/Substrate/Glints2/dict_0000_0087" 11506
"/Engine/EngineMaterials/Substrate/Glints2/dict_0000_0088" 11507
"/Engine/EngineMaterials/Substrate/Glints2/dict_0000_0089" 11508
"/Engine/EngineMaterials/Substrate/Glints2/dict_0000_0090" 11509
"/Engine/EngineMaterials/Substrate/Glints2/dict_0000_0091" 11510
"/Engine/EngineMaterials/Substrate/Glints2/dict_0000_0092" 11511
"/Engine/EngineMaterials/Substrate/Glints2/dict_0000_0093" 11512
"/Engine/EngineMaterials/Substrate/Glints2/dict_0000_0094" 11513
"/Engine/EngineMaterials/Substrate/Glints2/dict_0000_0095" 11514
"/Engine/EngineMaterials/Substrate/Glints2/dict_0000_0096" 11515
"/Engine/EngineMaterials/Substrate/Glints2/dict_0000_0097" 11516
"/Engine/EngineMaterials/Substrate/Glints2/dict_0000_0098" 11517
"/Engine/EngineMaterials/Substrate/Glints2/dict_0000_0099" 11518
"/Engine/EngineMaterials/Substrate/Glints2/dict_0000_0100" 11519
"../../../Engine/Content/EngineMaterials/Substrate/Glints2/dict_0000_0066.uasset" 11520
"../../../Engine/Content/EngineMaterials/Substrate/Glints2/dict_0000_0067.uasset" 11521
"../../../Engine/Content/EngineMaterials/Substrate/Glints2/dict_0000_0068.uasset" 11522
"../../../Engine/Content/EngineMaterials/Substrate/Glints2/dict_0000_0063.uasset" 11523
"../../../Engine/Content/EngineMaterials/Substrate/Glints2/dict_0000_0062.uasset" 11524
"/Engine/EngineMaterials/Substrate/Glints2/dict_0000_0069" 11525
"../../../Engine/Content/EngineMaterials/Substrate/Glints2/dict_0000_0055.uasset" 11526
"../../../Engine/Content/EngineMaterials/Substrate/Glints2/dict_0000_0054.uasset" 11527
"../../../Engine/Content/EngineMaterials/Substrate/Glints2/dict_0000_0061.uasset" 11528
"../../../Engine/Content/EngineMaterials/Substrate/Glints2/dict_0000_0058.uasset" 11529
"../../../Engine/Content/EngineMaterials/Substrate/Glints2/dict_0000_0064.uasset" 11530
"../../../Engine/Content/EngineMaterials/Substrate/Glints2/dict_0000_0052.uasset" 11531
"../../../Engine/Content/EngineMaterials/Substrate/Glints2/dict_0000_0059.uasset" 11532
"../../../Engine/Content/EngineMaterials/Substrate/Glints2/dict_0000_0053.uasset" 11533
"../../../Engine/Content/EngineMaterials/Substrate/Glints2/dict_0000_0056.uasset" 11534
"../../../Engine/Content/EngineMaterials/Substrate/Glints2/dict_0000_0060.uasset" 11535
"../../../Engine/Content/EngineMaterials/Substrate/Glints2/dict_0000_0065.uasset" 11536
"../../../Engine/Content/EngineMaterials/Substrate/Glints2/dict_0000_0057.uasset" 11537
"/Engine/EngineMaterials/Substrate/Glints2/dict_0000_0070" 11538
"/Engine/EngineMaterials/Substrate/Glints2/dict_0000_0071" 11539
"/Engine/EngineMaterials/Substrate/Glints2/dict_0000_0072" 11540
"/Engine/EngineMaterials/Substrate/Glints2/dict_0000_0073" 11541
"/Engine/EngineMaterials/Substrate/Glints2/dict_0000_0074" 11542
"/Engine/EngineMaterials/Substrate/Glints2/dict_0000_0075" 11543
"/Engine/EngineMaterials/Substrate/Glints2/dict_0000_0076" 11544
"/Engine/EngineMaterials/Substrate/Glints2/dict_0000_0077" 11545
"/Engine/EngineMaterials/Substrate/Glints2/dict_0000_0078" 11546
"/Engine/EngineMaterials/Substrate/Glints2/dict_0000_0079" 11547
"/Engine/EngineMaterials/Substrate/Glints2/dict_0000_0080" 11548
"/Engine/EngineMaterials/Substrate/Glints2/dict_0000_0081" 11549
"/Engine/EngineMaterials/Substrate/Glints2/dict_0000_0082" 11550
"/Engine/EngineMaterials/Substrate/Glints2/dict_0000_0083" 11551
"/Engine/EngineMaterials/Substrate/Glints2/dict_0000_0066" 11552
"../../../Engine/Content/EngineMaterials/Substrate/Glints2/dict_0000_0051.uasset" 11553
"../../../Engine/Content/EngineMaterials/Substrate/Glints2/dict_0000_0050.uasset" 11554
"../../../Engine/Content/EngineMaterials/Substrate/Glints2/dict_0000_0048.uasset" 11555
"../../../Engine/Content/EngineMaterials/Substrate/Glints2/dict_0000_0046.uasset" 11556
"../../../Engine/Content/EngineMaterials/Substrate/Glints2/dict_0000_0047.uasset" 11557
"../../../Engine/Content/EngineMaterials/Substrate/Glints2/dict_0000_0049.uasset" 11558
"/Engine/EngineMaterials/Substrate/Glints2/dict_0000_0052" 11559
"../../../Engine/Content/EngineMaterials/Substrate/Glints2/dict_0000_0045.uasset" 11560
"../../../Engine/Content/EngineMaterials/Substrate/Glints2/dict_0000_0043.uasset" 11561
"../../../Engine/Content/EngineMaterials/Substrate/Glints2/dict_0000_0042.uasset" 11562
"../../../Engine/Content/EngineMaterials/Substrate/Glints2/dict_0000_0036.uasset" 11563
"../../../Engine/Content/EngineMaterials/Substrate/Glints2/dict_0000_0041.uasset" 11564
"../../../Engine/Content/EngineMaterials/Substrate/Glints2/dict_0000_0037.uasset" 11565
"../../../Engine/Content/EngineMaterials/Substrate/Glints2/dict_0000_0039.uasset" 11566
"../../../Engine/Content/EngineMaterials/Substrate/Glints2/dict_0000_0038.uasset" 11567
"../../../Engine/Content/EngineMaterials/Substrate/Glints2/dict_0000_0040.uasset" 11568
"/Engine/EngineMaterials/Substrate/Glints2/dict_0000_0053" 11569
"../../../Engine/Content/EngineMaterials/Substrate/Glints2/dict_0000_0044.uasset" 11570
"/Engine/EngineMaterials/Substrate/Glints2/dict_0000_0054" 11571
"/Engine/EngineMaterials/Substrate/Glints2/dict_0000_0055" 11572
"/Engine/EngineMaterials/Substrate/Glints2/dict_0000_0056" 11573
"/Engine/EngineMaterials/Substrate/Glints2/dict_0000_0057" 11574
"/Engine/EngineMaterials/Substrate/Glints2/dict_0000_0058" 11575
"/Engine/EngineMaterials/Substrate/Glints2/dict_0000_0059" 11576
"/Engine/EngineMaterials/Substrate/Glints2/dict_0000_0060" 11577
"/Engine/EngineMaterials/Substrate/Glints2/dict_0000_0061" 11578
"/Engine/EngineMaterials/Substrate/Glints2/dict_0000_0062" 11579
"/Engine/EngineMaterials/Substrate/Glints2/dict_0000_0063" 11580
"/Engine/EngineMaterials/Substrate/Glints2/dict_0000_0064" 11581
"/Engine/EngineMaterials/Substrate/Glints2/dict_0000_0065" 11582
"/Engine/EngineMaterials/Substrate/Glints2/dict_0000_0050" 11583
"/Engine/EngineMaterials/Substrate/Glints2/dict_0000_0067" 11584
"/Engine/EngineMaterials/Substrate/Glints2/dict_0000_0068" 11585
"../../../Engine/Content/EngineMaterials/Substrate/Glints2/dict_0000_0035.uasset" 11586
"../../../Engine/Content/EngineMaterials/Substrate/Glints2/dict_0000_0032.uasset" 11587
"../../../Engine/Content/EngineMaterials/Substrate/Glints2/dict_0000_0033.uasset" 11588
"../../../Engine/Content/EngineMaterials/Substrate/Glints2/dict_0000_0031.uasset" 11589
"../../../Engine/Content/EngineMaterials/Substrate/Glints2/dict_0000_0028.uasset" 11590
"../../../Engine/Content/EngineMaterials/Substrate/Glints2/dict_0000_0029.uasset" 11591
"../../../Engine/Content/EngineMaterials/Substrate/Glints2/dict_0000_0027.uasset" 11592
"../../../Engine/Content/EngineMaterials/Substrate/Glints2/dict_0000_0024.uasset" 11593
"../../../Engine/Content/EngineMaterials/Substrate/Glints2/dict_0000_0025.uasset" 11594
"../../../Engine/Content/EngineMaterials/Substrate/Glints2/dict_0000_0026.uasset" 11595
"../../../Engine/Content/EngineMaterials/Substrate/Glints2/dict_0000_0019.uasset" 11596
"/Engine/EngineMaterials/Substrate/Glints2/dict_0000_0036" 11597
"../../../Engine/Content/EngineMaterials/Substrate/Glints2/dict_0000_0023.uasset" 11598
"../../../Engine/Content/EngineMaterials/Substrate/Glints2/dict_0000_0020.uasset" 11599
"../../../Engine/Content/EngineMaterials/Substrate/Glints2/dict_0000_0030.uasset" 11600
"../../../Engine/Content/EngineMaterials/Substrate/Glints2/dict_0000_0034.uasset" 11601
"../../../Engine/Content/EngineMaterials/Substrate/Glints2/dict_0000_0021.uasset" 11602
"../../../Engine/Content/EngineMaterials/Substrate/Glints2/dict_0000_0022.uasset" 11603
"/Engine/EngineMaterials/Substrate/Glints2/dict_0000_0037" 11604
"/Engine/EngineMaterials/Substrate/Glints2/dict_0000_0038" 11605
"/Engine/EngineMaterials/Substrate/Glints2/dict_0000_0039" 11606
"/Engine/EngineMaterials/Substrate/Glints2/dict_0000_0040" 11607
"/Engine/EngineMaterials/Substrate/Glints2/dict_0000_0041" 11608
"/Engine/EngineMaterials/Substrate/Glints2/dict_0000_0042" 11609
"/Engine/EngineMaterials/Substrate/Glints2/dict_0000_0043" 11610
"/Engine/EngineMaterials/Substrate/Glints2/dict_0000_0044" 11611
"/Engine/EngineMaterials/Substrate/Glints2/dict_0000_0045" 11612
"/Engine/EngineMaterials/Substrate/Glints2/dict_0000_0046" 11613
"/Engine/EngineMaterials/Substrate/Glints2/dict_0000_0047" 11614
"/Engine/EngineMaterials/Substrate/Glints2/dict_0000_0048" 11615
"/Engine/EngineMaterials/Substrate/Glints2/dict_0000_0049" 11616
"/Engine/EngineMaterials/Substrate/Glints2/dict_0000_0032" 11617
"/Engine/EngineMaterials/Substrate/Glints2/dict_0000_0051" 11618
"/Engine/EngineMaterials/Substrate/Glints2/dict_0000_0035" 11619
"../../../Engine/Content/EngineMaterials/Substrate/Glints2/dict_0000_0018.uasset" 11620
"../../../Engine/Content/EngineMaterials/Substrate/Glints2/dict_0000_0016.uasset" 11621
"../../../Engine/Content/EngineMaterials/Substrate/Glints2/dict_0000_0014.uasset" 11622
"/Engine/EngineMaterials/Substrate/Glints2/dict_0000_0019" 11623
"../../../Engine/Content/EngineMaterials/Substrate/Glints2/dict_0000_0012.uasset" 11624
"../../../Engine/Content/EngineMaterials/Substrate/Glints2/dict_0000_0006.uasset" 11625
"../../../Engine/Content/EngineMaterials/Substrate/Glints2/dict_0000_0013.uasset" 11626
"/Engine/EngineMaterials/Substrate/Glints2/dict_0000_0020" 11627
"../../../Engine/Content/EngineMaterials/Substrate/Glints2/dict_0000_0003.uasset" 11628
"../../../Engine/Content/EngineMaterials/Substrate/Glints2/dict_0000_0011.uasset" 11629
"../../../Engine/Content/EngineMaterials/Substrate/Glints2/dict_0000_0017.uasset" 11630
"../../../Engine/Content/EngineMaterials/Substrate/Glints2/dict_0000_0009.uasset" 11631
"../../../Engine/Content/EngineMaterials/Substrate/Glints2/dict_0000_0007.uasset" 11632
"../../../Engine/Content/EngineMaterials/Substrate/Glints2/dict_0000_0008.uasset" 11633
"../../../Engine/Content/EngineMaterials/Substrate/Glints2/dict_0000_0004.uasset" 11634
"/Engine/EngineMaterials/Substrate/Glints2/dict_0000_0021" 11635
"../../../Engine/Content/EngineMaterials/Substrate/Glints2/dict_0000_0010.uasset" 11636
"../../../Engine/Content/EngineMaterials/Substrate/Glints2/dict_0000_0005.uasset" 11637
"../../../Engine/Content/EngineMaterials/Substrate/Glints2/dict_0000_0015.uasset" 11638
"../../../Engine/Content/EngineMaterials/Substrate/Glints2/dict_0000_0002.uasset" 11639
"/Engine/EngineMaterials/Substrate/Glints2/dict_0000_0022" 11640
"/Engine/EngineMaterials/Substrate/Glints2/dict_0000_0023" 11641
"/Engine/EngineMaterials/Substrate/Glints2/dict_0000_0024" 11642
"/Engine/EngineMaterials/Substrate/Glints2/dict_0000_0025" 11643
"/Engine/EngineMaterials/Substrate/Glints2/dict_0000_0026" 11644
"/Engine/EngineMaterials/Substrate/Glints2/dict_0000_0027" 11645
"/Engine/EngineMaterials/Substrate/Glints2/dict_0000_0028" 11646
"/Engine/EngineMaterials/Substrate/Glints2/dict_0000_0029" 11647
"/Engine/EngineMaterials/Substrate/Glints2/dict_0000_0030" 11648
"/Engine/EngineMaterials/Substrate/Glints2/dict_0000_0031" 11649
"/Engine/EngineMaterials/Substrate/Glints2/dict_0000_0033" 11650
"/Engine/EngineMaterials/Substrate/Glints2/dict_0000_0034" 11651
"../../../Engine/Content/EngineMaterials/Substrate/Glints2/AGlintTex2dArray2.uasset" 11652
"../../../Engine/Content/EngineMaterials/Substrate/Glints2/dict_0000_0001.uasset" 11653
"../../../Engine/Content/EngineMaterials/Substrate/Volume/SubstrateSimpleVolumeEnvLUT3D.uasset" 11654
"/Engine/EngineMaterials/Substrate/Glints2/dict_0000_0002" 11655
"../../../Engine/Content/EngineMaterials/Substrate/Volume/SubstrateSimpleVolumeEnvLUT2D.uasset" 11656
"../../../Engine/Content/EngineMaterials/PPM_DefaultCalibrationGrayscale.uasset" 11657
"../../../Engine/Content/EngineMaterials/DefaultCalibrationColor.uasset" 11658
"../../../Engine/Content/EngineMaterials/Substrate/Volume/SubstrateSimpleVolumeLUT3D.uasset" 11659
"../../../Engine/Content/VREditor/FloatingText/LineSegmentCylinder.uasset" 11660
"../../../Engine/Content/Functions/MaterialLayerFunctions/MatLayerBlend_OverrideOpacity.uasset" 11661
"../../../Engine/Content/EngineMaterials/Substrate/Glints2/dict_0000_0000.uasset" 11662
"../../../Engine/Plugins/Interchange/Assets/Content/Functions/MX_Surface.uasset" 11663
"../../../Engine/Content/EngineMaterials/DefaultCalibrationGrayscale.uasset" 11664
"../../../Engine/Content/EngineMaterials/PPM_DefaultCalibrationColor.uasset" 11665
"../../../Engine/Content/VREditor/FloatingText/LineMaterial.uasset" 11666
"../../../Engine/Content/EngineMaterials/Substrate/Volume/SubstrateSimpleVolumeLUT2D.uasset" 11667
"/Engine/EngineMaterials/Substrate/Glints2/dict_0000_0003" 11668
"/Engine/EngineMaterials/Substrate/Glints2/dict_0000_0004" 11669
"/Engine/EngineMaterials/Substrate/Glints2/dict_0000_0005" 11670
"/Engine/EngineMaterials/Substrate/Glints2/dict_0000_0006" 11671
"/Engine/EngineMaterials/Substrate/Glints2/dict_0000_0007" 11672
"/Engine/EngineMaterials/Substrate/Glints2/dict_0000_0008" 11673
"/Engine/EngineMaterials/Substrate/Glints2/dict_0000_0009" 11674
"/Engine/EngineMaterials/Substrate/Glints2/dict_0000_0010" 11675
"/Engine/EngineMaterials/Substrate/Glints2/dict_0000_0011" 11676
"/Engine/EngineMaterials/Substrate/Glints2/dict_0000_0012" 11677
"/Engine/EngineMaterials/Substrate/Glints2/dict_0000_0013" 11678
"/Engine/EngineMaterials/Substrate/Glints2/dict_0000_0014" 11679
"/Engine/EngineMaterials/Substrate/Glints2/dict_0000_0015" 11680
"/Engine/EngineMaterials/Substrate/Glints2/dict_0000_0016" 11681
"/Engine/EngineMaterials/Substrate/Glints2/dict_0000_0017" 11682
"/Engine/EngineMaterials/Substrate/Glints2/dict_0000_0018" 11683
"../../../Engine/Plugins/Interchange/Assets/Content/Functions/MX_Displacement.uasset" 11684
"../../../Engine/Content/Functions/Engine_MaterialFunctions02/Utility/BlendAngleCorrectedNormals.uasset" 11685
"../../../Engine/Plugins/MovieScene/MovieRenderPipeline/Content/Materials/MovieRenderQueue_MotionVectors.uasset" 11686
"../../../Engine/Content/Functions/Engine_MaterialFunctions03/Procedurals/HeightToNormalSmooth.uasset" 11687
"/InterchangeAssets/Functions/MX_Surface" 11688
"/Engine/VREditor/FloatingText/LineSegmentCylinder" 11689
"/Engine/EngineMaterials/PPM_DefaultCalibrationGrayscale" 11690
"/Engine/EngineMaterials/PPM_DefaultCalibrationColor" 11691
"/Engine/EngineMaterials/Substrate/Volume/SubstrateSimpleVolumeEnvLUT3D" 11692
"/Engine/EngineMaterials/Substrate/Volume/SubstrateSimpleVolumeLUT3D" 11693
"/Engine/EngineMaterials/Substrate/Glints2/AGlintTex2dArray2" 11694
"D:/seisaku4/Content/seisaku/Model/hand.uasset" 11695
"/MovieRenderPipeline/Materials/MovieRenderQueue_MotionVectors" 11696
"/InterchangeAssets/Functions/MX_Displacement" 11697
"../../../Engine/Plugins/Animation/DeformerGraph/Shaders/Private/DataInterfaceCustomComputeKernel.ush" 11698
"../../../Engine/Plugins/Animation/DeformerGraph/Shaders/Private/DataInterfaceCloth.ush" 11699
"../../../Engine/Plugins/Animation/DeformerGraph/Shaders/Private/DataInterfaceSkinnedMeshRead.ush" 11700
"../../../Engine/Plugins/Animation/DeformerGraph/Shaders/Private/DataInterfaceSkeleton.ush" 11701
"../../../Engine/Plugins/Animation/DeformerGraph/Shaders/Private/DataInterfaceSkeletonCommon.ush" 11702
"../../../Engine/Plugins/Animation/DeformerGraph/Shaders/Private/DataInterfaceMorphTarget.ush" 11703
"../../../Engine/Plugins/Animation/DeformerGraph/Shaders/Private/DataInterfaceSkinnedMeshWrite.ush" 11704
"../../../Engine/Plugins/Animation/DeformerGraph/Shaders/Private/DataInterfaceRawBuffer.ush" 11705
"../../../Engine/Plugins/Runtime/ComputeFramework/Shaders/Private/BufferAlias.ush" 11706
"../../../Engine/Plugins/Animation/DeformerGraph/Shaders/Private/DataInterfaceSkinnedMesh.ush" 11707
"../../../Engine/Plugins/Animation/DeformerGraph/Shaders/Private/DataInterfaceHalfEdge.ush" 11708
"/Game/seisaku/Model/hand" 11709
"../../../Engine/Plugins/VirtualProduction/VirtualCamera/Content/WidgetLibrary/VCamGestureWidget/Dependencies/TutorialImages/GestureThumbsUp.uasset" 11710
"../../../Engine/Plugins/VirtualProduction/VirtualCamera/Content/WidgetLibrary/VCamGestureWidget/Dependencies/TutorialImages/GestureTwoFinger.uasset" 11711
"../../../Engine/Plugins/VirtualProduction/VirtualCamera/Content/WidgetLibrary/VCamGestureWidget/Dependencies/TutorialImages/GesturePinch.uasset" 11712
"../../../Engine/Plugins/VirtualProduction/VirtualCamera/Content/WidgetLibrary/VCamGestureWidget/Dependencies/TutorialImages/GestureDrag.uasset" 11713
"../../../Engine/Plugins/VirtualProduction/CameraCalibrationCore/Content/Materials/M_AnamorphicDistortionDisplacementMap.uasset" 11714
"../../../Engine/Plugins/VirtualProduction/VirtualCamera/Content/WidgetLibrary/VCamGestureWidget/Dependencies/TutorialImages/GestureDoubleTap.uasset" 11715
"../../../Engine/Plugins/VirtualProduction/CameraCalibrationCore/Content/Materials/M_AnamorphicUndistortionDisplacementMap.uasset" 11716
"../../../Engine/Plugins/VirtualProduction/CameraCalibrationCore/Content/Materials/M_BrownConradyDUDistortionDisplacementMap.uasset" 11717
"../../../Engine/Plugins/VirtualProduction/CameraCalibrationCore/Content/Materials/M_BrownConradyDUUndistortionDisplacementMap.uasset" 11718
"../../../Engine/Plugins/VirtualProduction/CameraCalibrationCore/Content/Materials/M_VertexColors.uasset" 11719
"../../../Engine/Plugins/NNE/NNEDenoiser/Content/NNEDIM_ColorAlbedoNormal_Alpha.uasset" 11720
"../../../Engine/Plugins/VirtualProduction/CameraCalibrationCore/Content/Materials/M_BrownConradyUDDistortionDisplacementMap.uasset" 11721
"../../../Engine/Plugins/VirtualProduction/CameraCalibrationCore/Content/Materials/M_SphericalUndistortionDisplacementMap.uasset" 11722
"../../../Engine/Plugins/NNE/NNEDenoiser/Content/NNEDIM_ColorAlbedoNormal_Default.uasset" 11723
"../../../Engine/Plugins/VirtualProduction/CameraCalibrationCore/Content/Materials/M_BrownConradyUDUndistortionDisplacementMap.uasset" 11724
"../../../Engine/Plugins/VirtualProduction/CameraCalibrationCore/Content/Materials/M_SphericalDistortionDisplacementMap.uasset" 11725
"../../../Engine/Plugins/NNE/NNEDenoiser/Content/NNEDIM_HighQuality_Alpha.uasset" 11726
"/VirtualCamera/WidgetLibrary/VCamGestureWidget/Dependencies/TutorialImages/GestureDrag" 11727
"/VirtualCamera/WidgetLibrary/VCamGestureWidget/Dependencies/TutorialImages/GesturePinch" 11728
"/VirtualCamera/WidgetLibrary/VCamGestureWidget/Dependencies/TutorialImages/GestureTwoFinger" 11729
"/VirtualCamera/WidgetLibrary/VCamGestureWidget/Dependencies/TutorialImages/GestureThumbsUp" 11730
"/NNEDenoiser/NNEDIM_HighQuality_Alpha" 11731
"/NNEDenoiser/NNEDIM_ColorAlbedoNormal_Default" 11732
"/NNEDenoiser/NNEDIM_ColorAlbedoNormal_Alpha" 11733
"/CameraCalibrationCore/Materials/M_VertexColors" 11734
"/CameraCalibrationCore/Materials/M_SphericalUndistortionDisplacementMap" 11735
"/CameraCalibrationCore/Materials/M_SphericalDistortionDisplacementMap" 11736
"/CameraCalibrationCore/Materials/M_BrownConradyUDUndistortionDisplacementMap" 11737
"/CameraCalibrationCore/Materials/M_BrownConradyUDDistortionDisplacementMap" 11738
"/CameraCalibrationCore/Materials/M_BrownConradyDUUndistortionDisplacementMap" 11739
"/CameraCalibrationCore/Materials/M_BrownConradyDUDistortionDisplacementMap" 11740
"/CameraCalibrationCore/Materials/M_AnamorphicUndistortionDisplacementMap" 11741
"/VirtualCamera/WidgetLibrary/VCamGestureWidget/Dependencies/TutorialImages/GestureDoubleTap" 11742
"/CameraCalibrationCore/Materials/M_AnamorphicDistortionDisplacementMap" 11743
"../../../Engine/Plugins/NNE/NNEDenoiser/Content/NNEDOM_Output_Alpha.uasset" 11744
"../../../Engine/Plugins/NNE/NNEDenoiser/Content/NNEDOM_Output_Default.uasset" 11745
"../../../Engine/Plugins/NNE/NNEDenoiser/Content/NNEDIM_HighQuality_Default.uasset" 11746
"../../../Engine/Plugins/NNE/NNEDenoiser/Content/NNEDTIM_ColorAlbedoNormal_Alpha.uasset" 11747
"../../../Engine/Plugins/NNE/NNEDenoiser/Content/NNED_Oidn2-3_Balanced.uasset" 11748
"../../../Engine/Plugins/NNE/NNEDenoiser/Content/NNED_Oidn2-3_HighQuality.uasset" 11749
"../../../Engine/Plugins/NNE/NNEDenoiser/Content/NNEDTIM_ColorAlbedoNormal_Default.uasset" 11750
"/NNEDenoiser/NNEDOM_Output_Default" 11751
"../../../Engine/Plugins/NNE/NNEDenoiser/Content/NNEDT_Oidn2-3_Balanced.uasset" 11752
"../../../Engine/Plugins/NNE/NNEDenoiser/Content/NNEDT_Oidn2-3_Balanced_Alpha.uasset" 11753
"../../../Engine/Plugins/NNE/NNEDenoiser/Content/NNED_Oidn2-3_Fast_Alpha.uasset" 11754
"../../../Engine/Plugins/NNE/NNEDenoiser/Content/NNED_Oidn2-3_Fast.uasset" 11755
"../../../Engine/Plugins/NNE/NNEDenoiser/Content/NNEDTOM_Output_Default.uasset" 11756
"../../../Engine/Plugins/NNE/NNEDenoiser/Content/NNE_oidn2-3-0_rt_hdr_alb_nrm_small__dyn__fp16_opset11_DenoiseAlpha.uasset" 11757
"../../../Engine/Plugins/NNE/NNEDenoiser/Content/NNEDTOM_Output_Alpha.uasset" 11758
"../../../Engine/Plugins/NNE/NNEDenoiser/Content/NNE_oidn2-3-0_rt_hdr_alb_nrm_small__dyn__fp16_opset11_ForwardAlpha.uasset" 11759
"../../../Engine/Plugins/NNE/NNEDenoiser/Content/NNED_Oidn2-3_HighQuality_Alpha.uasset" 11760
"../../../Engine/Plugins/NNE/NNEDenoiser/Content/NNE_oidn2-3-0_rt_hdr_calb_cnrm_large__dyn__fp16_opset11_DenoiseAlpha.uasset" 11761
"../../../Engine/Plugins/NNE/NNEDenoiser/Content/NNE_oidn2-3-0_rt_hdr_alb_nrm__dyn__fp16_opset11_ForwardAlpha.uasset" 11762
"../../../Engine/Plugins/NNE/NNEDenoiser/Content/NNE_oidn2-3-0_rt_hdr_alb_nrm__dyn__fp16_opset11_DenoiseAlpha.uasset" 11763
"../../../Engine/Plugins/NNE/NNEDenoiser/Content/NNE_oidn2-3-0_rt_hdr_calb_cnrm_large__dyn__fp16_opset11_ForwardAlpha.uasset" 11764
"/NNEDenoiser/NNEDOM_Output_Alpha" 11765
"../../../Engine/Plugins/NNE/NNEDenoiser/Content/NNED_Oidn2-3_Balanced_Alpha.uasset" 11766
"../../../Engine/Plugins/MovieScene/MovieRenderPipeline/Content/Materials/MoviePipeline_StencilCutout.uasset" 11767
"D:/seisaku4/Content/seisaku/Sound/????????.uasset" 11768
"D:/seisaku4/Content/seisaku/Sound/kettei.uasset" 11769
"D:/seisaku4/Content/seisaku/Sound/4d94f53e.uasset" 11770
"D:/seisaku4/Content/seisaku/Sound/????????38.uasset" 11771
"/NNEDenoiser/NNE_oidn2-3-0_rt_hdr_alb_nrm__dyn__fp16_opset11_ForwardAlpha" 11772
"/NNEDenoiser/NNE_oidn2-3-0_rt_hdr_alb_nrm__dyn__fp16_opset11_DenoiseAlpha" 11773
"/NNEDenoiser/NNED_Oidn2-3_Fast_Alpha" 11774
"/NNEDenoiser/NNED_Oidn2-3_Fast" 11775
"/NNEDenoiser/NNED_Oidn2-3_Balanced_Alpha" 11776
"/NNEDenoiser/NNED_Oidn2-3_Balanced" 11777
"/NNEDenoiser/NNEDT_Oidn2-3_Balanced_Alpha" 11778
"/NNEDenoiser/NNEDT_Oidn2-3_Balanced" 11779
"/NNEDenoiser/NNEDTOM_Output_Default" 11780
"/MovieRenderPipeline/Materials/MoviePipeline_StencilCutout" 11781
"/Game/seisaku/Sound/????????38" 11782
"/Game/seisaku/Sound/????????" 11783
"/Game/seisaku/Sound/kettei" 11784
"/Game/seisaku/Sound/4d94f53e" 11785
"/NNEDenoiser/NNE_oidn2-3-0_rt_hdr_calb_cnrm_large__dyn__fp16_opset11_ForwardAlpha" 11786
"/NNEDenoiser/NNE_oidn2-3-0_rt_hdr_calb_cnrm_large__dyn__fp16_opset11_DenoiseAlpha" 11787
"D:/seisaku4/Intermediate/ORTOptimizerPass_Optimized62153C3544211093925230A78EFCF35A.onnx" 11788
"D:/seisaku4/Intermediate/ORTOptimizerPass_Optimized43B0D3F7479BC64B86461B8F84492E69.onnx" 11789
"D:/seisaku4/Intermediate/ORTOptimizerPass_Optimized2B7ED62D42BB42ADCCA227BEB87A0549.onnx" 11790
"D:/seisaku4/Intermediate/ORTOptimizerPass_OptimizedA3CA73FB4B38D40A8C0718BF96D6AC0A.onnx" 11791
"/NNEDenoiser/NNE_oidn2-3-0_rt_hdr_alb_nrm_small__dyn__fp16_opset11_ForwardAlpha" 11792
"/NNEDenoiser/NNEDTOM_Output_Alpha" 11793
"/NNEDenoiser/NNEDTIM_ColorAlbedoNormal_Default" 11794
"/NNEDenoiser/NNEDTIM_ColorAlbedoNormal_Alpha" 11795
"/NNEDenoiser/NNEDIM_HighQuality_Default" 11796
"/NNEDenoiser/NNE_oidn2-3-0_rt_hdr_alb_nrm_small__dyn__fp16_opset11_DenoiseAlpha" 11797
"/NNEDenoiser/NNED_Oidn2-3_HighQuality_Alpha" 11798
"/NNEDenoiser/NNED_Oidn2-3_HighQuality" 11799
"D:/seisaku4/Intermediate/ORTOptimizerPass_Optimized2AF67D304E2E6129DA17DFAAA2FD8931.onnx" 11800
"D:/seisaku4/Intermediate/ORTOptimizerPass_OptimizedE3712CD3407AB042CA1918AF875CD87C.onnx" 11801
"D:/seisaku4/Intermediate/ORTOptimizerPass_Optimized0F26CFA140E0952801FF058055B6CAD1.onnx" 11802
"D:/seisaku4/Intermediate/ORTOptimizerPass_Optimized5657E85C4899792493680DBD9D08DBF9.onnx" 11803
"D:/seisaku4/Intermediate/ORTOptimizerPass_OptimizedCAC44202400FB027E5E9D2974229E612.onnx" 11804
"D:/seisaku4/Intermediate/ORTOptimizerPass_OptimizedE50B00E14FF1C819CE9F419A16ABBE5D.onnx" 11805
"D:/seisaku4/Intermediate/ORTOptimizerPass_Optimized5F46F1EB43708F0D1B65D0BC10D745E3.onnx" 11806
"D:/seisaku4/Intermediate/ORTOptimizerPass_OptimizedED27FAA142ADB0DFC2F2C088D46FD7BE.onnx" 11807
"D:/seisaku4/DerivedDataCache/VT/TEXTURE_7C16439390E24F1F9468894FB4D4BC55_VTCHUNKD2DAB16BFF152507817E734DBB935160EA97A322" 11808
"D:/seisaku4/DerivedDataCache/VT/TEXTURE_7C16439390E24F1F9468894FB4D4BC55_VTCHUNK38740DBD4108040D6985AA56705D97D46F27920C" 11809
"D:/seisaku4/DerivedDataCache/VT/TEXTURE_7C16439390E24F1F9468894FB4D4BC55_VTCHUNK84C05FFC339C0CEFE446DED1628C0AFB5362331E" 11810
"D:/seisaku4/DerivedDataCache/VT/TEXTURE_7C16439390E24F1F9468894FB4D4BC55_VTCHUNKC0393DE8C5B4673D99D1BECB92AA8C1F72FEB491" 11811
"D:/seisaku4/DerivedDataCache/VT/TEXTURE_7C16439390E24F1F9468894FB4D4BC55_VTCHUNK02D4C3BCAD7DFA48AB32B8281FB06B8B83DB6275" 11812
"../../../Engine/Content/EditorResources/BSPVertex.uasset" 11813
"../../../Engine/Content/EngineMaterials/DefaultBloomKernel.uasset" 11814
"../../../Engine/Content/EngineResources/FilmGrains/Marcie_Grain_v3_128_M2_000.uasset" 11815
"../../../Engine/Content/EngineResources/Development/ZenLogo_64.uasset" 11816
"../../../Engine/Content/EngineDebugMaterials/DebugEditorMaterial.uasset" 11817
"../../../Engine/Content/EngineMaterials/FastBlueNoise_scalar_128x128x64.uasset" 11818
"../../../Engine/Content/EngineMaterials/FastBlueNoise_scalar_128x128x8.uasset" 11819
"../../../Engine/Content/EngineMaterials/FastBlueNoise_vec2_128x128x64.uasset" 11820
"../../../Engine/Content/EngineMaterials/EnergyConservation/SheenLegacy_Energy.uasset" 11821
"/Engine/EngineMaterials/EnergyConservation/SheenLegacy_Energy" 11822
"/Engine/EngineMaterials/FastBlueNoise_vec2_128x128x64" 11823
"/Engine/EngineMaterials/FastBlueNoise_scalar_128x128x8" 11824
"/Engine/EngineMaterials/FastBlueNoise_scalar_128x128x64" 11825
"/Engine/EngineDebugMaterials/DebugEditorMaterial" 11826
"/Engine/EngineResources/Development/ZenLogo_64" 11827
"/Engine/EngineResources/FilmGrains/Marcie_Grain_v3_128_M2_000" 11828
"/Engine/EngineMaterials/DefaultBloomKernel" 11829
"/Engine/EditorResources/BSPVertex" 11830
"../../../Engine/Content/EngineMaterials/SMAAAreaTex.uasset" 11831
"../../../Engine/Content/EngineMaterials/SMAASearchTex.uasset" 11832
"../../../Engine/Content/EngineSounds/Master.uasset" 11833
"../../../Engine/Plugins/Interchange/Runtime/Content/Pipelines/DefaultAssetsPipeline.uasset" 11834
"../../../Engine/Plugins/Interchange/Runtime/Content/Pipelines/DefaultMaterialXPipeline.uasset" 11835
"../../../Engine/Plugins/Interchange/Runtime/Content/Pipelines/DefaultGLTFAssetsPipeline.uasset" 11836
"../../../Engine/Plugins/Interchange/Runtime/Content/Pipelines/DefaultGLTFPipeline.uasset" 11837
"../../../Engine/Plugins/Interchange/Runtime/Content/Pipelines/DefaultMaterialPipeline.uasset" 11838
"../../../Engine/Plugins/Interchange/Runtime/Content/Pipelines/DefaultAudioPipeline.uasset" 11839
"../../../Engine/Plugins/Interchange/Runtime/Content/Pipelines/DefaultTexturePipeline.uasset" 11840
"../../../Engine/Plugins/Interchange/Runtime/Content/Pipelines/DefaultSceneAssetsPipeline.uasset" 11841
"../../../Engine/Plugins/Interchange/Runtime/Content/Pipelines/DefaultSceneLevelPipeline.uasset" 11842
"../../../Engine/Plugins/Interchange/Runtime/Content/Pipelines/DefaultGLTFSceneAssetsPipeline.uasset" 11843
"../../../Engine/Plugins/Interchange/Assets/Content/Functions/MX_SurfaceUnlit.uasset" 11844
"../../../Engine/Plugins/Interchange/Assets/Content/Functions/MX_UsdPreviewSurface.uasset" 11845
"../../../Engine/Plugins/Interchange/Assets/Content/Substrate/MX_SimpleVolume.uasset" 11846
"../../../Engine/Plugins/Interchange/Assets/Content/Functions/MX_OrenNayarBSDF.uasset" 11847
"../../../Engine/Plugins/Interchange/Assets/Content/Functions/MX_BurleyDiffuseBSDF.uasset" 11848
"../../../Engine/Plugins/Interchange/Assets/Content/Functions/MX_TranslucentBSDF.uasset" 11849
"../../../Engine/Plugins/Interchange/Assets/Content/Functions/MX_DielectricBSDF.uasset" 11850
"../../../Engine/Plugins/Interchange/Assets/Content/Functions/MX_ConductorBSDF.uasset" 11851
"../../../Engine/Plugins/Interchange/Assets/Content/Functions/MX_GeneralizedSchlickBSDF.uasset" 11852
"../../../Engine/Plugins/Interchange/Assets/Content/Functions/MX_SubsurfaceBSDF.uasset" 11853
"../../../Engine/Plugins/Interchange/Assets/Content/Functions/MX_SheenBSDF.uasset" 11854
"../../../Engine/Plugins/Interchange/Assets/Content/Functions/MX_ChiangHairBSDF.uasset" 11855
"../../../Engine/Plugins/Interchange/Assets/Content/Functions/MX_UniformEDF.uasset" 11856
"../../../Engine/Plugins/Interchange/Assets/Content/Functions/MX_ConicalEDF.uasset" 11857
"../../../Engine/Plugins/Interchange/Assets/Content/Functions/MX_MeasuredEDF.uasset" 11858
"../../../Engine/Plugins/Interchange/Assets/Content/Functions/MX_AbsorptionVDF.uasset" 11859
"../../../Engine/Plugins/Interchange/Assets/Content/Functions/MX_AnisotropicVDF.uasset" 11860
"../../../Engine/Plugins/Experimental/CineCameraRigs/Content/RigRail/T_RigRailSpeedMode.uasset" 11861
"../../../Engine/Plugins/Animation/ControlRig/Content/Controls/ControlRigGizmoMaterial.uasset" 11862
"/InterchangeAssets/Functions/MX_SheenBSDF" 11863
"/InterchangeAssets/Functions/MX_SubsurfaceBSDF" 11864
"/InterchangeAssets/Functions/MX_GeneralizedSchlickBSDF" 11865
"/InterchangeAssets/Functions/MX_ConductorBSDF" 11866
"/InterchangeAssets/Functions/MX_DielectricBSDF" 11867
"/InterchangeAssets/Functions/MX_TranslucentBSDF" 11868
"/InterchangeAssets/Functions/MX_BurleyDiffuseBSDF" 11869
"/ControlRig/Controls/ControlRigGizmoMaterial" 11870
"/InterchangeAssets/Functions/MX_OrenNayarBSDF" 11871
"/CineCameraRigs/RigRail/T_RigRailSpeedMode" 11872
"/InterchangeAssets/Functions/MX_AnisotropicVDF" 11873
"/InterchangeAssets/Functions/MX_AbsorptionVDF" 11874
"/InterchangeAssets/Functions/MX_MeasuredEDF" 11875
"/InterchangeAssets/Functions/MX_ConicalEDF" 11876
"/InterchangeAssets/Substrate/MX_SimpleVolume" 11877
"/InterchangeAssets/Functions/MX_UsdPreviewSurface" 11878
"/InterchangeAssets/Functions/MX_SurfaceUnlit" 11879
"/Interchange/Pipelines/DefaultGLTFSceneAssetsPipeline" 11880
"/Interchange/Pipelines/DefaultSceneLevelPipeline" 11881
"/Interchange/Pipelines/DefaultSceneAssetsPipeline" 11882
"/Interchange/Pipelines/DefaultAudioPipeline" 11883
"/Interchange/Pipelines/DefaultTexturePipeline" 11884
"/Interchange/Pipelines/DefaultMaterialPipeline" 11885
"/Interchange/Pipelines/DefaultGLTFPipeline" 11886
"/Interchange/Pipelines/DefaultGLTFAssetsPipeline" 11887
"/Interchange/Pipelines/DefaultMaterialXPipeline" 11888
"/InterchangeAssets/Functions/MX_UniformEDF" 11889
"/InterchangeAssets/Functions/MX_ChiangHairBSDF" 11890
"/Interchange/Pipelines/DefaultAssetsPipeline" 11891
"/Engine/EngineSounds/Master" 11892
"/Engine/EngineMaterials/SMAASearchTex" 11893
"/Engine/EngineMaterials/SMAAAreaTex" 11894
"D:/seisaku4/Saved/Cooked/Windows/CarryUDON/Metadata/CookedSettings.txt" 11895
